A,alpha,0,1776511902079,1776511902079,0,SUCCESS
A,alpha,1,1776511902079,1776511902079,0,SUCCESS
A,alpha,2,1776511902079,1776511902079,0,SUCCESS
A,alpha,3,1776511902079,1776511902079,0,SUCCESS
A,alpha,4,1776511902079,1776511902079,0,SUCCESS
A,alpha,5,1776511902079,1776511902079,0,SUCCESS
A,alpha,6,1776511902079,1776511902079,0,SUCCESS
A,alpha,7,1776511902079,1776511902079,0,SUCCESS
A,alpha,8,1776511902079,1776511902079,0,SUCCESS
A,alpha,9,1776511902079,1776511902079,0,SUCCESS
A,alpha,10,1776511902079,1776511902079,0,SUCCESS
A,alpha,11,1776511902079,1776511902079,0,SUCCESS
A,alpha,12,1776511902079,1776511902079,0,SUCCESS
A,alpha,13,1776511902079,1776511902079,0,SUCCESS
A,alpha,14,1776511902079,1776511902079,0,SUCCESS
A,alpha,15,1776511902079,1776511902079,0,SUCCESS
A,alpha,16,1776511902079,1776511902079,0,SUCCESS
A,alpha,17,1776511902079,1776511902079,0,SUCCESS
A,alpha,18,1776511902079,1776511902079,0,SUCCESS
A,alpha,19,1776511902079,1776511902079,0,SUCCESS
A,alpha,20,1776511902079,1776511902079,0,SUCCESS
A,alpha,21,1776511902079,1776511902079,0,SUCCESS
A,alpha,22,1776511902079,1776511902079,0,SUCCESS
A,alpha,23,1776511902079,1776511902079,0,SUCCESS
A,alpha,24,1776511902079,1776511902079,0,SUCCESS
A,alpha,25,1776511902079,1776511902079,0,SUCCESS
A,alpha,26,1776511902079,1776511902079,0,SUCCESS
A,alpha,27,1776511902079,1776511902079,0,SUCCESS
A,alpha,28,1776511902079,1776511902079,0,SUCCESS
A,alpha,29,1776511902079,1776511902079,0,SUCCESS
A,alpha,30,1776511902079,1776511902079,0,SUCCESS
A,alpha,31,1776511902079,1776511902079,0,SUCCESS
A,alpha,32,1776511902079,1776511902079,0,SUCCESS
A,alpha,33,1776511902079,1776511902079,0,SUCCESS
A,alpha,34,1776511902079,1776511902079,0,SUCCESS
A,alpha,35,1776511902079,1776511902079,0,SUCCESS
A,alpha,36,1776511902079,1776511902079,0,SUCCESS
A,alpha,37,1776511902079,1776511902079,0,SUCCESS
A,alpha,38,1776511902079,1776511902079,0,SUCCESS
A,alpha,39,1776511902079,1776511902079,0,SUCCESS
A,alpha,40,1776511902079,1776511902079,0,SUCCESS
A,alpha,41,1776511902079,1776511902079,0,SUCCESS
A,alpha,42,1776511902079,1776511902079,0,SUCCESS
A,alpha,43,1776511902079,1776511902079,0,SUCCESS
A,alpha,44,1776511902079,1776511902079,0,SUCCESS
A,alpha,45,1776511902079,1776511902079,0,SUCCESS
A,alpha,46,1776511902079,1776511902079,0,SUCCESS
A,alpha,47,1776511902079,1776511902079,0,SUCCESS
A,alpha,48,1776511902079,1776511902079,0,SUCCESS
A,alpha,49,1776511902079,1776511902079,0,SUCCESS
A,alpha,50,1776511902079,1776511902079,0,SUCCESS
A,alpha,51,1776511902079,1776511902079,0,SUCCESS
A,alpha,52,1776511902079,1776511902079,0,SUCCESS
A,alpha,53,1776511902079,1776511902079,0,SUCCESS
A,alpha,54,1776511902079,1776511902079,0,SUCCESS
A,alpha,55,1776511902079,1776511902079,0,SUCCESS
A,alpha,56,1776511902079,1776511902079,0,SUCCESS
A,alpha,57,1776511902079,1776511902079,0,SUCCESS
A,alpha,58,1776511902079,1776511902079,0,SUCCESS
A,alpha,59,1776511902079,1776511902079,0,SUCCESS
A,alpha,60,1776511902079,1776511902079,0,SUCCESS
A,alpha,61,1776511902079,1776511902079,0,SUCCESS
A,alpha,62,1776511902079,1776511902079,0,SUCCESS
A,alpha,63,1776511902079,1776511902079,0,SUCCESS
A,alpha,64,1776511902079,1776511902079,0,SUCCESS
A,alpha,65,1776511902079,1776511902079,0,SUCCESS
A,alpha,66,1776511902079,1776511902079,0,SUCCESS
A,alpha,67,1776511902079,1776511902079,0,SUCCESS
A,alpha,68,1776511902079,1776511902080,1,SUCCESS
A,alpha,69,1776511902079,1776511902080,1,SUCCESS
A,alpha,70,1776511902079,1776511902080,1,SUCCESS
A,alpha,71,1776511902079,1776511902080,1,SUCCESS
A,alpha,72,1776511902079,1776511902080,1,SUCCESS
A,alpha,73,1776511902079,1776511902080,1,SUCCESS
A,alpha,74,1776511902079,1776511902080,1,SUCCESS
A,alpha,75,1776511902079,1776511902080,1,SUCCESS
A,alpha,76,1776511902079,1776511902080,1,SUCCESS
A,alpha,77,1776511902079,1776511902080,1,SUCCESS
A,alpha,78,1776511902079,1776511902080,1,SUCCESS
A,alpha,79,1776511902079,1776511902080,1,SUCCESS
A,alpha,80,1776511902079,1776511902080,1,SUCCESS
A,alpha,81,1776511902079,1776511902080,1,SUCCESS
A,alpha,82,1776511902079,1776511902080,1,SUCCESS
A,alpha,83,1776511902079,1776511902080,1,SUCCESS
A,alpha,84,1776511902079,1776511902080,1,SUCCESS
A,alpha,85,1776511902079,1776511902080,1,SUCCESS
A,alpha,86,1776511902079,1776511902080,1,SUCCESS
A,alpha,87,1776511902079,1776511902080,1,SUCCESS
A,alpha,88,1776511902079,1776511902080,1,SUCCESS
A,alpha,89,1776511902079,1776511902080,1,SUCCESS
A,alpha,90,1776511902079,1776511902080,1,SUCCESS
A,alpha,91,1776511902079,1776511902080,1,SUCCESS
A,alpha,92,1776511902079,1776511902080,1,SUCCESS
A,alpha,93,1776511902079,1776511902080,1,SUCCESS
A,alpha,94,1776511902079,1776511902080,1,SUCCESS
A,alpha,95,1776511902079,1776511902080,1,SUCCESS
A,alpha,96,1776511902079,1776511902080,1,SUCCESS
A,alpha,97,1776511902079,1776511902080,1,SUCCESS
A,alpha,98,1776511902079,1776511902080,1,SUCCESS
A,alpha,99,1776511902079,1776511902080,1,SUCCESS
A,alpha,100,1776511902079,1776511902080,1,SUCCESS
A,alpha,101,1776511902079,1776511902080,1,SUCCESS
A,alpha,102,1776511902079,1776511902080,1,SUCCESS
A,alpha,103,1776511902079,1776511902080,1,SUCCESS
A,alpha,104,1776511902079,1776511902080,1,SUCCESS
A,alpha,105,1776511902079,1776511902080,1,SUCCESS
A,alpha,106,1776511902079,1776511902080,1,SUCCESS
A,alpha,107,1776511902079,1776511902080,1,SUCCESS
A,alpha,108,1776511902079,1776511902080,1,SUCCESS
A,alpha,109,1776511902079,1776511902080,1,SUCCESS
A,alpha,110,1776511902079,1776511902080,1,SUCCESS
A,alpha,111,1776511902079,1776511902080,1,SUCCESS
A,alpha,112,1776511902079,1776511902080,1,SUCCESS
A,alpha,113,1776511902079,1776511902080,1,SUCCESS
A,alpha,114,1776511902079,1776511902080,1,SUCCESS
A,alpha,115,1776511902079,1776511902080,1,SUCCESS
A,alpha,116,1776511902079,1776511902080,1,SUCCESS
A,alpha,117,1776511902079,1776511902080,1,SUCCESS
A,alpha,118,1776511902079,1776511902080,1,SUCCESS
A,alpha,119,1776511902079,1776511902080,1,SUCCESS
A,alpha,120,1776511902079,1776511902080,1,SUCCESS
A,alpha,121,1776511902079,1776511902080,1,SUCCESS
A,alpha,122,1776511902079,1776511902080,1,SUCCESS
A,alpha,123,1776511902079,1776511902080,1,SUCCESS
A,alpha,124,1776511902079,1776511902080,1,SUCCESS
A,alpha,125,1776511902079,1776511902080,1,SUCCESS
A,alpha,126,1776511902079,1776511902080,1,SUCCESS
A,alpha,127,1776511902079,1776511902080,1,SUCCESS
A,alpha,128,1776511902079,1776511902080,1,SUCCESS
A,alpha,129,1776511902079,1776511902080,1,SUCCESS
A,alpha,130,1776511902079,1776511902080,1,SUCCESS
A,alpha,131,1776511902079,1776511902080,1,SUCCESS
A,alpha,132,1776511902079,1776511902080,1,SUCCESS
A,alpha,133,1776511902079,1776511902080,1,SUCCESS
A,alpha,134,1776511902079,1776511902080,1,SUCCESS
A,alpha,135,1776511902079,1776511902080,1,SUCCESS
A,alpha,136,1776511902079,1776511902080,1,SUCCESS
A,alpha,137,1776511902079,1776511902080,1,SUCCESS
A,alpha,138,1776511902079,1776511902080,1,SUCCESS
A,alpha,139,1776511902079,1776511902080,1,SUCCESS
A,alpha,140,1776511902079,1776511902080,1,SUCCESS
A,alpha,141,1776511902079,1776511902080,1,SUCCESS
A,alpha,142,1776511902079,1776511902080,1,SUCCESS
A,alpha,143,1776511902079,1776511902080,1,SUCCESS
A,alpha,144,1776511902079,1776511902080,1,SUCCESS
A,alpha,145,1776511902079,1776511902080,1,SUCCESS
A,alpha,146,1776511902079,1776511902080,1,SUCCESS
A,alpha,147,1776511902079,1776511902080,1,SUCCESS
A,alpha,148,1776511902079,1776511902080,1,SUCCESS
A,alpha,149,1776511902079,1776511902080,1,SUCCESS
A,alpha,150,1776511902079,1776511902080,1,SUCCESS
A,alpha,151,1776511902079,1776511902080,1,SUCCESS
A,alpha,152,1776511902079,1776511902080,1,SUCCESS
A,alpha,153,1776511902079,1776511902080,1,SUCCESS
A,alpha,154,1776511902079,1776511902080,1,SUCCESS
A,alpha,155,1776511902079,1776511902080,1,SUCCESS
A,alpha,156,1776511902079,1776511902080,1,SUCCESS
A,alpha,157,1776511902079,1776511902080,1,SUCCESS
A,alpha,158,1776511902079,1776511902080,1,SUCCESS
A,alpha,159,1776511902079,1776511902080,1,SUCCESS
A,alpha,160,1776511902079,1776511902080,1,SUCCESS
A,alpha,161,1776511902079,1776511902080,1,SUCCESS
A,alpha,162,1776511902079,1776511902080,1,SUCCESS
A,alpha,163,1776511902079,1776511902080,1,SUCCESS
A,alpha,164,1776511902079,1776511902080,1,SUCCESS
A,alpha,165,1776511902079,1776511902080,1,SUCCESS
A,alpha,166,1776511902079,1776511902080,1,SUCCESS
A,alpha,167,1776511902079,1776511902080,1,SUCCESS
A,alpha,168,1776511902079,1776511902080,1,SUCCESS
A,alpha,169,1776511902079,1776511902080,1,SUCCESS
A,alpha,170,1776511902079,1776511902080,1,SUCCESS
A,alpha,171,1776511902079,1776511902080,1,SUCCESS
A,alpha,172,1776511902079,1776511902080,1,SUCCESS
A,alpha,173,1776511902079,1776511902080,1,SUCCESS
A,alpha,174,1776511902079,1776511902080,1,SUCCESS
A,alpha,175,1776511902079,1776511902080,1,SUCCESS
A,alpha,176,1776511902079,1776511902080,1,SUCCESS
A,alpha,177,1776511902079,1776511902080,1,SUCCESS
A,alpha,178,1776511902079,1776511902080,1,SUCCESS
A,alpha,179,1776511902079,1776511902080,1,SUCCESS
A,alpha,180,1776511902079,1776511902080,1,SUCCESS
A,alpha,181,1776511902079,1776511902080,1,SUCCESS
A,alpha,182,1776511902079,1776511902080,1,SUCCESS
A,alpha,183,1776511902079,1776511902080,1,SUCCESS
A,alpha,184,1776511902079,1776511902080,1,SUCCESS
A,alpha,185,1776511902079,1776511902080,1,SUCCESS
A,alpha,186,1776511902079,1776511902080,1,SUCCESS
A,alpha,187,1776511902079,1776511902080,1,SUCCESS
A,alpha,188,1776511902079,1776511902080,1,SUCCESS
A,alpha,189,1776511902079,1776511902080,1,SUCCESS
A,alpha,190,1776511902079,1776511902080,1,SUCCESS
A,alpha,191,1776511902079,1776511902080,1,SUCCESS
A,alpha,192,1776511902079,1776511902080,1,SUCCESS
A,alpha,193,1776511902079,1776511902080,1,SUCCESS
A,alpha,194,1776511902079,1776511902080,1,SUCCESS
A,alpha,195,1776511902079,1776511902080,1,SUCCESS
A,alpha,196,1776511902079,1776511902080,1,SUCCESS
A,alpha,197,1776511902079,1776511902080,1,SUCCESS
A,alpha,198,1776511902079,1776511902080,1,SUCCESS
A,alpha,199,1776511902079,1776511902080,1,SUCCESS
A,alpha,200,1776511902079,1776511902080,1,SUCCESS
A,alpha,201,1776511902079,1776511902080,1,SUCCESS
A,alpha,202,1776511902079,1776511902080,1,SUCCESS
A,alpha,203,1776511902079,1776511902080,1,SUCCESS
A,alpha,204,1776511902079,1776511902080,1,SUCCESS
A,alpha,205,1776511902079,1776511902080,1,SUCCESS
A,alpha,206,1776511902079,1776511902080,1,SUCCESS
A,alpha,207,1776511902079,1776511902080,1,SUCCESS
A,alpha,208,1776511902079,1776511902080,1,SUCCESS
A,alpha,209,1776511902079,1776511902080,1,SUCCESS
A,alpha,210,1776511902079,1776511902080,1,SUCCESS
A,alpha,211,1776511902079,1776511902080,1,SUCCESS
A,alpha,212,1776511902079,1776511902080,1,SUCCESS
A,alpha,213,1776511902079,1776511902080,1,SUCCESS
A,alpha,214,1776511902079,1776511902080,1,SUCCESS
A,alpha,215,1776511902080,1776511902080,0,SUCCESS
A,alpha,216,1776511902080,1776511902080,0,SUCCESS
A,alpha,217,1776511902080,1776511902080,0,SUCCESS
A,alpha,218,1776511902080,1776511902080,0,SUCCESS
A,alpha,219,1776511902080,1776511902080,0,SUCCESS
A,alpha,220,1776511902080,1776511902080,0,SUCCESS
A,alpha,221,1776511902080,1776511902080,0,SUCCESS
A,alpha,222,1776511902080,1776511902080,0,SUCCESS
A,alpha,223,1776511902080,1776511902080,0,SUCCESS
A,alpha,224,1776511902080,1776511902080,0,SUCCESS
A,alpha,225,1776511902080,1776511902080,0,SUCCESS
A,alpha,226,1776511902080,1776511902080,0,SUCCESS
A,alpha,227,1776511902080,1776511902080,0,SUCCESS
A,alpha,228,1776511902080,1776511902080,0,SUCCESS
A,alpha,229,1776511902080,1776511902080,0,SUCCESS
A,alpha,230,1776511902080,1776511902080,0,SUCCESS
A,alpha,231,1776511902080,1776511902080,0,SUCCESS
A,alpha,232,1776511902080,1776511902080,0,SUCCESS
A,alpha,233,1776511902080,1776511902080,0,SUCCESS
A,alpha,234,1776511902080,1776511902080,0,SUCCESS
A,alpha,235,1776511902080,1776511902080,0,SUCCESS
A,alpha,236,1776511902080,1776511902080,0,SUCCESS
A,alpha,237,1776511902080,1776511902080,0,SUCCESS
A,alpha,238,1776511902080,1776511902080,0,SUCCESS
A,alpha,239,1776511902080,1776511902080,0,SUCCESS
A,alpha,240,1776511902080,1776511902080,0,SUCCESS
A,alpha,241,1776511902080,1776511902080,0,SUCCESS
A,alpha,242,1776511902080,1776511902080,0,SUCCESS
A,alpha,243,1776511902080,1776511902080,0,SUCCESS
A,alpha,244,1776511902080,1776511902080,0,SUCCESS
A,alpha,245,1776511902080,1776511902080,0,SUCCESS
A,alpha,246,1776511902080,1776511902080,0,SUCCESS
A,alpha,247,1776511902080,1776511902080,0,SUCCESS
A,alpha,248,1776511902080,1776511902080,0,SUCCESS
A,alpha,249,1776511902080,1776511902080,0,SUCCESS
A,alpha,250,1776511902080,1776511902080,0,SUCCESS
A,alpha,251,1776511902080,1776511902080,0,SUCCESS
A,alpha,252,1776511902080,1776511902080,0,SUCCESS
A,alpha,253,1776511902080,1776511902080,0,SUCCESS
A,alpha,254,1776511902080,1776511902080,0,SUCCESS
A,alpha,255,1776511902080,1776511902080,0,SUCCESS
A,alpha,256,1776511902080,1776511902080,0,SUCCESS
A,alpha,257,1776511902080,1776511902080,0,SUCCESS
A,alpha,258,1776511902080,1776511902080,0,SUCCESS
A,alpha,259,1776511902080,1776511902080,0,SUCCESS
A,alpha,260,1776511902080,1776511902080,0,SUCCESS
A,alpha,261,1776511902080,1776511902080,0,SUCCESS
A,alpha,262,1776511902080,1776511902080,0,SUCCESS
A,alpha,263,1776511902080,1776511902080,0,SUCCESS
A,alpha,264,1776511902080,1776511902080,0,SUCCESS
A,alpha,265,1776511902080,1776511902080,0,SUCCESS
A,alpha,266,1776511902080,1776511902080,0,SUCCESS
A,alpha,267,1776511902080,1776511902080,0,SUCCESS
A,alpha,268,1776511902080,1776511902080,0,SUCCESS
A,alpha,269,1776511902080,1776511902080,0,SUCCESS
A,alpha,270,1776511902080,1776511902080,0,SUCCESS
A,alpha,271,1776511902080,1776511902080,0,SUCCESS
A,alpha,272,1776511902080,1776511902080,0,SUCCESS
A,alpha,273,1776511902080,1776511902080,0,SUCCESS
A,alpha,274,1776511902080,1776511902080,0,SUCCESS
A,alpha,275,1776511902080,1776511902080,0,SUCCESS
A,alpha,276,1776511902080,1776511902080,0,SUCCESS
A,alpha,277,1776511902080,1776511902080,0,SUCCESS
A,alpha,278,1776511902080,1776511902080,0,SUCCESS
A,alpha,279,1776511902080,1776511902080,0,SUCCESS
A,alpha,280,1776511902080,1776511902080,0,SUCCESS
A,alpha,281,1776511902080,1776511902080,0,SUCCESS
A,alpha,282,1776511902080,1776511902080,0,SUCCESS
A,alpha,283,1776511902080,1776511902080,0,SUCCESS
A,alpha,284,1776511902080,1776511902080,0,SUCCESS
A,alpha,285,1776511902080,1776511902080,0,SUCCESS
A,alpha,286,1776511902080,1776511902080,0,SUCCESS
A,alpha,287,1776511902080,1776511902080,0,SUCCESS
A,alpha,288,1776511902080,1776511902080,0,SUCCESS
A,alpha,289,1776511902080,1776511902080,0,SUCCESS
A,alpha,290,1776511902080,1776511902080,0,SUCCESS
A,alpha,291,1776511902080,1776511902080,0,SUCCESS
A,alpha,292,1776511902080,1776511902080,0,SUCCESS
A,alpha,293,1776511902080,1776511902080,0,SUCCESS
A,alpha,294,1776511902080,1776511902080,0,SUCCESS
A,alpha,295,1776511902080,1776511902080,0,SUCCESS
A,alpha,296,1776511902080,1776511902080,0,SUCCESS
A,alpha,297,1776511902080,1776511902080,0,SUCCESS
A,alpha,298,1776511902080,1776511902080,0,SUCCESS
A,alpha,299,1776511902080,1776511902080,0,SUCCESS
A,alpha,300,1776511902080,1776511902080,0,SUCCESS
A,alpha,301,1776511902080,1776511902080,0,SUCCESS
A,alpha,302,1776511902080,1776511902080,0,SUCCESS
A,alpha,303,1776511902080,1776511902080,0,SUCCESS
A,alpha,304,1776511902080,1776511902080,0,SUCCESS
A,alpha,305,1776511902080,1776511902080,0,SUCCESS
A,alpha,306,1776511902080,1776511902080,0,SUCCESS
A,alpha,307,1776511902080,1776511902080,0,SUCCESS
A,alpha,308,1776511902080,1776511902080,0,SUCCESS
A,alpha,309,1776511902080,1776511902080,0,SUCCESS
A,alpha,310,1776511902080,1776511902080,0,SUCCESS
A,alpha,311,1776511902080,1776511902080,0,SUCCESS
A,alpha,312,1776511902080,1776511902080,0,SUCCESS
A,alpha,313,1776511902080,1776511902080,0,SUCCESS
A,alpha,314,1776511902080,1776511902080,0,SUCCESS
A,alpha,315,1776511902080,1776511902080,0,SUCCESS
A,alpha,316,1776511902080,1776511902080,0,SUCCESS
A,alpha,317,1776511902080,1776511902080,0,SUCCESS
A,alpha,318,1776511902080,1776511902080,0,SUCCESS
A,alpha,319,1776511902080,1776511902080,0,SUCCESS
A,alpha,320,1776511902080,1776511902080,0,SUCCESS
A,alpha,321,1776511902080,1776511902080,0,SUCCESS
A,alpha,322,1776511902080,1776511902080,0,SUCCESS
A,alpha,323,1776511902080,1776511902080,0,SUCCESS
A,alpha,324,1776511902080,1776511902080,0,SUCCESS
A,alpha,325,1776511902080,1776511902080,0,SUCCESS
A,alpha,326,1776511902080,1776511902080,0,SUCCESS
A,alpha,327,1776511902080,1776511902080,0,SUCCESS
A,alpha,328,1776511902080,1776511902080,0,SUCCESS
A,alpha,329,1776511902080,1776511902080,0,SUCCESS
A,alpha,330,1776511902080,1776511902080,0,SUCCESS
A,alpha,331,1776511902080,1776511902080,0,SUCCESS
A,alpha,332,1776511902080,1776511902080,0,SUCCESS
A,alpha,333,1776511902080,1776511902080,0,SUCCESS
A,alpha,334,1776511902080,1776511902080,0,SUCCESS
A,alpha,335,1776511902080,1776511902080,0,SUCCESS
A,alpha,336,1776511902080,1776511902080,0,SUCCESS
A,alpha,337,1776511902080,1776511902080,0,SUCCESS
A,alpha,338,1776511902080,1776511902080,0,SUCCESS
A,alpha,339,1776511902080,1776511902080,0,SUCCESS
A,alpha,340,1776511902080,1776511902080,0,SUCCESS
A,alpha,341,1776511902080,1776511902080,0,SUCCESS
A,alpha,342,1776511902080,1776511902080,0,SUCCESS
A,alpha,343,1776511902080,1776511902080,0,SUCCESS
A,alpha,344,1776511902080,1776511902080,0,SUCCESS
A,alpha,345,1776511902080,1776511902080,0,SUCCESS
A,alpha,346,1776511902080,1776511902080,0,SUCCESS
A,alpha,347,1776511902080,1776511902080,0,SUCCESS
A,alpha,348,1776511902080,1776511902080,0,SUCCESS
A,alpha,349,1776511902080,1776511902080,0,SUCCESS
A,alpha,350,1776511902080,1776511902080,0,SUCCESS
A,alpha,351,1776511902080,1776511902080,0,SUCCESS
A,alpha,352,1776511902080,1776511902080,0,SUCCESS
A,alpha,353,1776511902080,1776511902080,0,SUCCESS
A,alpha,354,1776511902080,1776511902080,0,SUCCESS
A,alpha,355,1776511902080,1776511902080,0,SUCCESS
A,alpha,356,1776511902080,1776511902080,0,SUCCESS
A,alpha,357,1776511902080,1776511902080,0,SUCCESS
A,alpha,358,1776511902080,1776511902080,0,SUCCESS
A,alpha,359,1776511902080,1776511902080,0,SUCCESS
A,alpha,360,1776511902080,1776511902080,0,SUCCESS
A,alpha,361,1776511902080,1776511902080,0,SUCCESS
A,alpha,362,1776511902080,1776511902080,0,SUCCESS
A,alpha,363,1776511902080,1776511902080,0,SUCCESS
A,alpha,364,1776511902080,1776511902080,0,SUCCESS
A,alpha,365,1776511902080,1776511902080,0,SUCCESS
A,alpha,366,1776511902080,1776511902080,0,SUCCESS
A,alpha,367,1776511902080,1776511902080,0,SUCCESS
A,alpha,368,1776511902080,1776511902080,0,SUCCESS
A,alpha,369,1776511902080,1776511902080,0,SUCCESS
A,alpha,370,1776511902080,1776511902080,0,SUCCESS
A,alpha,371,1776511902080,1776511902080,0,SUCCESS
A,alpha,372,1776511902080,1776511902080,0,SUCCESS
A,alpha,373,1776511902080,1776511902080,0,SUCCESS
A,alpha,374,1776511902080,1776511902080,0,SUCCESS
A,alpha,375,1776511902080,1776511902080,0,SUCCESS
A,alpha,376,1776511902080,1776511902080,0,SUCCESS
A,alpha,377,1776511902080,1776511902080,0,SUCCESS
A,alpha,378,1776511902080,1776511902080,0,SUCCESS
A,alpha,379,1776511902080,1776511902080,0,SUCCESS
A,alpha,380,1776511902080,1776511902080,0,SUCCESS
A,alpha,381,1776511902080,1776511902080,0,SUCCESS
A,alpha,382,1776511902080,1776511902080,0,SUCCESS
A,alpha,383,1776511902080,1776511902080,0,SUCCESS
A,alpha,384,1776511902080,1776511902080,0,SUCCESS
A,alpha,385,1776511902080,1776511902080,0,SUCCESS
A,alpha,386,1776511902080,1776511902080,0,SUCCESS
A,alpha,387,1776511902080,1776511902080,0,SUCCESS
A,alpha,388,1776511902080,1776511902080,0,SUCCESS
A,alpha,389,1776511902080,1776511902080,0,SUCCESS
A,alpha,390,1776511902080,1776511902080,0,SUCCESS
A,alpha,391,1776511902080,1776511902080,0,SUCCESS
A,alpha,392,1776511902080,1776511902080,0,SUCCESS
A,alpha,393,1776511902080,1776511902080,0,SUCCESS
A,alpha,394,1776511902080,1776511902080,0,SUCCESS
A,alpha,395,1776511902080,1776511902080,0,SUCCESS
A,alpha,396,1776511902080,1776511902080,0,SUCCESS
A,alpha,397,1776511902080,1776511902080,0,SUCCESS
A,alpha,398,1776511902080,1776511902080,0,SUCCESS
A,alpha,399,1776511902080,1776511902080,0,SUCCESS
A,alpha,400,1776511902080,1776511902080,0,SUCCESS
A,alpha,401,1776511902080,1776511902080,0,SUCCESS
A,alpha,402,1776511902080,1776511902080,0,SUCCESS
A,alpha,403,1776511902080,1776511902080,0,SUCCESS
A,alpha,404,1776511902080,1776511902080,0,SUCCESS
A,alpha,405,1776511902080,1776511902080,0,SUCCESS
A,alpha,406,1776511902080,1776511902080,0,SUCCESS
A,alpha,407,1776511902080,1776511902080,0,SUCCESS
A,alpha,408,1776511902080,1776511902080,0,SUCCESS
A,alpha,409,1776511902080,1776511902080,0,SUCCESS
A,alpha,410,1776511902080,1776511902080,0,SUCCESS
A,alpha,411,1776511902080,1776511902080,0,SUCCESS
A,alpha,412,1776511902080,1776511902080,0,SUCCESS
A,alpha,413,1776511902080,1776511902080,0,SUCCESS
A,alpha,414,1776511902080,1776511902080,0,SUCCESS
A,alpha,415,1776511902080,1776511902080,0,SUCCESS
A,alpha,416,1776511902080,1776511902080,0,SUCCESS
A,alpha,417,1776511902080,1776511902080,0,SUCCESS
A,alpha,418,1776511902080,1776511902080,0,SUCCESS
A,alpha,419,1776511902080,1776511902080,0,SUCCESS
A,alpha,420,1776511902080,1776511902080,0,SUCCESS
A,alpha,421,1776511902080,1776511902081,1,SUCCESS
A,alpha,422,1776511902080,1776511902081,1,SUCCESS
A,alpha,423,1776511902080,1776511902081,1,SUCCESS
A,alpha,424,1776511902080,1776511902081,1,SUCCESS
A,alpha,425,1776511902080,1776511902081,1,SUCCESS
A,alpha,426,1776511902080,1776511902081,1,SUCCESS
A,alpha,427,1776511902080,1776511902081,1,SUCCESS
A,alpha,428,1776511902080,1776511902081,1,SUCCESS
A,alpha,429,1776511902080,1776511902081,1,SUCCESS
A,alpha,430,1776511902080,1776511902081,1,SUCCESS
A,alpha,431,1776511902080,1776511902081,1,SUCCESS
A,alpha,432,1776511902080,1776511902081,1,SUCCESS
A,alpha,433,1776511902080,1776511902081,1,SUCCESS
A,alpha,434,1776511902080,1776511902081,1,SUCCESS
A,alpha,435,1776511902080,1776511902081,1,SUCCESS
A,alpha,436,1776511902080,1776511902081,1,SUCCESS
A,alpha,437,1776511902080,1776511902081,1,SUCCESS
A,alpha,438,1776511902080,1776511902081,1,SUCCESS
A,alpha,439,1776511902080,1776511902081,1,SUCCESS
A,alpha,440,1776511902080,1776511902081,1,SUCCESS
A,alpha,441,1776511902080,1776511902081,1,SUCCESS
A,alpha,442,1776511902080,1776511902081,1,SUCCESS
A,alpha,443,1776511902080,1776511902081,1,SUCCESS
A,alpha,444,1776511902080,1776511902081,1,SUCCESS
A,alpha,445,1776511902080,1776511902081,1,SUCCESS
A,alpha,446,1776511902080,1776511902081,1,SUCCESS
A,alpha,447,1776511902080,1776511902081,1,SUCCESS
A,alpha,448,1776511902080,1776511902081,1,SUCCESS
A,alpha,449,1776511902080,1776511902081,1,SUCCESS
A,alpha,450,1776511902080,1776511902081,1,SUCCESS
A,alpha,451,1776511902080,1776511902081,1,SUCCESS
A,alpha,452,1776511902080,1776511902081,1,SUCCESS
A,alpha,453,1776511902080,1776511902081,1,SUCCESS
A,alpha,454,1776511902080,1776511902081,1,SUCCESS
A,alpha,455,1776511902080,1776511902081,1,SUCCESS
A,alpha,456,1776511902080,1776511902081,1,SUCCESS
A,alpha,457,1776511902080,1776511902081,1,SUCCESS
A,alpha,458,1776511902080,1776511902081,1,SUCCESS
A,alpha,459,1776511902080,1776511902081,1,SUCCESS
A,alpha,460,1776511902080,1776511902081,1,SUCCESS
A,alpha,461,1776511902080,1776511902081,1,SUCCESS
A,alpha,462,1776511902080,1776511902081,1,SUCCESS
A,alpha,463,1776511902080,1776511902081,1,SUCCESS
A,alpha,464,1776511902080,1776511902081,1,SUCCESS
A,alpha,465,1776511902080,1776511902081,1,SUCCESS
A,alpha,466,1776511902080,1776511902081,1,SUCCESS
A,alpha,467,1776511902080,1776511902081,1,SUCCESS
A,alpha,468,1776511902080,1776511902081,1,SUCCESS
A,alpha,469,1776511902080,1776511902081,1,SUCCESS
A,alpha,470,1776511902080,1776511902081,1,SUCCESS
A,alpha,471,1776511902080,1776511902081,1,SUCCESS
A,alpha,472,1776511902080,1776511902081,1,SUCCESS
A,alpha,473,1776511902080,1776511902081,1,SUCCESS
A,alpha,474,1776511902080,1776511902081,1,SUCCESS
A,alpha,475,1776511902080,1776511902081,1,SUCCESS
A,alpha,476,1776511902080,1776511902081,1,SUCCESS
A,alpha,477,1776511902080,1776511902081,1,SUCCESS
A,alpha,478,1776511902080,1776511902081,1,SUCCESS
A,alpha,479,1776511902080,1776511902081,1,SUCCESS
A,alpha,480,1776511902080,1776511902081,1,SUCCESS
A,alpha,481,1776511902080,1776511902081,1,SUCCESS
A,alpha,482,1776511902080,1776511902081,1,SUCCESS
A,alpha,483,1776511902080,1776511902081,1,SUCCESS
A,alpha,484,1776511902080,1776511902081,1,SUCCESS
A,alpha,485,1776511902080,1776511902081,1,SUCCESS
A,alpha,486,1776511902080,1776511902081,1,SUCCESS
A,alpha,487,1776511902080,1776511902081,1,SUCCESS
A,alpha,488,1776511902080,1776511902081,1,SUCCESS
A,alpha,489,1776511902080,1776511902081,1,SUCCESS
A,alpha,490,1776511902080,1776511902081,1,SUCCESS
A,alpha,491,1776511902080,1776511902081,1,SUCCESS
A,alpha,492,1776511902080,1776511902081,1,SUCCESS
A,alpha,493,1776511902080,1776511902081,1,SUCCESS
A,alpha,494,1776511902080,1776511902081,1,SUCCESS
A,alpha,495,1776511902080,1776511902081,1,SUCCESS
A,alpha,496,1776511902080,1776511902081,1,SUCCESS
A,alpha,497,1776511902080,1776511902081,1,SUCCESS
A,alpha,498,1776511902080,1776511902081,1,SUCCESS
A,alpha,499,1776511902080,1776511902081,1,SUCCESS
A,alpha,500,1776511902080,1776511902081,1,SUCCESS
A,alpha,501,1776511902080,1776511902081,1,SUCCESS
A,alpha,502,1776511902080,1776511902081,1,SUCCESS
A,alpha,503,1776511902080,1776511902081,1,SUCCESS
A,alpha,504,1776511902080,1776511902081,1,SUCCESS
A,alpha,505,1776511902080,1776511902081,1,SUCCESS
A,alpha,506,1776511902080,1776511902081,1,SUCCESS
A,alpha,507,1776511902080,1776511902081,1,SUCCESS
A,alpha,508,1776511902080,1776511902081,1,SUCCESS
A,alpha,509,1776511902080,1776511902081,1,SUCCESS
A,alpha,510,1776511902080,1776511902081,1,SUCCESS
A,alpha,511,1776511902080,1776511902081,1,SUCCESS
A,alpha,512,1776511902080,1776511902081,1,SUCCESS
A,alpha,513,1776511902080,1776511902081,1,SUCCESS
A,alpha,514,1776511902080,1776511902081,1,SUCCESS
A,alpha,515,1776511902081,1776511902081,0,SUCCESS
A,alpha,516,1776511902081,1776511902081,0,SUCCESS
A,alpha,517,1776511902081,1776511902081,0,SUCCESS
A,alpha,518,1776511902081,1776511902081,0,SUCCESS
A,alpha,519,1776511902081,1776511902081,0,SUCCESS
A,alpha,520,1776511902081,1776511902081,0,SUCCESS
A,alpha,521,1776511902081,1776511902081,0,SUCCESS
A,alpha,522,1776511902081,1776511902081,0,SUCCESS
A,alpha,523,1776511902081,1776511902081,0,SUCCESS
A,alpha,524,1776511902081,1776511902081,0,SUCCESS
A,alpha,525,1776511902081,1776511902081,0,SUCCESS
A,alpha,526,1776511902081,1776511902081,0,SUCCESS
A,alpha,527,1776511902081,1776511902081,0,SUCCESS
A,alpha,528,1776511902081,1776511902081,0,SUCCESS
A,alpha,529,1776511902081,1776511902081,0,SUCCESS
A,alpha,530,1776511902081,1776511902081,0,SUCCESS
A,alpha,531,1776511902081,1776511902081,0,SUCCESS
A,alpha,532,1776511902081,1776511902081,0,SUCCESS
A,alpha,533,1776511902081,1776511902081,0,SUCCESS
A,alpha,534,1776511902081,1776511902081,0,SUCCESS
A,alpha,535,1776511902081,1776511902081,0,SUCCESS
A,alpha,536,1776511902081,1776511902081,0,SUCCESS
A,alpha,537,1776511902081,1776511902081,0,SUCCESS
A,alpha,538,1776511902081,1776511902081,0,SUCCESS
A,alpha,539,1776511902081,1776511902081,0,SUCCESS
A,alpha,540,1776511902081,1776511902081,0,SUCCESS
A,alpha,541,1776511902081,1776511902081,0,SUCCESS
A,alpha,542,1776511902081,1776511902081,0,SUCCESS
A,alpha,543,1776511902081,1776511902081,0,SUCCESS
A,alpha,544,1776511902081,1776511902081,0,SUCCESS
A,alpha,545,1776511902081,1776511902081,0,SUCCESS
A,alpha,546,1776511902081,1776511902081,0,SUCCESS
A,alpha,547,1776511902081,1776511902081,0,SUCCESS
A,alpha,548,1776511902081,1776511902081,0,SUCCESS
A,alpha,549,1776511902081,1776511902081,0,SUCCESS
A,alpha,550,1776511902081,1776511902081,0,SUCCESS
A,alpha,551,1776511902081,1776511902081,0,SUCCESS
A,alpha,552,1776511902081,1776511902081,0,SUCCESS
A,alpha,553,1776511902081,1776511902081,0,SUCCESS
A,alpha,554,1776511902081,1776511902081,0,SUCCESS
A,alpha,555,1776511902081,1776511902081,0,SUCCESS
A,alpha,556,1776511902081,1776511902081,0,SUCCESS
A,alpha,557,1776511902081,1776511902081,0,SUCCESS
A,alpha,558,1776511902081,1776511902081,0,SUCCESS
A,alpha,559,1776511902081,1776511902081,0,SUCCESS
A,alpha,560,1776511902081,1776511902081,0,SUCCESS
A,alpha,561,1776511902081,1776511902081,0,SUCCESS
A,alpha,562,1776511902081,1776511902081,0,SUCCESS
A,alpha,563,1776511902081,1776511902081,0,SUCCESS
A,alpha,564,1776511902081,1776511902081,0,SUCCESS
A,alpha,565,1776511902081,1776511902081,0,SUCCESS
A,alpha,566,1776511902081,1776511902081,0,SUCCESS
A,alpha,567,1776511902081,1776511902081,0,SUCCESS
A,alpha,568,1776511902081,1776511902081,0,SUCCESS
A,alpha,569,1776511902081,1776511902081,0,SUCCESS
A,alpha,570,1776511902081,1776511902081,0,SUCCESS
A,alpha,571,1776511902081,1776511902081,0,SUCCESS
A,alpha,572,1776511902081,1776511902081,0,SUCCESS
A,alpha,573,1776511902081,1776511902081,0,SUCCESS
A,alpha,574,1776511902081,1776511902081,0,SUCCESS
A,alpha,575,1776511902081,1776511902081,0,SUCCESS
A,alpha,576,1776511902081,1776511902081,0,SUCCESS
A,alpha,577,1776511902081,1776511902081,0,SUCCESS
A,alpha,578,1776511902081,1776511902081,0,SUCCESS
A,alpha,579,1776511902081,1776511902082,1,SUCCESS
A,alpha,580,1776511902081,1776511902082,1,SUCCESS
A,alpha,581,1776511902081,1776511902082,1,SUCCESS
A,alpha,582,1776511902081,1776511902082,1,SUCCESS
A,alpha,583,1776511902081,1776511902082,1,SUCCESS
A,alpha,584,1776511902081,1776511902082,1,SUCCESS
A,alpha,585,1776511902081,1776511902082,1,SUCCESS
A,alpha,586,1776511902081,1776511902082,1,SUCCESS
A,alpha,587,1776511902081,1776511902082,1,SUCCESS
A,alpha,588,1776511902081,1776511902082,1,SUCCESS
A,alpha,589,1776511902081,1776511902082,1,SUCCESS
A,alpha,590,1776511902081,1776511902082,1,SUCCESS
A,alpha,591,1776511902081,1776511902082,1,SUCCESS
A,alpha,592,1776511902081,1776511902082,1,SUCCESS
A,alpha,593,1776511902081,1776511902082,1,SUCCESS
A,alpha,594,1776511902081,1776511902082,1,SUCCESS
A,alpha,595,1776511902081,1776511902082,1,SUCCESS
A,alpha,596,1776511902081,1776511902082,1,SUCCESS
A,alpha,597,1776511902081,1776511902082,1,SUCCESS
A,alpha,598,1776511902081,1776511902082,1,SUCCESS
A,alpha,599,1776511902081,1776511902082,1,SUCCESS
A,alpha,600,1776511902081,1776511902082,1,SUCCESS
A,alpha,601,1776511902081,1776511902082,1,SUCCESS
A,alpha,602,1776511902081,1776511902082,1,SUCCESS
A,alpha,603,1776511902081,1776511902082,1,SUCCESS
A,alpha,604,1776511902081,1776511902082,1,SUCCESS
A,alpha,605,1776511902081,1776511902082,1,SUCCESS
A,alpha,606,1776511902081,1776511902082,1,SUCCESS
A,alpha,607,1776511902081,1776511902082,1,SUCCESS
A,alpha,608,1776511902081,1776511902082,1,SUCCESS
A,alpha,609,1776511902081,1776511902082,1,SUCCESS
A,alpha,610,1776511902081,1776511902082,1,SUCCESS
A,alpha,611,1776511902081,1776511902082,1,SUCCESS
A,alpha,612,1776511902081,1776511902082,1,SUCCESS
A,alpha,613,1776511902081,1776511902082,1,SUCCESS
A,alpha,614,1776511902081,1776511902082,1,SUCCESS
A,alpha,615,1776511902081,1776511902082,1,SUCCESS
A,alpha,616,1776511902081,1776511902082,1,SUCCESS
A,alpha,617,1776511902081,1776511902082,1,SUCCESS
A,alpha,618,1776511902081,1776511902082,1,SUCCESS
A,alpha,619,1776511902081,1776511902082,1,SUCCESS
A,alpha,620,1776511902081,1776511902082,1,SUCCESS
A,alpha,621,1776511902081,1776511902082,1,SUCCESS
A,alpha,622,1776511902081,1776511902082,1,SUCCESS
A,alpha,623,1776511902081,1776511902082,1,SUCCESS
A,alpha,624,1776511902081,1776511902082,1,SUCCESS
A,alpha,625,1776511902081,1776511902082,1,SUCCESS
A,alpha,626,1776511902081,1776511902082,1,SUCCESS
A,alpha,627,1776511902081,1776511902082,1,SUCCESS
A,alpha,628,1776511902081,1776511902082,1,SUCCESS
A,alpha,629,1776511902081,1776511902082,1,SUCCESS
A,alpha,630,1776511902081,1776511902082,1,SUCCESS
A,alpha,631,1776511902081,1776511902082,1,SUCCESS
A,alpha,632,1776511902081,1776511902082,1,SUCCESS
A,alpha,633,1776511902081,1776511902082,1,SUCCESS
A,alpha,634,1776511902081,1776511902082,1,SUCCESS
A,alpha,635,1776511902081,1776511902082,1,SUCCESS
A,alpha,636,1776511902081,1776511902082,1,SUCCESS
A,alpha,637,1776511902081,1776511902082,1,SUCCESS
A,alpha,638,1776511902081,1776511902082,1,SUCCESS
A,alpha,639,1776511902081,1776511902082,1,SUCCESS
A,alpha,640,1776511902081,1776511902082,1,SUCCESS
A,alpha,641,1776511902081,1776511902082,1,SUCCESS
A,alpha,642,1776511902081,1776511902082,1,SUCCESS
A,alpha,643,1776511902081,1776511902082,1,SUCCESS
A,alpha,644,1776511902081,1776511902082,1,SUCCESS
A,alpha,645,1776511902081,1776511902082,1,SUCCESS
A,alpha,646,1776511902081,1776511902082,1,SUCCESS
A,alpha,647,1776511902081,1776511902082,1,SUCCESS
A,alpha,648,1776511902081,1776511902082,1,SUCCESS
A,alpha,649,1776511902081,1776511902082,1,SUCCESS
A,alpha,650,1776511902081,1776511902082,1,SUCCESS
A,alpha,651,1776511902081,1776511902082,1,SUCCESS
A,alpha,652,1776511902081,1776511902082,1,SUCCESS
A,alpha,653,1776511902081,1776511902082,1,SUCCESS
A,alpha,654,1776511902081,1776511902082,1,SUCCESS
A,alpha,655,1776511902081,1776511902082,1,SUCCESS
A,alpha,656,1776511902081,1776511902082,1,SUCCESS
A,alpha,657,1776511902081,1776511902082,1,SUCCESS
A,alpha,658,1776511902081,1776511902082,1,SUCCESS
A,alpha,659,1776511902081,1776511902082,1,SUCCESS
A,alpha,660,1776511902081,1776511902082,1,SUCCESS
A,alpha,661,1776511902081,1776511902082,1,SUCCESS
A,alpha,662,1776511902081,1776511902082,1,SUCCESS
A,alpha,663,1776511902081,1776511902082,1,SUCCESS
A,alpha,664,1776511902081,1776511902082,1,SUCCESS
A,alpha,665,1776511902081,1776511902082,1,SUCCESS
A,alpha,666,1776511902081,1776511902082,1,SUCCESS
A,alpha,667,1776511902081,1776511902082,1,SUCCESS
A,alpha,668,1776511902081,1776511902082,1,SUCCESS
A,alpha,669,1776511902081,1776511902082,1,SUCCESS
A,alpha,670,1776511902081,1776511902082,1,SUCCESS
A,alpha,671,1776511902081,1776511902082,1,SUCCESS
A,alpha,672,1776511902081,1776511902082,1,SUCCESS
A,alpha,673,1776511902081,1776511902082,1,SUCCESS
A,alpha,674,1776511902081,1776511902082,1,SUCCESS
A,alpha,675,1776511902081,1776511902082,1,SUCCESS
A,alpha,676,1776511902081,1776511902082,1,SUCCESS
A,alpha,677,1776511902081,1776511902082,1,SUCCESS
A,alpha,678,1776511902081,1776511902083,2,SUCCESS
A,alpha,679,1776511902081,1776511902083,2,SUCCESS
A,alpha,680,1776511902081,1776511902083,2,SUCCESS
A,alpha,681,1776511902081,1776511902083,2,SUCCESS
A,alpha,682,1776511902081,1776511902083,2,SUCCESS
A,alpha,683,1776511902081,1776511902083,2,SUCCESS
A,alpha,684,1776511902081,1776511902083,2,SUCCESS
A,alpha,685,1776511902081,1776511902083,2,SUCCESS
A,alpha,686,1776511902081,1776511902083,2,SUCCESS
A,alpha,687,1776511902081,1776511902083,2,SUCCESS
A,alpha,688,1776511902081,1776511902083,2,SUCCESS
A,alpha,689,1776511902081,1776511902083,2,SUCCESS
A,alpha,690,1776511902081,1776511902083,2,SUCCESS
A,alpha,691,1776511902081,1776511902083,2,SUCCESS
A,alpha,692,1776511902081,1776511902083,2,SUCCESS
A,alpha,693,1776511902081,1776511902083,2,SUCCESS
A,alpha,694,1776511902081,1776511902083,2,SUCCESS
A,alpha,695,1776511902081,1776511902083,2,SUCCESS
A,alpha,696,1776511902081,1776511902083,2,SUCCESS
A,alpha,697,1776511902081,1776511902083,2,SUCCESS
A,alpha,698,1776511902081,1776511902083,2,SUCCESS
A,alpha,699,1776511902081,1776511902083,2,SUCCESS
A,alpha,700,1776511902081,1776511902083,2,SUCCESS
A,alpha,701,1776511902081,1776511902083,2,SUCCESS
A,alpha,702,1776511902081,1776511902083,2,SUCCESS
A,alpha,703,1776511902081,1776511902083,2,SUCCESS
A,alpha,704,1776511902081,1776511902083,2,SUCCESS
A,alpha,705,1776511902081,1776511902083,2,SUCCESS
A,alpha,706,1776511902081,1776511902083,2,SUCCESS
A,alpha,707,1776511902081,1776511902083,2,SUCCESS
A,alpha,708,1776511902081,1776511902083,2,SUCCESS
A,alpha,709,1776511902081,1776511902083,2,SUCCESS
A,alpha,710,1776511902081,1776511902083,2,SUCCESS
A,alpha,711,1776511902081,1776511902083,2,SUCCESS
A,alpha,712,1776511902081,1776511902083,2,SUCCESS
A,alpha,713,1776511902081,1776511902083,2,SUCCESS
A,alpha,714,1776511902081,1776511902083,2,SUCCESS
A,alpha,715,1776511902081,1776511902083,2,SUCCESS
A,alpha,716,1776511902081,1776511902083,2,SUCCESS
A,alpha,717,1776511902081,1776511902083,2,SUCCESS
A,alpha,718,1776511902081,1776511902083,2,SUCCESS
A,alpha,719,1776511902081,1776511902083,2,SUCCESS
A,alpha,720,1776511902081,1776511902083,2,SUCCESS
A,alpha,721,1776511902081,1776511902083,2,SUCCESS
A,alpha,722,1776511902081,1776511902083,2,SUCCESS
A,alpha,723,1776511902081,1776511902083,2,SUCCESS
A,alpha,724,1776511902081,1776511902083,2,SUCCESS
A,alpha,725,1776511902081,1776511902083,2,SUCCESS
A,alpha,726,1776511902081,1776511902083,2,SUCCESS
A,alpha,727,1776511902081,1776511902083,2,SUCCESS
A,alpha,728,1776511902081,1776511902083,2,SUCCESS
A,alpha,729,1776511902081,1776511902083,2,SUCCESS
A,alpha,730,1776511902081,1776511902083,2,SUCCESS
A,alpha,731,1776511902081,1776511902083,2,SUCCESS
A,alpha,732,1776511902081,1776511902083,2,SUCCESS
A,alpha,733,1776511902081,1776511902083,2,SUCCESS
A,alpha,734,1776511902081,1776511902083,2,SUCCESS
A,alpha,735,1776511902081,1776511902083,2,SUCCESS
A,alpha,736,1776511902081,1776511902083,2,SUCCESS
A,alpha,737,1776511902081,1776511902083,2,SUCCESS
A,alpha,738,1776511902081,1776511902083,2,SUCCESS
A,alpha,739,1776511902081,1776511902083,2,SUCCESS
A,alpha,740,1776511902081,1776511902083,2,SUCCESS
A,alpha,741,1776511902081,1776511902083,2,SUCCESS
A,alpha,742,1776511902081,1776511902083,2,SUCCESS
A,alpha,743,1776511902081,1776511902083,2,SUCCESS
A,alpha,744,1776511902081,1776511902083,2,SUCCESS
A,alpha,745,1776511902081,1776511902083,2,SUCCESS
A,alpha,746,1776511902081,1776511902083,2,SUCCESS
A,alpha,747,1776511902081,1776511902083,2,SUCCESS
A,alpha,748,1776511902081,1776511902083,2,SUCCESS
A,alpha,749,1776511902081,1776511902083,2,SUCCESS
A,alpha,750,1776511902081,1776511902083,2,SUCCESS
A,alpha,751,1776511902081,1776511902083,2,SUCCESS
A,alpha,752,1776511902081,1776511902083,2,SUCCESS
A,alpha,753,1776511902081,1776511902083,2,SUCCESS
A,alpha,754,1776511902081,1776511902083,2,SUCCESS
A,alpha,755,1776511902081,1776511902083,2,SUCCESS
A,alpha,756,1776511902081,1776511902083,2,SUCCESS
A,alpha,757,1776511902081,1776511902083,2,SUCCESS
A,alpha,758,1776511902081,1776511902083,2,SUCCESS
A,alpha,759,1776511902081,1776511902083,2,SUCCESS
A,alpha,760,1776511902081,1776511902083,2,SUCCESS
A,alpha,761,1776511902081,1776511902083,2,SUCCESS
A,alpha,762,1776511902081,1776511902083,2,SUCCESS
A,alpha,763,1776511902081,1776511902083,2,SUCCESS
A,alpha,764,1776511902081,1776511902083,2,SUCCESS
A,alpha,765,1776511902081,1776511902083,2,SUCCESS
A,alpha,766,1776511902081,1776511902083,2,SUCCESS
A,alpha,767,1776511902081,1776511902083,2,SUCCESS
A,alpha,768,1776511902081,1776511902083,2,SUCCESS
A,alpha,769,1776511902081,1776511902083,2,SUCCESS
A,alpha,770,1776511902081,1776511902083,2,SUCCESS
A,alpha,771,1776511902081,1776511902083,2,SUCCESS
A,alpha,772,1776511902081,1776511902083,2,SUCCESS
A,alpha,773,1776511902081,1776511902083,2,SUCCESS
A,alpha,774,1776511902081,1776511902083,2,SUCCESS
A,alpha,775,1776511902081,1776511902083,2,SUCCESS
A,alpha,776,1776511902081,1776511902083,2,SUCCESS
A,alpha,777,1776511902081,1776511902083,2,SUCCESS
A,alpha,778,1776511902081,1776511902083,2,SUCCESS
A,alpha,779,1776511902081,1776511902083,2,SUCCESS
A,alpha,780,1776511902081,1776511902083,2,SUCCESS
A,alpha,781,1776511902082,1776511902083,1,SUCCESS
A,alpha,782,1776511902082,1776511902083,1,SUCCESS
A,alpha,783,1776511902082,1776511902083,1,SUCCESS
A,alpha,784,1776511902082,1776511902083,1,SUCCESS
A,alpha,785,1776511902082,1776511902083,1,SUCCESS
A,alpha,786,1776511902082,1776511902083,1,SUCCESS
A,alpha,787,1776511902082,1776511902084,2,SUCCESS
A,alpha,788,1776511902082,1776511902084,2,SUCCESS
A,alpha,789,1776511902082,1776511902084,2,SUCCESS
A,alpha,790,1776511902082,1776511902084,2,SUCCESS
A,alpha,791,1776511902082,1776511902084,2,SUCCESS
A,alpha,792,1776511902082,1776511902084,2,SUCCESS
A,alpha,793,1776511902082,1776511902084,2,SUCCESS
A,alpha,794,1776511902082,1776511902084,2,SUCCESS
A,alpha,795,1776511902082,1776511902084,2,SUCCESS
A,alpha,796,1776511902082,1776511902084,2,SUCCESS
A,alpha,797,1776511902082,1776511902084,2,SUCCESS
A,alpha,798,1776511902082,1776511902084,2,SUCCESS
A,alpha,799,1776511902082,1776511902084,2,SUCCESS
A,alpha,800,1776511902082,1776511902084,2,SUCCESS
A,alpha,801,1776511902082,1776511902084,2,SUCCESS
A,alpha,802,1776511902082,1776511902084,2,SUCCESS
A,alpha,803,1776511902082,1776511902084,2,SUCCESS
A,alpha,804,1776511902082,1776511902084,2,SUCCESS
A,alpha,805,1776511902082,1776511902084,2,SUCCESS
A,alpha,806,1776511902082,1776511902084,2,SUCCESS
A,alpha,807,1776511902082,1776511902084,2,SUCCESS
A,alpha,808,1776511902082,1776511902084,2,SUCCESS
A,alpha,809,1776511902082,1776511902084,2,SUCCESS
A,alpha,810,1776511902082,1776511902084,2,SUCCESS
A,alpha,811,1776511902082,1776511902084,2,SUCCESS
A,alpha,812,1776511902082,1776511902084,2,SUCCESS
A,alpha,813,1776511902082,1776511902084,2,SUCCESS
A,alpha,814,1776511902082,1776511902084,2,SUCCESS
A,alpha,815,1776511902082,1776511902084,2,SUCCESS
A,alpha,816,1776511902082,1776511902084,2,SUCCESS
A,alpha,817,1776511902082,1776511902084,2,SUCCESS
A,alpha,818,1776511902082,1776511902084,2,SUCCESS
A,alpha,819,1776511902082,1776511902084,2,SUCCESS
A,alpha,820,1776511902082,1776511902084,2,SUCCESS
A,alpha,821,1776511902082,1776511902084,2,SUCCESS
A,alpha,822,1776511902082,1776511902084,2,SUCCESS
A,alpha,823,1776511902082,1776511902084,2,SUCCESS
A,alpha,824,1776511902082,1776511902084,2,SUCCESS
A,alpha,825,1776511902082,1776511902084,2,SUCCESS
A,alpha,826,1776511902082,1776511902084,2,SUCCESS
A,alpha,827,1776511902082,1776511902084,2,SUCCESS
A,alpha,828,1776511902082,1776511902084,2,SUCCESS
A,alpha,829,1776511902082,1776511902084,2,SUCCESS
A,alpha,830,1776511902082,1776511902084,2,SUCCESS
A,alpha,831,1776511902082,1776511902084,2,SUCCESS
A,alpha,832,1776511902082,1776511902084,2,SUCCESS
A,alpha,833,1776511902082,1776511902084,2,SUCCESS
A,alpha,834,1776511902082,1776511902084,2,SUCCESS
A,alpha,835,1776511902082,1776511902084,2,SUCCESS
A,alpha,836,1776511902082,1776511902084,2,SUCCESS
A,alpha,837,1776511902082,1776511902084,2,SUCCESS
A,alpha,838,1776511902082,1776511902084,2,SUCCESS
A,alpha,839,1776511902082,1776511902084,2,SUCCESS
A,alpha,840,1776511902082,1776511902084,2,SUCCESS
A,alpha,841,1776511902082,1776511902084,2,SUCCESS
A,alpha,842,1776511902082,1776511902084,2,SUCCESS
A,alpha,843,1776511902082,1776511902084,2,SUCCESS
A,alpha,844,1776511902082,1776511902084,2,SUCCESS
A,alpha,845,1776511902082,1776511902084,2,SUCCESS
A,alpha,846,1776511902082,1776511902084,2,SUCCESS
A,alpha,847,1776511902082,1776511902084,2,SUCCESS
A,alpha,848,1776511902082,1776511902084,2,SUCCESS
A,alpha,849,1776511902082,1776511902084,2,SUCCESS
A,alpha,850,1776511902082,1776511902084,2,SUCCESS
A,alpha,851,1776511902082,1776511902084,2,SUCCESS
A,alpha,852,1776511902082,1776511902084,2,SUCCESS
A,alpha,853,1776511902082,1776511902084,2,SUCCESS
A,alpha,854,1776511902082,1776511902084,2,SUCCESS
A,alpha,855,1776511902082,1776511902084,2,SUCCESS
A,alpha,856,1776511902082,1776511902084,2,SUCCESS
A,alpha,857,1776511902082,1776511902084,2,SUCCESS
A,alpha,858,1776511902082,1776511902084,2,SUCCESS
A,alpha,859,1776511902082,1776511902084,2,SUCCESS
A,alpha,860,1776511902082,1776511902084,2,SUCCESS
A,alpha,861,1776511902082,1776511902084,2,SUCCESS
A,alpha,862,1776511902082,1776511902084,2,SUCCESS
A,alpha,863,1776511902082,1776511902084,2,SUCCESS
A,alpha,864,1776511902082,1776511902084,2,SUCCESS
A,alpha,865,1776511902082,1776511902084,2,SUCCESS
A,alpha,866,1776511902082,1776511902084,2,SUCCESS
A,alpha,867,1776511902082,1776511902084,2,SUCCESS
A,alpha,868,1776511902082,1776511902084,2,SUCCESS
A,alpha,869,1776511902082,1776511902084,2,SUCCESS
A,alpha,870,1776511902082,1776511902084,2,SUCCESS
A,alpha,871,1776511902082,1776511902084,2,SUCCESS
A,alpha,872,1776511902082,1776511902084,2,SUCCESS
A,alpha,873,1776511902082,1776511902084,2,SUCCESS
A,alpha,874,1776511902082,1776511902084,2,SUCCESS
A,alpha,875,1776511902082,1776511902084,2,SUCCESS
A,alpha,876,1776511902082,1776511902084,2,SUCCESS
A,alpha,877,1776511902082,1776511902084,2,SUCCESS
A,alpha,878,1776511902082,1776511902084,2,SUCCESS
A,alpha,879,1776511902082,1776511902084,2,SUCCESS
A,alpha,880,1776511902082,1776511902084,2,SUCCESS
A,alpha,881,1776511902083,1776511902084,1,SUCCESS
A,alpha,882,1776511902083,1776511902084,1,SUCCESS
A,alpha,883,1776511902083,1776511902084,1,SUCCESS
A,alpha,884,1776511902083,1776511902084,1,SUCCESS
A,alpha,885,1776511902083,1776511902084,1,SUCCESS
A,alpha,886,1776511902083,1776511902084,1,SUCCESS
A,alpha,887,1776511902083,1776511902084,1,SUCCESS
A,alpha,888,1776511902083,1776511902084,1,SUCCESS
A,alpha,889,1776511902083,1776511902084,1,SUCCESS
A,alpha,890,1776511902083,1776511902084,1,SUCCESS
A,alpha,891,1776511902083,1776511902084,1,SUCCESS
A,alpha,892,1776511902083,1776511902084,1,SUCCESS
A,alpha,893,1776511902083,1776511902084,1,SUCCESS
A,alpha,894,1776511902083,1776511902084,1,SUCCESS
A,alpha,895,1776511902083,1776511902084,1,SUCCESS
A,alpha,896,1776511902083,1776511902084,1,SUCCESS
A,alpha,897,1776511902083,1776511902084,1,SUCCESS
A,alpha,898,1776511902083,1776511902084,1,SUCCESS
A,alpha,899,1776511902083,1776511902084,1,SUCCESS
A,alpha,900,1776511902083,1776511902084,1,SUCCESS
A,alpha,901,1776511902083,1776511902084,1,SUCCESS
A,alpha,902,1776511902083,1776511902084,1,SUCCESS
A,alpha,903,1776511902083,1776511902084,1,SUCCESS
A,alpha,904,1776511902083,1776511902084,1,SUCCESS
A,alpha,905,1776511902083,1776511902084,1,SUCCESS
A,alpha,906,1776511902083,1776511902084,1,SUCCESS
A,alpha,907,1776511902083,1776511902084,1,SUCCESS
A,alpha,908,1776511902083,1776511902084,1,SUCCESS
A,alpha,909,1776511902083,1776511902084,1,SUCCESS
A,alpha,910,1776511902083,1776511902084,1,SUCCESS
A,alpha,911,1776511902083,1776511902084,1,SUCCESS
A,alpha,912,1776511902083,1776511902084,1,SUCCESS
A,alpha,913,1776511902083,1776511902084,1,SUCCESS
A,alpha,914,1776511902083,1776511902084,1,SUCCESS
A,alpha,915,1776511902083,1776511902084,1,SUCCESS
A,alpha,916,1776511902083,1776511902084,1,SUCCESS
A,alpha,917,1776511902083,1776511902084,1,SUCCESS
A,alpha,918,1776511902083,1776511902084,1,SUCCESS
A,alpha,919,1776511902083,1776511902084,1,SUCCESS
A,alpha,920,1776511902083,1776511902084,1,SUCCESS
A,alpha,921,1776511902083,1776511902084,1,SUCCESS
A,alpha,922,1776511902083,1776511902084,1,SUCCESS
A,alpha,923,1776511902083,1776511902084,1,SUCCESS
A,alpha,924,1776511902083,1776511902084,1,SUCCESS
A,alpha,925,1776511902083,1776511902084,1,SUCCESS
A,alpha,926,1776511902083,1776511902084,1,SUCCESS
A,alpha,927,1776511902083,1776511902084,1,SUCCESS
A,alpha,928,1776511902083,1776511902084,1,SUCCESS
A,alpha,929,1776511902083,1776511902084,1,SUCCESS
A,alpha,930,1776511902083,1776511902084,1,SUCCESS
A,alpha,931,1776511902083,1776511902084,1,SUCCESS
A,alpha,932,1776511902083,1776511902084,1,SUCCESS
A,alpha,933,1776511902083,1776511902084,1,SUCCESS
A,alpha,934,1776511902083,1776511902084,1,SUCCESS
A,alpha,935,1776511902083,1776511902084,1,SUCCESS
A,alpha,936,1776511902083,1776511902084,1,SUCCESS
A,alpha,937,1776511902083,1776511902084,1,SUCCESS
A,alpha,938,1776511902083,1776511902084,1,SUCCESS
A,alpha,939,1776511902083,1776511902084,1,SUCCESS
A,alpha,940,1776511902083,1776511902084,1,SUCCESS
A,alpha,941,1776511902083,1776511902084,1,SUCCESS
A,alpha,942,1776511902083,1776511902084,1,SUCCESS
A,alpha,943,1776511902083,1776511902084,1,SUCCESS
A,alpha,944,1776511902083,1776511902084,1,SUCCESS
A,alpha,945,1776511902083,1776511902084,1,SUCCESS
A,alpha,946,1776511902083,1776511902085,2,SUCCESS
A,alpha,947,1776511902083,1776511902085,2,SUCCESS
A,alpha,948,1776511902083,1776511902085,2,SUCCESS
A,alpha,949,1776511902083,1776511902085,2,SUCCESS
A,alpha,950,1776511902083,1776511902085,2,SUCCESS
A,alpha,951,1776511902083,1776511902085,2,SUCCESS
A,alpha,952,1776511902083,1776511902085,2,SUCCESS
A,alpha,953,1776511902083,1776511902085,2,SUCCESS
A,alpha,954,1776511902083,1776511902085,2,SUCCESS
A,alpha,955,1776511902083,1776511902085,2,SUCCESS
A,alpha,956,1776511902083,1776511902085,2,SUCCESS
A,alpha,957,1776511902083,1776511902085,2,SUCCESS
A,alpha,958,1776511902083,1776511902085,2,SUCCESS
A,alpha,959,1776511902083,1776511902085,2,SUCCESS
A,alpha,960,1776511902083,1776511902085,2,SUCCESS
A,alpha,961,1776511902083,1776511902085,2,SUCCESS
A,alpha,962,1776511902083,1776511902085,2,SUCCESS
A,alpha,963,1776511902083,1776511902085,2,SUCCESS
A,alpha,964,1776511902083,1776511902085,2,SUCCESS
A,alpha,965,1776511902083,1776511902085,2,SUCCESS
A,alpha,966,1776511902083,1776511902085,2,SUCCESS
A,alpha,967,1776511902083,1776511902085,2,SUCCESS
A,alpha,968,1776511902083,1776511902085,2,SUCCESS
A,alpha,969,1776511902083,1776511902085,2,SUCCESS
A,alpha,970,1776511902083,1776511902085,2,SUCCESS
A,alpha,971,1776511902083,1776511902085,2,SUCCESS
A,alpha,972,1776511902083,1776511902085,2,SUCCESS
A,alpha,973,1776511902083,1776511902085,2,SUCCESS
A,alpha,974,1776511902083,1776511902085,2,SUCCESS
A,alpha,975,1776511902083,1776511902085,2,SUCCESS
A,alpha,976,1776511902083,1776511902085,2,SUCCESS
A,alpha,977,1776511902083,1776511902085,2,SUCCESS
A,alpha,978,1776511902083,1776511902085,2,SUCCESS
A,alpha,979,1776511902083,1776511902085,2,SUCCESS
A,alpha,980,1776511902083,1776511902085,2,SUCCESS
A,alpha,981,1776511902083,1776511902085,2,SUCCESS
A,alpha,982,1776511902083,1776511902085,2,SUCCESS
A,alpha,983,1776511902083,1776511902085,2,SUCCESS
A,alpha,984,1776511902083,1776511902085,2,SUCCESS
A,alpha,985,1776511902083,1776511902085,2,SUCCESS
A,alpha,986,1776511902083,1776511902085,2,SUCCESS
A,alpha,987,1776511902083,1776511902085,2,SUCCESS
A,alpha,988,1776511902083,1776511902085,2,SUCCESS
A,alpha,989,1776511902084,1776511902085,1,SUCCESS
A,alpha,990,1776511902084,1776511902085,1,SUCCESS
A,alpha,991,1776511902084,1776511902085,1,SUCCESS
A,alpha,992,1776511902084,1776511902085,1,SUCCESS
A,alpha,993,1776511902084,1776511902085,1,SUCCESS
A,alpha,994,1776511902084,1776511902085,1,SUCCESS
A,alpha,995,1776511902084,1776511902085,1,SUCCESS
A,alpha,996,1776511902084,1776511902085,1,SUCCESS
A,alpha,997,1776511902084,1776511902085,1,SUCCESS
A,alpha,998,1776511902084,1776511902085,1,SUCCESS
A,alpha,999,1776511902084,1776511902085,1,SUCCESS
A,beta,0,1776511902084,1776511902085,1,SUCCESS
A,beta,1,1776511902084,1776511902085,1,SUCCESS
A,beta,2,1776511902084,1776511902085,1,SUCCESS
A,beta,3,1776511902084,1776511902085,1,SUCCESS
A,beta,4,1776511902084,1776511902085,1,SUCCESS
A,beta,5,1776511902084,1776511902085,1,SUCCESS
A,beta,6,1776511902084,1776511902085,1,SUCCESS
A,beta,7,1776511902084,1776511902085,1,SUCCESS
A,beta,8,1776511902084,1776511902085,1,SUCCESS
A,beta,9,1776511902084,1776511902085,1,SUCCESS
A,beta,10,1776511902084,1776511902085,1,SUCCESS
A,beta,11,1776511902084,1776511902085,1,SUCCESS
A,beta,12,1776511902084,1776511902085,1,SUCCESS
A,beta,13,1776511902084,1776511902085,1,SUCCESS
A,beta,14,1776511902084,1776511902085,1,SUCCESS
A,beta,15,1776511902084,1776511902085,1,SUCCESS
A,beta,16,1776511902084,1776511902085,1,SUCCESS
A,beta,17,1776511902084,1776511902086,2,SUCCESS
A,beta,18,1776511902084,1776511902086,2,SUCCESS
A,beta,19,1776511902084,1776511902086,2,SUCCESS
A,beta,20,1776511902084,1776511902086,2,SUCCESS
A,beta,21,1776511902084,1776511902086,2,SUCCESS
A,beta,22,1776511902084,1776511902086,2,SUCCESS
A,beta,23,1776511902084,1776511902086,2,SUCCESS
A,beta,24,1776511902084,1776511902086,2,SUCCESS
A,beta,25,1776511902084,1776511902086,2,SUCCESS
A,beta,26,1776511902084,1776511902086,2,SUCCESS
A,beta,27,1776511902084,1776511902086,2,SUCCESS
A,beta,28,1776511902084,1776511902086,2,SUCCESS
A,beta,29,1776511902084,1776511902086,2,SUCCESS
A,beta,30,1776511902084,1776511902086,2,SUCCESS
A,beta,31,1776511902084,1776511902086,2,SUCCESS
A,beta,32,1776511902084,1776511902086,2,SUCCESS
A,beta,33,1776511902084,1776511902086,2,SUCCESS
A,beta,34,1776511902084,1776511902086,2,SUCCESS
A,beta,35,1776511902084,1776511902086,2,SUCCESS
A,beta,36,1776511902084,1776511902086,2,SUCCESS
A,beta,37,1776511902084,1776511902086,2,SUCCESS
A,beta,38,1776511902084,1776511902086,2,SUCCESS
A,beta,39,1776511902084,1776511902086,2,SUCCESS
A,beta,40,1776511902084,1776511902086,2,SUCCESS
A,beta,41,1776511902084,1776511902086,2,SUCCESS
A,beta,42,1776511902084,1776511902086,2,SUCCESS
A,beta,43,1776511902084,1776511902086,2,SUCCESS
A,beta,44,1776511902084,1776511902086,2,SUCCESS
A,beta,45,1776511902084,1776511902086,2,SUCCESS
A,beta,46,1776511902084,1776511902086,2,SUCCESS
A,beta,47,1776511902084,1776511902086,2,SUCCESS
A,beta,48,1776511902085,1776511902086,1,SUCCESS
A,beta,49,1776511902085,1776511902086,1,SUCCESS
A,beta,50,1776511902085,1776511902086,1,SUCCESS
A,beta,51,1776511902085,1776511902086,1,SUCCESS
A,beta,52,1776511902085,1776511902086,1,SUCCESS
A,beta,53,1776511902085,1776511902086,1,SUCCESS
A,beta,54,1776511902085,1776511902086,1,SUCCESS
A,beta,55,1776511902085,1776511902086,1,SUCCESS
A,beta,56,1776511902085,1776511902086,1,SUCCESS
A,beta,57,1776511902085,1776511902086,1,SUCCESS
A,beta,58,1776511902085,1776511902086,1,SUCCESS
A,beta,59,1776511902085,1776511902086,1,SUCCESS
A,beta,60,1776511902085,1776511902086,1,SUCCESS
A,beta,61,1776511902085,1776511902086,1,SUCCESS
A,beta,62,1776511902085,1776511902086,1,SUCCESS
A,beta,63,1776511902085,1776511902086,1,SUCCESS
A,beta,64,1776511902085,1776511902086,1,SUCCESS
A,beta,65,1776511902085,1776511902086,1,SUCCESS
A,beta,66,1776511902085,1776511902086,1,SUCCESS
A,beta,67,1776511902085,1776511902086,1,SUCCESS
A,beta,68,1776511902085,1776511902086,1,SUCCESS
A,beta,69,1776511902085,1776511902086,1,SUCCESS
A,beta,70,1776511902085,1776511902086,1,SUCCESS
A,beta,71,1776511902085,1776511902086,1,SUCCESS
A,beta,72,1776511902085,1776511902086,1,SUCCESS
A,beta,73,1776511902085,1776511902086,1,SUCCESS
A,beta,74,1776511902085,1776511902086,1,SUCCESS
A,beta,75,1776511902085,1776511902086,1,SUCCESS
A,beta,76,1776511902085,1776511902086,1,SUCCESS
A,beta,77,1776511902085,1776511902086,1,SUCCESS
A,beta,78,1776511902085,1776511902086,1,SUCCESS
A,beta,79,1776511902085,1776511902086,1,SUCCESS
A,beta,80,1776511902085,1776511902087,2,SUCCESS
A,beta,81,1776511902085,1776511902087,2,SUCCESS
A,beta,82,1776511902085,1776511902087,2,SUCCESS
A,beta,83,1776511902085,1776511902087,2,SUCCESS
A,beta,84,1776511902085,1776511902087,2,SUCCESS
A,beta,85,1776511902085,1776511902087,2,SUCCESS
A,beta,86,1776511902085,1776511902087,2,SUCCESS
A,beta,87,1776511902085,1776511902087,2,SUCCESS
A,beta,88,1776511902085,1776511902087,2,SUCCESS
A,beta,89,1776511902085,1776511902087,2,SUCCESS
A,beta,90,1776511902085,1776511902087,2,SUCCESS
A,beta,91,1776511902085,1776511902087,2,SUCCESS
A,beta,92,1776511902085,1776511902087,2,SUCCESS
A,beta,93,1776511902085,1776511902087,2,SUCCESS
A,beta,94,1776511902085,1776511902087,2,SUCCESS
A,beta,95,1776511902085,1776511902087,2,SUCCESS
A,beta,96,1776511902085,1776511902087,2,SUCCESS
A,beta,97,1776511902085,1776511902087,2,SUCCESS
A,beta,98,1776511902085,1776511902087,2,SUCCESS
A,beta,99,1776511902085,1776511902087,2,SUCCESS
A,beta,100,1776511902085,1776511902087,2,SUCCESS
A,beta,101,1776511902085,1776511902087,2,SUCCESS
A,beta,102,1776511902085,1776511902087,2,SUCCESS
A,beta,103,1776511902085,1776511902087,2,SUCCESS
A,beta,104,1776511902085,1776511902087,2,SUCCESS
A,beta,105,1776511902085,1776511902087,2,SUCCESS
A,beta,106,1776511902085,1776511902087,2,SUCCESS
A,beta,107,1776511902085,1776511902087,2,SUCCESS
A,beta,108,1776511902085,1776511902087,2,SUCCESS
A,beta,109,1776511902085,1776511902087,2,SUCCESS
A,beta,110,1776511902085,1776511902087,2,SUCCESS
A,beta,111,1776511902085,1776511902087,2,SUCCESS
A,beta,112,1776511902085,1776511902087,2,SUCCESS
A,beta,113,1776511902085,1776511902087,2,SUCCESS
A,beta,114,1776511902085,1776511902087,2,SUCCESS
A,beta,115,1776511902085,1776511902087,2,SUCCESS
A,beta,116,1776511902085,1776511902087,2,SUCCESS
A,beta,117,1776511902085,1776511902087,2,SUCCESS
A,beta,118,1776511902086,1776511902087,1,SUCCESS
A,beta,119,1776511902086,1776511902087,1,SUCCESS
A,beta,120,1776511902086,1776511902087,1,SUCCESS
A,beta,121,1776511902086,1776511902087,1,SUCCESS
A,beta,122,1776511902086,1776511902087,1,SUCCESS
A,beta,123,1776511902086,1776511902087,1,SUCCESS
A,beta,124,1776511902086,1776511902087,1,SUCCESS
A,beta,125,1776511902086,1776511902087,1,SUCCESS
A,beta,126,1776511902086,1776511902087,1,SUCCESS
A,beta,127,1776511902086,1776511902087,1,SUCCESS
A,beta,128,1776511902086,1776511902087,1,SUCCESS
A,beta,129,1776511902086,1776511902087,1,SUCCESS
A,beta,130,1776511902086,1776511902087,1,SUCCESS
A,beta,131,1776511902086,1776511902087,1,SUCCESS
A,beta,132,1776511902086,1776511902087,1,SUCCESS
A,beta,133,1776511902086,1776511902087,1,SUCCESS
A,beta,134,1776511902086,1776511902087,1,SUCCESS
A,beta,135,1776511902086,1776511902087,1,SUCCESS
A,beta,136,1776511902086,1776511902087,1,SUCCESS
A,beta,137,1776511902086,1776511902087,1,SUCCESS
A,beta,138,1776511902086,1776511902087,1,SUCCESS
A,beta,139,1776511902086,1776511902087,1,SUCCESS
A,beta,140,1776511902086,1776511902087,1,SUCCESS
A,beta,141,1776511902086,1776511902087,1,SUCCESS
A,beta,142,1776511902086,1776511902087,1,SUCCESS
A,beta,143,1776511902086,1776511902087,1,SUCCESS
A,beta,144,1776511902086,1776511902087,1,SUCCESS
A,beta,145,1776511902086,1776511902087,1,SUCCESS
A,beta,146,1776511902086,1776511902087,1,SUCCESS
A,beta,147,1776511902086,1776511902087,1,SUCCESS
A,beta,148,1776511902086,1776511902087,1,SUCCESS
A,beta,149,1776511902086,1776511902087,1,SUCCESS
A,beta,150,1776511902086,1776511902087,1,SUCCESS
A,beta,151,1776511902086,1776511902087,1,SUCCESS
A,beta,152,1776511902086,1776511902087,1,SUCCESS
A,beta,153,1776511902086,1776511902087,1,SUCCESS
A,beta,154,1776511902086,1776511902087,1,SUCCESS
A,beta,155,1776511902086,1776511902087,1,SUCCESS
A,beta,156,1776511902086,1776511902087,1,SUCCESS
A,beta,157,1776511902086,1776511902087,1,SUCCESS
A,beta,158,1776511902086,1776511902087,1,SUCCESS
A,beta,159,1776511902086,1776511902087,1,SUCCESS
A,beta,160,1776511902086,1776511902087,1,SUCCESS
A,beta,161,1776511902086,1776511902087,1,SUCCESS
A,beta,162,1776511902086,1776511902087,1,SUCCESS
A,beta,163,1776511902086,1776511902087,1,SUCCESS
A,beta,164,1776511902086,1776511902087,1,SUCCESS
A,beta,165,1776511902086,1776511902087,1,SUCCESS
A,beta,166,1776511902086,1776511902087,1,SUCCESS
A,beta,167,1776511902086,1776511902087,1,SUCCESS
A,beta,168,1776511902086,1776511902087,1,SUCCESS
A,beta,169,1776511902086,1776511902087,1,SUCCESS
A,beta,170,1776511902086,1776511902087,1,SUCCESS
A,beta,171,1776511902086,1776511902087,1,SUCCESS
A,beta,172,1776511902086,1776511902087,1,SUCCESS
A,beta,173,1776511902086,1776511902087,1,SUCCESS
A,beta,174,1776511902086,1776511902087,1,SUCCESS
A,beta,175,1776511902086,1776511902087,1,SUCCESS
A,beta,176,1776511902086,1776511902087,1,SUCCESS
A,beta,177,1776511902086,1776511902087,1,SUCCESS
A,beta,178,1776511902086,1776511902087,1,SUCCESS
A,beta,179,1776511902086,1776511902087,1,SUCCESS
A,beta,180,1776511902086,1776511902087,1,SUCCESS
A,beta,181,1776511902087,1776511902087,0,SUCCESS
A,beta,182,1776511902087,1776511902087,0,SUCCESS
A,beta,183,1776511902087,1776511902087,0,SUCCESS
A,beta,184,1776511902087,1776511902087,0,SUCCESS
A,beta,185,1776511902087,1776511902087,0,SUCCESS
A,beta,186,1776511902087,1776511902087,0,SUCCESS
A,beta,187,1776511902087,1776511902087,0,SUCCESS
A,beta,188,1776511902087,1776511902087,0,SUCCESS
A,beta,189,1776511902087,1776511902087,0,SUCCESS
A,beta,190,1776511902087,1776511902087,0,SUCCESS
A,beta,191,1776511902087,1776511902087,0,SUCCESS
A,beta,192,1776511902087,1776511902087,0,SUCCESS
A,beta,193,1776511902087,1776511902087,0,SUCCESS
A,beta,194,1776511902087,1776511902087,0,SUCCESS
A,beta,195,1776511902087,1776511902087,0,SUCCESS
A,beta,196,1776511902087,1776511902087,0,SUCCESS
A,beta,197,1776511902087,1776511902087,0,SUCCESS
A,beta,198,1776511902087,1776511902087,0,SUCCESS
A,beta,199,1776511902087,1776511902087,0,SUCCESS
A,beta,200,1776511902087,1776511902087,0,SUCCESS
A,beta,201,1776511902087,1776511902087,0,SUCCESS
A,beta,202,1776511902087,1776511902087,0,SUCCESS
A,beta,203,1776511902087,1776511902087,0,SUCCESS
A,beta,204,1776511902087,1776511902087,0,SUCCESS
A,beta,205,1776511902087,1776511902087,0,SUCCESS
A,beta,206,1776511902087,1776511902087,0,SUCCESS
A,beta,207,1776511902087,1776511902087,0,SUCCESS
A,beta,208,1776511902087,1776511902087,0,SUCCESS
A,beta,209,1776511902087,1776511902087,0,SUCCESS
A,beta,210,1776511902087,1776511902087,0,SUCCESS
A,beta,211,1776511902087,1776511902087,0,SUCCESS
A,beta,212,1776511902087,1776511902087,0,SUCCESS
A,beta,213,1776511902087,1776511902087,0,SUCCESS
A,beta,214,1776511902087,1776511902087,0,SUCCESS
A,beta,215,1776511902087,1776511902087,0,SUCCESS
A,beta,216,1776511902087,1776511902087,0,SUCCESS
A,beta,217,1776511902087,1776511902087,0,SUCCESS
A,beta,218,1776511902087,1776511902087,0,SUCCESS
A,beta,219,1776511902087,1776511902087,0,SUCCESS
A,beta,220,1776511902087,1776511902087,0,SUCCESS
A,beta,221,1776511902087,1776511902087,0,SUCCESS
A,beta,222,1776511902087,1776511902087,0,SUCCESS
A,beta,223,1776511902087,1776511902087,0,SUCCESS
A,beta,224,1776511902087,1776511902087,0,SUCCESS
A,beta,225,1776511902087,1776511902087,0,SUCCESS
A,beta,226,1776511902087,1776511902087,0,SUCCESS
A,beta,227,1776511902087,1776511902087,0,SUCCESS
A,beta,228,1776511902087,1776511902087,0,SUCCESS
A,beta,229,1776511902087,1776511902087,0,SUCCESS
A,beta,230,1776511902087,1776511902087,0,SUCCESS
A,beta,231,1776511902087,1776511902087,0,SUCCESS
A,beta,232,1776511902087,1776511902087,0,SUCCESS
A,beta,233,1776511902087,1776511902087,0,SUCCESS
A,beta,234,1776511902087,1776511902087,0,SUCCESS
A,beta,235,1776511902087,1776511902087,0,SUCCESS
A,beta,236,1776511902087,1776511902087,0,SUCCESS
A,beta,237,1776511902087,1776511902087,0,SUCCESS
A,beta,238,1776511902087,1776511902087,0,SUCCESS
A,beta,239,1776511902087,1776511902087,0,SUCCESS
A,beta,240,1776511902087,1776511902087,0,SUCCESS
A,beta,241,1776511902087,1776511902087,0,SUCCESS
A,beta,242,1776511902087,1776511902087,0,SUCCESS
A,beta,243,1776511902087,1776511902087,0,SUCCESS
A,beta,244,1776511902087,1776511902087,0,SUCCESS
A,beta,245,1776511902087,1776511902087,0,SUCCESS
A,beta,246,1776511902087,1776511902087,0,SUCCESS
A,beta,247,1776511902087,1776511902087,0,SUCCESS
A,beta,248,1776511902087,1776511902087,0,SUCCESS
A,beta,249,1776511902087,1776511902087,0,SUCCESS
A,beta,250,1776511902087,1776511902087,0,SUCCESS
A,beta,251,1776511902087,1776511902087,0,SUCCESS
A,beta,252,1776511902087,1776511902087,0,SUCCESS
A,beta,253,1776511902087,1776511902087,0,SUCCESS
A,beta,254,1776511902087,1776511902087,0,SUCCESS
A,beta,255,1776511902087,1776511902087,0,SUCCESS
A,beta,256,1776511902087,1776511902087,0,SUCCESS
A,beta,257,1776511902087,1776511902087,0,SUCCESS
A,beta,258,1776511902087,1776511902087,0,SUCCESS
A,beta,259,1776511902087,1776511902087,0,SUCCESS
A,beta,260,1776511902087,1776511902087,0,SUCCESS
A,beta,261,1776511902087,1776511902087,0,SUCCESS
A,beta,262,1776511902087,1776511902087,0,SUCCESS
A,beta,263,1776511902087,1776511902087,0,SUCCESS
A,beta,264,1776511902087,1776511902087,0,SUCCESS
A,beta,265,1776511902087,1776511902087,0,SUCCESS
A,beta,266,1776511902087,1776511902087,0,SUCCESS
A,beta,267,1776511902087,1776511902087,0,SUCCESS
A,beta,268,1776511902087,1776511902087,0,SUCCESS
A,beta,269,1776511902087,1776511902087,0,SUCCESS
A,beta,270,1776511902087,1776511902087,0,SUCCESS
A,beta,271,1776511902087,1776511902087,0,SUCCESS
A,beta,272,1776511902087,1776511902087,0,SUCCESS
A,beta,273,1776511902087,1776511902087,0,SUCCESS
A,beta,274,1776511902087,1776511902087,0,SUCCESS
A,beta,275,1776511902087,1776511902087,0,SUCCESS
A,beta,276,1776511902087,1776511902087,0,SUCCESS
A,beta,277,1776511902087,1776511902087,0,SUCCESS
A,beta,278,1776511902087,1776511902087,0,SUCCESS
A,beta,279,1776511902087,1776511902087,0,SUCCESS
A,beta,280,1776511902087,1776511902087,0,SUCCESS
A,beta,281,1776511902087,1776511902087,0,SUCCESS
A,beta,282,1776511902087,1776511902087,0,SUCCESS
A,beta,283,1776511902087,1776511902087,0,SUCCESS
A,beta,284,1776511902087,1776511902087,0,SUCCESS
A,beta,285,1776511902087,1776511902087,0,SUCCESS
A,beta,286,1776511902087,1776511902087,0,SUCCESS
A,beta,287,1776511902087,1776511902087,0,SUCCESS
A,beta,288,1776511902087,1776511902087,0,SUCCESS
A,beta,289,1776511902087,1776511902087,0,SUCCESS
A,beta,290,1776511902087,1776511902087,0,SUCCESS
A,beta,291,1776511902087,1776511902087,0,SUCCESS
A,beta,292,1776511902087,1776511902087,0,SUCCESS
A,beta,293,1776511902087,1776511902087,0,SUCCESS
A,beta,294,1776511902087,1776511902087,0,SUCCESS
A,beta,295,1776511902087,1776511902087,0,SUCCESS
A,beta,296,1776511902087,1776511902087,0,SUCCESS
A,beta,297,1776511902087,1776511902087,0,SUCCESS
A,beta,298,1776511902087,1776511902087,0,SUCCESS
A,beta,299,1776511902087,1776511902087,0,SUCCESS
A,beta,300,1776511902087,1776511902087,0,SUCCESS
A,beta,301,1776511902087,1776511902087,0,SUCCESS
A,beta,302,1776511902087,1776511902087,0,SUCCESS
A,beta,303,1776511902087,1776511902087,0,SUCCESS
A,beta,304,1776511902087,1776511902087,0,SUCCESS
A,beta,305,1776511902087,1776511902087,0,SUCCESS
A,beta,306,1776511902087,1776511902087,0,SUCCESS
A,beta,307,1776511902087,1776511902087,0,SUCCESS
A,beta,308,1776511902087,1776511902087,0,SUCCESS
A,beta,309,1776511902087,1776511902087,0,SUCCESS
A,beta,310,1776511902087,1776511902087,0,SUCCESS
A,beta,311,1776511902087,1776511902087,0,SUCCESS
A,beta,312,1776511902087,1776511902087,0,SUCCESS
A,beta,313,1776511902087,1776511902087,0,SUCCESS
A,beta,314,1776511902087,1776511902087,0,SUCCESS
A,beta,315,1776511902087,1776511902087,0,SUCCESS
A,beta,316,1776511902087,1776511902087,0,SUCCESS
A,beta,317,1776511902087,1776511902087,0,SUCCESS
A,beta,318,1776511902087,1776511902087,0,SUCCESS
A,beta,319,1776511902087,1776511902087,0,SUCCESS
A,beta,320,1776511902087,1776511902087,0,SUCCESS
A,beta,321,1776511902087,1776511902087,0,SUCCESS
A,beta,322,1776511902087,1776511902087,0,SUCCESS
A,beta,323,1776511902087,1776511902087,0,SUCCESS
A,beta,324,1776511902087,1776511902087,0,SUCCESS
A,beta,325,1776511902087,1776511902087,0,SUCCESS
A,beta,326,1776511902087,1776511902087,0,SUCCESS
A,beta,327,1776511902087,1776511902087,0,SUCCESS
A,beta,328,1776511902087,1776511902087,0,SUCCESS
A,beta,329,1776511902087,1776511902087,0,SUCCESS
A,beta,330,1776511902087,1776511902087,0,SUCCESS
A,beta,331,1776511902087,1776511902087,0,SUCCESS
A,beta,332,1776511902087,1776511902087,0,SUCCESS
A,beta,333,1776511902087,1776511902087,0,SUCCESS
A,beta,334,1776511902087,1776511902087,0,SUCCESS
A,beta,335,1776511902087,1776511902087,0,SUCCESS
A,beta,336,1776511902087,1776511902087,0,SUCCESS
A,beta,337,1776511902087,1776511902087,0,SUCCESS
A,beta,338,1776511902087,1776511902087,0,SUCCESS
A,beta,339,1776511902087,1776511902087,0,SUCCESS
A,beta,340,1776511902087,1776511902087,0,SUCCESS
A,beta,341,1776511902087,1776511902087,0,SUCCESS
A,beta,342,1776511902087,1776511902087,0,SUCCESS
A,beta,343,1776511902087,1776511902087,0,SUCCESS
A,beta,344,1776511902087,1776511902087,0,SUCCESS
A,beta,345,1776511902087,1776511902087,0,SUCCESS
A,beta,346,1776511902087,1776511902087,0,SUCCESS
A,beta,347,1776511902087,1776511902087,0,SUCCESS
A,beta,348,1776511902087,1776511902087,0,SUCCESS
A,beta,349,1776511902087,1776511902087,0,SUCCESS
A,beta,350,1776511902087,1776511902087,0,SUCCESS
A,beta,351,1776511902087,1776511902087,0,SUCCESS
A,beta,352,1776511902087,1776511902087,0,SUCCESS
A,beta,353,1776511902087,1776511902087,0,SUCCESS
A,beta,354,1776511902087,1776511902087,0,SUCCESS
A,beta,355,1776511902087,1776511902087,0,SUCCESS
A,beta,356,1776511902087,1776511902087,0,SUCCESS
A,beta,357,1776511902087,1776511902087,0,SUCCESS
A,beta,358,1776511902087,1776511902087,0,SUCCESS
A,beta,359,1776511902087,1776511902087,0,SUCCESS
A,beta,360,1776511902087,1776511902087,0,SUCCESS
A,beta,361,1776511902087,1776511902087,0,SUCCESS
A,beta,362,1776511902087,1776511902087,0,SUCCESS
A,beta,363,1776511902087,1776511902087,0,SUCCESS
A,beta,364,1776511902087,1776511902087,0,SUCCESS
A,beta,365,1776511902087,1776511902087,0,SUCCESS
A,beta,366,1776511902087,1776511902087,0,SUCCESS
A,beta,367,1776511902087,1776511902087,0,SUCCESS
A,beta,368,1776511902087,1776511902087,0,SUCCESS
A,beta,369,1776511902087,1776511902087,0,SUCCESS
A,beta,370,1776511902087,1776511902087,0,SUCCESS
A,beta,371,1776511902087,1776511902087,0,SUCCESS
A,beta,372,1776511902087,1776511902087,0,SUCCESS
A,beta,373,1776511902087,1776511902087,0,SUCCESS
A,beta,374,1776511902087,1776511902087,0,SUCCESS
A,beta,375,1776511902087,1776511902087,0,SUCCESS
A,beta,376,1776511902087,1776511902087,0,SUCCESS
A,beta,377,1776511902087,1776511902087,0,SUCCESS
A,beta,378,1776511902087,1776511902087,0,SUCCESS
A,beta,379,1776511902087,1776511902087,0,SUCCESS
A,beta,380,1776511902087,1776511902087,0,SUCCESS
A,beta,381,1776511902087,1776511902087,0,SUCCESS
A,beta,382,1776511902087,1776511902087,0,SUCCESS
A,beta,383,1776511902087,1776511902087,0,SUCCESS
A,beta,384,1776511902087,1776511902087,0,SUCCESS
A,beta,385,1776511902087,1776511902087,0,SUCCESS
A,beta,386,1776511902087,1776511902087,0,SUCCESS
A,beta,387,1776511902087,1776511902087,0,SUCCESS
A,beta,388,1776511902087,1776511902087,0,SUCCESS
A,beta,389,1776511902087,1776511902087,0,SUCCESS
A,beta,390,1776511902087,1776511902087,0,SUCCESS
A,beta,391,1776511902087,1776511902087,0,SUCCESS
A,beta,392,1776511902087,1776511902087,0,SUCCESS
A,beta,393,1776511902087,1776511902087,0,SUCCESS
A,beta,394,1776511902087,1776511902087,0,SUCCESS
A,beta,395,1776511902087,1776511902087,0,SUCCESS
A,beta,396,1776511902087,1776511902087,0,SUCCESS
A,beta,397,1776511902087,1776511902087,0,SUCCESS
A,beta,398,1776511902087,1776511902087,0,SUCCESS
A,beta,399,1776511902087,1776511902087,0,SUCCESS
A,beta,400,1776511902087,1776511902087,0,SUCCESS
A,beta,401,1776511902087,1776511902087,0,SUCCESS
A,beta,402,1776511902087,1776511902087,0,SUCCESS
A,beta,403,1776511902087,1776511902087,0,SUCCESS
A,beta,404,1776511902087,1776511902087,0,SUCCESS
A,beta,405,1776511902087,1776511902087,0,SUCCESS
A,beta,406,1776511902087,1776511902087,0,SUCCESS
A,beta,407,1776511902087,1776511902087,0,SUCCESS
A,beta,408,1776511902087,1776511902087,0,SUCCESS
A,beta,409,1776511902087,1776511902087,0,SUCCESS
A,beta,410,1776511902087,1776511902087,0,SUCCESS
A,beta,411,1776511902087,1776511902087,0,SUCCESS
A,beta,412,1776511902087,1776511902087,0,SUCCESS
A,beta,413,1776511902087,1776511902087,0,SUCCESS
A,beta,414,1776511902087,1776511902087,0,SUCCESS
A,beta,415,1776511902087,1776511902087,0,SUCCESS
A,beta,416,1776511902087,1776511902087,0,SUCCESS
A,beta,417,1776511902087,1776511902087,0,SUCCESS
A,beta,418,1776511902087,1776511902087,0,SUCCESS
A,beta,419,1776511902087,1776511902087,0,SUCCESS
A,beta,420,1776511902087,1776511902087,0,SUCCESS
A,beta,421,1776511902087,1776511902087,0,SUCCESS
A,beta,422,1776511902087,1776511902087,0,SUCCESS
A,beta,423,1776511902087,1776511902087,0,SUCCESS
A,beta,424,1776511902087,1776511902087,0,SUCCESS
A,beta,425,1776511902087,1776511902087,0,SUCCESS
A,beta,426,1776511902087,1776511902087,0,SUCCESS
A,beta,427,1776511902087,1776511902087,0,SUCCESS
A,beta,428,1776511902087,1776511902087,0,SUCCESS
A,beta,429,1776511902087,1776511902087,0,SUCCESS
A,beta,430,1776511902087,1776511902087,0,SUCCESS
A,beta,431,1776511902087,1776511902087,0,SUCCESS
A,beta,432,1776511902087,1776511902087,0,SUCCESS
A,beta,433,1776511902087,1776511902087,0,SUCCESS
A,beta,434,1776511902087,1776511902087,0,SUCCESS
A,beta,435,1776511902087,1776511902087,0,SUCCESS
A,beta,436,1776511902087,1776511902087,0,SUCCESS
A,beta,437,1776511902087,1776511902087,0,SUCCESS
A,beta,438,1776511902087,1776511902087,0,SUCCESS
A,beta,439,1776511902087,1776511902087,0,SUCCESS
A,beta,440,1776511902087,1776511902087,0,SUCCESS
A,beta,441,1776511902087,1776511902087,0,SUCCESS
A,beta,442,1776511902087,1776511902087,0,SUCCESS
A,beta,443,1776511902087,1776511902087,0,SUCCESS
A,beta,444,1776511902087,1776511902087,0,SUCCESS
A,beta,445,1776511902087,1776511902087,0,SUCCESS
A,beta,446,1776511902087,1776511902087,0,SUCCESS
A,beta,447,1776511902087,1776511902087,0,SUCCESS
A,beta,448,1776511902087,1776511902087,0,SUCCESS
A,beta,449,1776511902087,1776511902087,0,SUCCESS
A,beta,450,1776511902087,1776511902087,0,SUCCESS
A,beta,451,1776511902087,1776511902087,0,SUCCESS
A,beta,452,1776511902087,1776511902087,0,SUCCESS
A,beta,453,1776511902087,1776511902087,0,SUCCESS
A,beta,454,1776511902087,1776511902087,0,SUCCESS
A,beta,455,1776511902087,1776511902087,0,SUCCESS
A,beta,456,1776511902087,1776511902087,0,SUCCESS
A,beta,457,1776511902087,1776511902087,0,SUCCESS
A,beta,458,1776511902087,1776511902087,0,SUCCESS
A,beta,459,1776511902087,1776511902087,0,SUCCESS
A,beta,460,1776511902087,1776511902087,0,SUCCESS
A,beta,461,1776511902087,1776511902087,0,SUCCESS
A,beta,462,1776511902087,1776511902087,0,SUCCESS
A,beta,463,1776511902087,1776511902087,0,SUCCESS
A,beta,464,1776511902087,1776511902087,0,SUCCESS
A,beta,465,1776511902087,1776511902087,0,SUCCESS
A,beta,466,1776511902087,1776511902087,0,SUCCESS
A,beta,467,1776511902087,1776511902087,0,SUCCESS
A,beta,468,1776511902087,1776511902087,0,SUCCESS
A,beta,469,1776511902087,1776511902087,0,SUCCESS
A,beta,470,1776511902087,1776511902087,0,SUCCESS
A,beta,471,1776511902087,1776511902087,0,SUCCESS
A,beta,472,1776511902087,1776511902087,0,SUCCESS
A,beta,473,1776511902087,1776511902087,0,SUCCESS
A,beta,474,1776511902087,1776511902087,0,SUCCESS
A,beta,475,1776511902087,1776511902087,0,SUCCESS
A,beta,476,1776511902087,1776511902087,0,SUCCESS
A,beta,477,1776511902087,1776511902087,0,SUCCESS
A,beta,478,1776511902087,1776511902087,0,SUCCESS
A,beta,479,1776511902087,1776511902087,0,SUCCESS
A,beta,480,1776511902087,1776511902087,0,SUCCESS
A,beta,481,1776511902087,1776511902087,0,SUCCESS
A,beta,482,1776511902087,1776511902087,0,SUCCESS
A,beta,483,1776511902087,1776511902087,0,SUCCESS
A,beta,484,1776511902087,1776511902087,0,SUCCESS
A,beta,485,1776511902087,1776511902087,0,SUCCESS
A,beta,486,1776511902087,1776511902087,0,SUCCESS
A,beta,487,1776511902087,1776511902087,0,SUCCESS
A,beta,488,1776511902087,1776511902087,0,SUCCESS
A,beta,489,1776511902087,1776511902087,0,SUCCESS
A,beta,490,1776511902087,1776511902087,0,SUCCESS
A,beta,491,1776511902087,1776511902087,0,SUCCESS
A,beta,492,1776511902087,1776511902087,0,SUCCESS
A,beta,493,1776511902087,1776511902087,0,SUCCESS
A,beta,494,1776511902087,1776511902087,0,SUCCESS
A,beta,495,1776511902087,1776511902087,0,SUCCESS
A,beta,496,1776511902087,1776511902087,0,SUCCESS
A,beta,497,1776511902087,1776511902087,0,SUCCESS
A,beta,498,1776511902087,1776511902087,0,SUCCESS
A,beta,499,1776511902087,1776511902087,0,SUCCESS
A,beta,500,1776511902087,1776511902087,0,SUCCESS
A,beta,501,1776511902087,1776511902087,0,SUCCESS
A,beta,502,1776511902087,1776511902087,0,SUCCESS
A,beta,503,1776511902087,1776511902087,0,SUCCESS
A,beta,504,1776511902087,1776511902087,0,SUCCESS
A,beta,505,1776511902087,1776511902087,0,SUCCESS
A,beta,506,1776511902087,1776511902088,1,SUCCESS
A,beta,507,1776511902087,1776511902088,1,SUCCESS
A,beta,508,1776511902087,1776511902088,1,SUCCESS
A,beta,509,1776511902087,1776511902088,1,SUCCESS
A,beta,510,1776511902087,1776511902088,1,SUCCESS
A,beta,511,1776511902087,1776511902088,1,SUCCESS
A,beta,512,1776511902087,1776511902088,1,SUCCESS
A,beta,513,1776511902087,1776511902088,1,SUCCESS
A,beta,514,1776511902087,1776511902088,1,SUCCESS
A,beta,515,1776511902087,1776511902088,1,SUCCESS
A,beta,516,1776511902087,1776511902088,1,SUCCESS
A,beta,517,1776511902087,1776511902088,1,SUCCESS
A,beta,518,1776511902087,1776511902088,1,SUCCESS
A,beta,519,1776511902087,1776511902088,1,SUCCESS
A,beta,520,1776511902087,1776511902088,1,SUCCESS
A,beta,521,1776511902087,1776511902088,1,SUCCESS
A,beta,522,1776511902087,1776511902088,1,SUCCESS
A,beta,523,1776511902087,1776511902088,1,SUCCESS
A,beta,524,1776511902087,1776511902088,1,SUCCESS
A,beta,525,1776511902087,1776511902088,1,SUCCESS
A,beta,526,1776511902087,1776511902088,1,SUCCESS
A,beta,527,1776511902087,1776511902088,1,SUCCESS
A,beta,528,1776511902087,1776511902088,1,SUCCESS
A,beta,529,1776511902087,1776511902088,1,SUCCESS
A,beta,530,1776511902087,1776511902088,1,SUCCESS
A,beta,531,1776511902087,1776511902088,1,SUCCESS
A,beta,532,1776511902087,1776511902088,1,SUCCESS
A,beta,533,1776511902087,1776511902088,1,SUCCESS
A,beta,534,1776511902087,1776511902088,1,SUCCESS
A,beta,535,1776511902087,1776511902088,1,SUCCESS
A,beta,536,1776511902087,1776511902088,1,SUCCESS
A,beta,537,1776511902087,1776511902088,1,SUCCESS
A,beta,538,1776511902087,1776511902088,1,SUCCESS
A,beta,539,1776511902087,1776511902088,1,SUCCESS
A,beta,540,1776511902087,1776511902088,1,SUCCESS
A,beta,541,1776511902087,1776511902088,1,SUCCESS
A,beta,542,1776511902087,1776511902088,1,SUCCESS
A,beta,543,1776511902087,1776511902088,1,SUCCESS
A,beta,544,1776511902087,1776511902088,1,SUCCESS
A,beta,545,1776511902087,1776511902088,1,SUCCESS
A,beta,546,1776511902087,1776511902088,1,SUCCESS
A,beta,547,1776511902087,1776511902088,1,SUCCESS
A,beta,548,1776511902087,1776511902088,1,SUCCESS
A,beta,549,1776511902087,1776511902088,1,SUCCESS
A,beta,550,1776511902087,1776511902088,1,SUCCESS
A,beta,551,1776511902087,1776511902088,1,SUCCESS
A,beta,552,1776511902087,1776511902088,1,SUCCESS
A,beta,553,1776511902087,1776511902088,1,SUCCESS
A,beta,554,1776511902087,1776511902088,1,SUCCESS
A,beta,555,1776511902087,1776511902088,1,SUCCESS
A,beta,556,1776511902087,1776511902088,1,SUCCESS
A,beta,557,1776511902087,1776511902088,1,SUCCESS
A,beta,558,1776511902087,1776511902088,1,SUCCESS
A,beta,559,1776511902087,1776511902088,1,SUCCESS
A,beta,560,1776511902087,1776511902088,1,SUCCESS
A,beta,561,1776511902087,1776511902088,1,SUCCESS
A,beta,562,1776511902087,1776511902088,1,SUCCESS
A,beta,563,1776511902087,1776511902088,1,SUCCESS
A,beta,564,1776511902087,1776511902088,1,SUCCESS
A,beta,565,1776511902087,1776511902088,1,SUCCESS
A,beta,566,1776511902087,1776511902088,1,SUCCESS
A,beta,567,1776511902087,1776511902088,1,SUCCESS
A,beta,568,1776511902087,1776511902088,1,SUCCESS
A,beta,569,1776511902087,1776511902088,1,SUCCESS
A,beta,570,1776511902087,1776511902088,1,SUCCESS
A,beta,571,1776511902087,1776511902088,1,SUCCESS
A,beta,572,1776511902087,1776511902088,1,SUCCESS
A,beta,573,1776511902087,1776511902088,1,SUCCESS
A,beta,574,1776511902087,1776511902088,1,SUCCESS
A,beta,575,1776511902087,1776511902088,1,SUCCESS
A,beta,576,1776511902087,1776511902088,1,SUCCESS
A,beta,577,1776511902087,1776511902088,1,SUCCESS
A,beta,578,1776511902087,1776511902088,1,SUCCESS
A,beta,579,1776511902087,1776511902088,1,SUCCESS
A,beta,580,1776511902087,1776511902088,1,SUCCESS
A,beta,581,1776511902087,1776511902088,1,SUCCESS
A,beta,582,1776511902087,1776511902088,1,SUCCESS
A,beta,583,1776511902087,1776511902088,1,SUCCESS
A,beta,584,1776511902087,1776511902088,1,SUCCESS
A,beta,585,1776511902087,1776511902088,1,SUCCESS
A,beta,586,1776511902087,1776511902088,1,SUCCESS
A,beta,587,1776511902087,1776511902088,1,SUCCESS
A,beta,588,1776511902087,1776511902088,1,SUCCESS
A,beta,589,1776511902087,1776511902088,1,SUCCESS
A,beta,590,1776511902087,1776511902088,1,SUCCESS
A,beta,591,1776511902087,1776511902088,1,SUCCESS
A,beta,592,1776511902087,1776511902088,1,SUCCESS
A,beta,593,1776511902087,1776511902088,1,SUCCESS
A,beta,594,1776511902087,1776511902088,1,SUCCESS
A,beta,595,1776511902087,1776511902088,1,SUCCESS
A,beta,596,1776511902087,1776511902088,1,SUCCESS
A,beta,597,1776511902087,1776511902088,1,SUCCESS
A,beta,598,1776511902087,1776511902088,1,SUCCESS
A,beta,599,1776511902087,1776511902088,1,SUCCESS
A,beta,600,1776511902087,1776511902088,1,SUCCESS
A,beta,601,1776511902087,1776511902088,1,SUCCESS
A,beta,602,1776511902087,1776511902088,1,SUCCESS
A,beta,603,1776511902087,1776511902088,1,SUCCESS
A,beta,604,1776511902087,1776511902088,1,SUCCESS
A,beta,605,1776511902087,1776511902088,1,SUCCESS
A,beta,606,1776511902087,1776511902088,1,SUCCESS
A,beta,607,1776511902087,1776511902088,1,SUCCESS
A,beta,608,1776511902087,1776511902088,1,SUCCESS
A,beta,609,1776511902087,1776511902088,1,SUCCESS
A,beta,610,1776511902087,1776511902088,1,SUCCESS
A,beta,611,1776511902087,1776511902088,1,SUCCESS
A,beta,612,1776511902087,1776511902088,1,SUCCESS
A,beta,613,1776511902087,1776511902088,1,SUCCESS
A,beta,614,1776511902087,1776511902088,1,SUCCESS
A,beta,615,1776511902087,1776511902088,1,SUCCESS
A,beta,616,1776511902087,1776511902088,1,SUCCESS
A,beta,617,1776511902087,1776511902088,1,SUCCESS
A,beta,618,1776511902087,1776511902088,1,SUCCESS
A,beta,619,1776511902087,1776511902088,1,SUCCESS
A,beta,620,1776511902087,1776511902088,1,SUCCESS
A,beta,621,1776511902087,1776511902088,1,SUCCESS
A,beta,622,1776511902087,1776511902088,1,SUCCESS
A,beta,623,1776511902087,1776511902088,1,SUCCESS
A,beta,624,1776511902088,1776511902088,0,SUCCESS
A,beta,625,1776511902088,1776511902088,0,SUCCESS
A,beta,626,1776511902088,1776511902088,0,SUCCESS
A,beta,627,1776511902088,1776511902088,0,SUCCESS
A,beta,628,1776511902088,1776511902088,0,SUCCESS
A,beta,629,1776511902088,1776511902088,0,SUCCESS
A,beta,630,1776511902088,1776511902088,0,SUCCESS
A,beta,631,1776511902088,1776511902088,0,SUCCESS
A,beta,632,1776511902088,1776511902088,0,SUCCESS
A,beta,633,1776511902088,1776511902088,0,SUCCESS
A,beta,634,1776511902088,1776511902088,0,SUCCESS
A,beta,635,1776511902088,1776511902088,0,SUCCESS
A,beta,636,1776511902088,1776511902088,0,SUCCESS
A,beta,637,1776511902088,1776511902088,0,SUCCESS
A,beta,638,1776511902088,1776511902088,0,SUCCESS
A,beta,639,1776511902088,1776511902088,0,SUCCESS
A,beta,640,1776511902088,1776511902088,0,SUCCESS
A,beta,641,1776511902088,1776511902088,0,SUCCESS
A,beta,642,1776511902088,1776511902088,0,SUCCESS
A,beta,643,1776511902088,1776511902088,0,SUCCESS
A,beta,644,1776511902088,1776511902088,0,SUCCESS
A,beta,645,1776511902088,1776511902088,0,SUCCESS
A,beta,646,1776511902088,1776511902088,0,SUCCESS
A,beta,647,1776511902088,1776511902088,0,SUCCESS
A,beta,648,1776511902088,1776511902088,0,SUCCESS
A,beta,649,1776511902088,1776511902088,0,SUCCESS
A,beta,650,1776511902088,1776511902088,0,SUCCESS
A,beta,651,1776511902088,1776511902088,0,SUCCESS
A,beta,652,1776511902088,1776511902088,0,SUCCESS
A,beta,653,1776511902088,1776511902088,0,SUCCESS
A,beta,654,1776511902088,1776511902088,0,SUCCESS
A,beta,655,1776511902088,1776511902088,0,SUCCESS
A,beta,656,1776511902088,1776511902088,0,SUCCESS
A,beta,657,1776511902088,1776511902088,0,SUCCESS
A,beta,658,1776511902088,1776511902088,0,SUCCESS
A,beta,659,1776511902088,1776511902088,0,SUCCESS
A,beta,660,1776511902088,1776511902088,0,SUCCESS
A,beta,661,1776511902088,1776511902088,0,SUCCESS
A,beta,662,1776511902088,1776511902088,0,SUCCESS
A,beta,663,1776511902088,1776511902088,0,SUCCESS
A,beta,664,1776511902088,1776511902088,0,SUCCESS
A,beta,665,1776511902088,1776511902088,0,SUCCESS
A,beta,666,1776511902088,1776511902088,0,SUCCESS
A,beta,667,1776511902088,1776511902088,0,SUCCESS
A,beta,668,1776511902088,1776511902088,0,SUCCESS
A,beta,669,1776511902088,1776511902088,0,SUCCESS
A,beta,670,1776511902088,1776511902088,0,SUCCESS
A,beta,671,1776511902088,1776511902088,0,SUCCESS
A,beta,672,1776511902088,1776511902088,0,SUCCESS
A,beta,673,1776511902088,1776511902088,0,SUCCESS
A,beta,674,1776511902088,1776511902088,0,SUCCESS
A,beta,675,1776511902088,1776511902088,0,SUCCESS
A,beta,676,1776511902088,1776511902088,0,SUCCESS
A,beta,677,1776511902088,1776511902088,0,SUCCESS
A,beta,678,1776511902088,1776511902088,0,SUCCESS
A,beta,679,1776511902088,1776511902088,0,SUCCESS
A,beta,680,1776511902088,1776511902088,0,SUCCESS
A,beta,681,1776511902088,1776511902088,0,SUCCESS
A,beta,682,1776511902088,1776511902088,0,SUCCESS
A,beta,683,1776511902088,1776511902088,0,SUCCESS
A,beta,684,1776511902088,1776511902088,0,SUCCESS
A,beta,685,1776511902088,1776511902088,0,SUCCESS
A,beta,686,1776511902088,1776511902088,0,SUCCESS
A,beta,687,1776511902088,1776511902088,0,SUCCESS
A,beta,688,1776511902088,1776511902088,0,SUCCESS
A,beta,689,1776511902088,1776511902088,0,SUCCESS
A,beta,690,1776511902088,1776511902088,0,SUCCESS
A,beta,691,1776511902088,1776511902088,0,SUCCESS
A,beta,692,1776511902088,1776511902088,0,SUCCESS
A,beta,693,1776511902088,1776511902088,0,SUCCESS
A,beta,694,1776511902088,1776511902088,0,SUCCESS
A,beta,695,1776511902088,1776511902088,0,SUCCESS
A,beta,696,1776511902088,1776511902088,0,SUCCESS
A,beta,697,1776511902088,1776511902088,0,SUCCESS
A,beta,698,1776511902088,1776511902088,0,SUCCESS
A,beta,699,1776511902088,1776511902088,0,SUCCESS
A,beta,700,1776511902088,1776511902088,0,SUCCESS
A,beta,701,1776511902088,1776511902088,0,SUCCESS
A,beta,702,1776511902088,1776511902088,0,SUCCESS
A,beta,703,1776511902088,1776511902088,0,SUCCESS
A,beta,704,1776511902088,1776511902088,0,SUCCESS
A,beta,705,1776511902088,1776511902088,0,SUCCESS
A,beta,706,1776511902088,1776511902088,0,SUCCESS
A,beta,707,1776511902088,1776511902088,0,SUCCESS
A,beta,708,1776511902088,1776511902088,0,SUCCESS
A,beta,709,1776511902088,1776511902088,0,SUCCESS
A,beta,710,1776511902088,1776511902088,0,SUCCESS
A,beta,711,1776511902088,1776511902088,0,SUCCESS
A,beta,712,1776511902088,1776511902088,0,SUCCESS
A,beta,713,1776511902088,1776511902088,0,SUCCESS
A,beta,714,1776511902088,1776511902088,0,SUCCESS
A,beta,715,1776511902088,1776511902088,0,SUCCESS
A,beta,716,1776511902088,1776511902088,0,SUCCESS
A,beta,717,1776511902088,1776511902088,0,SUCCESS
A,beta,718,1776511902088,1776511902088,0,SUCCESS
A,beta,719,1776511902088,1776511902088,0,SUCCESS
A,beta,720,1776511902088,1776511902088,0,SUCCESS
A,beta,721,1776511902088,1776511902088,0,SUCCESS
A,beta,722,1776511902088,1776511902088,0,SUCCESS
A,beta,723,1776511902088,1776511902088,0,SUCCESS
A,beta,724,1776511902088,1776511902088,0,SUCCESS
A,beta,725,1776511902088,1776511902088,0,SUCCESS
A,beta,726,1776511902088,1776511902088,0,SUCCESS
A,beta,727,1776511902088,1776511902088,0,SUCCESS
A,beta,728,1776511902088,1776511902088,0,SUCCESS
A,beta,729,1776511902088,1776511902088,0,SUCCESS
A,beta,730,1776511902088,1776511902088,0,SUCCESS
A,beta,731,1776511902088,1776511902088,0,SUCCESS
A,beta,732,1776511902088,1776511902088,0,SUCCESS
A,beta,733,1776511902088,1776511902088,0,SUCCESS
A,beta,734,1776511902088,1776511902088,0,SUCCESS
A,beta,735,1776511902088,1776511902088,0,SUCCESS
A,beta,736,1776511902088,1776511902088,0,SUCCESS
A,beta,737,1776511902088,1776511902088,0,SUCCESS
A,beta,738,1776511902088,1776511902088,0,SUCCESS
A,beta,739,1776511902088,1776511902088,0,SUCCESS
A,beta,740,1776511902088,1776511902088,0,SUCCESS
A,beta,741,1776511902088,1776511902088,0,SUCCESS
A,beta,742,1776511902088,1776511902088,0,SUCCESS
A,beta,743,1776511902088,1776511902088,0,SUCCESS
A,beta,744,1776511902088,1776511902088,0,SUCCESS
A,beta,745,1776511902088,1776511902088,0,SUCCESS
A,beta,746,1776511902088,1776511902088,0,SUCCESS
A,beta,747,1776511902088,1776511902088,0,SUCCESS
A,beta,748,1776511902088,1776511902088,0,SUCCESS
A,beta,749,1776511902088,1776511902088,0,SUCCESS
A,beta,750,1776511902088,1776511902088,0,SUCCESS
A,beta,751,1776511902088,1776511902088,0,SUCCESS
A,beta,752,1776511902088,1776511902088,0,SUCCESS
A,beta,753,1776511902088,1776511902088,0,SUCCESS
A,beta,754,1776511902088,1776511902088,0,SUCCESS
A,beta,755,1776511902088,1776511902088,0,SUCCESS
A,beta,756,1776511902088,1776511902088,0,SUCCESS
A,beta,757,1776511902088,1776511902088,0,SUCCESS
A,beta,758,1776511902088,1776511902088,0,SUCCESS
A,beta,759,1776511902088,1776511902088,0,SUCCESS
A,beta,760,1776511902088,1776511902088,0,SUCCESS
A,beta,761,1776511902088,1776511902088,0,SUCCESS
A,beta,762,1776511902088,1776511902088,0,SUCCESS
A,beta,763,1776511902088,1776511902088,0,SUCCESS
A,beta,764,1776511902088,1776511902088,0,SUCCESS
A,beta,765,1776511902088,1776511902088,0,SUCCESS
A,beta,766,1776511902088,1776511902088,0,SUCCESS
A,beta,767,1776511902088,1776511902088,0,SUCCESS
A,beta,768,1776511902088,1776511902088,0,SUCCESS
A,beta,769,1776511902088,1776511902088,0,SUCCESS
A,beta,770,1776511902088,1776511902088,0,SUCCESS
A,beta,771,1776511902088,1776511902088,0,SUCCESS
A,beta,772,1776511902088,1776511902088,0,SUCCESS
A,beta,773,1776511902088,1776511902088,0,SUCCESS
A,beta,774,1776511902088,1776511902088,0,SUCCESS
A,beta,775,1776511902088,1776511902088,0,SUCCESS
A,beta,776,1776511902088,1776511902088,0,SUCCESS
A,beta,777,1776511902088,1776511902088,0,SUCCESS
A,beta,778,1776511902088,1776511902088,0,SUCCESS
A,beta,779,1776511902088,1776511902088,0,SUCCESS
A,beta,780,1776511902088,1776511902088,0,SUCCESS
A,beta,781,1776511902088,1776511902088,0,SUCCESS
A,beta,782,1776511902088,1776511902088,0,SUCCESS
A,beta,783,1776511902088,1776511902088,0,SUCCESS
A,beta,784,1776511902088,1776511902088,0,SUCCESS
A,beta,785,1776511902088,1776511902088,0,SUCCESS
A,beta,786,1776511902088,1776511902088,0,SUCCESS
A,beta,787,1776511902088,1776511902088,0,SUCCESS
A,beta,788,1776511902088,1776511902088,0,SUCCESS
A,beta,789,1776511902088,1776511902088,0,SUCCESS
A,beta,790,1776511902088,1776511902088,0,SUCCESS
A,beta,791,1776511902088,1776511902088,0,SUCCESS
A,beta,792,1776511902088,1776511902088,0,SUCCESS
A,beta,793,1776511902088,1776511902088,0,SUCCESS
A,beta,794,1776511902088,1776511902088,0,SUCCESS
A,beta,795,1776511902088,1776511902088,0,SUCCESS
A,beta,796,1776511902088,1776511902088,0,SUCCESS
A,beta,797,1776511902088,1776511902088,0,SUCCESS
A,beta,798,1776511902088,1776511902088,0,SUCCESS
A,beta,799,1776511902088,1776511902088,0,SUCCESS
A,beta,800,1776511902088,1776511902088,0,SUCCESS
A,beta,801,1776511902088,1776511902088,0,SUCCESS
A,beta,802,1776511902088,1776511902088,0,SUCCESS
A,beta,803,1776511902088,1776511902088,0,SUCCESS
A,beta,804,1776511902088,1776511902088,0,SUCCESS
A,beta,805,1776511902088,1776511902088,0,SUCCESS
A,beta,806,1776511902088,1776511902088,0,SUCCESS
A,beta,807,1776511902088,1776511902088,0,SUCCESS
A,beta,808,1776511902088,1776511902088,0,SUCCESS
A,beta,809,1776511902088,1776511902088,0,SUCCESS
A,beta,810,1776511902088,1776511902088,0,SUCCESS
A,beta,811,1776511902088,1776511902088,0,SUCCESS
A,beta,812,1776511902088,1776511902088,0,SUCCESS
A,beta,813,1776511902088,1776511902088,0,SUCCESS
A,beta,814,1776511902088,1776511902088,0,SUCCESS
A,beta,815,1776511902088,1776511902088,0,SUCCESS
A,beta,816,1776511902088,1776511902088,0,SUCCESS
A,beta,817,1776511902088,1776511902088,0,SUCCESS
A,beta,818,1776511902088,1776511902088,0,SUCCESS
A,beta,819,1776511902088,1776511902088,0,SUCCESS
A,beta,820,1776511902088,1776511902088,0,SUCCESS
A,beta,821,1776511902088,1776511902088,0,SUCCESS
A,beta,822,1776511902088,1776511902088,0,SUCCESS
A,beta,823,1776511902088,1776511902088,0,SUCCESS
A,beta,824,1776511902088,1776511902088,0,SUCCESS
A,beta,825,1776511902088,1776511902088,0,SUCCESS
A,beta,826,1776511902088,1776511902088,0,SUCCESS
A,beta,827,1776511902088,1776511902088,0,SUCCESS
A,beta,828,1776511902088,1776511902088,0,SUCCESS
A,beta,829,1776511902088,1776511902088,0,SUCCESS
A,beta,830,1776511902088,1776511902088,0,SUCCESS
A,beta,831,1776511902088,1776511902088,0,SUCCESS
A,beta,832,1776511902088,1776511902088,0,SUCCESS
A,beta,833,1776511902088,1776511902088,0,SUCCESS
A,beta,834,1776511902088,1776511902088,0,SUCCESS
A,beta,835,1776511902088,1776511902088,0,SUCCESS
A,beta,836,1776511902088,1776511902088,0,SUCCESS
A,beta,837,1776511902088,1776511902088,0,SUCCESS
A,beta,838,1776511902088,1776511902088,0,SUCCESS
A,beta,839,1776511902088,1776511902088,0,SUCCESS
A,beta,840,1776511902088,1776511902088,0,SUCCESS
A,beta,841,1776511902088,1776511902088,0,SUCCESS
A,beta,842,1776511902088,1776511902088,0,SUCCESS
A,beta,843,1776511902088,1776511902088,0,SUCCESS
A,beta,844,1776511902088,1776511902088,0,SUCCESS
A,beta,845,1776511902088,1776511902088,0,SUCCESS
A,beta,846,1776511902088,1776511902088,0,SUCCESS
A,beta,847,1776511902088,1776511902088,0,SUCCESS
A,beta,848,1776511902088,1776511902088,0,SUCCESS
A,beta,849,1776511902088,1776511902088,0,SUCCESS
A,beta,850,1776511902088,1776511902088,0,SUCCESS
A,beta,851,1776511902088,1776511902088,0,SUCCESS
A,beta,852,1776511902088,1776511902088,0,SUCCESS
A,beta,853,1776511902088,1776511902088,0,SUCCESS
A,beta,854,1776511902088,1776511902088,0,SUCCESS
A,beta,855,1776511902088,1776511902088,0,SUCCESS
A,beta,856,1776511902088,1776511902088,0,SUCCESS
A,beta,857,1776511902088,1776511902088,0,SUCCESS
A,beta,858,1776511902088,1776511902088,0,SUCCESS
A,beta,859,1776511902088,1776511902088,0,SUCCESS
A,beta,860,1776511902088,1776511902088,0,SUCCESS
A,beta,861,1776511902088,1776511902088,0,SUCCESS
A,beta,862,1776511902088,1776511902088,0,SUCCESS
A,beta,863,1776511902088,1776511902088,0,SUCCESS
A,beta,864,1776511902088,1776511902088,0,SUCCESS
A,beta,865,1776511902088,1776511902088,0,SUCCESS
A,beta,866,1776511902088,1776511902088,0,SUCCESS
A,beta,867,1776511902088,1776511902088,0,SUCCESS
A,beta,868,1776511902088,1776511902088,0,SUCCESS
A,beta,869,1776511902088,1776511902088,0,SUCCESS
A,beta,870,1776511902088,1776511902088,0,SUCCESS
A,beta,871,1776511902088,1776511902088,0,SUCCESS
A,beta,872,1776511902088,1776511902088,0,SUCCESS
A,beta,873,1776511902088,1776511902088,0,SUCCESS
A,beta,874,1776511902088,1776511902088,0,SUCCESS
A,beta,875,1776511902088,1776511902088,0,SUCCESS
A,beta,876,1776511902088,1776511902088,0,SUCCESS
A,beta,877,1776511902088,1776511902088,0,SUCCESS
A,beta,878,1776511902088,1776511902088,0,SUCCESS
A,beta,879,1776511902088,1776511902088,0,SUCCESS
A,beta,880,1776511902088,1776511902088,0,SUCCESS
A,beta,881,1776511902088,1776511902088,0,SUCCESS
A,beta,882,1776511902088,1776511902088,0,SUCCESS
A,beta,883,1776511902088,1776511902088,0,SUCCESS
A,beta,884,1776511902088,1776511902088,0,SUCCESS
A,beta,885,1776511902088,1776511902088,0,SUCCESS
A,beta,886,1776511902088,1776511902088,0,SUCCESS
A,beta,887,1776511902088,1776511902088,0,SUCCESS
A,beta,888,1776511902088,1776511902088,0,SUCCESS
A,beta,889,1776511902088,1776511902088,0,SUCCESS
A,beta,890,1776511902088,1776511902088,0,SUCCESS
A,beta,891,1776511902088,1776511902088,0,SUCCESS
A,beta,892,1776511902088,1776511902088,0,SUCCESS
A,beta,893,1776511902088,1776511902088,0,SUCCESS
A,beta,894,1776511902088,1776511902088,0,SUCCESS
A,beta,895,1776511902088,1776511902088,0,SUCCESS
A,beta,896,1776511902088,1776511902088,0,SUCCESS
A,beta,897,1776511902088,1776511902088,0,SUCCESS
A,beta,898,1776511902088,1776511902088,0,SUCCESS
A,beta,899,1776511902088,1776511902088,0,SUCCESS
A,beta,900,1776511902088,1776511902088,0,SUCCESS
A,beta,901,1776511902088,1776511902088,0,SUCCESS
A,beta,902,1776511902088,1776511902088,0,SUCCESS
A,beta,903,1776511902088,1776511902088,0,SUCCESS
A,beta,904,1776511902088,1776511902088,0,SUCCESS
A,beta,905,1776511902088,1776511902088,0,SUCCESS
A,beta,906,1776511902088,1776511902088,0,SUCCESS
A,beta,907,1776511902088,1776511902088,0,SUCCESS
A,beta,908,1776511902088,1776511902088,0,SUCCESS
A,beta,909,1776511902088,1776511902088,0,SUCCESS
A,beta,910,1776511902088,1776511902088,0,SUCCESS
A,beta,911,1776511902088,1776511902088,0,SUCCESS
A,beta,912,1776511902088,1776511902088,0,SUCCESS
A,beta,913,1776511902088,1776511902088,0,SUCCESS
A,beta,914,1776511902088,1776511902088,0,SUCCESS
A,beta,915,1776511902088,1776511902088,0,SUCCESS
A,beta,916,1776511902088,1776511902088,0,SUCCESS
A,beta,917,1776511902088,1776511902088,0,SUCCESS
A,beta,918,1776511902088,1776511902088,0,SUCCESS
A,beta,919,1776511902088,1776511902088,0,SUCCESS
A,beta,920,1776511902088,1776511902088,0,SUCCESS
A,beta,921,1776511902088,1776511902088,0,SUCCESS
A,beta,922,1776511902088,1776511902088,0,SUCCESS
A,beta,923,1776511902088,1776511902088,0,SUCCESS
A,beta,924,1776511902088,1776511902088,0,SUCCESS
A,beta,925,1776511902088,1776511902088,0,SUCCESS
A,beta,926,1776511902088,1776511902088,0,SUCCESS
A,beta,927,1776511902088,1776511902088,0,SUCCESS
A,beta,928,1776511902088,1776511902088,0,SUCCESS
A,beta,929,1776511902088,1776511902088,0,SUCCESS
A,beta,930,1776511902088,1776511902088,0,SUCCESS
A,beta,931,1776511902088,1776511902088,0,SUCCESS
A,beta,932,1776511902088,1776511902088,0,SUCCESS
A,beta,933,1776511902088,1776511902088,0,SUCCESS
A,beta,934,1776511902088,1776511902088,0,SUCCESS
A,beta,935,1776511902088,1776511902088,0,SUCCESS
A,beta,936,1776511902088,1776511902088,0,SUCCESS
A,beta,937,1776511902088,1776511902088,0,SUCCESS
A,beta,938,1776511902088,1776511902088,0,SUCCESS
A,beta,939,1776511902088,1776511902088,0,SUCCESS
A,beta,940,1776511902088,1776511902088,0,SUCCESS
A,beta,941,1776511902088,1776511902088,0,SUCCESS
A,beta,942,1776511902088,1776511902088,0,SUCCESS
A,beta,943,1776511902088,1776511902088,0,SUCCESS
A,beta,944,1776511902088,1776511902088,0,SUCCESS
A,beta,945,1776511902088,1776511902088,0,SUCCESS
A,beta,946,1776511902088,1776511902088,0,SUCCESS
A,beta,947,1776511902088,1776511902088,0,SUCCESS
A,beta,948,1776511902088,1776511902088,0,SUCCESS
A,beta,949,1776511902088,1776511902088,0,SUCCESS
A,beta,950,1776511902088,1776511902088,0,SUCCESS
A,beta,951,1776511902088,1776511902088,0,SUCCESS
A,beta,952,1776511902088,1776511902088,0,SUCCESS
A,beta,953,1776511902088,1776511902088,0,SUCCESS
A,beta,954,1776511902088,1776511902088,0,SUCCESS
A,beta,955,1776511902088,1776511902088,0,SUCCESS
A,beta,956,1776511902088,1776511902088,0,SUCCESS
A,beta,957,1776511902088,1776511902088,0,SUCCESS
A,beta,958,1776511902088,1776511902088,0,SUCCESS
A,beta,959,1776511902088,1776511902088,0,SUCCESS
A,beta,960,1776511902088,1776511902088,0,SUCCESS
A,beta,961,1776511902088,1776511902088,0,SUCCESS
A,beta,962,1776511902088,1776511902088,0,SUCCESS
A,beta,963,1776511902088,1776511902088,0,SUCCESS
A,beta,964,1776511902088,1776511902088,0,SUCCESS
A,beta,965,1776511902088,1776511902088,0,SUCCESS
A,beta,966,1776511902088,1776511902088,0,SUCCESS
A,beta,967,1776511902088,1776511902088,0,SUCCESS
A,beta,968,1776511902088,1776511902088,0,SUCCESS
A,beta,969,1776511902088,1776511902088,0,SUCCESS
A,beta,970,1776511902088,1776511902088,0,SUCCESS
A,beta,971,1776511902088,1776511902088,0,SUCCESS
A,beta,972,1776511902088,1776511902088,0,SUCCESS
A,beta,973,1776511902088,1776511902088,0,SUCCESS
A,beta,974,1776511902088,1776511902088,0,SUCCESS
A,beta,975,1776511902088,1776511902088,0,SUCCESS
A,beta,976,1776511902088,1776511902088,0,SUCCESS
A,beta,977,1776511902088,1776511902088,0,SUCCESS
A,beta,978,1776511902088,1776511902088,0,SUCCESS
A,beta,979,1776511902088,1776511902088,0,SUCCESS
A,beta,980,1776511902088,1776511902088,0,SUCCESS
A,beta,981,1776511902088,1776511902088,0,SUCCESS
A,beta,982,1776511902088,1776511902088,0,SUCCESS
A,beta,983,1776511902088,1776511902088,0,SUCCESS
A,beta,984,1776511902088,1776511902088,0,SUCCESS
A,beta,985,1776511902088,1776511902088,0,SUCCESS
A,beta,986,1776511902088,1776511902088,0,SUCCESS
A,beta,987,1776511902088,1776511902088,0,SUCCESS
A,beta,988,1776511902088,1776511902088,0,SUCCESS
A,beta,989,1776511902088,1776511902088,0,SUCCESS
A,beta,990,1776511902088,1776511902088,0,SUCCESS
A,beta,991,1776511902088,1776511902088,0,SUCCESS
A,beta,992,1776511902088,1776511902088,0,SUCCESS
A,beta,993,1776511902088,1776511902088,0,SUCCESS
A,beta,994,1776511902088,1776511902088,0,SUCCESS
A,beta,995,1776511902088,1776511902088,0,SUCCESS
A,beta,996,1776511902088,1776511902088,0,SUCCESS
A,beta,997,1776511902088,1776511902088,0,SUCCESS
A,beta,998,1776511902088,1776511902088,0,SUCCESS
A,beta,999,1776511902088,1776511902088,0,SUCCESS
A,gamma,0,1776511902088,1776511902089,1,SUCCESS
A,gamma,1,1776511902088,1776511902089,1,SUCCESS
A,gamma,2,1776511902088,1776511902089,1,SUCCESS
A,gamma,3,1776511902088,1776511902089,1,SUCCESS
A,gamma,4,1776511902088,1776511902089,1,SUCCESS
A,gamma,5,1776511902088,1776511902089,1,SUCCESS
A,gamma,6,1776511902088,1776511902089,1,SUCCESS
A,gamma,7,1776511902088,1776511902089,1,SUCCESS
A,gamma,8,1776511902088,1776511902089,1,SUCCESS
A,gamma,9,1776511902088,1776511902089,1,SUCCESS
A,gamma,10,1776511902088,1776511902089,1,SUCCESS
A,gamma,11,1776511902088,1776511902089,1,SUCCESS
A,gamma,12,1776511902088,1776511902089,1,SUCCESS
A,gamma,13,1776511902088,1776511902089,1,SUCCESS
A,gamma,14,1776511902088,1776511902089,1,SUCCESS
A,gamma,15,1776511902088,1776511902089,1,SUCCESS
A,gamma,16,1776511902088,1776511902089,1,SUCCESS
A,gamma,17,1776511902088,1776511902089,1,SUCCESS
A,gamma,18,1776511902088,1776511902089,1,SUCCESS
A,gamma,19,1776511902088,1776511902089,1,SUCCESS
A,gamma,20,1776511902088,1776511902089,1,SUCCESS
A,gamma,21,1776511902088,1776511902089,1,SUCCESS
A,gamma,22,1776511902088,1776511902089,1,SUCCESS
A,gamma,23,1776511902088,1776511902089,1,SUCCESS
A,gamma,24,1776511902088,1776511902089,1,SUCCESS
A,gamma,25,1776511902088,1776511902089,1,SUCCESS
A,gamma,26,1776511902088,1776511902089,1,SUCCESS
A,gamma,27,1776511902088,1776511902089,1,SUCCESS
A,gamma,28,1776511902088,1776511902089,1,SUCCESS
A,gamma,29,1776511902088,1776511902089,1,SUCCESS
A,gamma,30,1776511902088,1776511902089,1,SUCCESS
A,gamma,31,1776511902088,1776511902089,1,SUCCESS
A,gamma,32,1776511902088,1776511902089,1,SUCCESS
A,gamma,33,1776511902088,1776511902089,1,SUCCESS
A,gamma,34,1776511902088,1776511902089,1,SUCCESS
A,gamma,35,1776511902088,1776511902089,1,SUCCESS
A,gamma,36,1776511902088,1776511902089,1,SUCCESS
A,gamma,37,1776511902088,1776511902089,1,SUCCESS
A,gamma,38,1776511902088,1776511902089,1,SUCCESS
A,gamma,39,1776511902088,1776511902089,1,SUCCESS
A,gamma,40,1776511902088,1776511902089,1,SUCCESS
A,gamma,41,1776511902088,1776511902089,1,SUCCESS
A,gamma,42,1776511902088,1776511902089,1,SUCCESS
A,gamma,43,1776511902088,1776511902089,1,SUCCESS
A,gamma,44,1776511902088,1776511902089,1,SUCCESS
A,gamma,45,1776511902088,1776511902089,1,SUCCESS
A,gamma,46,1776511902088,1776511902089,1,SUCCESS
A,gamma,47,1776511902088,1776511902089,1,SUCCESS
A,gamma,48,1776511902088,1776511902089,1,SUCCESS
A,gamma,49,1776511902088,1776511902089,1,SUCCESS
A,gamma,50,1776511902088,1776511902089,1,SUCCESS
A,gamma,51,1776511902088,1776511902089,1,SUCCESS
A,gamma,52,1776511902088,1776511902089,1,SUCCESS
A,gamma,53,1776511902088,1776511902089,1,SUCCESS
A,gamma,54,1776511902088,1776511902089,1,SUCCESS
A,gamma,55,1776511902088,1776511902089,1,SUCCESS
A,gamma,56,1776511902088,1776511902089,1,SUCCESS
A,gamma,57,1776511902088,1776511902089,1,SUCCESS
A,gamma,58,1776511902088,1776511902089,1,SUCCESS
A,gamma,59,1776511902088,1776511902089,1,SUCCESS
A,gamma,60,1776511902088,1776511902089,1,SUCCESS
A,gamma,61,1776511902088,1776511902089,1,SUCCESS
A,gamma,62,1776511902088,1776511902089,1,SUCCESS
A,gamma,63,1776511902088,1776511902089,1,SUCCESS
A,gamma,64,1776511902088,1776511902089,1,SUCCESS
A,gamma,65,1776511902088,1776511902089,1,SUCCESS
A,gamma,66,1776511902088,1776511902089,1,SUCCESS
A,gamma,67,1776511902088,1776511902089,1,SUCCESS
A,gamma,68,1776511902088,1776511902089,1,SUCCESS
A,gamma,69,1776511902088,1776511902089,1,SUCCESS
A,gamma,70,1776511902088,1776511902089,1,SUCCESS
A,gamma,71,1776511902088,1776511902089,1,SUCCESS
A,gamma,72,1776511902088,1776511902089,1,SUCCESS
A,gamma,73,1776511902088,1776511902089,1,SUCCESS
A,gamma,74,1776511902088,1776511902089,1,SUCCESS
A,gamma,75,1776511902088,1776511902089,1,SUCCESS
A,gamma,76,1776511902088,1776511902089,1,SUCCESS
A,gamma,77,1776511902088,1776511902089,1,SUCCESS
A,gamma,78,1776511902088,1776511902089,1,SUCCESS
A,gamma,79,1776511902088,1776511902089,1,SUCCESS
A,gamma,80,1776511902088,1776511902089,1,SUCCESS
A,gamma,81,1776511902088,1776511902089,1,SUCCESS
A,gamma,82,1776511902088,1776511902089,1,SUCCESS
A,gamma,83,1776511902088,1776511902089,1,SUCCESS
A,gamma,84,1776511902088,1776511902089,1,SUCCESS
A,gamma,85,1776511902088,1776511902089,1,SUCCESS
A,gamma,86,1776511902088,1776511902089,1,SUCCESS
A,gamma,87,1776511902088,1776511902089,1,SUCCESS
A,gamma,88,1776511902088,1776511902089,1,SUCCESS
A,gamma,89,1776511902088,1776511902089,1,SUCCESS
A,gamma,90,1776511902088,1776511902089,1,SUCCESS
A,gamma,91,1776511902088,1776511902089,1,SUCCESS
A,gamma,92,1776511902088,1776511902089,1,SUCCESS
A,gamma,93,1776511902088,1776511902089,1,SUCCESS
A,gamma,94,1776511902088,1776511902089,1,SUCCESS
A,gamma,95,1776511902088,1776511902089,1,SUCCESS
A,gamma,96,1776511902088,1776511902089,1,SUCCESS
A,gamma,97,1776511902088,1776511902089,1,SUCCESS
A,gamma,98,1776511902088,1776511902089,1,SUCCESS
A,gamma,99,1776511902088,1776511902089,1,SUCCESS
A,gamma,100,1776511902088,1776511902089,1,SUCCESS
A,gamma,101,1776511902088,1776511902089,1,SUCCESS
A,gamma,102,1776511902088,1776511902089,1,SUCCESS
A,gamma,103,1776511902088,1776511902089,1,SUCCESS
A,gamma,104,1776511902088,1776511902089,1,SUCCESS
A,gamma,105,1776511902088,1776511902089,1,SUCCESS
A,gamma,106,1776511902088,1776511902089,1,SUCCESS
A,gamma,107,1776511902088,1776511902089,1,SUCCESS
A,gamma,108,1776511902088,1776511902089,1,SUCCESS
A,gamma,109,1776511902088,1776511902089,1,SUCCESS
A,gamma,110,1776511902088,1776511902089,1,SUCCESS
A,gamma,111,1776511902088,1776511902089,1,SUCCESS
A,gamma,112,1776511902088,1776511902089,1,SUCCESS
A,gamma,113,1776511902088,1776511902089,1,SUCCESS
A,gamma,114,1776511902088,1776511902089,1,SUCCESS
A,gamma,115,1776511902088,1776511902089,1,SUCCESS
A,gamma,116,1776511902088,1776511902089,1,SUCCESS
A,gamma,117,1776511902088,1776511902089,1,SUCCESS
A,gamma,118,1776511902088,1776511902089,1,SUCCESS
A,gamma,119,1776511902088,1776511902089,1,SUCCESS
A,gamma,120,1776511902088,1776511902089,1,SUCCESS
A,gamma,121,1776511902088,1776511902089,1,SUCCESS
A,gamma,122,1776511902088,1776511902089,1,SUCCESS
A,gamma,123,1776511902088,1776511902089,1,SUCCESS
A,gamma,124,1776511902089,1776511902089,0,SUCCESS
A,gamma,125,1776511902089,1776511902089,0,SUCCESS
A,gamma,126,1776511902089,1776511902089,0,SUCCESS
A,gamma,127,1776511902089,1776511902089,0,SUCCESS
A,gamma,128,1776511902089,1776511902089,0,SUCCESS
A,gamma,129,1776511902089,1776511902089,0,SUCCESS
A,gamma,130,1776511902089,1776511902089,0,SUCCESS
A,gamma,131,1776511902089,1776511902089,0,SUCCESS
A,gamma,132,1776511902089,1776511902089,0,SUCCESS
A,gamma,133,1776511902089,1776511902089,0,SUCCESS
A,gamma,134,1776511902089,1776511902089,0,SUCCESS
A,gamma,135,1776511902089,1776511902089,0,SUCCESS
A,gamma,136,1776511902089,1776511902089,0,SUCCESS
A,gamma,137,1776511902089,1776511902089,0,SUCCESS
A,gamma,138,1776511902089,1776511902089,0,SUCCESS
A,gamma,139,1776511902089,1776511902089,0,SUCCESS
A,gamma,140,1776511902089,1776511902089,0,SUCCESS
A,gamma,141,1776511902089,1776511902089,0,SUCCESS
A,gamma,142,1776511902089,1776511902089,0,SUCCESS
A,gamma,143,1776511902089,1776511902089,0,SUCCESS
A,gamma,144,1776511902089,1776511902089,0,SUCCESS
A,gamma,145,1776511902089,1776511902089,0,SUCCESS
A,gamma,146,1776511902089,1776511902089,0,SUCCESS
A,gamma,147,1776511902089,1776511902089,0,SUCCESS
A,gamma,148,1776511902089,1776511902089,0,SUCCESS
A,gamma,149,1776511902089,1776511902089,0,SUCCESS
A,gamma,150,1776511902089,1776511902089,0,SUCCESS
A,gamma,151,1776511902089,1776511902089,0,SUCCESS
A,gamma,152,1776511902089,1776511902089,0,SUCCESS
A,gamma,153,1776511902089,1776511902089,0,SUCCESS
A,gamma,154,1776511902089,1776511902089,0,SUCCESS
A,gamma,155,1776511902089,1776511902089,0,SUCCESS
A,gamma,156,1776511902089,1776511902089,0,SUCCESS
A,gamma,157,1776511902089,1776511902089,0,SUCCESS
A,gamma,158,1776511902089,1776511902089,0,SUCCESS
A,gamma,159,1776511902089,1776511902089,0,SUCCESS
A,gamma,160,1776511902089,1776511902089,0,SUCCESS
A,gamma,161,1776511902089,1776511902089,0,SUCCESS
A,gamma,162,1776511902089,1776511902089,0,SUCCESS
A,gamma,163,1776511902089,1776511902089,0,SUCCESS
A,gamma,164,1776511902089,1776511902089,0,SUCCESS
A,gamma,165,1776511902089,1776511902089,0,SUCCESS
A,gamma,166,1776511902089,1776511902089,0,SUCCESS
A,gamma,167,1776511902089,1776511902089,0,SUCCESS
A,gamma,168,1776511902089,1776511902089,0,SUCCESS
A,gamma,169,1776511902089,1776511902089,0,SUCCESS
A,gamma,170,1776511902089,1776511902089,0,SUCCESS
A,gamma,171,1776511902089,1776511902089,0,SUCCESS
A,gamma,172,1776511902089,1776511902089,0,SUCCESS
A,gamma,173,1776511902089,1776511902089,0,SUCCESS
A,gamma,174,1776511902089,1776511902089,0,SUCCESS
A,gamma,175,1776511902089,1776511902089,0,SUCCESS
A,gamma,176,1776511902089,1776511902089,0,SUCCESS
A,gamma,177,1776511902089,1776511902089,0,SUCCESS
A,gamma,178,1776511902089,1776511902089,0,SUCCESS
A,gamma,179,1776511902089,1776511902089,0,SUCCESS
A,gamma,180,1776511902089,1776511902089,0,SUCCESS
A,gamma,181,1776511902089,1776511902089,0,SUCCESS
A,gamma,182,1776511902089,1776511902089,0,SUCCESS
A,gamma,183,1776511902089,1776511902089,0,SUCCESS
A,gamma,184,1776511902089,1776511902089,0,SUCCESS
A,gamma,185,1776511902089,1776511902089,0,SUCCESS
A,gamma,186,1776511902089,1776511902089,0,SUCCESS
A,gamma,187,1776511902089,1776511902089,0,SUCCESS
A,gamma,188,1776511902089,1776511902089,0,SUCCESS
A,gamma,189,1776511902089,1776511902089,0,SUCCESS
A,gamma,190,1776511902089,1776511902089,0,SUCCESS
A,gamma,191,1776511902089,1776511902089,0,SUCCESS
A,gamma,192,1776511902089,1776511902089,0,SUCCESS
A,gamma,193,1776511902089,1776511902089,0,SUCCESS
A,gamma,194,1776511902089,1776511902089,0,SUCCESS
A,gamma,195,1776511902089,1776511902089,0,SUCCESS
A,gamma,196,1776511902089,1776511902089,0,SUCCESS
A,gamma,197,1776511902089,1776511902089,0,SUCCESS
A,gamma,198,1776511902089,1776511902089,0,SUCCESS
A,gamma,199,1776511902089,1776511902089,0,SUCCESS
A,gamma,200,1776511902089,1776511902089,0,SUCCESS
A,gamma,201,1776511902089,1776511902089,0,SUCCESS
A,gamma,202,1776511902089,1776511902089,0,SUCCESS
A,gamma,203,1776511902089,1776511902089,0,SUCCESS
A,gamma,204,1776511902089,1776511902089,0,SUCCESS
A,gamma,205,1776511902089,1776511902089,0,SUCCESS
A,gamma,206,1776511902089,1776511902089,0,SUCCESS
A,gamma,207,1776511902089,1776511902089,0,SUCCESS
A,gamma,208,1776511902089,1776511902089,0,SUCCESS
A,gamma,209,1776511902089,1776511902089,0,SUCCESS
A,gamma,210,1776511902089,1776511902089,0,SUCCESS
A,gamma,211,1776511902089,1776511902089,0,SUCCESS
A,gamma,212,1776511902089,1776511902089,0,SUCCESS
A,gamma,213,1776511902089,1776511902089,0,SUCCESS
A,gamma,214,1776511902089,1776511902089,0,SUCCESS
A,gamma,215,1776511902089,1776511902089,0,SUCCESS
A,gamma,216,1776511902089,1776511902089,0,SUCCESS
A,gamma,217,1776511902089,1776511902089,0,SUCCESS
A,gamma,218,1776511902089,1776511902089,0,SUCCESS
A,gamma,219,1776511902089,1776511902089,0,SUCCESS
A,gamma,220,1776511902089,1776511902089,0,SUCCESS
A,gamma,221,1776511902089,1776511902089,0,SUCCESS
A,gamma,222,1776511902089,1776511902089,0,SUCCESS
A,gamma,223,1776511902089,1776511902089,0,SUCCESS
A,gamma,224,1776511902089,1776511902089,0,SUCCESS
A,gamma,225,1776511902089,1776511902089,0,SUCCESS
A,gamma,226,1776511902089,1776511902089,0,SUCCESS
A,gamma,227,1776511902089,1776511902089,0,SUCCESS
A,gamma,228,1776511902089,1776511902089,0,SUCCESS
A,gamma,229,1776511902089,1776511902089,0,SUCCESS
A,gamma,230,1776511902089,1776511902089,0,SUCCESS
A,gamma,231,1776511902089,1776511902089,0,SUCCESS
A,gamma,232,1776511902089,1776511902089,0,SUCCESS
A,gamma,233,1776511902089,1776511902089,0,SUCCESS
A,gamma,234,1776511902089,1776511902089,0,SUCCESS
A,gamma,235,1776511902089,1776511902089,0,SUCCESS
A,gamma,236,1776511902089,1776511902089,0,SUCCESS
A,gamma,237,1776511902089,1776511902089,0,SUCCESS
A,gamma,238,1776511902089,1776511902089,0,SUCCESS
A,gamma,239,1776511902089,1776511902089,0,SUCCESS
A,gamma,240,1776511902089,1776511902089,0,SUCCESS
A,gamma,241,1776511902089,1776511902089,0,SUCCESS
A,gamma,242,1776511902089,1776511902089,0,SUCCESS
A,gamma,243,1776511902089,1776511902089,0,SUCCESS
A,gamma,244,1776511902089,1776511902089,0,SUCCESS
A,gamma,245,1776511902089,1776511902089,0,SUCCESS
A,gamma,246,1776511902089,1776511902089,0,SUCCESS
A,gamma,247,1776511902089,1776511902089,0,SUCCESS
A,gamma,248,1776511902089,1776511902089,0,SUCCESS
A,gamma,249,1776511902089,1776511902089,0,SUCCESS
A,gamma,250,1776511902089,1776511902089,0,SUCCESS
A,gamma,251,1776511902089,1776511902089,0,SUCCESS
A,gamma,252,1776511902089,1776511902089,0,SUCCESS
A,gamma,253,1776511902089,1776511902089,0,SUCCESS
A,gamma,254,1776511902089,1776511902089,0,SUCCESS
A,gamma,255,1776511902089,1776511902089,0,SUCCESS
A,gamma,256,1776511902089,1776511902089,0,SUCCESS
A,gamma,257,1776511902089,1776511902089,0,SUCCESS
A,gamma,258,1776511902089,1776511902089,0,SUCCESS
A,gamma,259,1776511902089,1776511902089,0,SUCCESS
A,gamma,260,1776511902089,1776511902089,0,SUCCESS
A,gamma,261,1776511902089,1776511902089,0,SUCCESS
A,gamma,262,1776511902089,1776511902089,0,SUCCESS
A,gamma,263,1776511902089,1776511902089,0,SUCCESS
A,gamma,264,1776511902089,1776511902089,0,SUCCESS
A,gamma,265,1776511902089,1776511902089,0,SUCCESS
A,gamma,266,1776511902089,1776511902089,0,SUCCESS
A,gamma,267,1776511902089,1776511902089,0,SUCCESS
A,gamma,268,1776511902089,1776511902089,0,SUCCESS
A,gamma,269,1776511902089,1776511902089,0,SUCCESS
A,gamma,270,1776511902089,1776511902089,0,SUCCESS
A,gamma,271,1776511902089,1776511902089,0,SUCCESS
A,gamma,272,1776511902089,1776511902089,0,SUCCESS
A,gamma,273,1776511902089,1776511902089,0,SUCCESS
A,gamma,274,1776511902089,1776511902089,0,SUCCESS
A,gamma,275,1776511902089,1776511902089,0,SUCCESS
A,gamma,276,1776511902089,1776511902089,0,SUCCESS
A,gamma,277,1776511902089,1776511902089,0,SUCCESS
A,gamma,278,1776511902089,1776511902089,0,SUCCESS
A,gamma,279,1776511902089,1776511902089,0,SUCCESS
A,gamma,280,1776511902089,1776511902089,0,SUCCESS
A,gamma,281,1776511902089,1776511902089,0,SUCCESS
A,gamma,282,1776511902089,1776511902089,0,SUCCESS
A,gamma,283,1776511902089,1776511902089,0,SUCCESS
A,gamma,284,1776511902089,1776511902089,0,SUCCESS
A,gamma,285,1776511902089,1776511902089,0,SUCCESS
A,gamma,286,1776511902089,1776511902089,0,SUCCESS
A,gamma,287,1776511902089,1776511902089,0,SUCCESS
A,gamma,288,1776511902089,1776511902089,0,SUCCESS
A,gamma,289,1776511902089,1776511902089,0,SUCCESS
A,gamma,290,1776511902089,1776511902089,0,SUCCESS
A,gamma,291,1776511902089,1776511902089,0,SUCCESS
A,gamma,292,1776511902089,1776511902089,0,SUCCESS
A,gamma,293,1776511902089,1776511902089,0,SUCCESS
A,gamma,294,1776511902089,1776511902089,0,SUCCESS
A,gamma,295,1776511902089,1776511902089,0,SUCCESS
A,gamma,296,1776511902089,1776511902089,0,SUCCESS
A,gamma,297,1776511902089,1776511902089,0,SUCCESS
A,gamma,298,1776511902089,1776511902089,0,SUCCESS
A,gamma,299,1776511902089,1776511902089,0,SUCCESS
A,gamma,300,1776511902089,1776511902089,0,SUCCESS
A,gamma,301,1776511902089,1776511902089,0,SUCCESS
A,gamma,302,1776511902089,1776511902089,0,SUCCESS
A,gamma,303,1776511902089,1776511902089,0,SUCCESS
A,gamma,304,1776511902089,1776511902089,0,SUCCESS
A,gamma,305,1776511902089,1776511902089,0,SUCCESS
A,gamma,306,1776511902089,1776511902089,0,SUCCESS
A,gamma,307,1776511902089,1776511902089,0,SUCCESS
A,gamma,308,1776511902089,1776511902089,0,SUCCESS
A,gamma,309,1776511902089,1776511902089,0,SUCCESS
A,gamma,310,1776511902089,1776511902089,0,SUCCESS
A,gamma,311,1776511902089,1776511902089,0,SUCCESS
A,gamma,312,1776511902089,1776511902089,0,SUCCESS
A,gamma,313,1776511902089,1776511902089,0,SUCCESS
A,gamma,314,1776511902089,1776511902089,0,SUCCESS
A,gamma,315,1776511902089,1776511902089,0,SUCCESS
A,gamma,316,1776511902089,1776511902089,0,SUCCESS
A,gamma,317,1776511902089,1776511902089,0,SUCCESS
A,gamma,318,1776511902089,1776511902089,0,SUCCESS
A,gamma,319,1776511902089,1776511902089,0,SUCCESS
A,gamma,320,1776511902089,1776511902089,0,SUCCESS
A,gamma,321,1776511902089,1776511902089,0,SUCCESS
A,gamma,322,1776511902089,1776511902089,0,SUCCESS
A,gamma,323,1776511902089,1776511902089,0,SUCCESS
A,gamma,324,1776511902089,1776511902089,0,SUCCESS
A,gamma,325,1776511902089,1776511902089,0,SUCCESS
A,gamma,326,1776511902089,1776511902089,0,SUCCESS
A,gamma,327,1776511902089,1776511902089,0,SUCCESS
A,gamma,328,1776511902089,1776511902089,0,SUCCESS
A,gamma,329,1776511902089,1776511902089,0,SUCCESS
A,gamma,330,1776511902089,1776511902089,0,SUCCESS
A,gamma,331,1776511902089,1776511902089,0,SUCCESS
A,gamma,332,1776511902089,1776511902089,0,SUCCESS
A,gamma,333,1776511902089,1776511902089,0,SUCCESS
A,gamma,334,1776511902089,1776511902089,0,SUCCESS
A,gamma,335,1776511902089,1776511902089,0,SUCCESS
A,gamma,336,1776511902089,1776511902089,0,SUCCESS
A,gamma,337,1776511902089,1776511902089,0,SUCCESS
A,gamma,338,1776511902089,1776511902089,0,SUCCESS
A,gamma,339,1776511902089,1776511902089,0,SUCCESS
A,gamma,340,1776511902089,1776511902089,0,SUCCESS
A,gamma,341,1776511902089,1776511902089,0,SUCCESS
A,gamma,342,1776511902089,1776511902089,0,SUCCESS
A,gamma,343,1776511902089,1776511902089,0,SUCCESS
A,gamma,344,1776511902089,1776511902089,0,SUCCESS
A,gamma,345,1776511902089,1776511902089,0,SUCCESS
A,gamma,346,1776511902089,1776511902089,0,SUCCESS
A,gamma,347,1776511902089,1776511902089,0,SUCCESS
A,gamma,348,1776511902089,1776511902089,0,SUCCESS
A,gamma,349,1776511902089,1776511902089,0,SUCCESS
A,gamma,350,1776511902089,1776511902089,0,SUCCESS
A,gamma,351,1776511902089,1776511902089,0,SUCCESS
A,gamma,352,1776511902089,1776511902089,0,SUCCESS
A,gamma,353,1776511902089,1776511902089,0,SUCCESS
A,gamma,354,1776511902089,1776511902089,0,SUCCESS
A,gamma,355,1776511902089,1776511902089,0,SUCCESS
A,gamma,356,1776511902089,1776511902089,0,SUCCESS
A,gamma,357,1776511902089,1776511902089,0,SUCCESS
A,gamma,358,1776511902089,1776511902089,0,SUCCESS
A,gamma,359,1776511902089,1776511902089,0,SUCCESS
A,gamma,360,1776511902089,1776511902089,0,SUCCESS
A,gamma,361,1776511902089,1776511902089,0,SUCCESS
A,gamma,362,1776511902089,1776511902089,0,SUCCESS
A,gamma,363,1776511902089,1776511902089,0,SUCCESS
A,gamma,364,1776511902089,1776511902089,0,SUCCESS
A,gamma,365,1776511902089,1776511902089,0,SUCCESS
A,gamma,366,1776511902089,1776511902089,0,SUCCESS
A,gamma,367,1776511902089,1776511902089,0,SUCCESS
A,gamma,368,1776511902089,1776511902089,0,SUCCESS
A,gamma,369,1776511902089,1776511902089,0,SUCCESS
A,gamma,370,1776511902089,1776511902089,0,SUCCESS
A,gamma,371,1776511902089,1776511902089,0,SUCCESS
A,gamma,372,1776511902089,1776511902089,0,SUCCESS
A,gamma,373,1776511902089,1776511902089,0,SUCCESS
A,gamma,374,1776511902089,1776511902089,0,SUCCESS
A,gamma,375,1776511902089,1776511902089,0,SUCCESS
A,gamma,376,1776511902089,1776511902089,0,SUCCESS
A,gamma,377,1776511902089,1776511902089,0,SUCCESS
A,gamma,378,1776511902089,1776511902089,0,SUCCESS
A,gamma,379,1776511902089,1776511902089,0,SUCCESS
A,gamma,380,1776511902089,1776511902089,0,SUCCESS
A,gamma,381,1776511902089,1776511902089,0,SUCCESS
A,gamma,382,1776511902089,1776511902089,0,SUCCESS
A,gamma,383,1776511902089,1776511902089,0,SUCCESS
A,gamma,384,1776511902089,1776511902089,0,SUCCESS
A,gamma,385,1776511902089,1776511902089,0,SUCCESS
A,gamma,386,1776511902089,1776511902089,0,SUCCESS
A,gamma,387,1776511902089,1776511902089,0,SUCCESS
A,gamma,388,1776511902089,1776511902089,0,SUCCESS
A,gamma,389,1776511902089,1776511902089,0,SUCCESS
A,gamma,390,1776511902089,1776511902089,0,SUCCESS
A,gamma,391,1776511902089,1776511902089,0,SUCCESS
A,gamma,392,1776511902089,1776511902089,0,SUCCESS
A,gamma,393,1776511902089,1776511902089,0,SUCCESS
A,gamma,394,1776511902089,1776511902089,0,SUCCESS
A,gamma,395,1776511902089,1776511902089,0,SUCCESS
A,gamma,396,1776511902089,1776511902089,0,SUCCESS
A,gamma,397,1776511902089,1776511902089,0,SUCCESS
A,gamma,398,1776511902089,1776511902089,0,SUCCESS
A,gamma,399,1776511902089,1776511902089,0,SUCCESS
A,gamma,400,1776511902089,1776511902089,0,SUCCESS
A,gamma,401,1776511902089,1776511902089,0,SUCCESS
A,gamma,402,1776511902089,1776511902089,0,SUCCESS
A,gamma,403,1776511902089,1776511902089,0,SUCCESS
A,gamma,404,1776511902089,1776511902089,0,SUCCESS
A,gamma,405,1776511902089,1776511902089,0,SUCCESS
A,gamma,406,1776511902089,1776511902089,0,SUCCESS
A,gamma,407,1776511902089,1776511902089,0,SUCCESS
A,gamma,408,1776511902089,1776511902089,0,SUCCESS
A,gamma,409,1776511902089,1776511902089,0,SUCCESS
A,gamma,410,1776511902089,1776511902089,0,SUCCESS
A,gamma,411,1776511902089,1776511902089,0,SUCCESS
A,gamma,412,1776511902089,1776511902089,0,SUCCESS
A,gamma,413,1776511902089,1776511902089,0,SUCCESS
A,gamma,414,1776511902089,1776511902089,0,SUCCESS
A,gamma,415,1776511902089,1776511902089,0,SUCCESS
A,gamma,416,1776511902089,1776511902089,0,SUCCESS
A,gamma,417,1776511902089,1776511902089,0,SUCCESS
A,gamma,418,1776511902089,1776511902089,0,SUCCESS
A,gamma,419,1776511902089,1776511902089,0,SUCCESS
A,gamma,420,1776511902089,1776511902089,0,SUCCESS
A,gamma,421,1776511902089,1776511902089,0,SUCCESS
A,gamma,422,1776511902089,1776511902089,0,SUCCESS
A,gamma,423,1776511902089,1776511902089,0,SUCCESS
A,gamma,424,1776511902089,1776511902089,0,SUCCESS
A,gamma,425,1776511902089,1776511902089,0,SUCCESS
A,gamma,426,1776511902089,1776511902089,0,SUCCESS
A,gamma,427,1776511902089,1776511902089,0,SUCCESS
A,gamma,428,1776511902089,1776511902089,0,SUCCESS
A,gamma,429,1776511902089,1776511902089,0,SUCCESS
A,gamma,430,1776511902089,1776511902089,0,SUCCESS
A,gamma,431,1776511902089,1776511902089,0,SUCCESS
A,gamma,432,1776511902089,1776511902089,0,SUCCESS
A,gamma,433,1776511902089,1776511902089,0,SUCCESS
A,gamma,434,1776511902089,1776511902089,0,SUCCESS
A,gamma,435,1776511902089,1776511902089,0,SUCCESS
A,gamma,436,1776511902089,1776511902089,0,SUCCESS
A,gamma,437,1776511902089,1776511902089,0,SUCCESS
A,gamma,438,1776511902089,1776511902089,0,SUCCESS
A,gamma,439,1776511902089,1776511902089,0,SUCCESS
A,gamma,440,1776511902089,1776511902089,0,SUCCESS
A,gamma,441,1776511902089,1776511902089,0,SUCCESS
A,gamma,442,1776511902089,1776511902089,0,SUCCESS
A,gamma,443,1776511902089,1776511902089,0,SUCCESS
A,gamma,444,1776511902089,1776511902089,0,SUCCESS
A,gamma,445,1776511902089,1776511902089,0,SUCCESS
A,gamma,446,1776511902089,1776511902089,0,SUCCESS
A,gamma,447,1776511902089,1776511902089,0,SUCCESS
A,gamma,448,1776511902089,1776511902089,0,SUCCESS
A,gamma,449,1776511902089,1776511902089,0,SUCCESS
A,gamma,450,1776511902089,1776511902089,0,SUCCESS
A,gamma,451,1776511902089,1776511902089,0,SUCCESS
A,gamma,452,1776511902089,1776511902089,0,SUCCESS
A,gamma,453,1776511902089,1776511902089,0,SUCCESS
A,gamma,454,1776511902089,1776511902089,0,SUCCESS
A,gamma,455,1776511902089,1776511902089,0,SUCCESS
A,gamma,456,1776511902089,1776511902089,0,SUCCESS
A,gamma,457,1776511902089,1776511902089,0,SUCCESS
A,gamma,458,1776511902089,1776511902089,0,SUCCESS
A,gamma,459,1776511902089,1776511902089,0,SUCCESS
A,gamma,460,1776511902089,1776511902089,0,SUCCESS
A,gamma,461,1776511902089,1776511902089,0,SUCCESS
A,gamma,462,1776511902089,1776511902089,0,SUCCESS
A,gamma,463,1776511902089,1776511902089,0,SUCCESS
A,gamma,464,1776511902089,1776511902089,0,SUCCESS
A,gamma,465,1776511902089,1776511902089,0,SUCCESS
A,gamma,466,1776511902089,1776511902089,0,SUCCESS
A,gamma,467,1776511902089,1776511902089,0,SUCCESS
A,gamma,468,1776511902089,1776511902089,0,SUCCESS
A,gamma,469,1776511902089,1776511902089,0,SUCCESS
A,gamma,470,1776511902089,1776511902089,0,SUCCESS
A,gamma,471,1776511902089,1776511902089,0,SUCCESS
A,gamma,472,1776511902089,1776511902089,0,SUCCESS
A,gamma,473,1776511902089,1776511902089,0,SUCCESS
A,gamma,474,1776511902089,1776511902089,0,SUCCESS
A,gamma,475,1776511902089,1776511902089,0,SUCCESS
A,gamma,476,1776511902089,1776511902089,0,SUCCESS
A,gamma,477,1776511902089,1776511902089,0,SUCCESS
A,gamma,478,1776511902089,1776511902089,0,SUCCESS
A,gamma,479,1776511902089,1776511902089,0,SUCCESS
A,gamma,480,1776511902089,1776511902089,0,SUCCESS
A,gamma,481,1776511902089,1776511902089,0,SUCCESS
A,gamma,482,1776511902089,1776511902089,0,SUCCESS
A,gamma,483,1776511902089,1776511902090,1,SUCCESS
A,gamma,484,1776511902089,1776511902090,1,SUCCESS
A,gamma,485,1776511902089,1776511902090,1,SUCCESS
A,gamma,486,1776511902089,1776511902090,1,SUCCESS
A,gamma,487,1776511902089,1776511902090,1,SUCCESS
A,gamma,488,1776511902089,1776511902090,1,SUCCESS
A,gamma,489,1776511902089,1776511902090,1,SUCCESS
A,gamma,490,1776511902089,1776511902090,1,SUCCESS
A,gamma,491,1776511902089,1776511902090,1,SUCCESS
A,gamma,492,1776511902089,1776511902090,1,SUCCESS
A,gamma,493,1776511902089,1776511902090,1,SUCCESS
A,gamma,494,1776511902089,1776511902090,1,SUCCESS
A,gamma,495,1776511902089,1776511902090,1,SUCCESS
A,gamma,496,1776511902089,1776511902090,1,SUCCESS
A,gamma,497,1776511902089,1776511902090,1,SUCCESS
A,gamma,498,1776511902089,1776511902090,1,SUCCESS
A,gamma,499,1776511902089,1776511902090,1,SUCCESS
A,gamma,500,1776511902089,1776511902090,1,SUCCESS
A,gamma,501,1776511902089,1776511902090,1,SUCCESS
A,gamma,502,1776511902089,1776511902090,1,SUCCESS
A,gamma,503,1776511902089,1776511902090,1,SUCCESS
A,gamma,504,1776511902089,1776511902090,1,SUCCESS
A,gamma,505,1776511902089,1776511902090,1,SUCCESS
A,gamma,506,1776511902089,1776511902090,1,SUCCESS
A,gamma,507,1776511902089,1776511902090,1,SUCCESS
A,gamma,508,1776511902089,1776511902090,1,SUCCESS
A,gamma,509,1776511902089,1776511902090,1,SUCCESS
A,gamma,510,1776511902089,1776511902090,1,SUCCESS
A,gamma,511,1776511902089,1776511902090,1,SUCCESS
A,gamma,512,1776511902089,1776511902090,1,SUCCESS
A,gamma,513,1776511902089,1776511902090,1,SUCCESS
A,gamma,514,1776511902089,1776511902090,1,SUCCESS
A,gamma,515,1776511902089,1776511902090,1,SUCCESS
A,gamma,516,1776511902089,1776511902090,1,SUCCESS
A,gamma,517,1776511902089,1776511902090,1,SUCCESS
A,gamma,518,1776511902089,1776511902090,1,SUCCESS
A,gamma,519,1776511902089,1776511902090,1,SUCCESS
A,gamma,520,1776511902089,1776511902090,1,SUCCESS
A,gamma,521,1776511902089,1776511902090,1,SUCCESS
A,gamma,522,1776511902089,1776511902090,1,SUCCESS
A,gamma,523,1776511902089,1776511902090,1,SUCCESS
A,gamma,524,1776511902089,1776511902090,1,SUCCESS
A,gamma,525,1776511902089,1776511902090,1,SUCCESS
A,gamma,526,1776511902089,1776511902090,1,SUCCESS
A,gamma,527,1776511902089,1776511902090,1,SUCCESS
A,gamma,528,1776511902089,1776511902090,1,SUCCESS
A,gamma,529,1776511902089,1776511902090,1,SUCCESS
A,gamma,530,1776511902089,1776511902090,1,SUCCESS
A,gamma,531,1776511902089,1776511902090,1,SUCCESS
A,gamma,532,1776511902089,1776511902090,1,SUCCESS
A,gamma,533,1776511902089,1776511902090,1,SUCCESS
A,gamma,534,1776511902089,1776511902090,1,SUCCESS
A,gamma,535,1776511902089,1776511902090,1,SUCCESS
A,gamma,536,1776511902089,1776511902090,1,SUCCESS
A,gamma,537,1776511902089,1776511902090,1,SUCCESS
A,gamma,538,1776511902089,1776511902090,1,SUCCESS
A,gamma,539,1776511902089,1776511902090,1,SUCCESS
A,gamma,540,1776511902089,1776511902090,1,SUCCESS
A,gamma,541,1776511902089,1776511902090,1,SUCCESS
A,gamma,542,1776511902089,1776511902090,1,SUCCESS
A,gamma,543,1776511902089,1776511902090,1,SUCCESS
A,gamma,544,1776511902089,1776511902090,1,SUCCESS
A,gamma,545,1776511902089,1776511902090,1,SUCCESS
A,gamma,546,1776511902089,1776511902090,1,SUCCESS
A,gamma,547,1776511902089,1776511902090,1,SUCCESS
A,gamma,548,1776511902089,1776511902090,1,SUCCESS
A,gamma,549,1776511902089,1776511902090,1,SUCCESS
A,gamma,550,1776511902089,1776511902090,1,SUCCESS
A,gamma,551,1776511902089,1776511902090,1,SUCCESS
A,gamma,552,1776511902089,1776511902090,1,SUCCESS
A,gamma,553,1776511902089,1776511902090,1,SUCCESS
A,gamma,554,1776511902089,1776511902090,1,SUCCESS
A,gamma,555,1776511902089,1776511902090,1,SUCCESS
A,gamma,556,1776511902089,1776511902090,1,SUCCESS
A,gamma,557,1776511902089,1776511902090,1,SUCCESS
A,gamma,558,1776511902089,1776511902090,1,SUCCESS
A,gamma,559,1776511902089,1776511902090,1,SUCCESS
A,gamma,560,1776511902089,1776511902090,1,SUCCESS
A,gamma,561,1776511902089,1776511902090,1,SUCCESS
A,gamma,562,1776511902089,1776511902090,1,SUCCESS
A,gamma,563,1776511902089,1776511902090,1,SUCCESS
A,gamma,564,1776511902089,1776511902090,1,SUCCESS
A,gamma,565,1776511902089,1776511902090,1,SUCCESS
A,gamma,566,1776511902089,1776511902090,1,SUCCESS
A,gamma,567,1776511902089,1776511902090,1,SUCCESS
A,gamma,568,1776511902089,1776511902090,1,SUCCESS
A,gamma,569,1776511902089,1776511902090,1,SUCCESS
A,gamma,570,1776511902089,1776511902090,1,SUCCESS
A,gamma,571,1776511902089,1776511902090,1,SUCCESS
A,gamma,572,1776511902089,1776511902090,1,SUCCESS
A,gamma,573,1776511902089,1776511902090,1,SUCCESS
A,gamma,574,1776511902089,1776511902090,1,SUCCESS
A,gamma,575,1776511902089,1776511902090,1,SUCCESS
A,gamma,576,1776511902089,1776511902090,1,SUCCESS
A,gamma,577,1776511902089,1776511902090,1,SUCCESS
A,gamma,578,1776511902089,1776511902090,1,SUCCESS
A,gamma,579,1776511902089,1776511902090,1,SUCCESS
A,gamma,580,1776511902089,1776511902090,1,SUCCESS
A,gamma,581,1776511902089,1776511902090,1,SUCCESS
A,gamma,582,1776511902089,1776511902090,1,SUCCESS
A,gamma,583,1776511902089,1776511902090,1,SUCCESS
A,gamma,584,1776511902089,1776511902090,1,SUCCESS
A,gamma,585,1776511902089,1776511902090,1,SUCCESS
A,gamma,586,1776511902089,1776511902090,1,SUCCESS
A,gamma,587,1776511902089,1776511902090,1,SUCCESS
A,gamma,588,1776511902089,1776511902090,1,SUCCESS
A,gamma,589,1776511902089,1776511902090,1,SUCCESS
A,gamma,590,1776511902089,1776511902090,1,SUCCESS
A,gamma,591,1776511902089,1776511902090,1,SUCCESS
A,gamma,592,1776511902089,1776511902090,1,SUCCESS
A,gamma,593,1776511902089,1776511902090,1,SUCCESS
A,gamma,594,1776511902089,1776511902090,1,SUCCESS
A,gamma,595,1776511902089,1776511902090,1,SUCCESS
A,gamma,596,1776511902089,1776511902090,1,SUCCESS
A,gamma,597,1776511902089,1776511902090,1,SUCCESS
A,gamma,598,1776511902089,1776511902090,1,SUCCESS
A,gamma,599,1776511902089,1776511902090,1,SUCCESS
A,gamma,600,1776511902089,1776511902090,1,SUCCESS
A,gamma,601,1776511902089,1776511902090,1,SUCCESS
A,gamma,602,1776511902089,1776511902090,1,SUCCESS
A,gamma,603,1776511902089,1776511902090,1,SUCCESS
A,gamma,604,1776511902089,1776511902090,1,SUCCESS
A,gamma,605,1776511902089,1776511902090,1,SUCCESS
A,gamma,606,1776511902089,1776511902090,1,SUCCESS
A,gamma,607,1776511902089,1776511902090,1,SUCCESS
A,gamma,608,1776511902089,1776511902090,1,SUCCESS
A,gamma,609,1776511902089,1776511902090,1,SUCCESS
A,gamma,610,1776511902089,1776511902090,1,SUCCESS
A,gamma,611,1776511902089,1776511902090,1,SUCCESS
A,gamma,612,1776511902089,1776511902090,1,SUCCESS
A,gamma,613,1776511902089,1776511902090,1,SUCCESS
A,gamma,614,1776511902089,1776511902090,1,SUCCESS
A,gamma,615,1776511902089,1776511902090,1,SUCCESS
A,gamma,616,1776511902089,1776511902090,1,SUCCESS
A,gamma,617,1776511902089,1776511902090,1,SUCCESS
A,gamma,618,1776511902089,1776511902090,1,SUCCESS
A,gamma,619,1776511902089,1776511902090,1,SUCCESS
A,gamma,620,1776511902089,1776511902090,1,SUCCESS
A,gamma,621,1776511902089,1776511902090,1,SUCCESS
A,gamma,622,1776511902089,1776511902090,1,SUCCESS
A,gamma,623,1776511902089,1776511902090,1,SUCCESS
A,gamma,624,1776511902089,1776511902090,1,SUCCESS
A,gamma,625,1776511902089,1776511902090,1,SUCCESS
A,gamma,626,1776511902089,1776511902090,1,SUCCESS
A,gamma,627,1776511902089,1776511902090,1,SUCCESS
A,gamma,628,1776511902089,1776511902090,1,SUCCESS
A,gamma,629,1776511902089,1776511902090,1,SUCCESS
A,gamma,630,1776511902089,1776511902090,1,SUCCESS
A,gamma,631,1776511902089,1776511902090,1,SUCCESS
A,gamma,632,1776511902089,1776511902090,1,SUCCESS
A,gamma,633,1776511902089,1776511902090,1,SUCCESS
A,gamma,634,1776511902089,1776511902090,1,SUCCESS
A,gamma,635,1776511902089,1776511902090,1,SUCCESS
A,gamma,636,1776511902089,1776511902090,1,SUCCESS
A,gamma,637,1776511902089,1776511902090,1,SUCCESS
A,gamma,638,1776511902089,1776511902090,1,SUCCESS
A,gamma,639,1776511902089,1776511902090,1,SUCCESS
A,gamma,640,1776511902089,1776511902090,1,SUCCESS
A,gamma,641,1776511902089,1776511902090,1,SUCCESS
A,gamma,642,1776511902089,1776511902090,1,SUCCESS
A,gamma,643,1776511902089,1776511902090,1,SUCCESS
A,gamma,644,1776511902089,1776511902090,1,SUCCESS
A,gamma,645,1776511902089,1776511902090,1,SUCCESS
A,gamma,646,1776511902089,1776511902090,1,SUCCESS
A,gamma,647,1776511902089,1776511902090,1,SUCCESS
A,gamma,648,1776511902089,1776511902090,1,SUCCESS
A,gamma,649,1776511902089,1776511902090,1,SUCCESS
A,gamma,650,1776511902089,1776511902090,1,SUCCESS
A,gamma,651,1776511902090,1776511902090,0,SUCCESS
A,gamma,652,1776511902090,1776511902090,0,SUCCESS
A,gamma,653,1776511902090,1776511902090,0,SUCCESS
A,gamma,654,1776511902090,1776511902090,0,SUCCESS
A,gamma,655,1776511902090,1776511902090,0,SUCCESS
A,gamma,656,1776511902090,1776511902090,0,SUCCESS
A,gamma,657,1776511902090,1776511902090,0,SUCCESS
A,gamma,658,1776511902090,1776511902090,0,SUCCESS
A,gamma,659,1776511902090,1776511902090,0,SUCCESS
A,gamma,660,1776511902090,1776511902090,0,SUCCESS
A,gamma,661,1776511902090,1776511902090,0,SUCCESS
A,gamma,662,1776511902090,1776511902090,0,SUCCESS
A,gamma,663,1776511902090,1776511902090,0,SUCCESS
A,gamma,664,1776511902090,1776511902090,0,SUCCESS
A,gamma,665,1776511902090,1776511902090,0,SUCCESS
A,gamma,666,1776511902090,1776511902090,0,SUCCESS
A,gamma,667,1776511902090,1776511902090,0,SUCCESS
A,gamma,668,1776511902090,1776511902090,0,SUCCESS
A,gamma,669,1776511902090,1776511902090,0,SUCCESS
A,gamma,670,1776511902090,1776511902090,0,SUCCESS
A,gamma,671,1776511902090,1776511902090,0,SUCCESS
A,gamma,672,1776511902090,1776511902090,0,SUCCESS
A,gamma,673,1776511902090,1776511902090,0,SUCCESS
A,gamma,674,1776511902090,1776511902090,0,SUCCESS
A,gamma,675,1776511902090,1776511902090,0,SUCCESS
A,gamma,676,1776511902090,1776511902090,0,SUCCESS
A,gamma,677,1776511902090,1776511902090,0,SUCCESS
A,gamma,678,1776511902090,1776511902090,0,SUCCESS
A,gamma,679,1776511902090,1776511902090,0,SUCCESS
A,gamma,680,1776511902090,1776511902090,0,SUCCESS
A,gamma,681,1776511902090,1776511902090,0,SUCCESS
A,gamma,682,1776511902090,1776511902090,0,SUCCESS
A,gamma,683,1776511902090,1776511902090,0,SUCCESS
A,gamma,684,1776511902090,1776511902090,0,SUCCESS
A,gamma,685,1776511902090,1776511902090,0,SUCCESS
A,gamma,686,1776511902090,1776511902090,0,SUCCESS
A,gamma,687,1776511902090,1776511902090,0,SUCCESS
A,gamma,688,1776511902090,1776511902090,0,SUCCESS
A,gamma,689,1776511902090,1776511902090,0,SUCCESS
A,gamma,690,1776511902090,1776511902090,0,SUCCESS
A,gamma,691,1776511902090,1776511902090,0,SUCCESS
A,gamma,692,1776511902090,1776511902090,0,SUCCESS
A,gamma,693,1776511902090,1776511902090,0,SUCCESS
A,gamma,694,1776511902090,1776511902090,0,SUCCESS
A,gamma,695,1776511902090,1776511902090,0,SUCCESS
A,gamma,696,1776511902090,1776511902090,0,SUCCESS
A,gamma,697,1776511902090,1776511902090,0,SUCCESS
A,gamma,698,1776511902090,1776511902090,0,SUCCESS
A,gamma,699,1776511902090,1776511902090,0,SUCCESS
A,gamma,700,1776511902090,1776511902090,0,SUCCESS
A,gamma,701,1776511902090,1776511902090,0,SUCCESS
A,gamma,702,1776511902090,1776511902090,0,SUCCESS
A,gamma,703,1776511902090,1776511902090,0,SUCCESS
A,gamma,704,1776511902090,1776511902090,0,SUCCESS
A,gamma,705,1776511902090,1776511902090,0,SUCCESS
A,gamma,706,1776511902090,1776511902090,0,SUCCESS
A,gamma,707,1776511902090,1776511902090,0,SUCCESS
A,gamma,708,1776511902090,1776511902090,0,SUCCESS
A,gamma,709,1776511902090,1776511902090,0,SUCCESS
A,gamma,710,1776511902090,1776511902090,0,SUCCESS
A,gamma,711,1776511902090,1776511902090,0,SUCCESS
A,gamma,712,1776511902090,1776511902090,0,SUCCESS
A,gamma,713,1776511902090,1776511902090,0,SUCCESS
A,gamma,714,1776511902090,1776511902090,0,SUCCESS
A,gamma,715,1776511902090,1776511902090,0,SUCCESS
A,gamma,716,1776511902090,1776511902090,0,SUCCESS
A,gamma,717,1776511902090,1776511902090,0,SUCCESS
A,gamma,718,1776511902090,1776511902090,0,SUCCESS
A,gamma,719,1776511902090,1776511902090,0,SUCCESS
A,gamma,720,1776511902090,1776511902090,0,SUCCESS
A,gamma,721,1776511902090,1776511902090,0,SUCCESS
A,gamma,722,1776511902090,1776511902090,0,SUCCESS
A,gamma,723,1776511902090,1776511902090,0,SUCCESS
A,gamma,724,1776511902090,1776511902090,0,SUCCESS
A,gamma,725,1776511902090,1776511902090,0,SUCCESS
A,gamma,726,1776511902090,1776511902090,0,SUCCESS
A,gamma,727,1776511902090,1776511902090,0,SUCCESS
A,gamma,728,1776511902090,1776511902090,0,SUCCESS
A,gamma,729,1776511902090,1776511902090,0,SUCCESS
A,gamma,730,1776511902090,1776511902090,0,SUCCESS
A,gamma,731,1776511902090,1776511902090,0,SUCCESS
A,gamma,732,1776511902090,1776511902090,0,SUCCESS
A,gamma,733,1776511902090,1776511902090,0,SUCCESS
A,gamma,734,1776511902090,1776511902090,0,SUCCESS
A,gamma,735,1776511902090,1776511902090,0,SUCCESS
A,gamma,736,1776511902090,1776511902090,0,SUCCESS
A,gamma,737,1776511902090,1776511902090,0,SUCCESS
A,gamma,738,1776511902090,1776511902090,0,SUCCESS
A,gamma,739,1776511902090,1776511902090,0,SUCCESS
A,gamma,740,1776511902090,1776511902090,0,SUCCESS
A,gamma,741,1776511902090,1776511902090,0,SUCCESS
A,gamma,742,1776511902090,1776511902090,0,SUCCESS
A,gamma,743,1776511902090,1776511902090,0,SUCCESS
A,gamma,744,1776511902090,1776511902090,0,SUCCESS
A,gamma,745,1776511902090,1776511902090,0,SUCCESS
A,gamma,746,1776511902090,1776511902090,0,SUCCESS
A,gamma,747,1776511902090,1776511902090,0,SUCCESS
A,gamma,748,1776511902090,1776511902090,0,SUCCESS
A,gamma,749,1776511902090,1776511902090,0,SUCCESS
A,gamma,750,1776511902090,1776511902090,0,SUCCESS
A,gamma,751,1776511902090,1776511902090,0,SUCCESS
A,gamma,752,1776511902090,1776511902090,0,SUCCESS
A,gamma,753,1776511902090,1776511902090,0,SUCCESS
A,gamma,754,1776511902090,1776511902090,0,SUCCESS
A,gamma,755,1776511902090,1776511902090,0,SUCCESS
A,gamma,756,1776511902090,1776511902090,0,SUCCESS
A,gamma,757,1776511902090,1776511902090,0,SUCCESS
A,gamma,758,1776511902090,1776511902090,0,SUCCESS
A,gamma,759,1776511902090,1776511902090,0,SUCCESS
A,gamma,760,1776511902090,1776511902090,0,SUCCESS
A,gamma,761,1776511902090,1776511902090,0,SUCCESS
A,gamma,762,1776511902090,1776511902090,0,SUCCESS
A,gamma,763,1776511902090,1776511902090,0,SUCCESS
A,gamma,764,1776511902090,1776511902090,0,SUCCESS
A,gamma,765,1776511902090,1776511902090,0,SUCCESS
A,gamma,766,1776511902090,1776511902090,0,SUCCESS
A,gamma,767,1776511902090,1776511902090,0,SUCCESS
A,gamma,768,1776511902090,1776511902090,0,SUCCESS
A,gamma,769,1776511902090,1776511902090,0,SUCCESS
A,gamma,770,1776511902090,1776511902090,0,SUCCESS
A,gamma,771,1776511902090,1776511902090,0,SUCCESS
A,gamma,772,1776511902090,1776511902090,0,SUCCESS
A,gamma,773,1776511902090,1776511902090,0,SUCCESS
A,gamma,774,1776511902090,1776511902090,0,SUCCESS
A,gamma,775,1776511902090,1776511902090,0,SUCCESS
A,gamma,776,1776511902090,1776511902090,0,SUCCESS
A,gamma,777,1776511902090,1776511902090,0,SUCCESS
A,gamma,778,1776511902090,1776511902090,0,SUCCESS
A,gamma,779,1776511902090,1776511902090,0,SUCCESS
A,gamma,780,1776511902090,1776511902090,0,SUCCESS
A,gamma,781,1776511902090,1776511902090,0,SUCCESS
A,gamma,782,1776511902090,1776511902090,0,SUCCESS
A,gamma,783,1776511902090,1776511902090,0,SUCCESS
A,gamma,784,1776511902090,1776511902090,0,SUCCESS
A,gamma,785,1776511902090,1776511902090,0,SUCCESS
A,gamma,786,1776511902090,1776511902090,0,SUCCESS
A,gamma,787,1776511902090,1776511902090,0,SUCCESS
A,gamma,788,1776511902090,1776511902090,0,SUCCESS
A,gamma,789,1776511902090,1776511902090,0,SUCCESS
A,gamma,790,1776511902090,1776511902090,0,SUCCESS
A,gamma,791,1776511902090,1776511902090,0,SUCCESS
A,gamma,792,1776511902090,1776511902090,0,SUCCESS
A,gamma,793,1776511902090,1776511902090,0,SUCCESS
A,gamma,794,1776511902090,1776511902090,0,SUCCESS
A,gamma,795,1776511902090,1776511902090,0,SUCCESS
A,gamma,796,1776511902090,1776511902090,0,SUCCESS
A,gamma,797,1776511902090,1776511902090,0,SUCCESS
A,gamma,798,1776511902090,1776511902090,0,SUCCESS
A,gamma,799,1776511902090,1776511902090,0,SUCCESS
A,gamma,800,1776511902090,1776511902090,0,SUCCESS
A,gamma,801,1776511902090,1776511902090,0,SUCCESS
A,gamma,802,1776511902090,1776511902090,0,SUCCESS
A,gamma,803,1776511902090,1776511902090,0,SUCCESS
A,gamma,804,1776511902090,1776511902090,0,SUCCESS
A,gamma,805,1776511902090,1776511902090,0,SUCCESS
A,gamma,806,1776511902090,1776511902090,0,SUCCESS
A,gamma,807,1776511902090,1776511902090,0,SUCCESS
A,gamma,808,1776511902090,1776511902090,0,SUCCESS
A,gamma,809,1776511902090,1776511902090,0,SUCCESS
A,gamma,810,1776511902090,1776511902090,0,SUCCESS
A,gamma,811,1776511902090,1776511902090,0,SUCCESS
A,gamma,812,1776511902090,1776511902090,0,SUCCESS
A,gamma,813,1776511902090,1776511902090,0,SUCCESS
A,gamma,814,1776511902090,1776511902090,0,SUCCESS
A,gamma,815,1776511902090,1776511902090,0,SUCCESS
A,gamma,816,1776511902090,1776511902090,0,SUCCESS
A,gamma,817,1776511902090,1776511902090,0,SUCCESS
A,gamma,818,1776511902090,1776511902090,0,SUCCESS
A,gamma,819,1776511902090,1776511902090,0,SUCCESS
A,gamma,820,1776511902090,1776511902090,0,SUCCESS
A,gamma,821,1776511902090,1776511902090,0,SUCCESS
A,gamma,822,1776511902090,1776511902090,0,SUCCESS
A,gamma,823,1776511902090,1776511902090,0,SUCCESS
A,gamma,824,1776511902090,1776511902090,0,SUCCESS
A,gamma,825,1776511902090,1776511902090,0,SUCCESS
A,gamma,826,1776511902090,1776511902090,0,SUCCESS
A,gamma,827,1776511902090,1776511902090,0,SUCCESS
A,gamma,828,1776511902090,1776511902090,0,SUCCESS
A,gamma,829,1776511902090,1776511902090,0,SUCCESS
A,gamma,830,1776511902090,1776511902090,0,SUCCESS
A,gamma,831,1776511902090,1776511902090,0,SUCCESS
A,gamma,832,1776511902090,1776511902090,0,SUCCESS
A,gamma,833,1776511902090,1776511902090,0,SUCCESS
A,gamma,834,1776511902090,1776511902090,0,SUCCESS
A,gamma,835,1776511902090,1776511902090,0,SUCCESS
A,gamma,836,1776511902090,1776511902090,0,SUCCESS
A,gamma,837,1776511902090,1776511902090,0,SUCCESS
A,gamma,838,1776511902090,1776511902090,0,SUCCESS
A,gamma,839,1776511902090,1776511902090,0,SUCCESS
A,gamma,840,1776511902090,1776511902090,0,SUCCESS
A,gamma,841,1776511902090,1776511902090,0,SUCCESS
A,gamma,842,1776511902090,1776511902090,0,SUCCESS
A,gamma,843,1776511902090,1776511902090,0,SUCCESS
A,gamma,844,1776511902090,1776511902090,0,SUCCESS
A,gamma,845,1776511902090,1776511902090,0,SUCCESS
A,gamma,846,1776511902090,1776511902090,0,SUCCESS
A,gamma,847,1776511902090,1776511902090,0,SUCCESS
A,gamma,848,1776511902090,1776511902090,0,SUCCESS
A,gamma,849,1776511902090,1776511902090,0,SUCCESS
A,gamma,850,1776511902090,1776511902090,0,SUCCESS
A,gamma,851,1776511902090,1776511902090,0,SUCCESS
A,gamma,852,1776511902090,1776511902090,0,SUCCESS
A,gamma,853,1776511902090,1776511902090,0,SUCCESS
A,gamma,854,1776511902090,1776511902090,0,SUCCESS
A,gamma,855,1776511902090,1776511902090,0,SUCCESS
A,gamma,856,1776511902090,1776511902090,0,SUCCESS
A,gamma,857,1776511902090,1776511902090,0,SUCCESS
A,gamma,858,1776511902090,1776511902090,0,SUCCESS
A,gamma,859,1776511902090,1776511902090,0,SUCCESS
A,gamma,860,1776511902090,1776511902090,0,SUCCESS
A,gamma,861,1776511902090,1776511902090,0,SUCCESS
A,gamma,862,1776511902090,1776511902090,0,SUCCESS
A,gamma,863,1776511902090,1776511902090,0,SUCCESS
A,gamma,864,1776511902090,1776511902090,0,SUCCESS
A,gamma,865,1776511902090,1776511902090,0,SUCCESS
A,gamma,866,1776511902090,1776511902090,0,SUCCESS
A,gamma,867,1776511902090,1776511902090,0,SUCCESS
A,gamma,868,1776511902090,1776511902090,0,SUCCESS
A,gamma,869,1776511902090,1776511902090,0,SUCCESS
A,gamma,870,1776511902090,1776511902090,0,SUCCESS
A,gamma,871,1776511902090,1776511902090,0,SUCCESS
A,gamma,872,1776511902090,1776511902090,0,SUCCESS
A,gamma,873,1776511902090,1776511902090,0,SUCCESS
A,gamma,874,1776511902090,1776511902090,0,SUCCESS
A,gamma,875,1776511902090,1776511902090,0,SUCCESS
A,gamma,876,1776511902090,1776511902090,0,SUCCESS
A,gamma,877,1776511902090,1776511902090,0,SUCCESS
A,gamma,878,1776511902090,1776511902090,0,SUCCESS
A,gamma,879,1776511902090,1776511902090,0,SUCCESS
A,gamma,880,1776511902090,1776511902090,0,SUCCESS
A,gamma,881,1776511902090,1776511902090,0,SUCCESS
A,gamma,882,1776511902090,1776511902090,0,SUCCESS
A,gamma,883,1776511902090,1776511902090,0,SUCCESS
A,gamma,884,1776511902090,1776511902090,0,SUCCESS
A,gamma,885,1776511902090,1776511902090,0,SUCCESS
A,gamma,886,1776511902090,1776511902090,0,SUCCESS
A,gamma,887,1776511902090,1776511902090,0,SUCCESS
A,gamma,888,1776511902090,1776511902090,0,SUCCESS
A,gamma,889,1776511902090,1776511902090,0,SUCCESS
A,gamma,890,1776511902090,1776511902090,0,SUCCESS
A,gamma,891,1776511902090,1776511902090,0,SUCCESS
A,gamma,892,1776511902090,1776511902090,0,SUCCESS
A,gamma,893,1776511902090,1776511902090,0,SUCCESS
A,gamma,894,1776511902090,1776511902090,0,SUCCESS
A,gamma,895,1776511902090,1776511902090,0,SUCCESS
A,gamma,896,1776511902090,1776511902090,0,SUCCESS
A,gamma,897,1776511902090,1776511902090,0,SUCCESS
A,gamma,898,1776511902090,1776511902090,0,SUCCESS
A,gamma,899,1776511902090,1776511902090,0,SUCCESS
A,gamma,900,1776511902090,1776511902090,0,SUCCESS
A,gamma,901,1776511902090,1776511902090,0,SUCCESS
A,gamma,902,1776511902090,1776511902090,0,SUCCESS
A,gamma,903,1776511902090,1776511902090,0,SUCCESS
A,gamma,904,1776511902090,1776511902090,0,SUCCESS
A,gamma,905,1776511902090,1776511902090,0,SUCCESS
A,gamma,906,1776511902090,1776511902090,0,SUCCESS
A,gamma,907,1776511902090,1776511902090,0,SUCCESS
A,gamma,908,1776511902090,1776511902090,0,SUCCESS
A,gamma,909,1776511902090,1776511902090,0,SUCCESS
A,gamma,910,1776511902090,1776511902090,0,SUCCESS
A,gamma,911,1776511902090,1776511902090,0,SUCCESS
A,gamma,912,1776511902090,1776511902090,0,SUCCESS
A,gamma,913,1776511902090,1776511902090,0,SUCCESS
A,gamma,914,1776511902090,1776511902090,0,SUCCESS
A,gamma,915,1776511902090,1776511902090,0,SUCCESS
A,gamma,916,1776511902090,1776511902090,0,SUCCESS
A,gamma,917,1776511902090,1776511902090,0,SUCCESS
A,gamma,918,1776511902090,1776511902090,0,SUCCESS
A,gamma,919,1776511902090,1776511902090,0,SUCCESS
A,gamma,920,1776511902090,1776511902090,0,SUCCESS
A,gamma,921,1776511902090,1776511902090,0,SUCCESS
A,gamma,922,1776511902090,1776511902090,0,SUCCESS
A,gamma,923,1776511902090,1776511902090,0,SUCCESS
A,gamma,924,1776511902090,1776511902090,0,SUCCESS
A,gamma,925,1776511902090,1776511902090,0,SUCCESS
A,gamma,926,1776511902090,1776511902090,0,SUCCESS
A,gamma,927,1776511902090,1776511902090,0,SUCCESS
A,gamma,928,1776511902090,1776511902090,0,SUCCESS
A,gamma,929,1776511902090,1776511902090,0,SUCCESS
A,gamma,930,1776511902090,1776511902090,0,SUCCESS
A,gamma,931,1776511902090,1776511902090,0,SUCCESS
A,gamma,932,1776511902090,1776511902090,0,SUCCESS
A,gamma,933,1776511902090,1776511902090,0,SUCCESS
A,gamma,934,1776511902090,1776511902090,0,SUCCESS
A,gamma,935,1776511902090,1776511902090,0,SUCCESS
A,gamma,936,1776511902090,1776511902090,0,SUCCESS
A,gamma,937,1776511902090,1776511902090,0,SUCCESS
A,gamma,938,1776511902090,1776511902090,0,SUCCESS
A,gamma,939,1776511902090,1776511902090,0,SUCCESS
A,gamma,940,1776511902090,1776511902090,0,SUCCESS
A,gamma,941,1776511902090,1776511902090,0,SUCCESS
A,gamma,942,1776511902090,1776511902090,0,SUCCESS
A,gamma,943,1776511902090,1776511902090,0,SUCCESS
A,gamma,944,1776511902090,1776511902090,0,SUCCESS
A,gamma,945,1776511902090,1776511902090,0,SUCCESS
A,gamma,946,1776511902090,1776511902090,0,SUCCESS
A,gamma,947,1776511902090,1776511902090,0,SUCCESS
A,gamma,948,1776511902090,1776511902090,0,SUCCESS
A,gamma,949,1776511902090,1776511902090,0,SUCCESS
A,gamma,950,1776511902090,1776511902090,0,SUCCESS
A,gamma,951,1776511902090,1776511902090,0,SUCCESS
A,gamma,952,1776511902090,1776511902090,0,SUCCESS
A,gamma,953,1776511902090,1776511902090,0,SUCCESS
A,gamma,954,1776511902090,1776511902090,0,SUCCESS
A,gamma,955,1776511902090,1776511902090,0,SUCCESS
A,gamma,956,1776511902090,1776511902090,0,SUCCESS
A,gamma,957,1776511902090,1776511902090,0,SUCCESS
A,gamma,958,1776511902090,1776511902090,0,SUCCESS
A,gamma,959,1776511902090,1776511902090,0,SUCCESS
A,gamma,960,1776511902090,1776511902090,0,SUCCESS
A,gamma,961,1776511902090,1776511902090,0,SUCCESS
A,gamma,962,1776511902090,1776511902090,0,SUCCESS
A,gamma,963,1776511902090,1776511902090,0,SUCCESS
A,gamma,964,1776511902090,1776511902090,0,SUCCESS
A,gamma,965,1776511902090,1776511902090,0,SUCCESS
A,gamma,966,1776511902090,1776511902090,0,SUCCESS
A,gamma,967,1776511902090,1776511902090,0,SUCCESS
A,gamma,968,1776511902090,1776511902090,0,SUCCESS
A,gamma,969,1776511902090,1776511902090,0,SUCCESS
A,gamma,970,1776511902090,1776511902090,0,SUCCESS
A,gamma,971,1776511902090,1776511902091,1,SUCCESS
A,gamma,972,1776511902090,1776511902091,1,SUCCESS
A,gamma,973,1776511902090,1776511902091,1,SUCCESS
A,gamma,974,1776511902090,1776511902091,1,SUCCESS
A,gamma,975,1776511902090,1776511902091,1,SUCCESS
A,gamma,976,1776511902090,1776511902091,1,SUCCESS
A,gamma,977,1776511902090,1776511902091,1,SUCCESS
A,gamma,978,1776511902090,1776511902091,1,SUCCESS
A,gamma,979,1776511902090,1776511902091,1,SUCCESS
A,gamma,980,1776511902090,1776511902091,1,SUCCESS
A,gamma,981,1776511902090,1776511902091,1,SUCCESS
A,gamma,982,1776511902090,1776511902091,1,SUCCESS
A,gamma,983,1776511902090,1776511902091,1,SUCCESS
A,gamma,984,1776511902090,1776511902091,1,SUCCESS
A,gamma,985,1776511902090,1776511902091,1,SUCCESS
A,gamma,986,1776511902090,1776511902091,1,SUCCESS
A,gamma,987,1776511902090,1776511902091,1,SUCCESS
A,gamma,988,1776511902090,1776511902091,1,SUCCESS
A,gamma,989,1776511902090,1776511902091,1,SUCCESS
A,gamma,990,1776511902090,1776511902091,1,SUCCESS
A,gamma,991,1776511902090,1776511902091,1,SUCCESS
A,gamma,992,1776511902090,1776511902091,1,SUCCESS
A,gamma,993,1776511902090,1776511902091,1,SUCCESS
A,gamma,994,1776511902090,1776511902091,1,SUCCESS
A,gamma,995,1776511902090,1776511902091,1,SUCCESS
A,gamma,996,1776511902090,1776511902091,1,SUCCESS
A,gamma,997,1776511902090,1776511902091,1,SUCCESS
A,gamma,998,1776511902090,1776511902091,1,SUCCESS
A,gamma,999,1776511902090,1776511902091,1,SUCCESS
A,delta,0,1776511902090,1776511902091,1,SUCCESS
A,delta,1,1776511902090,1776511902091,1,SUCCESS
A,delta,2,1776511902090,1776511902091,1,SUCCESS
A,delta,3,1776511902090,1776511902091,1,SUCCESS
A,delta,4,1776511902090,1776511902091,1,SUCCESS
A,delta,5,1776511902090,1776511902091,1,SUCCESS
A,delta,6,1776511902090,1776511902091,1,SUCCESS
A,delta,7,1776511902090,1776511902091,1,SUCCESS
A,delta,8,1776511902090,1776511902091,1,SUCCESS
A,delta,9,1776511902090,1776511902091,1,SUCCESS
A,delta,10,1776511902090,1776511902091,1,SUCCESS
A,delta,11,1776511902090,1776511902091,1,SUCCESS
A,delta,12,1776511902090,1776511902091,1,SUCCESS
A,delta,13,1776511902090,1776511902091,1,SUCCESS
A,delta,14,1776511902090,1776511902091,1,SUCCESS
A,delta,15,1776511902090,1776511902091,1,SUCCESS
A,delta,16,1776511902090,1776511902091,1,SUCCESS
A,delta,17,1776511902090,1776511902091,1,SUCCESS
A,delta,18,1776511902090,1776511902091,1,SUCCESS
A,delta,19,1776511902090,1776511902091,1,SUCCESS
A,delta,20,1776511902090,1776511902091,1,SUCCESS
A,delta,21,1776511902090,1776511902091,1,SUCCESS
A,delta,22,1776511902090,1776511902091,1,SUCCESS
A,delta,23,1776511902090,1776511902091,1,SUCCESS
A,delta,24,1776511902090,1776511902091,1,SUCCESS
A,delta,25,1776511902090,1776511902091,1,SUCCESS
A,delta,26,1776511902090,1776511902091,1,SUCCESS
A,delta,27,1776511902090,1776511902091,1,SUCCESS
A,delta,28,1776511902090,1776511902091,1,SUCCESS
A,delta,29,1776511902090,1776511902091,1,SUCCESS
A,delta,30,1776511902090,1776511902091,1,SUCCESS
A,delta,31,1776511902090,1776511902091,1,SUCCESS
A,delta,32,1776511902090,1776511902091,1,SUCCESS
A,delta,33,1776511902090,1776511902091,1,SUCCESS
A,delta,34,1776511902090,1776511902091,1,SUCCESS
A,delta,35,1776511902090,1776511902091,1,SUCCESS
A,delta,36,1776511902090,1776511902091,1,SUCCESS
A,delta,37,1776511902090,1776511902091,1,SUCCESS
A,delta,38,1776511902090,1776511902091,1,SUCCESS
A,delta,39,1776511902090,1776511902091,1,SUCCESS
A,delta,40,1776511902090,1776511902091,1,SUCCESS
A,delta,41,1776511902090,1776511902091,1,SUCCESS
A,delta,42,1776511902090,1776511902091,1,SUCCESS
A,delta,43,1776511902090,1776511902091,1,SUCCESS
A,delta,44,1776511902090,1776511902091,1,SUCCESS
A,delta,45,1776511902090,1776511902091,1,SUCCESS
A,delta,46,1776511902090,1776511902091,1,SUCCESS
A,delta,47,1776511902090,1776511902091,1,SUCCESS
A,delta,48,1776511902090,1776511902091,1,SUCCESS
A,delta,49,1776511902090,1776511902091,1,SUCCESS
A,delta,50,1776511902090,1776511902091,1,SUCCESS
A,delta,51,1776511902090,1776511902091,1,SUCCESS
A,delta,52,1776511902090,1776511902091,1,SUCCESS
A,delta,53,1776511902090,1776511902091,1,SUCCESS
A,delta,54,1776511902090,1776511902091,1,SUCCESS
A,delta,55,1776511902090,1776511902091,1,SUCCESS
A,delta,56,1776511902090,1776511902091,1,SUCCESS
A,delta,57,1776511902090,1776511902091,1,SUCCESS
A,delta,58,1776511902090,1776511902091,1,SUCCESS
A,delta,59,1776511902090,1776511902091,1,SUCCESS
A,delta,60,1776511902090,1776511902091,1,SUCCESS
A,delta,61,1776511902090,1776511902091,1,SUCCESS
A,delta,62,1776511902090,1776511902091,1,SUCCESS
A,delta,63,1776511902090,1776511902091,1,SUCCESS
A,delta,64,1776511902090,1776511902091,1,SUCCESS
A,delta,65,1776511902090,1776511902091,1,SUCCESS
A,delta,66,1776511902090,1776511902091,1,SUCCESS
A,delta,67,1776511902090,1776511902091,1,SUCCESS
A,delta,68,1776511902090,1776511902091,1,SUCCESS
A,delta,69,1776511902090,1776511902091,1,SUCCESS
A,delta,70,1776511902090,1776511902091,1,SUCCESS
A,delta,71,1776511902090,1776511902091,1,SUCCESS
A,delta,72,1776511902090,1776511902091,1,SUCCESS
A,delta,73,1776511902090,1776511902091,1,SUCCESS
A,delta,74,1776511902090,1776511902091,1,SUCCESS
A,delta,75,1776511902090,1776511902091,1,SUCCESS
A,delta,76,1776511902090,1776511902091,1,SUCCESS
A,delta,77,1776511902090,1776511902091,1,SUCCESS
A,delta,78,1776511902090,1776511902091,1,SUCCESS
A,delta,79,1776511902090,1776511902091,1,SUCCESS
A,delta,80,1776511902090,1776511902091,1,SUCCESS
A,delta,81,1776511902090,1776511902091,1,SUCCESS
A,delta,82,1776511902090,1776511902091,1,SUCCESS
A,delta,83,1776511902090,1776511902091,1,SUCCESS
A,delta,84,1776511902090,1776511902091,1,SUCCESS
A,delta,85,1776511902090,1776511902091,1,SUCCESS
A,delta,86,1776511902090,1776511902091,1,SUCCESS
A,delta,87,1776511902090,1776511902091,1,SUCCESS
A,delta,88,1776511902090,1776511902091,1,SUCCESS
A,delta,89,1776511902090,1776511902091,1,SUCCESS
A,delta,90,1776511902090,1776511902091,1,SUCCESS
A,delta,91,1776511902090,1776511902091,1,SUCCESS
A,delta,92,1776511902090,1776511902091,1,SUCCESS
A,delta,93,1776511902090,1776511902091,1,SUCCESS
A,delta,94,1776511902090,1776511902091,1,SUCCESS
A,delta,95,1776511902090,1776511902091,1,SUCCESS
A,delta,96,1776511902090,1776511902091,1,SUCCESS
A,delta,97,1776511902090,1776511902091,1,SUCCESS
A,delta,98,1776511902090,1776511902091,1,SUCCESS
A,delta,99,1776511902090,1776511902091,1,SUCCESS
A,delta,100,1776511902090,1776511902091,1,SUCCESS
A,delta,101,1776511902090,1776511902091,1,SUCCESS
A,delta,102,1776511902090,1776511902091,1,SUCCESS
A,delta,103,1776511902090,1776511902091,1,SUCCESS
A,delta,104,1776511902090,1776511902091,1,SUCCESS
A,delta,105,1776511902090,1776511902091,1,SUCCESS
A,delta,106,1776511902090,1776511902091,1,SUCCESS
A,delta,107,1776511902090,1776511902091,1,SUCCESS
A,delta,108,1776511902090,1776511902091,1,SUCCESS
A,delta,109,1776511902090,1776511902091,1,SUCCESS
A,delta,110,1776511902090,1776511902091,1,SUCCESS
A,delta,111,1776511902090,1776511902091,1,SUCCESS
A,delta,112,1776511902090,1776511902091,1,SUCCESS
A,delta,113,1776511902090,1776511902091,1,SUCCESS
A,delta,114,1776511902090,1776511902091,1,SUCCESS
A,delta,115,1776511902090,1776511902091,1,SUCCESS
A,delta,116,1776511902090,1776511902091,1,SUCCESS
A,delta,117,1776511902090,1776511902091,1,SUCCESS
A,delta,118,1776511902090,1776511902091,1,SUCCESS
A,delta,119,1776511902090,1776511902091,1,SUCCESS
A,delta,120,1776511902090,1776511902091,1,SUCCESS
A,delta,121,1776511902090,1776511902091,1,SUCCESS
A,delta,122,1776511902090,1776511902091,1,SUCCESS
A,delta,123,1776511902090,1776511902091,1,SUCCESS
A,delta,124,1776511902090,1776511902091,1,SUCCESS
A,delta,125,1776511902090,1776511902091,1,SUCCESS
A,delta,126,1776511902090,1776511902091,1,SUCCESS
A,delta,127,1776511902090,1776511902091,1,SUCCESS
A,delta,128,1776511902090,1776511902091,1,SUCCESS
A,delta,129,1776511902090,1776511902091,1,SUCCESS
A,delta,130,1776511902090,1776511902091,1,SUCCESS
A,delta,131,1776511902090,1776511902091,1,SUCCESS
A,delta,132,1776511902090,1776511902091,1,SUCCESS
A,delta,133,1776511902090,1776511902091,1,SUCCESS
A,delta,134,1776511902090,1776511902091,1,SUCCESS
A,delta,135,1776511902090,1776511902091,1,SUCCESS
A,delta,136,1776511902090,1776511902091,1,SUCCESS
A,delta,137,1776511902090,1776511902091,1,SUCCESS
A,delta,138,1776511902090,1776511902091,1,SUCCESS
A,delta,139,1776511902090,1776511902091,1,SUCCESS
A,delta,140,1776511902090,1776511902091,1,SUCCESS
A,delta,141,1776511902090,1776511902091,1,SUCCESS
A,delta,142,1776511902090,1776511902091,1,SUCCESS
A,delta,143,1776511902090,1776511902091,1,SUCCESS
A,delta,144,1776511902090,1776511902091,1,SUCCESS
A,delta,145,1776511902090,1776511902091,1,SUCCESS
A,delta,146,1776511902090,1776511902091,1,SUCCESS
A,delta,147,1776511902090,1776511902091,1,SUCCESS
A,delta,148,1776511902090,1776511902091,1,SUCCESS
A,delta,149,1776511902090,1776511902091,1,SUCCESS
A,delta,150,1776511902090,1776511902091,1,SUCCESS
A,delta,151,1776511902091,1776511902091,0,SUCCESS
A,delta,152,1776511902091,1776511902091,0,SUCCESS
A,delta,153,1776511902091,1776511902091,0,SUCCESS
A,delta,154,1776511902091,1776511902091,0,SUCCESS
A,delta,155,1776511902091,1776511902091,0,SUCCESS
A,delta,156,1776511902091,1776511902091,0,SUCCESS
A,delta,157,1776511902091,1776511902091,0,SUCCESS
A,delta,158,1776511902091,1776511902091,0,SUCCESS
A,delta,159,1776511902091,1776511902091,0,SUCCESS
A,delta,160,1776511902091,1776511902091,0,SUCCESS
A,delta,161,1776511902091,1776511902091,0,SUCCESS
A,delta,162,1776511902091,1776511902091,0,SUCCESS
A,delta,163,1776511902091,1776511902091,0,SUCCESS
A,delta,164,1776511902091,1776511902091,0,SUCCESS
A,delta,165,1776511902091,1776511902091,0,SUCCESS
A,delta,166,1776511902091,1776511902091,0,SUCCESS
A,delta,167,1776511902091,1776511902091,0,SUCCESS
A,delta,168,1776511902091,1776511902091,0,SUCCESS
A,delta,169,1776511902091,1776511902091,0,SUCCESS
A,delta,170,1776511902091,1776511902091,0,SUCCESS
A,delta,171,1776511902091,1776511902091,0,SUCCESS
A,delta,172,1776511902091,1776511902091,0,SUCCESS
A,delta,173,1776511902091,1776511902091,0,SUCCESS
A,delta,174,1776511902091,1776511902091,0,SUCCESS
A,delta,175,1776511902091,1776511902091,0,SUCCESS
A,delta,176,1776511902091,1776511902091,0,SUCCESS
A,delta,177,1776511902091,1776511902091,0,SUCCESS
A,delta,178,1776511902091,1776511902091,0,SUCCESS
A,delta,179,1776511902091,1776511902091,0,SUCCESS
A,delta,180,1776511902091,1776511902091,0,SUCCESS
A,delta,181,1776511902091,1776511902091,0,SUCCESS
A,delta,182,1776511902091,1776511902091,0,SUCCESS
A,delta,183,1776511902091,1776511902091,0,SUCCESS
A,delta,184,1776511902091,1776511902091,0,SUCCESS
A,delta,185,1776511902091,1776511902091,0,SUCCESS
A,delta,186,1776511902091,1776511902091,0,SUCCESS
A,delta,187,1776511902091,1776511902091,0,SUCCESS
A,delta,188,1776511902091,1776511902091,0,SUCCESS
A,delta,189,1776511902091,1776511902091,0,SUCCESS
A,delta,190,1776511902091,1776511902091,0,SUCCESS
A,delta,191,1776511902091,1776511902091,0,SUCCESS
A,delta,192,1776511902091,1776511902091,0,SUCCESS
A,delta,193,1776511902091,1776511902091,0,SUCCESS
A,delta,194,1776511902091,1776511902091,0,SUCCESS
A,delta,195,1776511902091,1776511902091,0,SUCCESS
A,delta,196,1776511902091,1776511902091,0,SUCCESS
A,delta,197,1776511902091,1776511902091,0,SUCCESS
A,delta,198,1776511902091,1776511902091,0,SUCCESS
A,delta,199,1776511902091,1776511902091,0,SUCCESS
A,delta,200,1776511902091,1776511902091,0,SUCCESS
A,delta,201,1776511902091,1776511902091,0,SUCCESS
A,delta,202,1776511902091,1776511902091,0,SUCCESS
A,delta,203,1776511902091,1776511902091,0,SUCCESS
A,delta,204,1776511902091,1776511902091,0,SUCCESS
A,delta,205,1776511902091,1776511902091,0,SUCCESS
A,delta,206,1776511902091,1776511902091,0,SUCCESS
A,delta,207,1776511902091,1776511902091,0,SUCCESS
A,delta,208,1776511902091,1776511902091,0,SUCCESS
A,delta,209,1776511902091,1776511902091,0,SUCCESS
A,delta,210,1776511902091,1776511902091,0,SUCCESS
A,delta,211,1776511902091,1776511902091,0,SUCCESS
A,delta,212,1776511902091,1776511902091,0,SUCCESS
A,delta,213,1776511902091,1776511902091,0,SUCCESS
A,delta,214,1776511902091,1776511902091,0,SUCCESS
A,delta,215,1776511902091,1776511902091,0,SUCCESS
A,delta,216,1776511902091,1776511902091,0,SUCCESS
A,delta,217,1776511902091,1776511902091,0,SUCCESS
A,delta,218,1776511902091,1776511902091,0,SUCCESS
A,delta,219,1776511902091,1776511902091,0,SUCCESS
A,delta,220,1776511902091,1776511902091,0,SUCCESS
A,delta,221,1776511902091,1776511902091,0,SUCCESS
A,delta,222,1776511902091,1776511902091,0,SUCCESS
A,delta,223,1776511902091,1776511902091,0,SUCCESS
A,delta,224,1776511902091,1776511902091,0,SUCCESS
A,delta,225,1776511902091,1776511902091,0,SUCCESS
A,delta,226,1776511902091,1776511902091,0,SUCCESS
A,delta,227,1776511902091,1776511902091,0,SUCCESS
A,delta,228,1776511902091,1776511902091,0,SUCCESS
A,delta,229,1776511902091,1776511902091,0,SUCCESS
A,delta,230,1776511902091,1776511902091,0,SUCCESS
A,delta,231,1776511902091,1776511902091,0,SUCCESS
A,delta,232,1776511902091,1776511902091,0,SUCCESS
A,delta,233,1776511902091,1776511902091,0,SUCCESS
A,delta,234,1776511902091,1776511902091,0,SUCCESS
A,delta,235,1776511902091,1776511902091,0,SUCCESS
A,delta,236,1776511902091,1776511902091,0,SUCCESS
A,delta,237,1776511902091,1776511902091,0,SUCCESS
A,delta,238,1776511902091,1776511902091,0,SUCCESS
A,delta,239,1776511902091,1776511902091,0,SUCCESS
A,delta,240,1776511902091,1776511902091,0,SUCCESS
A,delta,241,1776511902091,1776511902091,0,SUCCESS
A,delta,242,1776511902091,1776511902091,0,SUCCESS
A,delta,243,1776511902091,1776511902091,0,SUCCESS
A,delta,244,1776511902091,1776511902091,0,SUCCESS
A,delta,245,1776511902091,1776511902091,0,SUCCESS
A,delta,246,1776511902091,1776511902091,0,SUCCESS
A,delta,247,1776511902091,1776511902091,0,SUCCESS
A,delta,248,1776511902091,1776511902091,0,SUCCESS
A,delta,249,1776511902091,1776511902091,0,SUCCESS
A,delta,250,1776511902091,1776511902091,0,SUCCESS
A,delta,251,1776511902091,1776511902091,0,SUCCESS
A,delta,252,1776511902091,1776511902091,0,SUCCESS
A,delta,253,1776511902091,1776511902091,0,SUCCESS
A,delta,254,1776511902091,1776511902091,0,SUCCESS
A,delta,255,1776511902091,1776511902091,0,SUCCESS
A,delta,256,1776511902091,1776511902091,0,SUCCESS
A,delta,257,1776511902091,1776511902091,0,SUCCESS
A,delta,258,1776511902091,1776511902091,0,SUCCESS
A,delta,259,1776511902091,1776511902091,0,SUCCESS
A,delta,260,1776511902091,1776511902091,0,SUCCESS
A,delta,261,1776511902091,1776511902091,0,SUCCESS
A,delta,262,1776511902091,1776511902091,0,SUCCESS
A,delta,263,1776511902091,1776511902091,0,SUCCESS
A,delta,264,1776511902091,1776511902091,0,SUCCESS
A,delta,265,1776511902091,1776511902091,0,SUCCESS
A,delta,266,1776511902091,1776511902091,0,SUCCESS
A,delta,267,1776511902091,1776511902091,0,SUCCESS
A,delta,268,1776511902091,1776511902091,0,SUCCESS
A,delta,269,1776511902091,1776511902091,0,SUCCESS
A,delta,270,1776511902091,1776511902091,0,SUCCESS
A,delta,271,1776511902091,1776511902091,0,SUCCESS
A,delta,272,1776511902091,1776511902091,0,SUCCESS
A,delta,273,1776511902091,1776511902091,0,SUCCESS
A,delta,274,1776511902091,1776511902091,0,SUCCESS
A,delta,275,1776511902091,1776511902091,0,SUCCESS
A,delta,276,1776511902091,1776511902091,0,SUCCESS
A,delta,277,1776511902091,1776511902091,0,SUCCESS
A,delta,278,1776511902091,1776511902091,0,SUCCESS
A,delta,279,1776511902091,1776511902091,0,SUCCESS
A,delta,280,1776511902091,1776511902091,0,SUCCESS
A,delta,281,1776511902091,1776511902091,0,SUCCESS
A,delta,282,1776511902091,1776511902091,0,SUCCESS
A,delta,283,1776511902091,1776511902091,0,SUCCESS
A,delta,284,1776511902091,1776511902091,0,SUCCESS
A,delta,285,1776511902091,1776511902091,0,SUCCESS
A,delta,286,1776511902091,1776511902091,0,SUCCESS
A,delta,287,1776511902091,1776511902091,0,SUCCESS
A,delta,288,1776511902091,1776511902091,0,SUCCESS
A,delta,289,1776511902091,1776511902091,0,SUCCESS
A,delta,290,1776511902091,1776511902091,0,SUCCESS
A,delta,291,1776511902091,1776511902091,0,SUCCESS
A,delta,292,1776511902091,1776511902091,0,SUCCESS
A,delta,293,1776511902091,1776511902091,0,SUCCESS
A,delta,294,1776511902091,1776511902091,0,SUCCESS
A,delta,295,1776511902091,1776511902091,0,SUCCESS
A,delta,296,1776511902091,1776511902091,0,SUCCESS
A,delta,297,1776511902091,1776511902091,0,SUCCESS
A,delta,298,1776511902091,1776511902091,0,SUCCESS
A,delta,299,1776511902091,1776511902091,0,SUCCESS
A,delta,300,1776511902091,1776511902091,0,SUCCESS
A,delta,301,1776511902091,1776511902091,0,SUCCESS
A,delta,302,1776511902091,1776511902091,0,SUCCESS
A,delta,303,1776511902091,1776511902091,0,SUCCESS
A,delta,304,1776511902091,1776511902091,0,SUCCESS
A,delta,305,1776511902091,1776511902091,0,SUCCESS
A,delta,306,1776511902091,1776511902091,0,SUCCESS
A,delta,307,1776511902091,1776511902091,0,SUCCESS
A,delta,308,1776511902091,1776511902091,0,SUCCESS
A,delta,309,1776511902091,1776511902091,0,SUCCESS
A,delta,310,1776511902091,1776511902091,0,SUCCESS
A,delta,311,1776511902091,1776511902091,0,SUCCESS
A,delta,312,1776511902091,1776511902091,0,SUCCESS
A,delta,313,1776511902091,1776511902091,0,SUCCESS
A,delta,314,1776511902091,1776511902091,0,SUCCESS
A,delta,315,1776511902091,1776511902091,0,SUCCESS
A,delta,316,1776511902091,1776511902091,0,SUCCESS
A,delta,317,1776511902091,1776511902091,0,SUCCESS
A,delta,318,1776511902091,1776511902091,0,SUCCESS
A,delta,319,1776511902091,1776511902091,0,SUCCESS
A,delta,320,1776511902091,1776511902091,0,SUCCESS
A,delta,321,1776511902091,1776511902091,0,SUCCESS
A,delta,322,1776511902091,1776511902091,0,SUCCESS
A,delta,323,1776511902091,1776511902091,0,SUCCESS
A,delta,324,1776511902091,1776511902091,0,SUCCESS
A,delta,325,1776511902091,1776511902091,0,SUCCESS
A,delta,326,1776511902091,1776511902091,0,SUCCESS
A,delta,327,1776511902091,1776511902091,0,SUCCESS
A,delta,328,1776511902091,1776511902091,0,SUCCESS
A,delta,329,1776511902091,1776511902091,0,SUCCESS
A,delta,330,1776511902091,1776511902091,0,SUCCESS
A,delta,331,1776511902091,1776511902091,0,SUCCESS
A,delta,332,1776511902091,1776511902091,0,SUCCESS
A,delta,333,1776511902091,1776511902091,0,SUCCESS
A,delta,334,1776511902091,1776511902091,0,SUCCESS
A,delta,335,1776511902091,1776511902091,0,SUCCESS
A,delta,336,1776511902091,1776511902091,0,SUCCESS
A,delta,337,1776511902091,1776511902091,0,SUCCESS
A,delta,338,1776511902091,1776511902091,0,SUCCESS
A,delta,339,1776511902091,1776511902091,0,SUCCESS
A,delta,340,1776511902091,1776511902091,0,SUCCESS
A,delta,341,1776511902091,1776511902091,0,SUCCESS
A,delta,342,1776511902091,1776511902091,0,SUCCESS
A,delta,343,1776511902091,1776511902091,0,SUCCESS
A,delta,344,1776511902091,1776511902091,0,SUCCESS
A,delta,345,1776511902091,1776511902091,0,SUCCESS
A,delta,346,1776511902091,1776511902091,0,SUCCESS
A,delta,347,1776511902091,1776511902091,0,SUCCESS
A,delta,348,1776511902091,1776511902091,0,SUCCESS
A,delta,349,1776511902091,1776511902091,0,SUCCESS
A,delta,350,1776511902091,1776511902091,0,SUCCESS
A,delta,351,1776511902091,1776511902091,0,SUCCESS
A,delta,352,1776511902091,1776511902091,0,SUCCESS
A,delta,353,1776511902091,1776511902091,0,SUCCESS
A,delta,354,1776511902091,1776511902091,0,SUCCESS
A,delta,355,1776511902091,1776511902091,0,SUCCESS
A,delta,356,1776511902091,1776511902091,0,SUCCESS
A,delta,357,1776511902091,1776511902091,0,SUCCESS
A,delta,358,1776511902091,1776511902091,0,SUCCESS
A,delta,359,1776511902091,1776511902091,0,SUCCESS
A,delta,360,1776511902091,1776511902091,0,SUCCESS
A,delta,361,1776511902091,1776511902091,0,SUCCESS
A,delta,362,1776511902091,1776511902091,0,SUCCESS
A,delta,363,1776511902091,1776511902091,0,SUCCESS
A,delta,364,1776511902091,1776511902091,0,SUCCESS
A,delta,365,1776511902091,1776511902091,0,SUCCESS
A,delta,366,1776511902091,1776511902091,0,SUCCESS
A,delta,367,1776511902091,1776511902091,0,SUCCESS
A,delta,368,1776511902091,1776511902091,0,SUCCESS
A,delta,369,1776511902091,1776511902091,0,SUCCESS
A,delta,370,1776511902091,1776511902091,0,SUCCESS
A,delta,371,1776511902091,1776511902091,0,SUCCESS
A,delta,372,1776511902091,1776511902091,0,SUCCESS
A,delta,373,1776511902091,1776511902091,0,SUCCESS
A,delta,374,1776511902091,1776511902091,0,SUCCESS
A,delta,375,1776511902091,1776511902091,0,SUCCESS
A,delta,376,1776511902091,1776511902091,0,SUCCESS
A,delta,377,1776511902091,1776511902091,0,SUCCESS
A,delta,378,1776511902091,1776511902091,0,SUCCESS
A,delta,379,1776511902091,1776511902091,0,SUCCESS
A,delta,380,1776511902091,1776511902091,0,SUCCESS
A,delta,381,1776511902091,1776511902091,0,SUCCESS
A,delta,382,1776511902091,1776511902091,0,SUCCESS
A,delta,383,1776511902091,1776511902091,0,SUCCESS
A,delta,384,1776511902091,1776511902091,0,SUCCESS
A,delta,385,1776511902091,1776511902091,0,SUCCESS
A,delta,386,1776511902091,1776511902091,0,SUCCESS
A,delta,387,1776511902091,1776511902091,0,SUCCESS
A,delta,388,1776511902091,1776511902091,0,SUCCESS
A,delta,389,1776511902091,1776511902091,0,SUCCESS
A,delta,390,1776511902091,1776511902091,0,SUCCESS
A,delta,391,1776511902091,1776511902091,0,SUCCESS
A,delta,392,1776511902091,1776511902091,0,SUCCESS
A,delta,393,1776511902091,1776511902091,0,SUCCESS
A,delta,394,1776511902091,1776511902091,0,SUCCESS
A,delta,395,1776511902091,1776511902091,0,SUCCESS
A,delta,396,1776511902091,1776511902091,0,SUCCESS
A,delta,397,1776511902091,1776511902091,0,SUCCESS
A,delta,398,1776511902091,1776511902091,0,SUCCESS
A,delta,399,1776511902091,1776511902091,0,SUCCESS
A,delta,400,1776511902091,1776511902091,0,SUCCESS
A,delta,401,1776511902091,1776511902091,0,SUCCESS
A,delta,402,1776511902091,1776511902091,0,SUCCESS
A,delta,403,1776511902091,1776511902091,0,SUCCESS
A,delta,404,1776511902091,1776511902091,0,SUCCESS
A,delta,405,1776511902091,1776511902091,0,SUCCESS
A,delta,406,1776511902091,1776511902091,0,SUCCESS
A,delta,407,1776511902091,1776511902091,0,SUCCESS
A,delta,408,1776511902091,1776511902091,0,SUCCESS
A,delta,409,1776511902091,1776511902091,0,SUCCESS
A,delta,410,1776511902091,1776511902091,0,SUCCESS
A,delta,411,1776511902091,1776511902091,0,SUCCESS
A,delta,412,1776511902091,1776511902091,0,SUCCESS
A,delta,413,1776511902091,1776511902091,0,SUCCESS
A,delta,414,1776511902091,1776511902091,0,SUCCESS
A,delta,415,1776511902091,1776511902091,0,SUCCESS
A,delta,416,1776511902091,1776511902091,0,SUCCESS
A,delta,417,1776511902091,1776511902091,0,SUCCESS
A,delta,418,1776511902091,1776511902091,0,SUCCESS
A,delta,419,1776511902091,1776511902091,0,SUCCESS
A,delta,420,1776511902091,1776511902091,0,SUCCESS
A,delta,421,1776511902091,1776511902091,0,SUCCESS
A,delta,422,1776511902091,1776511902091,0,SUCCESS
A,delta,423,1776511902091,1776511902091,0,SUCCESS
A,delta,424,1776511902091,1776511902091,0,SUCCESS
A,delta,425,1776511902091,1776511902091,0,SUCCESS
A,delta,426,1776511902091,1776511902091,0,SUCCESS
A,delta,427,1776511902091,1776511902091,0,SUCCESS
A,delta,428,1776511902091,1776511902091,0,SUCCESS
A,delta,429,1776511902091,1776511902091,0,SUCCESS
A,delta,430,1776511902091,1776511902091,0,SUCCESS
A,delta,431,1776511902091,1776511902091,0,SUCCESS
A,delta,432,1776511902091,1776511902091,0,SUCCESS
A,delta,433,1776511902091,1776511902091,0,SUCCESS
A,delta,434,1776511902091,1776511902091,0,SUCCESS
A,delta,435,1776511902091,1776511902091,0,SUCCESS
A,delta,436,1776511902091,1776511902091,0,SUCCESS
A,delta,437,1776511902091,1776511902091,0,SUCCESS
A,delta,438,1776511902091,1776511902091,0,SUCCESS
A,delta,439,1776511902091,1776511902091,0,SUCCESS
A,delta,440,1776511902091,1776511902091,0,SUCCESS
A,delta,441,1776511902091,1776511902091,0,SUCCESS
A,delta,442,1776511902091,1776511902091,0,SUCCESS
A,delta,443,1776511902091,1776511902091,0,SUCCESS
A,delta,444,1776511902091,1776511902091,0,SUCCESS
A,delta,445,1776511902091,1776511902091,0,SUCCESS
A,delta,446,1776511902091,1776511902091,0,SUCCESS
A,delta,447,1776511902091,1776511902091,0,SUCCESS
A,delta,448,1776511902091,1776511902091,0,SUCCESS
A,delta,449,1776511902091,1776511902091,0,SUCCESS
A,delta,450,1776511902091,1776511902091,0,SUCCESS
A,delta,451,1776511902091,1776511902091,0,SUCCESS
A,delta,452,1776511902091,1776511902091,0,SUCCESS
A,delta,453,1776511902091,1776511902091,0,SUCCESS
A,delta,454,1776511902091,1776511902091,0,SUCCESS
A,delta,455,1776511902091,1776511902091,0,SUCCESS
A,delta,456,1776511902091,1776511902091,0,SUCCESS
A,delta,457,1776511902091,1776511902091,0,SUCCESS
A,delta,458,1776511902091,1776511902091,0,SUCCESS
A,delta,459,1776511902091,1776511902091,0,SUCCESS
A,delta,460,1776511902091,1776511902091,0,SUCCESS
A,delta,461,1776511902091,1776511902091,0,SUCCESS
A,delta,462,1776511902091,1776511902091,0,SUCCESS
A,delta,463,1776511902091,1776511902091,0,SUCCESS
A,delta,464,1776511902091,1776511902091,0,SUCCESS
A,delta,465,1776511902091,1776511902092,1,SUCCESS
A,delta,466,1776511902091,1776511902092,1,SUCCESS
A,delta,467,1776511902091,1776511902092,1,SUCCESS
A,delta,468,1776511902091,1776511902092,1,SUCCESS
A,delta,469,1776511902091,1776511902092,1,SUCCESS
A,delta,470,1776511902091,1776511902092,1,SUCCESS
A,delta,471,1776511902091,1776511902092,1,SUCCESS
A,delta,472,1776511902091,1776511902092,1,SUCCESS
A,delta,473,1776511902091,1776511902092,1,SUCCESS
A,delta,474,1776511902091,1776511902092,1,SUCCESS
A,delta,475,1776511902091,1776511902092,1,SUCCESS
A,delta,476,1776511902091,1776511902092,1,SUCCESS
A,delta,477,1776511902091,1776511902092,1,SUCCESS
A,delta,478,1776511902091,1776511902092,1,SUCCESS
A,delta,479,1776511902091,1776511902092,1,SUCCESS
A,delta,480,1776511902091,1776511902092,1,SUCCESS
A,delta,481,1776511902091,1776511902092,1,SUCCESS
A,delta,482,1776511902091,1776511902092,1,SUCCESS
A,delta,483,1776511902091,1776511902092,1,SUCCESS
A,delta,484,1776511902091,1776511902092,1,SUCCESS
A,delta,485,1776511902091,1776511902092,1,SUCCESS
A,delta,486,1776511902091,1776511902092,1,SUCCESS
A,delta,487,1776511902091,1776511902092,1,SUCCESS
A,delta,488,1776511902091,1776511902092,1,SUCCESS
A,delta,489,1776511902091,1776511902092,1,SUCCESS
A,delta,490,1776511902091,1776511902092,1,SUCCESS
A,delta,491,1776511902091,1776511902092,1,SUCCESS
A,delta,492,1776511902091,1776511902092,1,SUCCESS
A,delta,493,1776511902091,1776511902092,1,SUCCESS
A,delta,494,1776511902091,1776511902092,1,SUCCESS
A,delta,495,1776511902091,1776511902092,1,SUCCESS
A,delta,496,1776511902091,1776511902092,1,SUCCESS
A,delta,497,1776511902091,1776511902092,1,SUCCESS
A,delta,498,1776511902091,1776511902092,1,SUCCESS
A,delta,499,1776511902091,1776511902092,1,SUCCESS
A,delta,500,1776511902091,1776511902092,1,SUCCESS
A,delta,501,1776511902091,1776511902092,1,SUCCESS
A,delta,502,1776511902091,1776511902092,1,SUCCESS
A,delta,503,1776511902091,1776511902092,1,SUCCESS
A,delta,504,1776511902091,1776511902092,1,SUCCESS
A,delta,505,1776511902091,1776511902092,1,SUCCESS
A,delta,506,1776511902091,1776511902092,1,SUCCESS
A,delta,507,1776511902091,1776511902092,1,SUCCESS
A,delta,508,1776511902091,1776511902092,1,SUCCESS
A,delta,509,1776511902091,1776511902092,1,SUCCESS
A,delta,510,1776511902091,1776511902092,1,SUCCESS
A,delta,511,1776511902091,1776511902092,1,SUCCESS
A,delta,512,1776511902091,1776511902092,1,SUCCESS
A,delta,513,1776511902091,1776511902092,1,SUCCESS
A,delta,514,1776511902091,1776511902092,1,SUCCESS
A,delta,515,1776511902091,1776511902092,1,SUCCESS
A,delta,516,1776511902091,1776511902092,1,SUCCESS
A,delta,517,1776511902091,1776511902092,1,SUCCESS
A,delta,518,1776511902091,1776511902092,1,SUCCESS
A,delta,519,1776511902091,1776511902092,1,SUCCESS
A,delta,520,1776511902091,1776511902092,1,SUCCESS
A,delta,521,1776511902091,1776511902092,1,SUCCESS
A,delta,522,1776511902091,1776511902092,1,SUCCESS
A,delta,523,1776511902091,1776511902092,1,SUCCESS
A,delta,524,1776511902091,1776511902092,1,SUCCESS
A,delta,525,1776511902091,1776511902092,1,SUCCESS
A,delta,526,1776511902091,1776511902092,1,SUCCESS
A,delta,527,1776511902091,1776511902092,1,SUCCESS
A,delta,528,1776511902091,1776511902092,1,SUCCESS
A,delta,529,1776511902091,1776511902092,1,SUCCESS
A,delta,530,1776511902091,1776511902092,1,SUCCESS
A,delta,531,1776511902091,1776511902092,1,SUCCESS
A,delta,532,1776511902091,1776511902092,1,SUCCESS
A,delta,533,1776511902091,1776511902092,1,SUCCESS
A,delta,534,1776511902091,1776511902092,1,SUCCESS
A,delta,535,1776511902091,1776511902092,1,SUCCESS
A,delta,536,1776511902091,1776511902092,1,SUCCESS
A,delta,537,1776511902091,1776511902092,1,SUCCESS
A,delta,538,1776511902091,1776511902092,1,SUCCESS
A,delta,539,1776511902091,1776511902092,1,SUCCESS
A,delta,540,1776511902091,1776511902092,1,SUCCESS
A,delta,541,1776511902091,1776511902092,1,SUCCESS
A,delta,542,1776511902091,1776511902092,1,SUCCESS
A,delta,543,1776511902091,1776511902092,1,SUCCESS
A,delta,544,1776511902091,1776511902092,1,SUCCESS
A,delta,545,1776511902091,1776511902092,1,SUCCESS
A,delta,546,1776511902091,1776511902092,1,SUCCESS
A,delta,547,1776511902091,1776511902092,1,SUCCESS
A,delta,548,1776511902091,1776511902092,1,SUCCESS
A,delta,549,1776511902091,1776511902092,1,SUCCESS
A,delta,550,1776511902091,1776511902092,1,SUCCESS
A,delta,551,1776511902091,1776511902092,1,SUCCESS
A,delta,552,1776511902091,1776511902092,1,SUCCESS
A,delta,553,1776511902091,1776511902092,1,SUCCESS
A,delta,554,1776511902091,1776511902092,1,SUCCESS
A,delta,555,1776511902091,1776511902092,1,SUCCESS
A,delta,556,1776511902091,1776511902092,1,SUCCESS
A,delta,557,1776511902091,1776511902092,1,SUCCESS
A,delta,558,1776511902091,1776511902092,1,SUCCESS
A,delta,559,1776511902091,1776511902092,1,SUCCESS
A,delta,560,1776511902091,1776511902092,1,SUCCESS
A,delta,561,1776511902091,1776511902092,1,SUCCESS
A,delta,562,1776511902091,1776511902092,1,SUCCESS
A,delta,563,1776511902091,1776511902092,1,SUCCESS
A,delta,564,1776511902091,1776511902092,1,SUCCESS
A,delta,565,1776511902091,1776511902092,1,SUCCESS
A,delta,566,1776511902091,1776511902092,1,SUCCESS
A,delta,567,1776511902091,1776511902092,1,SUCCESS
A,delta,568,1776511902091,1776511902092,1,SUCCESS
A,delta,569,1776511902091,1776511902092,1,SUCCESS
A,delta,570,1776511902091,1776511902092,1,SUCCESS
A,delta,571,1776511902091,1776511902092,1,SUCCESS
A,delta,572,1776511902091,1776511902092,1,SUCCESS
A,delta,573,1776511902091,1776511902092,1,SUCCESS
A,delta,574,1776511902091,1776511902092,1,SUCCESS
A,delta,575,1776511902091,1776511902092,1,SUCCESS
A,delta,576,1776511902091,1776511902092,1,SUCCESS
A,delta,577,1776511902091,1776511902092,1,SUCCESS
A,delta,578,1776511902091,1776511902092,1,SUCCESS
A,delta,579,1776511902091,1776511902092,1,SUCCESS
A,delta,580,1776511902091,1776511902092,1,SUCCESS
A,delta,581,1776511902091,1776511902092,1,SUCCESS
A,delta,582,1776511902091,1776511902092,1,SUCCESS
A,delta,583,1776511902091,1776511902092,1,SUCCESS
A,delta,584,1776511902091,1776511902092,1,SUCCESS
A,delta,585,1776511902091,1776511902092,1,SUCCESS
A,delta,586,1776511902091,1776511902092,1,SUCCESS
A,delta,587,1776511902091,1776511902092,1,SUCCESS
A,delta,588,1776511902091,1776511902092,1,SUCCESS
A,delta,589,1776511902091,1776511902092,1,SUCCESS
A,delta,590,1776511902091,1776511902092,1,SUCCESS
A,delta,591,1776511902091,1776511902092,1,SUCCESS
A,delta,592,1776511902091,1776511902092,1,SUCCESS
A,delta,593,1776511902091,1776511902092,1,SUCCESS
A,delta,594,1776511902091,1776511902092,1,SUCCESS
A,delta,595,1776511902091,1776511902092,1,SUCCESS
A,delta,596,1776511902091,1776511902092,1,SUCCESS
A,delta,597,1776511902091,1776511902092,1,SUCCESS
A,delta,598,1776511902091,1776511902092,1,SUCCESS
A,delta,599,1776511902091,1776511902092,1,SUCCESS
A,delta,600,1776511902091,1776511902092,1,SUCCESS
A,delta,601,1776511902091,1776511902092,1,SUCCESS
A,delta,602,1776511902091,1776511902092,1,SUCCESS
A,delta,603,1776511902091,1776511902092,1,SUCCESS
A,delta,604,1776511902091,1776511902092,1,SUCCESS
A,delta,605,1776511902091,1776511902092,1,SUCCESS
A,delta,606,1776511902091,1776511902092,1,SUCCESS
A,delta,607,1776511902091,1776511902092,1,SUCCESS
A,delta,608,1776511902091,1776511902092,1,SUCCESS
A,delta,609,1776511902091,1776511902092,1,SUCCESS
A,delta,610,1776511902091,1776511902092,1,SUCCESS
A,delta,611,1776511902091,1776511902092,1,SUCCESS
A,delta,612,1776511902091,1776511902092,1,SUCCESS
A,delta,613,1776511902091,1776511902092,1,SUCCESS
A,delta,614,1776511902091,1776511902092,1,SUCCESS
A,delta,615,1776511902091,1776511902092,1,SUCCESS
A,delta,616,1776511902091,1776511902092,1,SUCCESS
A,delta,617,1776511902091,1776511902092,1,SUCCESS
A,delta,618,1776511902091,1776511902092,1,SUCCESS
A,delta,619,1776511902091,1776511902092,1,SUCCESS
A,delta,620,1776511902091,1776511902092,1,SUCCESS
A,delta,621,1776511902091,1776511902092,1,SUCCESS
A,delta,622,1776511902091,1776511902092,1,SUCCESS
A,delta,623,1776511902091,1776511902092,1,SUCCESS
A,delta,624,1776511902091,1776511902092,1,SUCCESS
A,delta,625,1776511902091,1776511902092,1,SUCCESS
A,delta,626,1776511902091,1776511902092,1,SUCCESS
A,delta,627,1776511902091,1776511902092,1,SUCCESS
A,delta,628,1776511902091,1776511902092,1,SUCCESS
A,delta,629,1776511902091,1776511902092,1,SUCCESS
A,delta,630,1776511902091,1776511902092,1,SUCCESS
A,delta,631,1776511902091,1776511902092,1,SUCCESS
A,delta,632,1776511902091,1776511902092,1,SUCCESS
A,delta,633,1776511902091,1776511902092,1,SUCCESS
A,delta,634,1776511902091,1776511902092,1,SUCCESS
A,delta,635,1776511902091,1776511902092,1,SUCCESS
A,delta,636,1776511902091,1776511902092,1,SUCCESS
A,delta,637,1776511902091,1776511902092,1,SUCCESS
A,delta,638,1776511902091,1776511902092,1,SUCCESS
A,delta,639,1776511902091,1776511902092,1,SUCCESS
A,delta,640,1776511902091,1776511902092,1,SUCCESS
A,delta,641,1776511902091,1776511902092,1,SUCCESS
A,delta,642,1776511902091,1776511902092,1,SUCCESS
A,delta,643,1776511902091,1776511902092,1,SUCCESS
A,delta,644,1776511902091,1776511902092,1,SUCCESS
A,delta,645,1776511902091,1776511902092,1,SUCCESS
A,delta,646,1776511902091,1776511902092,1,SUCCESS
A,delta,647,1776511902091,1776511902092,1,SUCCESS
A,delta,648,1776511902091,1776511902092,1,SUCCESS
A,delta,649,1776511902091,1776511902092,1,SUCCESS
A,delta,650,1776511902091,1776511902092,1,SUCCESS
A,delta,651,1776511902092,1776511902092,0,SUCCESS
A,delta,652,1776511902092,1776511902092,0,SUCCESS
A,delta,653,1776511902092,1776511902092,0,SUCCESS
A,delta,654,1776511902092,1776511902092,0,SUCCESS
A,delta,655,1776511902092,1776511902092,0,SUCCESS
A,delta,656,1776511902092,1776511902092,0,SUCCESS
A,delta,657,1776511902092,1776511902092,0,SUCCESS
A,delta,658,1776511902092,1776511902092,0,SUCCESS
A,delta,659,1776511902092,1776511902092,0,SUCCESS
A,delta,660,1776511902092,1776511902092,0,SUCCESS
A,delta,661,1776511902092,1776511902092,0,SUCCESS
A,delta,662,1776511902092,1776511902092,0,SUCCESS
A,delta,663,1776511902092,1776511902092,0,SUCCESS
A,delta,664,1776511902092,1776511902092,0,SUCCESS
A,delta,665,1776511902092,1776511902092,0,SUCCESS
A,delta,666,1776511902092,1776511902092,0,SUCCESS
A,delta,667,1776511902092,1776511902092,0,SUCCESS
A,delta,668,1776511902092,1776511902092,0,SUCCESS
A,delta,669,1776511902092,1776511902092,0,SUCCESS
A,delta,670,1776511902092,1776511902092,0,SUCCESS
A,delta,671,1776511902092,1776511902092,0,SUCCESS
A,delta,672,1776511902092,1776511902092,0,SUCCESS
A,delta,673,1776511902092,1776511902092,0,SUCCESS
A,delta,674,1776511902092,1776511902092,0,SUCCESS
A,delta,675,1776511902092,1776511902092,0,SUCCESS
A,delta,676,1776511902092,1776511902092,0,SUCCESS
A,delta,677,1776511902092,1776511902092,0,SUCCESS
A,delta,678,1776511902092,1776511902092,0,SUCCESS
A,delta,679,1776511902092,1776511902092,0,SUCCESS
A,delta,680,1776511902092,1776511902092,0,SUCCESS
A,delta,681,1776511902092,1776511902092,0,SUCCESS
A,delta,682,1776511902092,1776511902092,0,SUCCESS
A,delta,683,1776511902092,1776511902092,0,SUCCESS
A,delta,684,1776511902092,1776511902092,0,SUCCESS
A,delta,685,1776511902092,1776511902092,0,SUCCESS
A,delta,686,1776511902092,1776511902092,0,SUCCESS
A,delta,687,1776511902092,1776511902092,0,SUCCESS
A,delta,688,1776511902092,1776511902092,0,SUCCESS
A,delta,689,1776511902092,1776511902092,0,SUCCESS
A,delta,690,1776511902092,1776511902092,0,SUCCESS
A,delta,691,1776511902092,1776511902092,0,SUCCESS
A,delta,692,1776511902092,1776511902092,0,SUCCESS
A,delta,693,1776511902092,1776511902092,0,SUCCESS
A,delta,694,1776511902092,1776511902092,0,SUCCESS
A,delta,695,1776511902092,1776511902092,0,SUCCESS
A,delta,696,1776511902092,1776511902092,0,SUCCESS
A,delta,697,1776511902092,1776511902092,0,SUCCESS
A,delta,698,1776511902092,1776511902092,0,SUCCESS
A,delta,699,1776511902092,1776511902092,0,SUCCESS
A,delta,700,1776511902092,1776511902092,0,SUCCESS
A,delta,701,1776511902092,1776511902092,0,SUCCESS
A,delta,702,1776511902092,1776511902092,0,SUCCESS
A,delta,703,1776511902092,1776511902092,0,SUCCESS
A,delta,704,1776511902092,1776511902092,0,SUCCESS
A,delta,705,1776511902092,1776511902092,0,SUCCESS
A,delta,706,1776511902092,1776511902092,0,SUCCESS
A,delta,707,1776511902092,1776511902092,0,SUCCESS
A,delta,708,1776511902092,1776511902092,0,SUCCESS
A,delta,709,1776511902092,1776511902092,0,SUCCESS
A,delta,710,1776511902092,1776511902092,0,SUCCESS
A,delta,711,1776511902092,1776511902092,0,SUCCESS
A,delta,712,1776511902092,1776511902092,0,SUCCESS
A,delta,713,1776511902092,1776511902092,0,SUCCESS
A,delta,714,1776511902092,1776511902092,0,SUCCESS
A,delta,715,1776511902092,1776511902092,0,SUCCESS
A,delta,716,1776511902092,1776511902092,0,SUCCESS
A,delta,717,1776511902092,1776511902092,0,SUCCESS
A,delta,718,1776511902092,1776511902092,0,SUCCESS
A,delta,719,1776511902092,1776511902092,0,SUCCESS
A,delta,720,1776511902092,1776511902092,0,SUCCESS
A,delta,721,1776511902092,1776511902092,0,SUCCESS
A,delta,722,1776511902092,1776511902092,0,SUCCESS
A,delta,723,1776511902092,1776511902092,0,SUCCESS
A,delta,724,1776511902092,1776511902092,0,SUCCESS
A,delta,725,1776511902092,1776511902092,0,SUCCESS
A,delta,726,1776511902092,1776511902092,0,SUCCESS
A,delta,727,1776511902092,1776511902092,0,SUCCESS
A,delta,728,1776511902092,1776511902092,0,SUCCESS
A,delta,729,1776511902092,1776511902092,0,SUCCESS
A,delta,730,1776511902092,1776511902092,0,SUCCESS
A,delta,731,1776511902092,1776511902092,0,SUCCESS
A,delta,732,1776511902092,1776511902092,0,SUCCESS
A,delta,733,1776511902092,1776511902092,0,SUCCESS
A,delta,734,1776511902092,1776511902092,0,SUCCESS
A,delta,735,1776511902092,1776511902092,0,SUCCESS
A,delta,736,1776511902092,1776511902092,0,SUCCESS
A,delta,737,1776511902092,1776511902092,0,SUCCESS
A,delta,738,1776511902092,1776511902092,0,SUCCESS
A,delta,739,1776511902092,1776511902092,0,SUCCESS
A,delta,740,1776511902092,1776511902092,0,SUCCESS
A,delta,741,1776511902092,1776511902092,0,SUCCESS
A,delta,742,1776511902092,1776511902092,0,SUCCESS
A,delta,743,1776511902092,1776511902092,0,SUCCESS
A,delta,744,1776511902092,1776511902092,0,SUCCESS
A,delta,745,1776511902092,1776511902092,0,SUCCESS
A,delta,746,1776511902092,1776511902092,0,SUCCESS
A,delta,747,1776511902092,1776511902092,0,SUCCESS
A,delta,748,1776511902092,1776511902092,0,SUCCESS
A,delta,749,1776511902092,1776511902092,0,SUCCESS
A,delta,750,1776511902092,1776511902092,0,SUCCESS
A,delta,751,1776511902092,1776511902092,0,SUCCESS
A,delta,752,1776511902092,1776511902092,0,SUCCESS
A,delta,753,1776511902092,1776511902092,0,SUCCESS
A,delta,754,1776511902092,1776511902092,0,SUCCESS
A,delta,755,1776511902092,1776511902092,0,SUCCESS
A,delta,756,1776511902092,1776511902092,0,SUCCESS
A,delta,757,1776511902092,1776511902092,0,SUCCESS
A,delta,758,1776511902092,1776511902092,0,SUCCESS
A,delta,759,1776511902092,1776511902092,0,SUCCESS
A,delta,760,1776511902092,1776511902092,0,SUCCESS
A,delta,761,1776511902092,1776511902092,0,SUCCESS
A,delta,762,1776511902092,1776511902092,0,SUCCESS
A,delta,763,1776511902092,1776511902092,0,SUCCESS
A,delta,764,1776511902092,1776511902092,0,SUCCESS
A,delta,765,1776511902092,1776511902092,0,SUCCESS
A,delta,766,1776511902092,1776511902092,0,SUCCESS
A,delta,767,1776511902092,1776511902092,0,SUCCESS
A,delta,768,1776511902092,1776511902092,0,SUCCESS
A,delta,769,1776511902092,1776511902092,0,SUCCESS
A,delta,770,1776511902092,1776511902092,0,SUCCESS
A,delta,771,1776511902092,1776511902092,0,SUCCESS
A,delta,772,1776511902092,1776511902092,0,SUCCESS
A,delta,773,1776511902092,1776511902092,0,SUCCESS
A,delta,774,1776511902092,1776511902092,0,SUCCESS
A,delta,775,1776511902092,1776511902092,0,SUCCESS
A,delta,776,1776511902092,1776511902092,0,SUCCESS
A,delta,777,1776511902092,1776511902092,0,SUCCESS
A,delta,778,1776511902092,1776511902092,0,SUCCESS
A,delta,779,1776511902092,1776511902092,0,SUCCESS
A,delta,780,1776511902092,1776511902092,0,SUCCESS
A,delta,781,1776511902092,1776511902092,0,SUCCESS
A,delta,782,1776511902092,1776511902092,0,SUCCESS
A,delta,783,1776511902092,1776511902092,0,SUCCESS
A,delta,784,1776511902092,1776511902092,0,SUCCESS
A,delta,785,1776511902092,1776511902092,0,SUCCESS
A,delta,786,1776511902092,1776511902092,0,SUCCESS
A,delta,787,1776511902092,1776511902092,0,SUCCESS
A,delta,788,1776511902092,1776511902092,0,SUCCESS
A,delta,789,1776511902092,1776511902092,0,SUCCESS
A,delta,790,1776511902092,1776511902092,0,SUCCESS
A,delta,791,1776511902092,1776511902092,0,SUCCESS
A,delta,792,1776511902092,1776511902092,0,SUCCESS
A,delta,793,1776511902092,1776511902092,0,SUCCESS
A,delta,794,1776511902092,1776511902092,0,SUCCESS
A,delta,795,1776511902092,1776511902092,0,SUCCESS
A,delta,796,1776511902092,1776511902092,0,SUCCESS
A,delta,797,1776511902092,1776511902092,0,SUCCESS
A,delta,798,1776511902092,1776511902092,0,SUCCESS
A,delta,799,1776511902092,1776511902092,0,SUCCESS
A,delta,800,1776511902092,1776511902092,0,SUCCESS
A,delta,801,1776511902092,1776511902092,0,SUCCESS
A,delta,802,1776511902092,1776511902092,0,SUCCESS
A,delta,803,1776511902092,1776511902092,0,SUCCESS
A,delta,804,1776511902092,1776511902092,0,SUCCESS
A,delta,805,1776511902092,1776511902092,0,SUCCESS
A,delta,806,1776511902092,1776511902092,0,SUCCESS
A,delta,807,1776511902092,1776511902092,0,SUCCESS
A,delta,808,1776511902092,1776511902092,0,SUCCESS
A,delta,809,1776511902092,1776511902092,0,SUCCESS
A,delta,810,1776511902092,1776511902092,0,SUCCESS
A,delta,811,1776511902092,1776511902092,0,SUCCESS
A,delta,812,1776511902092,1776511902092,0,SUCCESS
A,delta,813,1776511902092,1776511902092,0,SUCCESS
A,delta,814,1776511902092,1776511902092,0,SUCCESS
A,delta,815,1776511902092,1776511902092,0,SUCCESS
A,delta,816,1776511902092,1776511902092,0,SUCCESS
A,delta,817,1776511902092,1776511902092,0,SUCCESS
A,delta,818,1776511902092,1776511902092,0,SUCCESS
A,delta,819,1776511902092,1776511902092,0,SUCCESS
A,delta,820,1776511902092,1776511902092,0,SUCCESS
A,delta,821,1776511902092,1776511902092,0,SUCCESS
A,delta,822,1776511902092,1776511902092,0,SUCCESS
A,delta,823,1776511902092,1776511902092,0,SUCCESS
A,delta,824,1776511902092,1776511902092,0,SUCCESS
A,delta,825,1776511902092,1776511902092,0,SUCCESS
A,delta,826,1776511902092,1776511902092,0,SUCCESS
A,delta,827,1776511902092,1776511902092,0,SUCCESS
A,delta,828,1776511902092,1776511902092,0,SUCCESS
A,delta,829,1776511902092,1776511902092,0,SUCCESS
A,delta,830,1776511902092,1776511902092,0,SUCCESS
A,delta,831,1776511902092,1776511902092,0,SUCCESS
A,delta,832,1776511902092,1776511902092,0,SUCCESS
A,delta,833,1776511902092,1776511902092,0,SUCCESS
A,delta,834,1776511902092,1776511902092,0,SUCCESS
A,delta,835,1776511902092,1776511902092,0,SUCCESS
A,delta,836,1776511902092,1776511902092,0,SUCCESS
A,delta,837,1776511902092,1776511902092,0,SUCCESS
A,delta,838,1776511902092,1776511902092,0,SUCCESS
A,delta,839,1776511902092,1776511902092,0,SUCCESS
A,delta,840,1776511902092,1776511902092,0,SUCCESS
A,delta,841,1776511902092,1776511902092,0,SUCCESS
A,delta,842,1776511902092,1776511902092,0,SUCCESS
A,delta,843,1776511902092,1776511902092,0,SUCCESS
A,delta,844,1776511902092,1776511902092,0,SUCCESS
A,delta,845,1776511902092,1776511902092,0,SUCCESS
A,delta,846,1776511902092,1776511902092,0,SUCCESS
A,delta,847,1776511902092,1776511902092,0,SUCCESS
A,delta,848,1776511902092,1776511902092,0,SUCCESS
A,delta,849,1776511902092,1776511902092,0,SUCCESS
A,delta,850,1776511902092,1776511902092,0,SUCCESS
A,delta,851,1776511902092,1776511902092,0,SUCCESS
A,delta,852,1776511902092,1776511902092,0,SUCCESS
A,delta,853,1776511902092,1776511902092,0,SUCCESS
A,delta,854,1776511902092,1776511902092,0,SUCCESS
A,delta,855,1776511902092,1776511902092,0,SUCCESS
A,delta,856,1776511902092,1776511902092,0,SUCCESS
A,delta,857,1776511902092,1776511902092,0,SUCCESS
A,delta,858,1776511902092,1776511902092,0,SUCCESS
A,delta,859,1776511902092,1776511902092,0,SUCCESS
A,delta,860,1776511902092,1776511902092,0,SUCCESS
A,delta,861,1776511902092,1776511902092,0,SUCCESS
A,delta,862,1776511902092,1776511902092,0,SUCCESS
A,delta,863,1776511902092,1776511902092,0,SUCCESS
A,delta,864,1776511902092,1776511902092,0,SUCCESS
A,delta,865,1776511902092,1776511902092,0,SUCCESS
A,delta,866,1776511902092,1776511902092,0,SUCCESS
A,delta,867,1776511902092,1776511902092,0,SUCCESS
A,delta,868,1776511902092,1776511902092,0,SUCCESS
A,delta,869,1776511902092,1776511902092,0,SUCCESS
A,delta,870,1776511902092,1776511902092,0,SUCCESS
A,delta,871,1776511902092,1776511902092,0,SUCCESS
A,delta,872,1776511902092,1776511902092,0,SUCCESS
A,delta,873,1776511902092,1776511902092,0,SUCCESS
A,delta,874,1776511902092,1776511902092,0,SUCCESS
A,delta,875,1776511902092,1776511902092,0,SUCCESS
A,delta,876,1776511902092,1776511902092,0,SUCCESS
A,delta,877,1776511902092,1776511902092,0,SUCCESS
A,delta,878,1776511902092,1776511902092,0,SUCCESS
A,delta,879,1776511902092,1776511902092,0,SUCCESS
A,delta,880,1776511902092,1776511902092,0,SUCCESS
A,delta,881,1776511902092,1776511902092,0,SUCCESS
A,delta,882,1776511902092,1776511902092,0,SUCCESS
A,delta,883,1776511902092,1776511902092,0,SUCCESS
A,delta,884,1776511902092,1776511902092,0,SUCCESS
A,delta,885,1776511902092,1776511902092,0,SUCCESS
A,delta,886,1776511902092,1776511902092,0,SUCCESS
A,delta,887,1776511902092,1776511902092,0,SUCCESS
A,delta,888,1776511902092,1776511902092,0,SUCCESS
A,delta,889,1776511902092,1776511902092,0,SUCCESS
A,delta,890,1776511902092,1776511902092,0,SUCCESS
A,delta,891,1776511902092,1776511902092,0,SUCCESS
A,delta,892,1776511902092,1776511902092,0,SUCCESS
A,delta,893,1776511902092,1776511902092,0,SUCCESS
A,delta,894,1776511902092,1776511902092,0,SUCCESS
A,delta,895,1776511902092,1776511902092,0,SUCCESS
A,delta,896,1776511902092,1776511902092,0,SUCCESS
A,delta,897,1776511902092,1776511902092,0,SUCCESS
A,delta,898,1776511902092,1776511902092,0,SUCCESS
A,delta,899,1776511902092,1776511902092,0,SUCCESS
A,delta,900,1776511902092,1776511902092,0,SUCCESS
A,delta,901,1776511902092,1776511902092,0,SUCCESS
A,delta,902,1776511902092,1776511902092,0,SUCCESS
A,delta,903,1776511902092,1776511902092,0,SUCCESS
A,delta,904,1776511902092,1776511902092,0,SUCCESS
A,delta,905,1776511902092,1776511902092,0,SUCCESS
A,delta,906,1776511902092,1776511902092,0,SUCCESS
A,delta,907,1776511902092,1776511902092,0,SUCCESS
A,delta,908,1776511902092,1776511902092,0,SUCCESS
A,delta,909,1776511902092,1776511902092,0,SUCCESS
A,delta,910,1776511902092,1776511902092,0,SUCCESS
A,delta,911,1776511902092,1776511902092,0,SUCCESS
A,delta,912,1776511902092,1776511902092,0,SUCCESS
A,delta,913,1776511902092,1776511902092,0,SUCCESS
A,delta,914,1776511902092,1776511902092,0,SUCCESS
A,delta,915,1776511902092,1776511902092,0,SUCCESS
A,delta,916,1776511902092,1776511902092,0,SUCCESS
A,delta,917,1776511902092,1776511902092,0,SUCCESS
A,delta,918,1776511902092,1776511902092,0,SUCCESS
A,delta,919,1776511902092,1776511902092,0,SUCCESS
A,delta,920,1776511902092,1776511902092,0,SUCCESS
A,delta,921,1776511902092,1776511902092,0,SUCCESS
A,delta,922,1776511902092,1776511902092,0,SUCCESS
A,delta,923,1776511902092,1776511902092,0,SUCCESS
A,delta,924,1776511902092,1776511902092,0,SUCCESS
A,delta,925,1776511902092,1776511902092,0,SUCCESS
A,delta,926,1776511902092,1776511902092,0,SUCCESS
A,delta,927,1776511902092,1776511902092,0,SUCCESS
A,delta,928,1776511902092,1776511902092,0,SUCCESS
A,delta,929,1776511902092,1776511902092,0,SUCCESS
A,delta,930,1776511902092,1776511902092,0,SUCCESS
A,delta,931,1776511902092,1776511902092,0,SUCCESS
A,delta,932,1776511902092,1776511902092,0,SUCCESS
A,delta,933,1776511902092,1776511902092,0,SUCCESS
A,delta,934,1776511902092,1776511902092,0,SUCCESS
A,delta,935,1776511902092,1776511902092,0,SUCCESS
A,delta,936,1776511902092,1776511902092,0,SUCCESS
A,delta,937,1776511902092,1776511902092,0,SUCCESS
A,delta,938,1776511902092,1776511902092,0,SUCCESS
A,delta,939,1776511902092,1776511902092,0,SUCCESS
A,delta,940,1776511902092,1776511902092,0,SUCCESS
A,delta,941,1776511902092,1776511902092,0,SUCCESS
A,delta,942,1776511902092,1776511902092,0,SUCCESS
A,delta,943,1776511902092,1776511902092,0,SUCCESS
A,delta,944,1776511902092,1776511902092,0,SUCCESS
A,delta,945,1776511902092,1776511902092,0,SUCCESS
A,delta,946,1776511902092,1776511902092,0,SUCCESS
A,delta,947,1776511902092,1776511902092,0,SUCCESS
A,delta,948,1776511902092,1776511902092,0,SUCCESS
A,delta,949,1776511902092,1776511902092,0,SUCCESS
A,delta,950,1776511902092,1776511902092,0,SUCCESS
A,delta,951,1776511902092,1776511902092,0,SUCCESS
A,delta,952,1776511902092,1776511902092,0,SUCCESS
A,delta,953,1776511902092,1776511902092,0,SUCCESS
A,delta,954,1776511902092,1776511902092,0,SUCCESS
A,delta,955,1776511902092,1776511902092,0,SUCCESS
A,delta,956,1776511902092,1776511902092,0,SUCCESS
A,delta,957,1776511902092,1776511902092,0,SUCCESS
A,delta,958,1776511902092,1776511902092,0,SUCCESS
A,delta,959,1776511902092,1776511902093,1,SUCCESS
A,delta,960,1776511902092,1776511902093,1,SUCCESS
A,delta,961,1776511902092,1776511902093,1,SUCCESS
A,delta,962,1776511902092,1776511902093,1,SUCCESS
A,delta,963,1776511902092,1776511902093,1,SUCCESS
A,delta,964,1776511902092,1776511902093,1,SUCCESS
A,delta,965,1776511902092,1776511902093,1,SUCCESS
A,delta,966,1776511902092,1776511902093,1,SUCCESS
A,delta,967,1776511902092,1776511902093,1,SUCCESS
A,delta,968,1776511902092,1776511902093,1,SUCCESS
A,delta,969,1776511902092,1776511902093,1,SUCCESS
A,delta,970,1776511902092,1776511902093,1,SUCCESS
A,delta,971,1776511902092,1776511902093,1,SUCCESS
A,delta,972,1776511902092,1776511902093,1,SUCCESS
A,delta,973,1776511902092,1776511902093,1,SUCCESS
A,delta,974,1776511902092,1776511902093,1,SUCCESS
A,delta,975,1776511902092,1776511902093,1,SUCCESS
A,delta,976,1776511902092,1776511902093,1,SUCCESS
A,delta,977,1776511902092,1776511902093,1,SUCCESS
A,delta,978,1776511902092,1776511902093,1,SUCCESS
A,delta,979,1776511902092,1776511902093,1,SUCCESS
A,delta,980,1776511902092,1776511902093,1,SUCCESS
A,delta,981,1776511902092,1776511902093,1,SUCCESS
A,delta,982,1776511902092,1776511902093,1,SUCCESS
A,delta,983,1776511902092,1776511902093,1,SUCCESS
A,delta,984,1776511902092,1776511902093,1,SUCCESS
A,delta,985,1776511902092,1776511902093,1,SUCCESS
A,delta,986,1776511902092,1776511902093,1,SUCCESS
A,delta,987,1776511902092,1776511902093,1,SUCCESS
A,delta,988,1776511902092,1776511902093,1,SUCCESS
A,delta,989,1776511902092,1776511902093,1,SUCCESS
A,delta,990,1776511902092,1776511902093,1,SUCCESS
A,delta,991,1776511902092,1776511902093,1,SUCCESS
A,delta,992,1776511902092,1776511902093,1,SUCCESS
A,delta,993,1776511902092,1776511902093,1,SUCCESS
A,delta,994,1776511902092,1776511902093,1,SUCCESS
A,delta,995,1776511902092,1776511902093,1,SUCCESS
A,delta,996,1776511902092,1776511902093,1,SUCCESS
A,delta,997,1776511902092,1776511902093,1,SUCCESS
A,delta,998,1776511902092,1776511902093,1,SUCCESS
A,delta,999,1776511902092,1776511902093,1,SUCCESS
A,epsilon,0,1776511902092,1776511902093,1,SUCCESS
A,epsilon,1,1776511902092,1776511902093,1,SUCCESS
A,epsilon,2,1776511902092,1776511902093,1,SUCCESS
A,epsilon,3,1776511902092,1776511902093,1,SUCCESS
A,epsilon,4,1776511902092,1776511902093,1,SUCCESS
A,epsilon,5,1776511902092,1776511902093,1,SUCCESS
A,epsilon,6,1776511902092,1776511902093,1,SUCCESS
A,epsilon,7,1776511902092,1776511902093,1,SUCCESS
A,epsilon,8,1776511902092,1776511902093,1,SUCCESS
A,epsilon,9,1776511902092,1776511902093,1,SUCCESS
A,epsilon,10,1776511902092,1776511902093,1,SUCCESS
A,epsilon,11,1776511902092,1776511902093,1,SUCCESS
A,epsilon,12,1776511902092,1776511902093,1,SUCCESS
A,epsilon,13,1776511902092,1776511902093,1,SUCCESS
A,epsilon,14,1776511902092,1776511902093,1,SUCCESS
A,epsilon,15,1776511902092,1776511902093,1,SUCCESS
A,epsilon,16,1776511902092,1776511902093,1,SUCCESS
A,epsilon,17,1776511902092,1776511902093,1,SUCCESS
A,epsilon,18,1776511902092,1776511902093,1,SUCCESS
A,epsilon,19,1776511902092,1776511902093,1,SUCCESS
A,epsilon,20,1776511902092,1776511902093,1,SUCCESS
A,epsilon,21,1776511902092,1776511902093,1,SUCCESS
A,epsilon,22,1776511902092,1776511902093,1,SUCCESS
A,epsilon,23,1776511902092,1776511902093,1,SUCCESS
A,epsilon,24,1776511902092,1776511902093,1,SUCCESS
A,epsilon,25,1776511902092,1776511902093,1,SUCCESS
A,epsilon,26,1776511902092,1776511902093,1,SUCCESS
A,epsilon,27,1776511902092,1776511902093,1,SUCCESS
A,epsilon,28,1776511902092,1776511902093,1,SUCCESS
A,epsilon,29,1776511902092,1776511902093,1,SUCCESS
A,epsilon,30,1776511902092,1776511902093,1,SUCCESS
A,epsilon,31,1776511902092,1776511902093,1,SUCCESS
A,epsilon,32,1776511902092,1776511902093,1,SUCCESS
A,epsilon,33,1776511902092,1776511902093,1,SUCCESS
A,epsilon,34,1776511902092,1776511902093,1,SUCCESS
A,epsilon,35,1776511902092,1776511902093,1,SUCCESS
A,epsilon,36,1776511902092,1776511902093,1,SUCCESS
A,epsilon,37,1776511902092,1776511902093,1,SUCCESS
A,epsilon,38,1776511902092,1776511902093,1,SUCCESS
A,epsilon,39,1776511902092,1776511902093,1,SUCCESS
A,epsilon,40,1776511902092,1776511902093,1,SUCCESS
A,epsilon,41,1776511902092,1776511902093,1,SUCCESS
A,epsilon,42,1776511902092,1776511902093,1,SUCCESS
A,epsilon,43,1776511902092,1776511902093,1,SUCCESS
A,epsilon,44,1776511902092,1776511902093,1,SUCCESS
A,epsilon,45,1776511902092,1776511902093,1,SUCCESS
A,epsilon,46,1776511902092,1776511902093,1,SUCCESS
A,epsilon,47,1776511902092,1776511902093,1,SUCCESS
A,epsilon,48,1776511902092,1776511902093,1,SUCCESS
A,epsilon,49,1776511902092,1776511902093,1,SUCCESS
A,epsilon,50,1776511902092,1776511902093,1,SUCCESS
A,epsilon,51,1776511902092,1776511902093,1,SUCCESS
A,epsilon,52,1776511902092,1776511902093,1,SUCCESS
A,epsilon,53,1776511902092,1776511902093,1,SUCCESS
A,epsilon,54,1776511902092,1776511902093,1,SUCCESS
A,epsilon,55,1776511902092,1776511902093,1,SUCCESS
A,epsilon,56,1776511902092,1776511902093,1,SUCCESS
A,epsilon,57,1776511902092,1776511902093,1,SUCCESS
A,epsilon,58,1776511902092,1776511902093,1,SUCCESS
A,epsilon,59,1776511902092,1776511902093,1,SUCCESS
A,epsilon,60,1776511902092,1776511902093,1,SUCCESS
A,epsilon,61,1776511902092,1776511902093,1,SUCCESS
A,epsilon,62,1776511902092,1776511902093,1,SUCCESS
A,epsilon,63,1776511902092,1776511902093,1,SUCCESS
A,epsilon,64,1776511902092,1776511902093,1,SUCCESS
A,epsilon,65,1776511902092,1776511902093,1,SUCCESS
A,epsilon,66,1776511902092,1776511902093,1,SUCCESS
A,epsilon,67,1776511902092,1776511902093,1,SUCCESS
A,epsilon,68,1776511902092,1776511902093,1,SUCCESS
A,epsilon,69,1776511902092,1776511902093,1,SUCCESS
A,epsilon,70,1776511902092,1776511902093,1,SUCCESS
A,epsilon,71,1776511902092,1776511902093,1,SUCCESS
A,epsilon,72,1776511902092,1776511902093,1,SUCCESS
A,epsilon,73,1776511902092,1776511902093,1,SUCCESS
A,epsilon,74,1776511902092,1776511902093,1,SUCCESS
A,epsilon,75,1776511902092,1776511902093,1,SUCCESS
A,epsilon,76,1776511902092,1776511902093,1,SUCCESS
A,epsilon,77,1776511902092,1776511902093,1,SUCCESS
A,epsilon,78,1776511902092,1776511902093,1,SUCCESS
A,epsilon,79,1776511902092,1776511902093,1,SUCCESS
A,epsilon,80,1776511902092,1776511902093,1,SUCCESS
A,epsilon,81,1776511902092,1776511902093,1,SUCCESS
A,epsilon,82,1776511902092,1776511902093,1,SUCCESS
A,epsilon,83,1776511902092,1776511902093,1,SUCCESS
A,epsilon,84,1776511902092,1776511902093,1,SUCCESS
A,epsilon,85,1776511902092,1776511902093,1,SUCCESS
A,epsilon,86,1776511902092,1776511902093,1,SUCCESS
A,epsilon,87,1776511902092,1776511902093,1,SUCCESS
A,epsilon,88,1776511902092,1776511902093,1,SUCCESS
A,epsilon,89,1776511902092,1776511902093,1,SUCCESS
A,epsilon,90,1776511902092,1776511902093,1,SUCCESS
A,epsilon,91,1776511902092,1776511902093,1,SUCCESS
A,epsilon,92,1776511902092,1776511902093,1,SUCCESS
A,epsilon,93,1776511902092,1776511902093,1,SUCCESS
A,epsilon,94,1776511902092,1776511902093,1,SUCCESS
A,epsilon,95,1776511902092,1776511902093,1,SUCCESS
A,epsilon,96,1776511902092,1776511902093,1,SUCCESS
A,epsilon,97,1776511902092,1776511902093,1,SUCCESS
A,epsilon,98,1776511902092,1776511902093,1,SUCCESS
A,epsilon,99,1776511902092,1776511902093,1,SUCCESS
A,epsilon,100,1776511902092,1776511902093,1,SUCCESS
A,epsilon,101,1776511902092,1776511902093,1,SUCCESS
A,epsilon,102,1776511902092,1776511902093,1,SUCCESS
A,epsilon,103,1776511902092,1776511902093,1,SUCCESS
A,epsilon,104,1776511902092,1776511902093,1,SUCCESS
A,epsilon,105,1776511902092,1776511902093,1,SUCCESS
A,epsilon,106,1776511902092,1776511902093,1,SUCCESS
A,epsilon,107,1776511902092,1776511902093,1,SUCCESS
A,epsilon,108,1776511902092,1776511902093,1,SUCCESS
A,epsilon,109,1776511902092,1776511902093,1,SUCCESS
A,epsilon,110,1776511902092,1776511902093,1,SUCCESS
A,epsilon,111,1776511902092,1776511902093,1,SUCCESS
A,epsilon,112,1776511902092,1776511902093,1,SUCCESS
A,epsilon,113,1776511902092,1776511902093,1,SUCCESS
A,epsilon,114,1776511902092,1776511902093,1,SUCCESS
A,epsilon,115,1776511902092,1776511902093,1,SUCCESS
A,epsilon,116,1776511902092,1776511902093,1,SUCCESS
A,epsilon,117,1776511902092,1776511902093,1,SUCCESS
A,epsilon,118,1776511902092,1776511902093,1,SUCCESS
A,epsilon,119,1776511902092,1776511902093,1,SUCCESS
A,epsilon,120,1776511902092,1776511902093,1,SUCCESS
A,epsilon,121,1776511902092,1776511902093,1,SUCCESS
A,epsilon,122,1776511902092,1776511902093,1,SUCCESS
A,epsilon,123,1776511902092,1776511902093,1,SUCCESS
A,epsilon,124,1776511902092,1776511902093,1,SUCCESS
A,epsilon,125,1776511902092,1776511902093,1,SUCCESS
A,epsilon,126,1776511902092,1776511902093,1,SUCCESS
A,epsilon,127,1776511902092,1776511902093,1,SUCCESS
A,epsilon,128,1776511902092,1776511902093,1,SUCCESS
A,epsilon,129,1776511902092,1776511902093,1,SUCCESS
A,epsilon,130,1776511902092,1776511902093,1,SUCCESS
A,epsilon,131,1776511902092,1776511902093,1,SUCCESS
A,epsilon,132,1776511902093,1776511902093,0,SUCCESS
A,epsilon,133,1776511902093,1776511902093,0,SUCCESS
A,epsilon,134,1776511902093,1776511902093,0,SUCCESS
A,epsilon,135,1776511902093,1776511902093,0,SUCCESS
A,epsilon,136,1776511902093,1776511902093,0,SUCCESS
A,epsilon,137,1776511902093,1776511902093,0,SUCCESS
A,epsilon,138,1776511902093,1776511902093,0,SUCCESS
A,epsilon,139,1776511902093,1776511902093,0,SUCCESS
A,epsilon,140,1776511902093,1776511902093,0,SUCCESS
A,epsilon,141,1776511902093,1776511902093,0,SUCCESS
A,epsilon,142,1776511902093,1776511902093,0,SUCCESS
A,epsilon,143,1776511902093,1776511902093,0,SUCCESS
A,epsilon,144,1776511902093,1776511902093,0,SUCCESS
A,epsilon,145,1776511902093,1776511902093,0,SUCCESS
A,epsilon,146,1776511902093,1776511902093,0,SUCCESS
A,epsilon,147,1776511902093,1776511902093,0,SUCCESS
A,epsilon,148,1776511902093,1776511902093,0,SUCCESS
A,epsilon,149,1776511902093,1776511902093,0,SUCCESS
A,epsilon,150,1776511902093,1776511902093,0,SUCCESS
A,epsilon,151,1776511902093,1776511902093,0,SUCCESS
A,epsilon,152,1776511902093,1776511902093,0,SUCCESS
A,epsilon,153,1776511902093,1776511902093,0,SUCCESS
A,epsilon,154,1776511902093,1776511902093,0,SUCCESS
A,epsilon,155,1776511902093,1776511902093,0,SUCCESS
A,epsilon,156,1776511902093,1776511902093,0,SUCCESS
A,epsilon,157,1776511902093,1776511902093,0,SUCCESS
A,epsilon,158,1776511902093,1776511902093,0,SUCCESS
A,epsilon,159,1776511902093,1776511902093,0,SUCCESS
A,epsilon,160,1776511902093,1776511902093,0,SUCCESS
A,epsilon,161,1776511902093,1776511902093,0,SUCCESS
A,epsilon,162,1776511902093,1776511902093,0,SUCCESS
A,epsilon,163,1776511902093,1776511902093,0,SUCCESS
A,epsilon,164,1776511902093,1776511902093,0,SUCCESS
A,epsilon,165,1776511902093,1776511902093,0,SUCCESS
A,epsilon,166,1776511902093,1776511902093,0,SUCCESS
A,epsilon,167,1776511902093,1776511902093,0,SUCCESS
A,epsilon,168,1776511902093,1776511902093,0,SUCCESS
A,epsilon,169,1776511902093,1776511902093,0,SUCCESS
A,epsilon,170,1776511902093,1776511902093,0,SUCCESS
A,epsilon,171,1776511902093,1776511902093,0,SUCCESS
A,epsilon,172,1776511902093,1776511902093,0,SUCCESS
A,epsilon,173,1776511902093,1776511902093,0,SUCCESS
A,epsilon,174,1776511902093,1776511902093,0,SUCCESS
A,epsilon,175,1776511902093,1776511902093,0,SUCCESS
A,epsilon,176,1776511902093,1776511902093,0,SUCCESS
A,epsilon,177,1776511902093,1776511902093,0,SUCCESS
A,epsilon,178,1776511902093,1776511902093,0,SUCCESS
A,epsilon,179,1776511902093,1776511902093,0,SUCCESS
A,epsilon,180,1776511902093,1776511902093,0,SUCCESS
A,epsilon,181,1776511902093,1776511902093,0,SUCCESS
A,epsilon,182,1776511902093,1776511902093,0,SUCCESS
A,epsilon,183,1776511902093,1776511902093,0,SUCCESS
A,epsilon,184,1776511902093,1776511902093,0,SUCCESS
A,epsilon,185,1776511902093,1776511902093,0,SUCCESS
A,epsilon,186,1776511902093,1776511902093,0,SUCCESS
A,epsilon,187,1776511902093,1776511902093,0,SUCCESS
A,epsilon,188,1776511902093,1776511902093,0,SUCCESS
A,epsilon,189,1776511902093,1776511902093,0,SUCCESS
A,epsilon,190,1776511902093,1776511902093,0,SUCCESS
A,epsilon,191,1776511902093,1776511902093,0,SUCCESS
A,epsilon,192,1776511902093,1776511902093,0,SUCCESS
A,epsilon,193,1776511902093,1776511902093,0,SUCCESS
A,epsilon,194,1776511902093,1776511902093,0,SUCCESS
A,epsilon,195,1776511902093,1776511902093,0,SUCCESS
A,epsilon,196,1776511902093,1776511902093,0,SUCCESS
A,epsilon,197,1776511902093,1776511902093,0,SUCCESS
A,epsilon,198,1776511902093,1776511902093,0,SUCCESS
A,epsilon,199,1776511902093,1776511902093,0,SUCCESS
A,epsilon,200,1776511902093,1776511902093,0,SUCCESS
A,epsilon,201,1776511902093,1776511902093,0,SUCCESS
A,epsilon,202,1776511902093,1776511902093,0,SUCCESS
A,epsilon,203,1776511902093,1776511902093,0,SUCCESS
A,epsilon,204,1776511902093,1776511902093,0,SUCCESS
A,epsilon,205,1776511902093,1776511902093,0,SUCCESS
A,epsilon,206,1776511902093,1776511902093,0,SUCCESS
A,epsilon,207,1776511902093,1776511902093,0,SUCCESS
A,epsilon,208,1776511902093,1776511902093,0,SUCCESS
A,epsilon,209,1776511902093,1776511902093,0,SUCCESS
A,epsilon,210,1776511902093,1776511902093,0,SUCCESS
A,epsilon,211,1776511902093,1776511902093,0,SUCCESS
A,epsilon,212,1776511902093,1776511902093,0,SUCCESS
A,epsilon,213,1776511902093,1776511902093,0,SUCCESS
A,epsilon,214,1776511902093,1776511902093,0,SUCCESS
A,epsilon,215,1776511902093,1776511902093,0,SUCCESS
A,epsilon,216,1776511902093,1776511902093,0,SUCCESS
A,epsilon,217,1776511902093,1776511902093,0,SUCCESS
A,epsilon,218,1776511902093,1776511902093,0,SUCCESS
A,epsilon,219,1776511902093,1776511902093,0,SUCCESS
A,epsilon,220,1776511902093,1776511902093,0,SUCCESS
A,epsilon,221,1776511902093,1776511902093,0,SUCCESS
A,epsilon,222,1776511902093,1776511902093,0,SUCCESS
A,epsilon,223,1776511902093,1776511902093,0,SUCCESS
A,epsilon,224,1776511902093,1776511902093,0,SUCCESS
A,epsilon,225,1776511902093,1776511902093,0,SUCCESS
A,epsilon,226,1776511902093,1776511902093,0,SUCCESS
A,epsilon,227,1776511902093,1776511902093,0,SUCCESS
A,epsilon,228,1776511902093,1776511902093,0,SUCCESS
A,epsilon,229,1776511902093,1776511902093,0,SUCCESS
A,epsilon,230,1776511902093,1776511902093,0,SUCCESS
A,epsilon,231,1776511902093,1776511902093,0,SUCCESS
A,epsilon,232,1776511902093,1776511902093,0,SUCCESS
A,epsilon,233,1776511902093,1776511902093,0,SUCCESS
A,epsilon,234,1776511902093,1776511902093,0,SUCCESS
A,epsilon,235,1776511902093,1776511902093,0,SUCCESS
A,epsilon,236,1776511902093,1776511902093,0,SUCCESS
A,epsilon,237,1776511902093,1776511902093,0,SUCCESS
A,epsilon,238,1776511902093,1776511902093,0,SUCCESS
A,epsilon,239,1776511902093,1776511902093,0,SUCCESS
A,epsilon,240,1776511902093,1776511902093,0,SUCCESS
A,epsilon,241,1776511902093,1776511902093,0,SUCCESS
A,epsilon,242,1776511902093,1776511902093,0,SUCCESS
A,epsilon,243,1776511902093,1776511902093,0,SUCCESS
A,epsilon,244,1776511902093,1776511902093,0,SUCCESS
A,epsilon,245,1776511902093,1776511902093,0,SUCCESS
A,epsilon,246,1776511902093,1776511902093,0,SUCCESS
A,epsilon,247,1776511902093,1776511902093,0,SUCCESS
A,epsilon,248,1776511902093,1776511902093,0,SUCCESS
A,epsilon,249,1776511902093,1776511902093,0,SUCCESS
A,epsilon,250,1776511902093,1776511902093,0,SUCCESS
A,epsilon,251,1776511902093,1776511902093,0,SUCCESS
A,epsilon,252,1776511902093,1776511902093,0,SUCCESS
A,epsilon,253,1776511902093,1776511902093,0,SUCCESS
A,epsilon,254,1776511902093,1776511902093,0,SUCCESS
A,epsilon,255,1776511902093,1776511902093,0,SUCCESS
A,epsilon,256,1776511902093,1776511902093,0,SUCCESS
A,epsilon,257,1776511902093,1776511902093,0,SUCCESS
A,epsilon,258,1776511902093,1776511902093,0,SUCCESS
A,epsilon,259,1776511902093,1776511902093,0,SUCCESS
A,epsilon,260,1776511902093,1776511902093,0,SUCCESS
A,epsilon,261,1776511902093,1776511902093,0,SUCCESS
A,epsilon,262,1776511902093,1776511902093,0,SUCCESS
A,epsilon,263,1776511902093,1776511902093,0,SUCCESS
A,epsilon,264,1776511902093,1776511902093,0,SUCCESS
A,epsilon,265,1776511902093,1776511902093,0,SUCCESS
A,epsilon,266,1776511902093,1776511902093,0,SUCCESS
A,epsilon,267,1776511902093,1776511902093,0,SUCCESS
A,epsilon,268,1776511902093,1776511902093,0,SUCCESS
A,epsilon,269,1776511902093,1776511902093,0,SUCCESS
A,epsilon,270,1776511902093,1776511902093,0,SUCCESS
A,epsilon,271,1776511902093,1776511902093,0,SUCCESS
A,epsilon,272,1776511902093,1776511902093,0,SUCCESS
A,epsilon,273,1776511902093,1776511902093,0,SUCCESS
A,epsilon,274,1776511902093,1776511902093,0,SUCCESS
A,epsilon,275,1776511902093,1776511902093,0,SUCCESS
A,epsilon,276,1776511902093,1776511902093,0,SUCCESS
A,epsilon,277,1776511902093,1776511902093,0,SUCCESS
A,epsilon,278,1776511902093,1776511902093,0,SUCCESS
A,epsilon,279,1776511902093,1776511902093,0,SUCCESS
A,epsilon,280,1776511902093,1776511902093,0,SUCCESS
A,epsilon,281,1776511902093,1776511902093,0,SUCCESS
A,epsilon,282,1776511902093,1776511902093,0,SUCCESS
A,epsilon,283,1776511902093,1776511902093,0,SUCCESS
A,epsilon,284,1776511902093,1776511902093,0,SUCCESS
A,epsilon,285,1776511902093,1776511902093,0,SUCCESS
A,epsilon,286,1776511902093,1776511902093,0,SUCCESS
A,epsilon,287,1776511902093,1776511902093,0,SUCCESS
A,epsilon,288,1776511902093,1776511902093,0,SUCCESS
A,epsilon,289,1776511902093,1776511902093,0,SUCCESS
A,epsilon,290,1776511902093,1776511902093,0,SUCCESS
A,epsilon,291,1776511902093,1776511902093,0,SUCCESS
A,epsilon,292,1776511902093,1776511902093,0,SUCCESS
A,epsilon,293,1776511902093,1776511902093,0,SUCCESS
A,epsilon,294,1776511902093,1776511902093,0,SUCCESS
A,epsilon,295,1776511902093,1776511902093,0,SUCCESS
A,epsilon,296,1776511902093,1776511902093,0,SUCCESS
A,epsilon,297,1776511902093,1776511902093,0,SUCCESS
A,epsilon,298,1776511902093,1776511902093,0,SUCCESS
A,epsilon,299,1776511902093,1776511902093,0,SUCCESS
A,epsilon,300,1776511902093,1776511902093,0,SUCCESS
A,epsilon,301,1776511902093,1776511902093,0,SUCCESS
A,epsilon,302,1776511902093,1776511902093,0,SUCCESS
A,epsilon,303,1776511902093,1776511902093,0,SUCCESS
A,epsilon,304,1776511902093,1776511902093,0,SUCCESS
A,epsilon,305,1776511902093,1776511902093,0,SUCCESS
A,epsilon,306,1776511902093,1776511902093,0,SUCCESS
A,epsilon,307,1776511902093,1776511902093,0,SUCCESS
A,epsilon,308,1776511902093,1776511902093,0,SUCCESS
A,epsilon,309,1776511902093,1776511902093,0,SUCCESS
A,epsilon,310,1776511902093,1776511902093,0,SUCCESS
A,epsilon,311,1776511902093,1776511902093,0,SUCCESS
A,epsilon,312,1776511902093,1776511902093,0,SUCCESS
A,epsilon,313,1776511902093,1776511902093,0,SUCCESS
A,epsilon,314,1776511902093,1776511902093,0,SUCCESS
A,epsilon,315,1776511902093,1776511902093,0,SUCCESS
A,epsilon,316,1776511902093,1776511902093,0,SUCCESS
A,epsilon,317,1776511902093,1776511902093,0,SUCCESS
A,epsilon,318,1776511902093,1776511902093,0,SUCCESS
A,epsilon,319,1776511902093,1776511902093,0,SUCCESS
A,epsilon,320,1776511902093,1776511902093,0,SUCCESS
A,epsilon,321,1776511902093,1776511902093,0,SUCCESS
A,epsilon,322,1776511902093,1776511902093,0,SUCCESS
A,epsilon,323,1776511902093,1776511902093,0,SUCCESS
A,epsilon,324,1776511902093,1776511902093,0,SUCCESS
A,epsilon,325,1776511902093,1776511902093,0,SUCCESS
A,epsilon,326,1776511902093,1776511902093,0,SUCCESS
A,epsilon,327,1776511902093,1776511902093,0,SUCCESS
A,epsilon,328,1776511902093,1776511902093,0,SUCCESS
A,epsilon,329,1776511902093,1776511902093,0,SUCCESS
A,epsilon,330,1776511902093,1776511902093,0,SUCCESS
A,epsilon,331,1776511902093,1776511902093,0,SUCCESS
A,epsilon,332,1776511902093,1776511902093,0,SUCCESS
A,epsilon,333,1776511902093,1776511902093,0,SUCCESS
A,epsilon,334,1776511902093,1776511902093,0,SUCCESS
A,epsilon,335,1776511902093,1776511902093,0,SUCCESS
A,epsilon,336,1776511902093,1776511902093,0,SUCCESS
A,epsilon,337,1776511902093,1776511902093,0,SUCCESS
A,epsilon,338,1776511902093,1776511902093,0,SUCCESS
A,epsilon,339,1776511902093,1776511902093,0,SUCCESS
A,epsilon,340,1776511902093,1776511902093,0,SUCCESS
A,epsilon,341,1776511902093,1776511902093,0,SUCCESS
A,epsilon,342,1776511902093,1776511902093,0,SUCCESS
A,epsilon,343,1776511902093,1776511902093,0,SUCCESS
A,epsilon,344,1776511902093,1776511902093,0,SUCCESS
A,epsilon,345,1776511902093,1776511902093,0,SUCCESS
A,epsilon,346,1776511902093,1776511902093,0,SUCCESS
A,epsilon,347,1776511902093,1776511902093,0,SUCCESS
A,epsilon,348,1776511902093,1776511902093,0,SUCCESS
A,epsilon,349,1776511902093,1776511902093,0,SUCCESS
A,epsilon,350,1776511902093,1776511902093,0,SUCCESS
A,epsilon,351,1776511902093,1776511902093,0,SUCCESS
A,epsilon,352,1776511902093,1776511902093,0,SUCCESS
A,epsilon,353,1776511902093,1776511902093,0,SUCCESS
A,epsilon,354,1776511902093,1776511902093,0,SUCCESS
A,epsilon,355,1776511902093,1776511902093,0,SUCCESS
A,epsilon,356,1776511902093,1776511902093,0,SUCCESS
A,epsilon,357,1776511902093,1776511902093,0,SUCCESS
A,epsilon,358,1776511902093,1776511902093,0,SUCCESS
A,epsilon,359,1776511902093,1776511902093,0,SUCCESS
A,epsilon,360,1776511902093,1776511902093,0,SUCCESS
A,epsilon,361,1776511902093,1776511902093,0,SUCCESS
A,epsilon,362,1776511902093,1776511902093,0,SUCCESS
A,epsilon,363,1776511902093,1776511902093,0,SUCCESS
A,epsilon,364,1776511902093,1776511902093,0,SUCCESS
A,epsilon,365,1776511902093,1776511902093,0,SUCCESS
A,epsilon,366,1776511902093,1776511902093,0,SUCCESS
A,epsilon,367,1776511902093,1776511902093,0,SUCCESS
A,epsilon,368,1776511902093,1776511902093,0,SUCCESS
A,epsilon,369,1776511902093,1776511902093,0,SUCCESS
A,epsilon,370,1776511902093,1776511902093,0,SUCCESS
A,epsilon,371,1776511902093,1776511902093,0,SUCCESS
A,epsilon,372,1776511902093,1776511902093,0,SUCCESS
A,epsilon,373,1776511902093,1776511902093,0,SUCCESS
A,epsilon,374,1776511902093,1776511902093,0,SUCCESS
A,epsilon,375,1776511902093,1776511902093,0,SUCCESS
A,epsilon,376,1776511902093,1776511902093,0,SUCCESS
A,epsilon,377,1776511902093,1776511902093,0,SUCCESS
A,epsilon,378,1776511902093,1776511902093,0,SUCCESS
A,epsilon,379,1776511902093,1776511902093,0,SUCCESS
A,epsilon,380,1776511902093,1776511902093,0,SUCCESS
A,epsilon,381,1776511902093,1776511902093,0,SUCCESS
A,epsilon,382,1776511902093,1776511902093,0,SUCCESS
A,epsilon,383,1776511902093,1776511902093,0,SUCCESS
A,epsilon,384,1776511902093,1776511902093,0,SUCCESS
A,epsilon,385,1776511902093,1776511902093,0,SUCCESS
A,epsilon,386,1776511902093,1776511902093,0,SUCCESS
A,epsilon,387,1776511902093,1776511902093,0,SUCCESS
A,epsilon,388,1776511902093,1776511902093,0,SUCCESS
A,epsilon,389,1776511902093,1776511902093,0,SUCCESS
A,epsilon,390,1776511902093,1776511902093,0,SUCCESS
A,epsilon,391,1776511902093,1776511902093,0,SUCCESS
A,epsilon,392,1776511902093,1776511902093,0,SUCCESS
A,epsilon,393,1776511902093,1776511902093,0,SUCCESS
A,epsilon,394,1776511902093,1776511902093,0,SUCCESS
A,epsilon,395,1776511902093,1776511902093,0,SUCCESS
A,epsilon,396,1776511902093,1776511902093,0,SUCCESS
A,epsilon,397,1776511902093,1776511902093,0,SUCCESS
A,epsilon,398,1776511902093,1776511902093,0,SUCCESS
A,epsilon,399,1776511902093,1776511902093,0,SUCCESS
A,epsilon,400,1776511902093,1776511902093,0,SUCCESS
A,epsilon,401,1776511902093,1776511902093,0,SUCCESS
A,epsilon,402,1776511902093,1776511902093,0,SUCCESS
A,epsilon,403,1776511902093,1776511902093,0,SUCCESS
A,epsilon,404,1776511902093,1776511902093,0,SUCCESS
A,epsilon,405,1776511902093,1776511902093,0,SUCCESS
A,epsilon,406,1776511902093,1776511902093,0,SUCCESS
A,epsilon,407,1776511902093,1776511902093,0,SUCCESS
A,epsilon,408,1776511902093,1776511902093,0,SUCCESS
A,epsilon,409,1776511902093,1776511902093,0,SUCCESS
A,epsilon,410,1776511902093,1776511902093,0,SUCCESS
A,epsilon,411,1776511902093,1776511902093,0,SUCCESS
A,epsilon,412,1776511902093,1776511902093,0,SUCCESS
A,epsilon,413,1776511902093,1776511902093,0,SUCCESS
A,epsilon,414,1776511902093,1776511902093,0,SUCCESS
A,epsilon,415,1776511902093,1776511902093,0,SUCCESS
A,epsilon,416,1776511902093,1776511902093,0,SUCCESS
A,epsilon,417,1776511902093,1776511902093,0,SUCCESS
A,epsilon,418,1776511902093,1776511902093,0,SUCCESS
A,epsilon,419,1776511902093,1776511902093,0,SUCCESS
A,epsilon,420,1776511902093,1776511902093,0,SUCCESS
A,epsilon,421,1776511902093,1776511902093,0,SUCCESS
A,epsilon,422,1776511902093,1776511902093,0,SUCCESS
A,epsilon,423,1776511902093,1776511902093,0,SUCCESS
A,epsilon,424,1776511902093,1776511902093,0,SUCCESS
A,epsilon,425,1776511902093,1776511902093,0,SUCCESS
A,epsilon,426,1776511902093,1776511902093,0,SUCCESS
A,epsilon,427,1776511902093,1776511902093,0,SUCCESS
A,epsilon,428,1776511902093,1776511902093,0,SUCCESS
A,epsilon,429,1776511902093,1776511902093,0,SUCCESS
A,epsilon,430,1776511902093,1776511902093,0,SUCCESS
A,epsilon,431,1776511902093,1776511902093,0,SUCCESS
A,epsilon,432,1776511902093,1776511902093,0,SUCCESS
A,epsilon,433,1776511902093,1776511902093,0,SUCCESS
A,epsilon,434,1776511902093,1776511902094,1,SUCCESS
A,epsilon,435,1776511902093,1776511902094,1,SUCCESS
A,epsilon,436,1776511902093,1776511902094,1,SUCCESS
A,epsilon,437,1776511902093,1776511902094,1,SUCCESS
A,epsilon,438,1776511902093,1776511902094,1,SUCCESS
A,epsilon,439,1776511902093,1776511902094,1,SUCCESS
A,epsilon,440,1776511902093,1776511902094,1,SUCCESS
A,epsilon,441,1776511902093,1776511902094,1,SUCCESS
A,epsilon,442,1776511902093,1776511902094,1,SUCCESS
A,epsilon,443,1776511902093,1776511902094,1,SUCCESS
A,epsilon,444,1776511902093,1776511902094,1,SUCCESS
A,epsilon,445,1776511902093,1776511902094,1,SUCCESS
A,epsilon,446,1776511902093,1776511902094,1,SUCCESS
A,epsilon,447,1776511902093,1776511902094,1,SUCCESS
A,epsilon,448,1776511902093,1776511902094,1,SUCCESS
A,epsilon,449,1776511902093,1776511902094,1,SUCCESS
A,epsilon,450,1776511902093,1776511902094,1,SUCCESS
A,epsilon,451,1776511902093,1776511902094,1,SUCCESS
A,epsilon,452,1776511902093,1776511902094,1,SUCCESS
A,epsilon,453,1776511902093,1776511902094,1,SUCCESS
A,epsilon,454,1776511902093,1776511902094,1,SUCCESS
A,epsilon,455,1776511902093,1776511902094,1,SUCCESS
A,epsilon,456,1776511902093,1776511902094,1,SUCCESS
A,epsilon,457,1776511902093,1776511902094,1,SUCCESS
A,epsilon,458,1776511902093,1776511902094,1,SUCCESS
A,epsilon,459,1776511902093,1776511902094,1,SUCCESS
A,epsilon,460,1776511902093,1776511902094,1,SUCCESS
A,epsilon,461,1776511902093,1776511902094,1,SUCCESS
A,epsilon,462,1776511902093,1776511902094,1,SUCCESS
A,epsilon,463,1776511902093,1776511902094,1,SUCCESS
A,epsilon,464,1776511902093,1776511902094,1,SUCCESS
A,epsilon,465,1776511902093,1776511902094,1,SUCCESS
A,epsilon,466,1776511902093,1776511902094,1,SUCCESS
A,epsilon,467,1776511902093,1776511902094,1,SUCCESS
A,epsilon,468,1776511902093,1776511902094,1,SUCCESS
A,epsilon,469,1776511902093,1776511902094,1,SUCCESS
A,epsilon,470,1776511902093,1776511902094,1,SUCCESS
A,epsilon,471,1776511902093,1776511902094,1,SUCCESS
A,epsilon,472,1776511902093,1776511902094,1,SUCCESS
A,epsilon,473,1776511902093,1776511902094,1,SUCCESS
A,epsilon,474,1776511902093,1776511902094,1,SUCCESS
A,epsilon,475,1776511902093,1776511902094,1,SUCCESS
A,epsilon,476,1776511902093,1776511902094,1,SUCCESS
A,epsilon,477,1776511902093,1776511902094,1,SUCCESS
A,epsilon,478,1776511902093,1776511902094,1,SUCCESS
A,epsilon,479,1776511902093,1776511902094,1,SUCCESS
A,epsilon,480,1776511902093,1776511902094,1,SUCCESS
A,epsilon,481,1776511902093,1776511902094,1,SUCCESS
A,epsilon,482,1776511902093,1776511902094,1,SUCCESS
A,epsilon,483,1776511902093,1776511902094,1,SUCCESS
A,epsilon,484,1776511902093,1776511902094,1,SUCCESS
A,epsilon,485,1776511902093,1776511902094,1,SUCCESS
A,epsilon,486,1776511902093,1776511902094,1,SUCCESS
A,epsilon,487,1776511902093,1776511902094,1,SUCCESS
A,epsilon,488,1776511902093,1776511902094,1,SUCCESS
A,epsilon,489,1776511902093,1776511902094,1,SUCCESS
A,epsilon,490,1776511902093,1776511902094,1,SUCCESS
A,epsilon,491,1776511902093,1776511902094,1,SUCCESS
A,epsilon,492,1776511902093,1776511902094,1,SUCCESS
A,epsilon,493,1776511902093,1776511902094,1,SUCCESS
A,epsilon,494,1776511902093,1776511902094,1,SUCCESS
A,epsilon,495,1776511902093,1776511902094,1,SUCCESS
A,epsilon,496,1776511902093,1776511902094,1,SUCCESS
A,epsilon,497,1776511902093,1776511902094,1,SUCCESS
A,epsilon,498,1776511902093,1776511902094,1,SUCCESS
A,epsilon,499,1776511902093,1776511902094,1,SUCCESS
A,epsilon,500,1776511902093,1776511902094,1,SUCCESS
A,epsilon,501,1776511902093,1776511902094,1,SUCCESS
A,epsilon,502,1776511902093,1776511902094,1,SUCCESS
A,epsilon,503,1776511902093,1776511902094,1,SUCCESS
A,epsilon,504,1776511902093,1776511902094,1,SUCCESS
A,epsilon,505,1776511902093,1776511902094,1,SUCCESS
A,epsilon,506,1776511902093,1776511902094,1,SUCCESS
A,epsilon,507,1776511902093,1776511902094,1,SUCCESS
A,epsilon,508,1776511902093,1776511902094,1,SUCCESS
A,epsilon,509,1776511902093,1776511902094,1,SUCCESS
A,epsilon,510,1776511902093,1776511902094,1,SUCCESS
A,epsilon,511,1776511902093,1776511902094,1,SUCCESS
A,epsilon,512,1776511902093,1776511902094,1,SUCCESS
A,epsilon,513,1776511902093,1776511902094,1,SUCCESS
A,epsilon,514,1776511902093,1776511902094,1,SUCCESS
A,epsilon,515,1776511902093,1776511902094,1,SUCCESS
A,epsilon,516,1776511902093,1776511902094,1,SUCCESS
A,epsilon,517,1776511902093,1776511902094,1,SUCCESS
A,epsilon,518,1776511902093,1776511902094,1,SUCCESS
A,epsilon,519,1776511902093,1776511902094,1,SUCCESS
A,epsilon,520,1776511902093,1776511902094,1,SUCCESS
A,epsilon,521,1776511902093,1776511902094,1,SUCCESS
A,epsilon,522,1776511902093,1776511902094,1,SUCCESS
A,epsilon,523,1776511902093,1776511902094,1,SUCCESS
A,epsilon,524,1776511902093,1776511902094,1,SUCCESS
A,epsilon,525,1776511902093,1776511902094,1,SUCCESS
A,epsilon,526,1776511902093,1776511902094,1,SUCCESS
A,epsilon,527,1776511902093,1776511902094,1,SUCCESS
A,epsilon,528,1776511902093,1776511902094,1,SUCCESS
A,epsilon,529,1776511902093,1776511902094,1,SUCCESS
A,epsilon,530,1776511902093,1776511902094,1,SUCCESS
A,epsilon,531,1776511902093,1776511902094,1,SUCCESS
A,epsilon,532,1776511902093,1776511902094,1,SUCCESS
A,epsilon,533,1776511902093,1776511902094,1,SUCCESS
A,epsilon,534,1776511902093,1776511902094,1,SUCCESS
A,epsilon,535,1776511902093,1776511902094,1,SUCCESS
A,epsilon,536,1776511902093,1776511902094,1,SUCCESS
A,epsilon,537,1776511902093,1776511902094,1,SUCCESS
A,epsilon,538,1776511902093,1776511902094,1,SUCCESS
A,epsilon,539,1776511902093,1776511902094,1,SUCCESS
A,epsilon,540,1776511902093,1776511902094,1,SUCCESS
A,epsilon,541,1776511902093,1776511902094,1,SUCCESS
A,epsilon,542,1776511902093,1776511902094,1,SUCCESS
A,epsilon,543,1776511902093,1776511902094,1,SUCCESS
A,epsilon,544,1776511902093,1776511902094,1,SUCCESS
A,epsilon,545,1776511902093,1776511902094,1,SUCCESS
A,epsilon,546,1776511902093,1776511902094,1,SUCCESS
A,epsilon,547,1776511902093,1776511902094,1,SUCCESS
A,epsilon,548,1776511902093,1776511902094,1,SUCCESS
A,epsilon,549,1776511902093,1776511902094,1,SUCCESS
A,epsilon,550,1776511902093,1776511902094,1,SUCCESS
A,epsilon,551,1776511902093,1776511902094,1,SUCCESS
A,epsilon,552,1776511902093,1776511902094,1,SUCCESS
A,epsilon,553,1776511902093,1776511902094,1,SUCCESS
A,epsilon,554,1776511902093,1776511902094,1,SUCCESS
A,epsilon,555,1776511902093,1776511902094,1,SUCCESS
A,epsilon,556,1776511902093,1776511902094,1,SUCCESS
A,epsilon,557,1776511902093,1776511902094,1,SUCCESS
A,epsilon,558,1776511902093,1776511902094,1,SUCCESS
A,epsilon,559,1776511902093,1776511902094,1,SUCCESS
A,epsilon,560,1776511902093,1776511902094,1,SUCCESS
A,epsilon,561,1776511902093,1776511902094,1,SUCCESS
A,epsilon,562,1776511902093,1776511902094,1,SUCCESS
A,epsilon,563,1776511902093,1776511902094,1,SUCCESS
A,epsilon,564,1776511902093,1776511902094,1,SUCCESS
A,epsilon,565,1776511902093,1776511902094,1,SUCCESS
A,epsilon,566,1776511902093,1776511902094,1,SUCCESS
A,epsilon,567,1776511902093,1776511902094,1,SUCCESS
A,epsilon,568,1776511902093,1776511902094,1,SUCCESS
A,epsilon,569,1776511902093,1776511902094,1,SUCCESS
A,epsilon,570,1776511902093,1776511902094,1,SUCCESS
A,epsilon,571,1776511902093,1776511902094,1,SUCCESS
A,epsilon,572,1776511902093,1776511902094,1,SUCCESS
A,epsilon,573,1776511902093,1776511902094,1,SUCCESS
A,epsilon,574,1776511902093,1776511902094,1,SUCCESS
A,epsilon,575,1776511902093,1776511902094,1,SUCCESS
A,epsilon,576,1776511902093,1776511902094,1,SUCCESS
A,epsilon,577,1776511902093,1776511902094,1,SUCCESS
A,epsilon,578,1776511902093,1776511902094,1,SUCCESS
A,epsilon,579,1776511902093,1776511902094,1,SUCCESS
A,epsilon,580,1776511902093,1776511902094,1,SUCCESS
A,epsilon,581,1776511902093,1776511902094,1,SUCCESS
A,epsilon,582,1776511902093,1776511902094,1,SUCCESS
A,epsilon,583,1776511902093,1776511902094,1,SUCCESS
A,epsilon,584,1776511902093,1776511902094,1,SUCCESS
A,epsilon,585,1776511902093,1776511902094,1,SUCCESS
A,epsilon,586,1776511902093,1776511902094,1,SUCCESS
A,epsilon,587,1776511902093,1776511902094,1,SUCCESS
A,epsilon,588,1776511902093,1776511902094,1,SUCCESS
A,epsilon,589,1776511902093,1776511902094,1,SUCCESS
A,epsilon,590,1776511902093,1776511902094,1,SUCCESS
A,epsilon,591,1776511902093,1776511902094,1,SUCCESS
A,epsilon,592,1776511902093,1776511902094,1,SUCCESS
A,epsilon,593,1776511902093,1776511902094,1,SUCCESS
A,epsilon,594,1776511902093,1776511902094,1,SUCCESS
A,epsilon,595,1776511902093,1776511902094,1,SUCCESS
A,epsilon,596,1776511902093,1776511902094,1,SUCCESS
A,epsilon,597,1776511902093,1776511902094,1,SUCCESS
A,epsilon,598,1776511902093,1776511902094,1,SUCCESS
A,epsilon,599,1776511902093,1776511902094,1,SUCCESS
A,epsilon,600,1776511902093,1776511902094,1,SUCCESS
A,epsilon,601,1776511902093,1776511902094,1,SUCCESS
A,epsilon,602,1776511902093,1776511902094,1,SUCCESS
A,epsilon,603,1776511902093,1776511902094,1,SUCCESS
A,epsilon,604,1776511902093,1776511902094,1,SUCCESS
A,epsilon,605,1776511902093,1776511902094,1,SUCCESS
A,epsilon,606,1776511902093,1776511902094,1,SUCCESS
A,epsilon,607,1776511902093,1776511902094,1,SUCCESS
A,epsilon,608,1776511902093,1776511902094,1,SUCCESS
A,epsilon,609,1776511902093,1776511902094,1,SUCCESS
A,epsilon,610,1776511902093,1776511902094,1,SUCCESS
A,epsilon,611,1776511902093,1776511902094,1,SUCCESS
A,epsilon,612,1776511902093,1776511902094,1,SUCCESS
A,epsilon,613,1776511902093,1776511902094,1,SUCCESS
A,epsilon,614,1776511902093,1776511902094,1,SUCCESS
A,epsilon,615,1776511902093,1776511902094,1,SUCCESS
A,epsilon,616,1776511902093,1776511902094,1,SUCCESS
A,epsilon,617,1776511902093,1776511902094,1,SUCCESS
A,epsilon,618,1776511902093,1776511902094,1,SUCCESS
A,epsilon,619,1776511902093,1776511902094,1,SUCCESS
A,epsilon,620,1776511902093,1776511902094,1,SUCCESS
A,epsilon,621,1776511902093,1776511902094,1,SUCCESS
A,epsilon,622,1776511902093,1776511902094,1,SUCCESS
A,epsilon,623,1776511902093,1776511902094,1,SUCCESS
A,epsilon,624,1776511902093,1776511902094,1,SUCCESS
A,epsilon,625,1776511902093,1776511902094,1,SUCCESS
A,epsilon,626,1776511902093,1776511902094,1,SUCCESS
A,epsilon,627,1776511902093,1776511902094,1,SUCCESS
A,epsilon,628,1776511902093,1776511902094,1,SUCCESS
A,epsilon,629,1776511902093,1776511902094,1,SUCCESS
A,epsilon,630,1776511902094,1776511902094,0,SUCCESS
A,epsilon,631,1776511902094,1776511902094,0,SUCCESS
A,epsilon,632,1776511902094,1776511902094,0,SUCCESS
A,epsilon,633,1776511902094,1776511902094,0,SUCCESS
A,epsilon,634,1776511902094,1776511902094,0,SUCCESS
A,epsilon,635,1776511902094,1776511902094,0,SUCCESS
A,epsilon,636,1776511902094,1776511902094,0,SUCCESS
A,epsilon,637,1776511902094,1776511902094,0,SUCCESS
A,epsilon,638,1776511902094,1776511902094,0,SUCCESS
A,epsilon,639,1776511902094,1776511902094,0,SUCCESS
A,epsilon,640,1776511902094,1776511902094,0,SUCCESS
A,epsilon,641,1776511902094,1776511902094,0,SUCCESS
A,epsilon,642,1776511902094,1776511902094,0,SUCCESS
A,epsilon,643,1776511902094,1776511902094,0,SUCCESS
A,epsilon,644,1776511902094,1776511902094,0,SUCCESS
A,epsilon,645,1776511902094,1776511902094,0,SUCCESS
A,epsilon,646,1776511902094,1776511902094,0,SUCCESS
A,epsilon,647,1776511902094,1776511902094,0,SUCCESS
A,epsilon,648,1776511902094,1776511902094,0,SUCCESS
A,epsilon,649,1776511902094,1776511902094,0,SUCCESS
A,epsilon,650,1776511902094,1776511902094,0,SUCCESS
A,epsilon,651,1776511902094,1776511902094,0,SUCCESS
A,epsilon,652,1776511902094,1776511902094,0,SUCCESS
A,epsilon,653,1776511902094,1776511902094,0,SUCCESS
A,epsilon,654,1776511902094,1776511902094,0,SUCCESS
A,epsilon,655,1776511902094,1776511902094,0,SUCCESS
A,epsilon,656,1776511902094,1776511902094,0,SUCCESS
A,epsilon,657,1776511902094,1776511902094,0,SUCCESS
A,epsilon,658,1776511902094,1776511902094,0,SUCCESS
A,epsilon,659,1776511902094,1776511902094,0,SUCCESS
A,epsilon,660,1776511902094,1776511902094,0,SUCCESS
A,epsilon,661,1776511902094,1776511902094,0,SUCCESS
A,epsilon,662,1776511902094,1776511902094,0,SUCCESS
A,epsilon,663,1776511902094,1776511902094,0,SUCCESS
A,epsilon,664,1776511902094,1776511902094,0,SUCCESS
A,epsilon,665,1776511902094,1776511902094,0,SUCCESS
A,epsilon,666,1776511902094,1776511902094,0,SUCCESS
A,epsilon,667,1776511902094,1776511902094,0,SUCCESS
A,epsilon,668,1776511902094,1776511902094,0,SUCCESS
A,epsilon,669,1776511902094,1776511902094,0,SUCCESS
A,epsilon,670,1776511902094,1776511902094,0,SUCCESS
A,epsilon,671,1776511902094,1776511902094,0,SUCCESS
A,epsilon,672,1776511902094,1776511902094,0,SUCCESS
A,epsilon,673,1776511902094,1776511902094,0,SUCCESS
A,epsilon,674,1776511902094,1776511902094,0,SUCCESS
A,epsilon,675,1776511902094,1776511902094,0,SUCCESS
A,epsilon,676,1776511902094,1776511902094,0,SUCCESS
A,epsilon,677,1776511902094,1776511902094,0,SUCCESS
A,epsilon,678,1776511902094,1776511902094,0,SUCCESS
A,epsilon,679,1776511902094,1776511902094,0,SUCCESS
A,epsilon,680,1776511902094,1776511902094,0,SUCCESS
A,epsilon,681,1776511902094,1776511902094,0,SUCCESS
A,epsilon,682,1776511902094,1776511902094,0,SUCCESS
A,epsilon,683,1776511902094,1776511902094,0,SUCCESS
A,epsilon,684,1776511902094,1776511902094,0,SUCCESS
A,epsilon,685,1776511902094,1776511902094,0,SUCCESS
A,epsilon,686,1776511902094,1776511902094,0,SUCCESS
A,epsilon,687,1776511902094,1776511902094,0,SUCCESS
A,epsilon,688,1776511902094,1776511902094,0,SUCCESS
A,epsilon,689,1776511902094,1776511902094,0,SUCCESS
A,epsilon,690,1776511902094,1776511902094,0,SUCCESS
A,epsilon,691,1776511902094,1776511902094,0,SUCCESS
A,epsilon,692,1776511902094,1776511902094,0,SUCCESS
A,epsilon,693,1776511902094,1776511902094,0,SUCCESS
A,epsilon,694,1776511902094,1776511902094,0,SUCCESS
A,epsilon,695,1776511902094,1776511902094,0,SUCCESS
A,epsilon,696,1776511902094,1776511902094,0,SUCCESS
A,epsilon,697,1776511902094,1776511902094,0,SUCCESS
A,epsilon,698,1776511902094,1776511902094,0,SUCCESS
A,epsilon,699,1776511902094,1776511902094,0,SUCCESS
A,epsilon,700,1776511902094,1776511902094,0,SUCCESS
A,epsilon,701,1776511902094,1776511902094,0,SUCCESS
A,epsilon,702,1776511902094,1776511902094,0,SUCCESS
A,epsilon,703,1776511902094,1776511902094,0,SUCCESS
A,epsilon,704,1776511902094,1776511902094,0,SUCCESS
A,epsilon,705,1776511902094,1776511902094,0,SUCCESS
A,epsilon,706,1776511902094,1776511902094,0,SUCCESS
A,epsilon,707,1776511902094,1776511902094,0,SUCCESS
A,epsilon,708,1776511902094,1776511902094,0,SUCCESS
A,epsilon,709,1776511902094,1776511902094,0,SUCCESS
A,epsilon,710,1776511902094,1776511902094,0,SUCCESS
A,epsilon,711,1776511902094,1776511902094,0,SUCCESS
A,epsilon,712,1776511902094,1776511902094,0,SUCCESS
A,epsilon,713,1776511902094,1776511902094,0,SUCCESS
A,epsilon,714,1776511902094,1776511902094,0,SUCCESS
A,epsilon,715,1776511902094,1776511902094,0,SUCCESS
A,epsilon,716,1776511902094,1776511902094,0,SUCCESS
A,epsilon,717,1776511902094,1776511902094,0,SUCCESS
A,epsilon,718,1776511902094,1776511902094,0,SUCCESS
A,epsilon,719,1776511902094,1776511902094,0,SUCCESS
A,epsilon,720,1776511902094,1776511902094,0,SUCCESS
A,epsilon,721,1776511902094,1776511902094,0,SUCCESS
A,epsilon,722,1776511902094,1776511902094,0,SUCCESS
A,epsilon,723,1776511902094,1776511902094,0,SUCCESS
A,epsilon,724,1776511902094,1776511902094,0,SUCCESS
A,epsilon,725,1776511902094,1776511902094,0,SUCCESS
A,epsilon,726,1776511902094,1776511902094,0,SUCCESS
A,epsilon,727,1776511902094,1776511902094,0,SUCCESS
A,epsilon,728,1776511902094,1776511902094,0,SUCCESS
A,epsilon,729,1776511902094,1776511902094,0,SUCCESS
A,epsilon,730,1776511902094,1776511902094,0,SUCCESS
A,epsilon,731,1776511902094,1776511902094,0,SUCCESS
A,epsilon,732,1776511902094,1776511902094,0,SUCCESS
A,epsilon,733,1776511902094,1776511902094,0,SUCCESS
A,epsilon,734,1776511902094,1776511902094,0,SUCCESS
A,epsilon,735,1776511902094,1776511902094,0,SUCCESS
A,epsilon,736,1776511902094,1776511902094,0,SUCCESS
A,epsilon,737,1776511902094,1776511902094,0,SUCCESS
A,epsilon,738,1776511902094,1776511902094,0,SUCCESS
A,epsilon,739,1776511902094,1776511902094,0,SUCCESS
A,epsilon,740,1776511902094,1776511902094,0,SUCCESS
A,epsilon,741,1776511902094,1776511902094,0,SUCCESS
A,epsilon,742,1776511902094,1776511902094,0,SUCCESS
A,epsilon,743,1776511902094,1776511902094,0,SUCCESS
A,epsilon,744,1776511902094,1776511902094,0,SUCCESS
A,epsilon,745,1776511902094,1776511902094,0,SUCCESS
A,epsilon,746,1776511902094,1776511902094,0,SUCCESS
A,epsilon,747,1776511902094,1776511902094,0,SUCCESS
A,epsilon,748,1776511902094,1776511902094,0,SUCCESS
A,epsilon,749,1776511902094,1776511902094,0,SUCCESS
A,epsilon,750,1776511902094,1776511902094,0,SUCCESS
A,epsilon,751,1776511902094,1776511902094,0,SUCCESS
A,epsilon,752,1776511902094,1776511902094,0,SUCCESS
A,epsilon,753,1776511902094,1776511902094,0,SUCCESS
A,epsilon,754,1776511902094,1776511902094,0,SUCCESS
A,epsilon,755,1776511902094,1776511902094,0,SUCCESS
A,epsilon,756,1776511902094,1776511902094,0,SUCCESS
A,epsilon,757,1776511902094,1776511902094,0,SUCCESS
A,epsilon,758,1776511902094,1776511902094,0,SUCCESS
A,epsilon,759,1776511902094,1776511902094,0,SUCCESS
A,epsilon,760,1776511902094,1776511902094,0,SUCCESS
A,epsilon,761,1776511902094,1776511902094,0,SUCCESS
A,epsilon,762,1776511902094,1776511902094,0,SUCCESS
A,epsilon,763,1776511902094,1776511902094,0,SUCCESS
A,epsilon,764,1776511902094,1776511902094,0,SUCCESS
A,epsilon,765,1776511902094,1776511902094,0,SUCCESS
A,epsilon,766,1776511902094,1776511902094,0,SUCCESS
A,epsilon,767,1776511902094,1776511902094,0,SUCCESS
A,epsilon,768,1776511902094,1776511902094,0,SUCCESS
A,epsilon,769,1776511902094,1776511902094,0,SUCCESS
A,epsilon,770,1776511902094,1776511902094,0,SUCCESS
A,epsilon,771,1776511902094,1776511902094,0,SUCCESS
A,epsilon,772,1776511902094,1776511902094,0,SUCCESS
A,epsilon,773,1776511902094,1776511902094,0,SUCCESS
A,epsilon,774,1776511902094,1776511902094,0,SUCCESS
A,epsilon,775,1776511902094,1776511902094,0,SUCCESS
A,epsilon,776,1776511902094,1776511902094,0,SUCCESS
A,epsilon,777,1776511902094,1776511902094,0,SUCCESS
A,epsilon,778,1776511902094,1776511902094,0,SUCCESS
A,epsilon,779,1776511902094,1776511902094,0,SUCCESS
A,epsilon,780,1776511902094,1776511902094,0,SUCCESS
A,epsilon,781,1776511902094,1776511902094,0,SUCCESS
A,epsilon,782,1776511902094,1776511902094,0,SUCCESS
A,epsilon,783,1776511902094,1776511902094,0,SUCCESS
A,epsilon,784,1776511902094,1776511902094,0,SUCCESS
A,epsilon,785,1776511902094,1776511902094,0,SUCCESS
A,epsilon,786,1776511902094,1776511902094,0,SUCCESS
A,epsilon,787,1776511902094,1776511902094,0,SUCCESS
A,epsilon,788,1776511902094,1776511902094,0,SUCCESS
A,epsilon,789,1776511902094,1776511902094,0,SUCCESS
A,epsilon,790,1776511902094,1776511902094,0,SUCCESS
A,epsilon,791,1776511902094,1776511902094,0,SUCCESS
A,epsilon,792,1776511902094,1776511902094,0,SUCCESS
A,epsilon,793,1776511902094,1776511902094,0,SUCCESS
A,epsilon,794,1776511902094,1776511902094,0,SUCCESS
A,epsilon,795,1776511902094,1776511902094,0,SUCCESS
A,epsilon,796,1776511902094,1776511902094,0,SUCCESS
A,epsilon,797,1776511902094,1776511902094,0,SUCCESS
A,epsilon,798,1776511902094,1776511902094,0,SUCCESS
A,epsilon,799,1776511902094,1776511902094,0,SUCCESS
A,epsilon,800,1776511902094,1776511902094,0,SUCCESS
A,epsilon,801,1776511902094,1776511902094,0,SUCCESS
A,epsilon,802,1776511902094,1776511902094,0,SUCCESS
A,epsilon,803,1776511902094,1776511902094,0,SUCCESS
A,epsilon,804,1776511902094,1776511902094,0,SUCCESS
A,epsilon,805,1776511902094,1776511902094,0,SUCCESS
A,epsilon,806,1776511902094,1776511902094,0,SUCCESS
A,epsilon,807,1776511902094,1776511902094,0,SUCCESS
A,epsilon,808,1776511902094,1776511902094,0,SUCCESS
A,epsilon,809,1776511902094,1776511902094,0,SUCCESS
A,epsilon,810,1776511902094,1776511902094,0,SUCCESS
A,epsilon,811,1776511902094,1776511902094,0,SUCCESS
A,epsilon,812,1776511902094,1776511902094,0,SUCCESS
A,epsilon,813,1776511902094,1776511902094,0,SUCCESS
A,epsilon,814,1776511902094,1776511902094,0,SUCCESS
A,epsilon,815,1776511902094,1776511902094,0,SUCCESS
A,epsilon,816,1776511902094,1776511902094,0,SUCCESS
A,epsilon,817,1776511902094,1776511902094,0,SUCCESS
A,epsilon,818,1776511902094,1776511902094,0,SUCCESS
A,epsilon,819,1776511902094,1776511902094,0,SUCCESS
A,epsilon,820,1776511902094,1776511902094,0,SUCCESS
A,epsilon,821,1776511902094,1776511902094,0,SUCCESS
A,epsilon,822,1776511902094,1776511902094,0,SUCCESS
A,epsilon,823,1776511902094,1776511902094,0,SUCCESS
A,epsilon,824,1776511902094,1776511902094,0,SUCCESS
A,epsilon,825,1776511902094,1776511902094,0,SUCCESS
A,epsilon,826,1776511902094,1776511902094,0,SUCCESS
A,epsilon,827,1776511902094,1776511902094,0,SUCCESS
A,epsilon,828,1776511902094,1776511902094,0,SUCCESS
A,epsilon,829,1776511902094,1776511902094,0,SUCCESS
A,epsilon,830,1776511902094,1776511902094,0,SUCCESS
A,epsilon,831,1776511902094,1776511902094,0,SUCCESS
A,epsilon,832,1776511902094,1776511902094,0,SUCCESS
A,epsilon,833,1776511902094,1776511902094,0,SUCCESS
A,epsilon,834,1776511902094,1776511902094,0,SUCCESS
A,epsilon,835,1776511902094,1776511902094,0,SUCCESS
A,epsilon,836,1776511902094,1776511902094,0,SUCCESS
A,epsilon,837,1776511902094,1776511902094,0,SUCCESS
A,epsilon,838,1776511902094,1776511902094,0,SUCCESS
A,epsilon,839,1776511902094,1776511902094,0,SUCCESS
A,epsilon,840,1776511902094,1776511902094,0,SUCCESS
A,epsilon,841,1776511902094,1776511902094,0,SUCCESS
A,epsilon,842,1776511902094,1776511902094,0,SUCCESS
A,epsilon,843,1776511902094,1776511902094,0,SUCCESS
A,epsilon,844,1776511902094,1776511902094,0,SUCCESS
A,epsilon,845,1776511902094,1776511902094,0,SUCCESS
A,epsilon,846,1776511902094,1776511902094,0,SUCCESS
A,epsilon,847,1776511902094,1776511902094,0,SUCCESS
A,epsilon,848,1776511902094,1776511902094,0,SUCCESS
A,epsilon,849,1776511902094,1776511902094,0,SUCCESS
A,epsilon,850,1776511902094,1776511902094,0,SUCCESS
A,epsilon,851,1776511902094,1776511902094,0,SUCCESS
A,epsilon,852,1776511902094,1776511902094,0,SUCCESS
A,epsilon,853,1776511902094,1776511902094,0,SUCCESS
A,epsilon,854,1776511902094,1776511902094,0,SUCCESS
A,epsilon,855,1776511902094,1776511902094,0,SUCCESS
A,epsilon,856,1776511902094,1776511902094,0,SUCCESS
A,epsilon,857,1776511902094,1776511902094,0,SUCCESS
A,epsilon,858,1776511902094,1776511902094,0,SUCCESS
A,epsilon,859,1776511902094,1776511902094,0,SUCCESS
A,epsilon,860,1776511902094,1776511902094,0,SUCCESS
A,epsilon,861,1776511902094,1776511902094,0,SUCCESS
A,epsilon,862,1776511902094,1776511902094,0,SUCCESS
A,epsilon,863,1776511902094,1776511902094,0,SUCCESS
A,epsilon,864,1776511902094,1776511902094,0,SUCCESS
A,epsilon,865,1776511902094,1776511902094,0,SUCCESS
A,epsilon,866,1776511902094,1776511902094,0,SUCCESS
A,epsilon,867,1776511902094,1776511902094,0,SUCCESS
A,epsilon,868,1776511902094,1776511902094,0,SUCCESS
A,epsilon,869,1776511902094,1776511902094,0,SUCCESS
A,epsilon,870,1776511902094,1776511902094,0,SUCCESS
A,epsilon,871,1776511902094,1776511902094,0,SUCCESS
A,epsilon,872,1776511902094,1776511902094,0,SUCCESS
A,epsilon,873,1776511902094,1776511902094,0,SUCCESS
A,epsilon,874,1776511902094,1776511902094,0,SUCCESS
A,epsilon,875,1776511902094,1776511902094,0,SUCCESS
A,epsilon,876,1776511902094,1776511902094,0,SUCCESS
A,epsilon,877,1776511902094,1776511902094,0,SUCCESS
A,epsilon,878,1776511902094,1776511902094,0,SUCCESS
A,epsilon,879,1776511902094,1776511902094,0,SUCCESS
A,epsilon,880,1776511902094,1776511902094,0,SUCCESS
A,epsilon,881,1776511902094,1776511902094,0,SUCCESS
A,epsilon,882,1776511902094,1776511902094,0,SUCCESS
A,epsilon,883,1776511902094,1776511902094,0,SUCCESS
A,epsilon,884,1776511902094,1776511902094,0,SUCCESS
A,epsilon,885,1776511902094,1776511902094,0,SUCCESS
A,epsilon,886,1776511902094,1776511902094,0,SUCCESS
A,epsilon,887,1776511902094,1776511902094,0,SUCCESS
A,epsilon,888,1776511902094,1776511902094,0,SUCCESS
A,epsilon,889,1776511902094,1776511902094,0,SUCCESS
A,epsilon,890,1776511902094,1776511902094,0,SUCCESS
A,epsilon,891,1776511902094,1776511902094,0,SUCCESS
A,epsilon,892,1776511902094,1776511902094,0,SUCCESS
A,epsilon,893,1776511902094,1776511902094,0,SUCCESS
A,epsilon,894,1776511902094,1776511902094,0,SUCCESS
A,epsilon,895,1776511902094,1776511902094,0,SUCCESS
A,epsilon,896,1776511902094,1776511902094,0,SUCCESS
A,epsilon,897,1776511902094,1776511902094,0,SUCCESS
A,epsilon,898,1776511902094,1776511902094,0,SUCCESS
A,epsilon,899,1776511902094,1776511902094,0,SUCCESS
A,epsilon,900,1776511902094,1776511902094,0,SUCCESS
A,epsilon,901,1776511902094,1776511902094,0,SUCCESS
A,epsilon,902,1776511902094,1776511902094,0,SUCCESS
A,epsilon,903,1776511902094,1776511902094,0,SUCCESS
A,epsilon,904,1776511902094,1776511902094,0,SUCCESS
A,epsilon,905,1776511902094,1776511902094,0,SUCCESS
A,epsilon,906,1776511902094,1776511902094,0,SUCCESS
A,epsilon,907,1776511902094,1776511902094,0,SUCCESS
A,epsilon,908,1776511902094,1776511902095,1,SUCCESS
A,epsilon,909,1776511902094,1776511902095,1,SUCCESS
A,epsilon,910,1776511902094,1776511902095,1,SUCCESS
A,epsilon,911,1776511902094,1776511902095,1,SUCCESS
A,epsilon,912,1776511902094,1776511902095,1,SUCCESS
A,epsilon,913,1776511902094,1776511902095,1,SUCCESS
A,epsilon,914,1776511902094,1776511902095,1,SUCCESS
A,epsilon,915,1776511902094,1776511902095,1,SUCCESS
A,epsilon,916,1776511902094,1776511902095,1,SUCCESS
A,epsilon,917,1776511902094,1776511902095,1,SUCCESS
A,epsilon,918,1776511902094,1776511902095,1,SUCCESS
A,epsilon,919,1776511902094,1776511902095,1,SUCCESS
A,epsilon,920,1776511902094,1776511902095,1,SUCCESS
A,epsilon,921,1776511902094,1776511902095,1,SUCCESS
A,epsilon,922,1776511902094,1776511902095,1,SUCCESS
A,epsilon,923,1776511902094,1776511902095,1,SUCCESS
A,epsilon,924,1776511902094,1776511902095,1,SUCCESS
A,epsilon,925,1776511902094,1776511902095,1,SUCCESS
A,epsilon,926,1776511902094,1776511902095,1,SUCCESS
A,epsilon,927,1776511902094,1776511902095,1,SUCCESS
A,epsilon,928,1776511902094,1776511902095,1,SUCCESS
A,epsilon,929,1776511902094,1776511902095,1,SUCCESS
A,epsilon,930,1776511902094,1776511902095,1,SUCCESS
A,epsilon,931,1776511902094,1776511902095,1,SUCCESS
A,epsilon,932,1776511902094,1776511902095,1,SUCCESS
A,epsilon,933,1776511902094,1776511902095,1,SUCCESS
A,epsilon,934,1776511902094,1776511902095,1,SUCCESS
A,epsilon,935,1776511902094,1776511902095,1,SUCCESS
A,epsilon,936,1776511902094,1776511902095,1,SUCCESS
A,epsilon,937,1776511902094,1776511902095,1,SUCCESS
A,epsilon,938,1776511902094,1776511902095,1,SUCCESS
A,epsilon,939,1776511902094,1776511902095,1,SUCCESS
A,epsilon,940,1776511902094,1776511902095,1,SUCCESS
A,epsilon,941,1776511902094,1776511902095,1,SUCCESS
A,epsilon,942,1776511902094,1776511902095,1,SUCCESS
A,epsilon,943,1776511902094,1776511902095,1,SUCCESS
A,epsilon,944,1776511902094,1776511902095,1,SUCCESS
A,epsilon,945,1776511902094,1776511902095,1,SUCCESS
A,epsilon,946,1776511902094,1776511902095,1,SUCCESS
A,epsilon,947,1776511902094,1776511902095,1,SUCCESS
A,epsilon,948,1776511902094,1776511902095,1,SUCCESS
A,epsilon,949,1776511902094,1776511902095,1,SUCCESS
A,epsilon,950,1776511902094,1776511902095,1,SUCCESS
A,epsilon,951,1776511902094,1776511902095,1,SUCCESS
A,epsilon,952,1776511902094,1776511902095,1,SUCCESS
A,epsilon,953,1776511902094,1776511902095,1,SUCCESS
A,epsilon,954,1776511902094,1776511902095,1,SUCCESS
A,epsilon,955,1776511902094,1776511902095,1,SUCCESS
A,epsilon,956,1776511902094,1776511902095,1,SUCCESS
A,epsilon,957,1776511902094,1776511902095,1,SUCCESS
A,epsilon,958,1776511902094,1776511902095,1,SUCCESS
A,epsilon,959,1776511902094,1776511902095,1,SUCCESS
A,epsilon,960,1776511902094,1776511902095,1,SUCCESS
A,epsilon,961,1776511902094,1776511902095,1,SUCCESS
A,epsilon,962,1776511902094,1776511902095,1,SUCCESS
A,epsilon,963,1776511902094,1776511902095,1,SUCCESS
A,epsilon,964,1776511902094,1776511902095,1,SUCCESS
A,epsilon,965,1776511902094,1776511902095,1,SUCCESS
A,epsilon,966,1776511902094,1776511902095,1,SUCCESS
A,epsilon,967,1776511902094,1776511902095,1,SUCCESS
A,epsilon,968,1776511902094,1776511902095,1,SUCCESS
A,epsilon,969,1776511902094,1776511902095,1,SUCCESS
A,epsilon,970,1776511902094,1776511902095,1,SUCCESS
A,epsilon,971,1776511902094,1776511902095,1,SUCCESS
A,epsilon,972,1776511902094,1776511902095,1,SUCCESS
A,epsilon,973,1776511902094,1776511902095,1,SUCCESS
A,epsilon,974,1776511902094,1776511902095,1,SUCCESS
A,epsilon,975,1776511902094,1776511902095,1,SUCCESS
A,epsilon,976,1776511902094,1776511902095,1,SUCCESS
A,epsilon,977,1776511902094,1776511902095,1,SUCCESS
A,epsilon,978,1776511902094,1776511902095,1,SUCCESS
A,epsilon,979,1776511902094,1776511902095,1,SUCCESS
A,epsilon,980,1776511902094,1776511902095,1,SUCCESS
A,epsilon,981,1776511902094,1776511902095,1,SUCCESS
A,epsilon,982,1776511902094,1776511902095,1,SUCCESS
A,epsilon,983,1776511902094,1776511902095,1,SUCCESS
A,epsilon,984,1776511902094,1776511902095,1,SUCCESS
A,epsilon,985,1776511902094,1776511902095,1,SUCCESS
A,epsilon,986,1776511902094,1776511902095,1,SUCCESS
A,epsilon,987,1776511902094,1776511902095,1,SUCCESS
A,epsilon,988,1776511902094,1776511902095,1,SUCCESS
A,epsilon,989,1776511902094,1776511902095,1,SUCCESS
A,epsilon,990,1776511902094,1776511902095,1,SUCCESS
A,epsilon,991,1776511902094,1776511902095,1,SUCCESS
A,epsilon,992,1776511902094,1776511902095,1,SUCCESS
A,epsilon,993,1776511902094,1776511902095,1,SUCCESS
A,epsilon,994,1776511902094,1776511902095,1,SUCCESS
A,epsilon,995,1776511902094,1776511902095,1,SUCCESS
A,epsilon,996,1776511902094,1776511902095,1,SUCCESS
A,epsilon,997,1776511902094,1776511902095,1,SUCCESS
A,epsilon,998,1776511902094,1776511902095,1,SUCCESS
A,epsilon,999,1776511902094,1776511902095,1,SUCCESS
A,alpha,0,1776511910697,1776511910697,0,SUCCESS
A,alpha,1,1776511910697,1776511910697,0,SUCCESS
A,alpha,2,1776511910697,1776511910697,0,SUCCESS
A,alpha,3,1776511910697,1776511910697,0,SUCCESS
A,alpha,4,1776511910697,1776511910697,0,SUCCESS
A,alpha,5,1776511910697,1776511910697,0,SUCCESS
A,alpha,6,1776511910697,1776511910697,0,SUCCESS
A,alpha,7,1776511910697,1776511910697,0,SUCCESS
A,alpha,8,1776511910697,1776511910697,0,SUCCESS
A,alpha,9,1776511910697,1776511910697,0,SUCCESS
A,alpha,10,1776511910697,1776511910697,0,SUCCESS
A,alpha,11,1776511910697,1776511910697,0,SUCCESS
A,alpha,12,1776511910697,1776511910697,0,SUCCESS
A,alpha,13,1776511910697,1776511910697,0,SUCCESS
A,alpha,14,1776511910697,1776511910697,0,SUCCESS
A,alpha,15,1776511910697,1776511910697,0,SUCCESS
A,alpha,16,1776511910697,1776511910697,0,SUCCESS
A,alpha,17,1776511910697,1776511910697,0,SUCCESS
A,alpha,18,1776511910697,1776511910697,0,SUCCESS
A,alpha,19,1776511910697,1776511910697,0,SUCCESS
A,alpha,20,1776511910697,1776511910697,0,SUCCESS
A,alpha,21,1776511910697,1776511910697,0,SUCCESS
A,alpha,22,1776511910697,1776511910697,0,SUCCESS
A,alpha,23,1776511910697,1776511910697,0,SUCCESS
A,alpha,24,1776511910697,1776511910697,0,SUCCESS
A,alpha,25,1776511910697,1776511910697,0,SUCCESS
A,alpha,26,1776511910697,1776511910697,0,SUCCESS
A,alpha,27,1776511910697,1776511910697,0,SUCCESS
A,alpha,28,1776511910697,1776511910697,0,SUCCESS
A,alpha,29,1776511910697,1776511910697,0,SUCCESS
A,alpha,30,1776511910697,1776511910697,0,SUCCESS
A,alpha,31,1776511910697,1776511910697,0,SUCCESS
A,alpha,32,1776511910697,1776511910697,0,SUCCESS
A,alpha,33,1776511910697,1776511910697,0,SUCCESS
A,alpha,34,1776511910697,1776511910697,0,SUCCESS
A,alpha,35,1776511910697,1776511910698,1,SUCCESS
A,alpha,36,1776511910697,1776511910698,1,SUCCESS
A,alpha,37,1776511910697,1776511910698,1,SUCCESS
A,alpha,38,1776511910697,1776511910698,1,SUCCESS
A,alpha,39,1776511910697,1776511910698,1,SUCCESS
A,alpha,40,1776511910697,1776511910698,1,SUCCESS
A,alpha,41,1776511910697,1776511910698,1,SUCCESS
A,alpha,42,1776511910697,1776511910698,1,SUCCESS
A,alpha,43,1776511910697,1776511910698,1,SUCCESS
A,alpha,44,1776511910697,1776511910698,1,SUCCESS
A,alpha,45,1776511910697,1776511910698,1,SUCCESS
A,alpha,46,1776511910697,1776511910698,1,SUCCESS
A,alpha,47,1776511910697,1776511910698,1,SUCCESS
A,alpha,48,1776511910697,1776511910698,1,SUCCESS
A,alpha,49,1776511910697,1776511910698,1,SUCCESS
A,alpha,50,1776511910697,1776511910698,1,SUCCESS
A,alpha,51,1776511910697,1776511910698,1,SUCCESS
A,alpha,52,1776511910697,1776511910698,1,SUCCESS
A,alpha,53,1776511910697,1776511910698,1,SUCCESS
A,alpha,54,1776511910697,1776511910698,1,SUCCESS
A,alpha,55,1776511910697,1776511910698,1,SUCCESS
A,alpha,56,1776511910697,1776511910698,1,SUCCESS
A,alpha,57,1776511910697,1776511910698,1,SUCCESS
A,alpha,58,1776511910697,1776511910698,1,SUCCESS
A,alpha,59,1776511910697,1776511910698,1,SUCCESS
A,alpha,60,1776511910697,1776511910698,1,SUCCESS
A,alpha,61,1776511910697,1776511910698,1,SUCCESS
A,alpha,62,1776511910697,1776511910698,1,SUCCESS
A,alpha,63,1776511910697,1776511910698,1,SUCCESS
A,alpha,64,1776511910697,1776511910698,1,SUCCESS
A,alpha,65,1776511910697,1776511910698,1,SUCCESS
A,alpha,66,1776511910697,1776511910698,1,SUCCESS
A,alpha,67,1776511910697,1776511910698,1,SUCCESS
A,alpha,68,1776511910697,1776511910698,1,SUCCESS
A,alpha,69,1776511910697,1776511910698,1,SUCCESS
A,alpha,70,1776511910697,1776511910698,1,SUCCESS
A,alpha,71,1776511910697,1776511910698,1,SUCCESS
A,alpha,72,1776511910697,1776511910698,1,SUCCESS
A,alpha,73,1776511910697,1776511910698,1,SUCCESS
A,alpha,74,1776511910697,1776511910698,1,SUCCESS
A,alpha,75,1776511910697,1776511910698,1,SUCCESS
A,alpha,76,1776511910697,1776511910698,1,SUCCESS
A,alpha,77,1776511910697,1776511910698,1,SUCCESS
A,alpha,78,1776511910697,1776511910698,1,SUCCESS
A,alpha,79,1776511910697,1776511910698,1,SUCCESS
A,alpha,80,1776511910697,1776511910698,1,SUCCESS
A,alpha,81,1776511910697,1776511910698,1,SUCCESS
A,alpha,82,1776511910697,1776511910698,1,SUCCESS
A,alpha,83,1776511910697,1776511910698,1,SUCCESS
A,alpha,84,1776511910697,1776511910698,1,SUCCESS
A,alpha,85,1776511910697,1776511910698,1,SUCCESS
A,alpha,86,1776511910697,1776511910698,1,SUCCESS
A,alpha,87,1776511910697,1776511910698,1,SUCCESS
A,alpha,88,1776511910697,1776511910698,1,SUCCESS
A,alpha,89,1776511910697,1776511910698,1,SUCCESS
A,alpha,90,1776511910697,1776511910698,1,SUCCESS
A,alpha,91,1776511910697,1776511910698,1,SUCCESS
A,alpha,92,1776511910697,1776511910698,1,SUCCESS
A,alpha,93,1776511910697,1776511910698,1,SUCCESS
A,alpha,94,1776511910697,1776511910698,1,SUCCESS
A,alpha,95,1776511910697,1776511910698,1,SUCCESS
A,alpha,96,1776511910697,1776511910698,1,SUCCESS
A,alpha,97,1776511910697,1776511910698,1,SUCCESS
A,alpha,98,1776511910697,1776511910698,1,SUCCESS
A,alpha,99,1776511910697,1776511910698,1,SUCCESS
A,alpha,100,1776511910697,1776511910698,1,SUCCESS
A,alpha,101,1776511910697,1776511910698,1,SUCCESS
A,alpha,102,1776511910697,1776511910698,1,SUCCESS
A,alpha,103,1776511910697,1776511910698,1,SUCCESS
A,alpha,104,1776511910697,1776511910698,1,SUCCESS
A,alpha,105,1776511910697,1776511910698,1,SUCCESS
A,alpha,106,1776511910697,1776511910698,1,SUCCESS
A,alpha,107,1776511910697,1776511910698,1,SUCCESS
A,alpha,108,1776511910697,1776511910698,1,SUCCESS
A,alpha,109,1776511910697,1776511910698,1,SUCCESS
A,alpha,110,1776511910697,1776511910698,1,SUCCESS
A,alpha,111,1776511910697,1776511910698,1,SUCCESS
A,alpha,112,1776511910697,1776511910698,1,SUCCESS
A,alpha,113,1776511910697,1776511910698,1,SUCCESS
A,alpha,114,1776511910697,1776511910698,1,SUCCESS
A,alpha,115,1776511910697,1776511910698,1,SUCCESS
A,alpha,116,1776511910697,1776511910698,1,SUCCESS
A,alpha,117,1776511910697,1776511910698,1,SUCCESS
A,alpha,118,1776511910697,1776511910698,1,SUCCESS
A,alpha,119,1776511910697,1776511910698,1,SUCCESS
A,alpha,120,1776511910697,1776511910698,1,SUCCESS
A,alpha,121,1776511910697,1776511910698,1,SUCCESS
A,alpha,122,1776511910697,1776511910698,1,SUCCESS
A,alpha,123,1776511910697,1776511910698,1,SUCCESS
A,alpha,124,1776511910697,1776511910698,1,SUCCESS
A,alpha,125,1776511910697,1776511910698,1,SUCCESS
A,alpha,126,1776511910697,1776511910698,1,SUCCESS
A,alpha,127,1776511910697,1776511910698,1,SUCCESS
A,alpha,128,1776511910697,1776511910698,1,SUCCESS
A,alpha,129,1776511910697,1776511910698,1,SUCCESS
A,alpha,130,1776511910697,1776511910698,1,SUCCESS
A,alpha,131,1776511910697,1776511910698,1,SUCCESS
A,alpha,132,1776511910697,1776511910698,1,SUCCESS
A,alpha,133,1776511910697,1776511910698,1,SUCCESS
A,alpha,134,1776511910697,1776511910698,1,SUCCESS
A,alpha,135,1776511910697,1776511910698,1,SUCCESS
A,alpha,136,1776511910697,1776511910698,1,SUCCESS
A,alpha,137,1776511910697,1776511910698,1,SUCCESS
A,alpha,138,1776511910697,1776511910698,1,SUCCESS
A,alpha,139,1776511910697,1776511910698,1,SUCCESS
A,alpha,140,1776511910697,1776511910698,1,SUCCESS
A,alpha,141,1776511910697,1776511910698,1,SUCCESS
A,alpha,142,1776511910697,1776511910698,1,SUCCESS
A,alpha,143,1776511910697,1776511910698,1,SUCCESS
A,alpha,144,1776511910697,1776511910698,1,SUCCESS
A,alpha,145,1776511910697,1776511910698,1,SUCCESS
A,alpha,146,1776511910697,1776511910698,1,SUCCESS
A,alpha,147,1776511910697,1776511910698,1,SUCCESS
A,alpha,148,1776511910697,1776511910698,1,SUCCESS
A,alpha,149,1776511910697,1776511910698,1,SUCCESS
A,alpha,150,1776511910697,1776511910698,1,SUCCESS
A,alpha,151,1776511910697,1776511910698,1,SUCCESS
A,alpha,152,1776511910697,1776511910698,1,SUCCESS
A,alpha,153,1776511910697,1776511910698,1,SUCCESS
A,alpha,154,1776511910697,1776511910698,1,SUCCESS
A,alpha,155,1776511910697,1776511910698,1,SUCCESS
A,alpha,156,1776511910697,1776511910698,1,SUCCESS
A,alpha,157,1776511910697,1776511910698,1,SUCCESS
A,alpha,158,1776511910697,1776511910698,1,SUCCESS
A,alpha,159,1776511910697,1776511910698,1,SUCCESS
A,alpha,160,1776511910697,1776511910698,1,SUCCESS
A,alpha,161,1776511910697,1776511910698,1,SUCCESS
A,alpha,162,1776511910697,1776511910698,1,SUCCESS
A,alpha,163,1776511910697,1776511910698,1,SUCCESS
A,alpha,164,1776511910697,1776511910698,1,SUCCESS
A,alpha,165,1776511910697,1776511910698,1,SUCCESS
A,alpha,166,1776511910697,1776511910698,1,SUCCESS
A,alpha,167,1776511910697,1776511910698,1,SUCCESS
A,alpha,168,1776511910697,1776511910698,1,SUCCESS
A,alpha,169,1776511910697,1776511910698,1,SUCCESS
A,alpha,170,1776511910697,1776511910698,1,SUCCESS
A,alpha,171,1776511910697,1776511910698,1,SUCCESS
A,alpha,172,1776511910697,1776511910698,1,SUCCESS
A,alpha,173,1776511910697,1776511910698,1,SUCCESS
A,alpha,174,1776511910697,1776511910698,1,SUCCESS
A,alpha,175,1776511910697,1776511910698,1,SUCCESS
A,alpha,176,1776511910697,1776511910698,1,SUCCESS
A,alpha,177,1776511910697,1776511910698,1,SUCCESS
A,alpha,178,1776511910697,1776511910698,1,SUCCESS
A,alpha,179,1776511910697,1776511910698,1,SUCCESS
A,alpha,180,1776511910697,1776511910698,1,SUCCESS
A,alpha,181,1776511910697,1776511910698,1,SUCCESS
A,alpha,182,1776511910697,1776511910698,1,SUCCESS
A,alpha,183,1776511910697,1776511910698,1,SUCCESS
A,alpha,184,1776511910697,1776511910698,1,SUCCESS
A,alpha,185,1776511910697,1776511910698,1,SUCCESS
A,alpha,186,1776511910697,1776511910698,1,SUCCESS
A,alpha,187,1776511910697,1776511910698,1,SUCCESS
A,alpha,188,1776511910697,1776511910698,1,SUCCESS
A,alpha,189,1776511910697,1776511910698,1,SUCCESS
A,alpha,190,1776511910697,1776511910698,1,SUCCESS
A,alpha,191,1776511910697,1776511910698,1,SUCCESS
A,alpha,192,1776511910697,1776511910698,1,SUCCESS
A,alpha,193,1776511910697,1776511910698,1,SUCCESS
A,alpha,194,1776511910697,1776511910698,1,SUCCESS
A,alpha,195,1776511910697,1776511910698,1,SUCCESS
A,alpha,196,1776511910697,1776511910698,1,SUCCESS
A,alpha,197,1776511910697,1776511910698,1,SUCCESS
A,alpha,198,1776511910697,1776511910698,1,SUCCESS
A,alpha,199,1776511910697,1776511910698,1,SUCCESS
A,alpha,200,1776511910697,1776511910698,1,SUCCESS
A,alpha,201,1776511910697,1776511910698,1,SUCCESS
A,alpha,202,1776511910697,1776511910698,1,SUCCESS
A,alpha,203,1776511910698,1776511910698,0,SUCCESS
A,alpha,204,1776511910698,1776511910698,0,SUCCESS
A,alpha,205,1776511910698,1776511910698,0,SUCCESS
A,alpha,206,1776511910698,1776511910698,0,SUCCESS
A,alpha,207,1776511910698,1776511910698,0,SUCCESS
A,alpha,208,1776511910698,1776511910698,0,SUCCESS
A,alpha,209,1776511910698,1776511910698,0,SUCCESS
A,alpha,210,1776511910698,1776511910698,0,SUCCESS
A,alpha,211,1776511910698,1776511910698,0,SUCCESS
A,alpha,212,1776511910698,1776511910698,0,SUCCESS
A,alpha,213,1776511910698,1776511910698,0,SUCCESS
A,alpha,214,1776511910698,1776511910698,0,SUCCESS
A,alpha,215,1776511910698,1776511910698,0,SUCCESS
A,alpha,216,1776511910698,1776511910698,0,SUCCESS
A,alpha,217,1776511910698,1776511910698,0,SUCCESS
A,alpha,218,1776511910698,1776511910698,0,SUCCESS
A,alpha,219,1776511910698,1776511910698,0,SUCCESS
A,alpha,220,1776511910698,1776511910698,0,SUCCESS
A,alpha,221,1776511910698,1776511910698,0,SUCCESS
A,alpha,222,1776511910698,1776511910698,0,SUCCESS
A,alpha,223,1776511910698,1776511910698,0,SUCCESS
A,alpha,224,1776511910698,1776511910698,0,SUCCESS
A,alpha,225,1776511910698,1776511910698,0,SUCCESS
A,alpha,226,1776511910698,1776511910698,0,SUCCESS
A,alpha,227,1776511910698,1776511910698,0,SUCCESS
A,alpha,228,1776511910698,1776511910698,0,SUCCESS
A,alpha,229,1776511910698,1776511910698,0,SUCCESS
A,alpha,230,1776511910698,1776511910698,0,SUCCESS
A,alpha,231,1776511910698,1776511910698,0,SUCCESS
A,alpha,232,1776511910698,1776511910698,0,SUCCESS
A,alpha,233,1776511910698,1776511910698,0,SUCCESS
A,alpha,234,1776511910698,1776511910698,0,SUCCESS
A,alpha,235,1776511910698,1776511910698,0,SUCCESS
A,alpha,236,1776511910698,1776511910698,0,SUCCESS
A,alpha,237,1776511910698,1776511910698,0,SUCCESS
A,alpha,238,1776511910698,1776511910698,0,SUCCESS
A,alpha,239,1776511910698,1776511910698,0,SUCCESS
A,alpha,240,1776511910698,1776511910698,0,SUCCESS
A,alpha,241,1776511910698,1776511910698,0,SUCCESS
A,alpha,242,1776511910698,1776511910698,0,SUCCESS
A,alpha,243,1776511910698,1776511910698,0,SUCCESS
A,alpha,244,1776511910698,1776511910698,0,SUCCESS
A,alpha,245,1776511910698,1776511910698,0,SUCCESS
A,alpha,246,1776511910698,1776511910698,0,SUCCESS
A,alpha,247,1776511910698,1776511910698,0,SUCCESS
A,alpha,248,1776511910698,1776511910698,0,SUCCESS
A,alpha,249,1776511910698,1776511910698,0,SUCCESS
A,alpha,250,1776511910698,1776511910698,0,SUCCESS
A,alpha,251,1776511910698,1776511910698,0,SUCCESS
A,alpha,252,1776511910698,1776511910698,0,SUCCESS
A,alpha,253,1776511910698,1776511910698,0,SUCCESS
A,alpha,254,1776511910698,1776511910698,0,SUCCESS
A,alpha,255,1776511910698,1776511910698,0,SUCCESS
A,alpha,256,1776511910698,1776511910698,0,SUCCESS
A,alpha,257,1776511910698,1776511910698,0,SUCCESS
A,alpha,258,1776511910698,1776511910698,0,SUCCESS
A,alpha,259,1776511910698,1776511910698,0,SUCCESS
A,alpha,260,1776511910698,1776511910698,0,SUCCESS
A,alpha,261,1776511910698,1776511910698,0,SUCCESS
A,alpha,262,1776511910698,1776511910698,0,SUCCESS
A,alpha,263,1776511910698,1776511910698,0,SUCCESS
A,alpha,264,1776511910698,1776511910698,0,SUCCESS
A,alpha,265,1776511910698,1776511910698,0,SUCCESS
A,alpha,266,1776511910698,1776511910698,0,SUCCESS
A,alpha,267,1776511910698,1776511910698,0,SUCCESS
A,alpha,268,1776511910698,1776511910698,0,SUCCESS
A,alpha,269,1776511910698,1776511910698,0,SUCCESS
A,alpha,270,1776511910698,1776511910698,0,SUCCESS
A,alpha,271,1776511910698,1776511910698,0,SUCCESS
A,alpha,272,1776511910698,1776511910698,0,SUCCESS
A,alpha,273,1776511910698,1776511910698,0,SUCCESS
A,alpha,274,1776511910698,1776511910698,0,SUCCESS
A,alpha,275,1776511910698,1776511910698,0,SUCCESS
A,alpha,276,1776511910698,1776511910698,0,SUCCESS
A,alpha,277,1776511910698,1776511910698,0,SUCCESS
A,alpha,278,1776511910698,1776511910698,0,SUCCESS
A,alpha,279,1776511910698,1776511910698,0,SUCCESS
A,alpha,280,1776511910698,1776511910698,0,SUCCESS
A,alpha,281,1776511910698,1776511910698,0,SUCCESS
A,alpha,282,1776511910698,1776511910698,0,SUCCESS
A,alpha,283,1776511910698,1776511910698,0,SUCCESS
A,alpha,284,1776511910698,1776511910698,0,SUCCESS
A,alpha,285,1776511910698,1776511910698,0,SUCCESS
A,alpha,286,1776511910698,1776511910698,0,SUCCESS
A,alpha,287,1776511910698,1776511910698,0,SUCCESS
A,alpha,288,1776511910698,1776511910698,0,SUCCESS
A,alpha,289,1776511910698,1776511910698,0,SUCCESS
A,alpha,290,1776511910698,1776511910698,0,SUCCESS
A,alpha,291,1776511910698,1776511910698,0,SUCCESS
A,alpha,292,1776511910698,1776511910698,0,SUCCESS
A,alpha,293,1776511910698,1776511910698,0,SUCCESS
A,alpha,294,1776511910698,1776511910698,0,SUCCESS
A,alpha,295,1776511910698,1776511910698,0,SUCCESS
A,alpha,296,1776511910698,1776511910698,0,SUCCESS
A,alpha,297,1776511910698,1776511910698,0,SUCCESS
A,alpha,298,1776511910698,1776511910698,0,SUCCESS
A,alpha,299,1776511910698,1776511910698,0,SUCCESS
A,alpha,300,1776511910698,1776511910698,0,SUCCESS
A,alpha,301,1776511910698,1776511910698,0,SUCCESS
A,alpha,302,1776511910698,1776511910698,0,SUCCESS
A,alpha,303,1776511910698,1776511910698,0,SUCCESS
A,alpha,304,1776511910698,1776511910698,0,SUCCESS
A,alpha,305,1776511910698,1776511910698,0,SUCCESS
A,alpha,306,1776511910698,1776511910698,0,SUCCESS
A,alpha,307,1776511910698,1776511910698,0,SUCCESS
A,alpha,308,1776511910698,1776511910698,0,SUCCESS
A,alpha,309,1776511910698,1776511910698,0,SUCCESS
A,alpha,310,1776511910698,1776511910698,0,SUCCESS
A,alpha,311,1776511910698,1776511910698,0,SUCCESS
A,alpha,312,1776511910698,1776511910698,0,SUCCESS
A,alpha,313,1776511910698,1776511910698,0,SUCCESS
A,alpha,314,1776511910698,1776511910698,0,SUCCESS
A,alpha,315,1776511910698,1776511910698,0,SUCCESS
A,alpha,316,1776511910698,1776511910698,0,SUCCESS
A,alpha,317,1776511910698,1776511910698,0,SUCCESS
A,alpha,318,1776511910698,1776511910698,0,SUCCESS
A,alpha,319,1776511910698,1776511910698,0,SUCCESS
A,alpha,320,1776511910698,1776511910698,0,SUCCESS
A,alpha,321,1776511910698,1776511910698,0,SUCCESS
A,alpha,322,1776511910698,1776511910698,0,SUCCESS
A,alpha,323,1776511910698,1776511910698,0,SUCCESS
A,alpha,324,1776511910698,1776511910698,0,SUCCESS
A,alpha,325,1776511910698,1776511910698,0,SUCCESS
A,alpha,326,1776511910698,1776511910698,0,SUCCESS
A,alpha,327,1776511910698,1776511910698,0,SUCCESS
A,alpha,328,1776511910698,1776511910698,0,SUCCESS
A,alpha,329,1776511910698,1776511910698,0,SUCCESS
A,alpha,330,1776511910698,1776511910698,0,SUCCESS
A,alpha,331,1776511910698,1776511910698,0,SUCCESS
A,alpha,332,1776511910698,1776511910698,0,SUCCESS
A,alpha,333,1776511910698,1776511910698,0,SUCCESS
A,alpha,334,1776511910698,1776511910698,0,SUCCESS
A,alpha,335,1776511910698,1776511910698,0,SUCCESS
A,alpha,336,1776511910698,1776511910698,0,SUCCESS
A,alpha,337,1776511910698,1776511910698,0,SUCCESS
A,alpha,338,1776511910698,1776511910698,0,SUCCESS
A,alpha,339,1776511910698,1776511910698,0,SUCCESS
A,alpha,340,1776511910698,1776511910698,0,SUCCESS
A,alpha,341,1776511910698,1776511910698,0,SUCCESS
A,alpha,342,1776511910698,1776511910698,0,SUCCESS
A,alpha,343,1776511910698,1776511910698,0,SUCCESS
A,alpha,344,1776511910698,1776511910698,0,SUCCESS
A,alpha,345,1776511910698,1776511910698,0,SUCCESS
A,alpha,346,1776511910698,1776511910698,0,SUCCESS
A,alpha,347,1776511910698,1776511910698,0,SUCCESS
A,alpha,348,1776511910698,1776511910698,0,SUCCESS
A,alpha,349,1776511910698,1776511910698,0,SUCCESS
A,alpha,350,1776511910698,1776511910698,0,SUCCESS
A,alpha,351,1776511910698,1776511910698,0,SUCCESS
A,alpha,352,1776511910698,1776511910698,0,SUCCESS
A,alpha,353,1776511910698,1776511910698,0,SUCCESS
A,alpha,354,1776511910698,1776511910698,0,SUCCESS
A,alpha,355,1776511910698,1776511910698,0,SUCCESS
A,alpha,356,1776511910698,1776511910698,0,SUCCESS
A,alpha,357,1776511910698,1776511910698,0,SUCCESS
A,alpha,358,1776511910698,1776511910698,0,SUCCESS
A,alpha,359,1776511910698,1776511910698,0,SUCCESS
A,alpha,360,1776511910698,1776511910698,0,SUCCESS
A,alpha,361,1776511910698,1776511910698,0,SUCCESS
A,alpha,362,1776511910698,1776511910698,0,SUCCESS
A,alpha,363,1776511910698,1776511910698,0,SUCCESS
A,alpha,364,1776511910698,1776511910698,0,SUCCESS
A,alpha,365,1776511910698,1776511910698,0,SUCCESS
A,alpha,366,1776511910698,1776511910698,0,SUCCESS
A,alpha,367,1776511910698,1776511910698,0,SUCCESS
A,alpha,368,1776511910698,1776511910698,0,SUCCESS
A,alpha,369,1776511910698,1776511910698,0,SUCCESS
A,alpha,370,1776511910698,1776511910698,0,SUCCESS
A,alpha,371,1776511910698,1776511910698,0,SUCCESS
A,alpha,372,1776511910698,1776511910698,0,SUCCESS
A,alpha,373,1776511910698,1776511910698,0,SUCCESS
A,alpha,374,1776511910698,1776511910698,0,SUCCESS
A,alpha,375,1776511910698,1776511910698,0,SUCCESS
A,alpha,376,1776511910698,1776511910698,0,SUCCESS
A,alpha,377,1776511910698,1776511910698,0,SUCCESS
A,alpha,378,1776511910698,1776511910698,0,SUCCESS
A,alpha,379,1776511910698,1776511910698,0,SUCCESS
A,alpha,380,1776511910698,1776511910698,0,SUCCESS
A,alpha,381,1776511910698,1776511910698,0,SUCCESS
A,alpha,382,1776511910698,1776511910698,0,SUCCESS
A,alpha,383,1776511910698,1776511910698,0,SUCCESS
A,alpha,384,1776511910698,1776511910698,0,SUCCESS
A,alpha,385,1776511910698,1776511910698,0,SUCCESS
A,alpha,386,1776511910698,1776511910698,0,SUCCESS
A,alpha,387,1776511910698,1776511910698,0,SUCCESS
A,alpha,388,1776511910698,1776511910698,0,SUCCESS
A,alpha,389,1776511910698,1776511910698,0,SUCCESS
A,alpha,390,1776511910698,1776511910698,0,SUCCESS
A,alpha,391,1776511910698,1776511910698,0,SUCCESS
A,alpha,392,1776511910698,1776511910698,0,SUCCESS
A,alpha,393,1776511910698,1776511910698,0,SUCCESS
A,alpha,394,1776511910698,1776511910698,0,SUCCESS
A,alpha,395,1776511910698,1776511910698,0,SUCCESS
A,alpha,396,1776511910698,1776511910698,0,SUCCESS
A,alpha,397,1776511910698,1776511910698,0,SUCCESS
A,alpha,398,1776511910698,1776511910698,0,SUCCESS
A,alpha,399,1776511910698,1776511910698,0,SUCCESS
A,alpha,400,1776511910698,1776511910698,0,SUCCESS
A,alpha,401,1776511910698,1776511910698,0,SUCCESS
A,alpha,402,1776511910698,1776511910698,0,SUCCESS
A,alpha,403,1776511910698,1776511910698,0,SUCCESS
A,alpha,404,1776511910698,1776511910698,0,SUCCESS
A,alpha,405,1776511910698,1776511910698,0,SUCCESS
A,alpha,406,1776511910698,1776511910698,0,SUCCESS
A,alpha,407,1776511910698,1776511910698,0,SUCCESS
A,alpha,408,1776511910698,1776511910698,0,SUCCESS
A,alpha,409,1776511910698,1776511910698,0,SUCCESS
A,alpha,410,1776511910698,1776511910698,0,SUCCESS
A,alpha,411,1776511910698,1776511910698,0,SUCCESS
A,alpha,412,1776511910698,1776511910698,0,SUCCESS
A,alpha,413,1776511910698,1776511910698,0,SUCCESS
A,alpha,414,1776511910698,1776511910698,0,SUCCESS
A,alpha,415,1776511910698,1776511910698,0,SUCCESS
A,alpha,416,1776511910698,1776511910698,0,SUCCESS
A,alpha,417,1776511910698,1776511910698,0,SUCCESS
A,alpha,418,1776511910698,1776511910698,0,SUCCESS
A,alpha,419,1776511910698,1776511910698,0,SUCCESS
A,alpha,420,1776511910698,1776511910698,0,SUCCESS
A,alpha,421,1776511910698,1776511910698,0,SUCCESS
A,alpha,422,1776511910698,1776511910698,0,SUCCESS
A,alpha,423,1776511910698,1776511910698,0,SUCCESS
A,alpha,424,1776511910698,1776511910698,0,SUCCESS
A,alpha,425,1776511910698,1776511910698,0,SUCCESS
A,alpha,426,1776511910698,1776511910698,0,SUCCESS
A,alpha,427,1776511910698,1776511910698,0,SUCCESS
A,alpha,428,1776511910698,1776511910698,0,SUCCESS
A,alpha,429,1776511910698,1776511910698,0,SUCCESS
A,alpha,430,1776511910698,1776511910698,0,SUCCESS
A,alpha,431,1776511910698,1776511910698,0,SUCCESS
A,alpha,432,1776511910698,1776511910698,0,SUCCESS
A,alpha,433,1776511910698,1776511910698,0,SUCCESS
A,alpha,434,1776511910698,1776511910698,0,SUCCESS
A,alpha,435,1776511910698,1776511910698,0,SUCCESS
A,alpha,436,1776511910698,1776511910698,0,SUCCESS
A,alpha,437,1776511910698,1776511910698,0,SUCCESS
A,alpha,438,1776511910698,1776511910698,0,SUCCESS
A,alpha,439,1776511910698,1776511910698,0,SUCCESS
A,alpha,440,1776511910698,1776511910698,0,SUCCESS
A,alpha,441,1776511910698,1776511910698,0,SUCCESS
A,alpha,442,1776511910698,1776511910698,0,SUCCESS
A,alpha,443,1776511910698,1776511910698,0,SUCCESS
A,alpha,444,1776511910698,1776511910698,0,SUCCESS
A,alpha,445,1776511910698,1776511910698,0,SUCCESS
A,alpha,446,1776511910698,1776511910698,0,SUCCESS
A,alpha,447,1776511910698,1776511910698,0,SUCCESS
A,alpha,448,1776511910698,1776511910698,0,SUCCESS
A,alpha,449,1776511910698,1776511910698,0,SUCCESS
A,alpha,450,1776511910698,1776511910698,0,SUCCESS
A,alpha,451,1776511910698,1776511910698,0,SUCCESS
A,alpha,452,1776511910698,1776511910698,0,SUCCESS
A,alpha,453,1776511910698,1776511910698,0,SUCCESS
A,alpha,454,1776511910698,1776511910698,0,SUCCESS
A,alpha,455,1776511910698,1776511910698,0,SUCCESS
A,alpha,456,1776511910698,1776511910698,0,SUCCESS
A,alpha,457,1776511910698,1776511910698,0,SUCCESS
A,alpha,458,1776511910698,1776511910698,0,SUCCESS
A,alpha,459,1776511910698,1776511910698,0,SUCCESS
A,alpha,460,1776511910698,1776511910698,0,SUCCESS
A,alpha,461,1776511910698,1776511910698,0,SUCCESS
A,alpha,462,1776511910698,1776511910698,0,SUCCESS
A,alpha,463,1776511910698,1776511910698,0,SUCCESS
A,alpha,464,1776511910698,1776511910698,0,SUCCESS
A,alpha,465,1776511910698,1776511910698,0,SUCCESS
A,alpha,466,1776511910698,1776511910698,0,SUCCESS
A,alpha,467,1776511910698,1776511910698,0,SUCCESS
A,alpha,468,1776511910698,1776511910698,0,SUCCESS
A,alpha,469,1776511910698,1776511910698,0,SUCCESS
A,alpha,470,1776511910698,1776511910698,0,SUCCESS
A,alpha,471,1776511910698,1776511910698,0,SUCCESS
A,alpha,472,1776511910698,1776511910698,0,SUCCESS
A,alpha,473,1776511910698,1776511910698,0,SUCCESS
A,alpha,474,1776511910698,1776511910698,0,SUCCESS
A,alpha,475,1776511910698,1776511910699,1,SUCCESS
A,alpha,476,1776511910698,1776511910699,1,SUCCESS
A,alpha,477,1776511910698,1776511910699,1,SUCCESS
A,alpha,478,1776511910698,1776511910699,1,SUCCESS
A,alpha,479,1776511910698,1776511910699,1,SUCCESS
A,alpha,480,1776511910698,1776511910699,1,SUCCESS
A,alpha,481,1776511910698,1776511910699,1,SUCCESS
A,alpha,482,1776511910698,1776511910699,1,SUCCESS
A,alpha,483,1776511910698,1776511910699,1,SUCCESS
A,alpha,484,1776511910698,1776511910699,1,SUCCESS
A,alpha,485,1776511910698,1776511910699,1,SUCCESS
A,alpha,486,1776511910698,1776511910699,1,SUCCESS
A,alpha,487,1776511910698,1776511910699,1,SUCCESS
A,alpha,488,1776511910698,1776511910699,1,SUCCESS
A,alpha,489,1776511910698,1776511910699,1,SUCCESS
A,alpha,490,1776511910698,1776511910699,1,SUCCESS
A,alpha,491,1776511910698,1776511910699,1,SUCCESS
A,alpha,492,1776511910698,1776511910699,1,SUCCESS
A,alpha,493,1776511910698,1776511910699,1,SUCCESS
A,alpha,494,1776511910698,1776511910699,1,SUCCESS
A,alpha,495,1776511910698,1776511910699,1,SUCCESS
A,alpha,496,1776511910698,1776511910699,1,SUCCESS
A,alpha,497,1776511910698,1776511910699,1,SUCCESS
A,alpha,498,1776511910698,1776511910699,1,SUCCESS
A,alpha,499,1776511910698,1776511910699,1,SUCCESS
A,alpha,500,1776511910698,1776511910699,1,SUCCESS
A,alpha,501,1776511910698,1776511910699,1,SUCCESS
A,alpha,502,1776511910698,1776511910699,1,SUCCESS
A,alpha,503,1776511910698,1776511910699,1,SUCCESS
A,alpha,504,1776511910698,1776511910699,1,SUCCESS
A,alpha,505,1776511910698,1776511910699,1,SUCCESS
A,alpha,506,1776511910698,1776511910699,1,SUCCESS
A,alpha,507,1776511910698,1776511910699,1,SUCCESS
A,alpha,508,1776511910698,1776511910699,1,SUCCESS
A,alpha,509,1776511910698,1776511910699,1,SUCCESS
A,alpha,510,1776511910698,1776511910699,1,SUCCESS
A,alpha,511,1776511910698,1776511910699,1,SUCCESS
A,alpha,512,1776511910698,1776511910699,1,SUCCESS
A,alpha,513,1776511910698,1776511910699,1,SUCCESS
A,alpha,514,1776511910698,1776511910699,1,SUCCESS
A,alpha,515,1776511910698,1776511910699,1,SUCCESS
A,alpha,516,1776511910698,1776511910699,1,SUCCESS
A,alpha,517,1776511910698,1776511910699,1,SUCCESS
A,alpha,518,1776511910698,1776511910699,1,SUCCESS
A,alpha,519,1776511910698,1776511910699,1,SUCCESS
A,alpha,520,1776511910698,1776511910699,1,SUCCESS
A,alpha,521,1776511910698,1776511910699,1,SUCCESS
A,alpha,522,1776511910698,1776511910699,1,SUCCESS
A,alpha,523,1776511910698,1776511910699,1,SUCCESS
A,alpha,524,1776511910698,1776511910699,1,SUCCESS
A,alpha,525,1776511910698,1776511910699,1,SUCCESS
A,alpha,526,1776511910698,1776511910699,1,SUCCESS
A,alpha,527,1776511910698,1776511910699,1,SUCCESS
A,alpha,528,1776511910698,1776511910699,1,SUCCESS
A,alpha,529,1776511910698,1776511910699,1,SUCCESS
A,alpha,530,1776511910698,1776511910699,1,SUCCESS
A,alpha,531,1776511910698,1776511910699,1,SUCCESS
A,alpha,532,1776511910698,1776511910699,1,SUCCESS
A,alpha,533,1776511910698,1776511910699,1,SUCCESS
A,alpha,534,1776511910698,1776511910699,1,SUCCESS
A,alpha,535,1776511910698,1776511910699,1,SUCCESS
A,alpha,536,1776511910698,1776511910699,1,SUCCESS
A,alpha,537,1776511910698,1776511910699,1,SUCCESS
A,alpha,538,1776511910698,1776511910699,1,SUCCESS
A,alpha,539,1776511910698,1776511910699,1,SUCCESS
A,alpha,540,1776511910698,1776511910699,1,SUCCESS
A,alpha,541,1776511910698,1776511910699,1,SUCCESS
A,alpha,542,1776511910698,1776511910699,1,SUCCESS
A,alpha,543,1776511910698,1776511910699,1,SUCCESS
A,alpha,544,1776511910698,1776511910699,1,SUCCESS
A,alpha,545,1776511910698,1776511910699,1,SUCCESS
A,alpha,546,1776511910698,1776511910699,1,SUCCESS
A,alpha,547,1776511910698,1776511910699,1,SUCCESS
A,alpha,548,1776511910698,1776511910699,1,SUCCESS
A,alpha,549,1776511910698,1776511910699,1,SUCCESS
A,alpha,550,1776511910698,1776511910699,1,SUCCESS
A,alpha,551,1776511910698,1776511910699,1,SUCCESS
A,alpha,552,1776511910698,1776511910699,1,SUCCESS
A,alpha,553,1776511910698,1776511910699,1,SUCCESS
A,alpha,554,1776511910698,1776511910699,1,SUCCESS
A,alpha,555,1776511910698,1776511910699,1,SUCCESS
A,alpha,556,1776511910698,1776511910699,1,SUCCESS
A,alpha,557,1776511910698,1776511910699,1,SUCCESS
A,alpha,558,1776511910698,1776511910699,1,SUCCESS
A,alpha,559,1776511910698,1776511910699,1,SUCCESS
A,alpha,560,1776511910698,1776511910699,1,SUCCESS
A,alpha,561,1776511910698,1776511910699,1,SUCCESS
A,alpha,562,1776511910698,1776511910699,1,SUCCESS
A,alpha,563,1776511910698,1776511910699,1,SUCCESS
A,alpha,564,1776511910698,1776511910699,1,SUCCESS
A,alpha,565,1776511910698,1776511910699,1,SUCCESS
A,alpha,566,1776511910698,1776511910699,1,SUCCESS
A,alpha,567,1776511910698,1776511910699,1,SUCCESS
A,alpha,568,1776511910698,1776511910699,1,SUCCESS
A,alpha,569,1776511910698,1776511910699,1,SUCCESS
A,alpha,570,1776511910698,1776511910699,1,SUCCESS
A,alpha,571,1776511910698,1776511910699,1,SUCCESS
A,alpha,572,1776511910698,1776511910699,1,SUCCESS
A,alpha,573,1776511910698,1776511910699,1,SUCCESS
A,alpha,574,1776511910698,1776511910699,1,SUCCESS
A,alpha,575,1776511910698,1776511910699,1,SUCCESS
A,alpha,576,1776511910698,1776511910699,1,SUCCESS
A,alpha,577,1776511910698,1776511910699,1,SUCCESS
A,alpha,578,1776511910698,1776511910699,1,SUCCESS
A,alpha,579,1776511910698,1776511910699,1,SUCCESS
A,alpha,580,1776511910698,1776511910699,1,SUCCESS
A,alpha,581,1776511910698,1776511910699,1,SUCCESS
A,alpha,582,1776511910698,1776511910699,1,SUCCESS
A,alpha,583,1776511910698,1776511910699,1,SUCCESS
A,alpha,584,1776511910698,1776511910699,1,SUCCESS
A,alpha,585,1776511910698,1776511910699,1,SUCCESS
A,alpha,586,1776511910698,1776511910699,1,SUCCESS
A,alpha,587,1776511910698,1776511910699,1,SUCCESS
A,alpha,588,1776511910698,1776511910699,1,SUCCESS
A,alpha,589,1776511910698,1776511910699,1,SUCCESS
A,alpha,590,1776511910698,1776511910699,1,SUCCESS
A,alpha,591,1776511910698,1776511910699,1,SUCCESS
A,alpha,592,1776511910698,1776511910699,1,SUCCESS
A,alpha,593,1776511910698,1776511910699,1,SUCCESS
A,alpha,594,1776511910698,1776511910699,1,SUCCESS
A,alpha,595,1776511910698,1776511910699,1,SUCCESS
A,alpha,596,1776511910698,1776511910699,1,SUCCESS
A,alpha,597,1776511910698,1776511910699,1,SUCCESS
A,alpha,598,1776511910698,1776511910699,1,SUCCESS
A,alpha,599,1776511910698,1776511910699,1,SUCCESS
A,alpha,600,1776511910698,1776511910699,1,SUCCESS
A,alpha,601,1776511910698,1776511910699,1,SUCCESS
A,alpha,602,1776511910698,1776511910699,1,SUCCESS
A,alpha,603,1776511910698,1776511910699,1,SUCCESS
A,alpha,604,1776511910698,1776511910699,1,SUCCESS
A,alpha,605,1776511910698,1776511910699,1,SUCCESS
A,alpha,606,1776511910698,1776511910699,1,SUCCESS
A,alpha,607,1776511910698,1776511910699,1,SUCCESS
A,alpha,608,1776511910698,1776511910699,1,SUCCESS
A,alpha,609,1776511910698,1776511910699,1,SUCCESS
A,alpha,610,1776511910698,1776511910699,1,SUCCESS
A,alpha,611,1776511910698,1776511910699,1,SUCCESS
A,alpha,612,1776511910698,1776511910699,1,SUCCESS
A,alpha,613,1776511910698,1776511910699,1,SUCCESS
A,alpha,614,1776511910698,1776511910699,1,SUCCESS
A,alpha,615,1776511910698,1776511910699,1,SUCCESS
A,alpha,616,1776511910698,1776511910699,1,SUCCESS
A,alpha,617,1776511910698,1776511910699,1,SUCCESS
A,alpha,618,1776511910698,1776511910699,1,SUCCESS
A,alpha,619,1776511910698,1776511910699,1,SUCCESS
A,alpha,620,1776511910698,1776511910699,1,SUCCESS
A,alpha,621,1776511910698,1776511910699,1,SUCCESS
A,alpha,622,1776511910698,1776511910699,1,SUCCESS
A,alpha,623,1776511910698,1776511910699,1,SUCCESS
A,alpha,624,1776511910698,1776511910699,1,SUCCESS
A,alpha,625,1776511910698,1776511910699,1,SUCCESS
A,alpha,626,1776511910698,1776511910699,1,SUCCESS
A,alpha,627,1776511910698,1776511910699,1,SUCCESS
A,alpha,628,1776511910698,1776511910699,1,SUCCESS
A,alpha,629,1776511910698,1776511910699,1,SUCCESS
A,alpha,630,1776511910698,1776511910699,1,SUCCESS
A,alpha,631,1776511910698,1776511910699,1,SUCCESS
A,alpha,632,1776511910698,1776511910699,1,SUCCESS
A,alpha,633,1776511910698,1776511910699,1,SUCCESS
A,alpha,634,1776511910698,1776511910699,1,SUCCESS
A,alpha,635,1776511910698,1776511910699,1,SUCCESS
A,alpha,636,1776511910698,1776511910699,1,SUCCESS
A,alpha,637,1776511910698,1776511910699,1,SUCCESS
A,alpha,638,1776511910698,1776511910699,1,SUCCESS
A,alpha,639,1776511910698,1776511910699,1,SUCCESS
A,alpha,640,1776511910698,1776511910699,1,SUCCESS
A,alpha,641,1776511910698,1776511910699,1,SUCCESS
A,alpha,642,1776511910698,1776511910699,1,SUCCESS
A,alpha,643,1776511910698,1776511910699,1,SUCCESS
A,alpha,644,1776511910698,1776511910699,1,SUCCESS
A,alpha,645,1776511910698,1776511910699,1,SUCCESS
A,alpha,646,1776511910698,1776511910699,1,SUCCESS
A,alpha,647,1776511910698,1776511910699,1,SUCCESS
A,alpha,648,1776511910698,1776511910699,1,SUCCESS
A,alpha,649,1776511910698,1776511910699,1,SUCCESS
A,alpha,650,1776511910698,1776511910699,1,SUCCESS
A,alpha,651,1776511910698,1776511910699,1,SUCCESS
A,alpha,652,1776511910698,1776511910699,1,SUCCESS
A,alpha,653,1776511910698,1776511910699,1,SUCCESS
A,alpha,654,1776511910698,1776511910699,1,SUCCESS
A,alpha,655,1776511910698,1776511910699,1,SUCCESS
A,alpha,656,1776511910698,1776511910699,1,SUCCESS
A,alpha,657,1776511910698,1776511910699,1,SUCCESS
A,alpha,658,1776511910698,1776511910699,1,SUCCESS
A,alpha,659,1776511910698,1776511910699,1,SUCCESS
A,alpha,660,1776511910698,1776511910699,1,SUCCESS
A,alpha,661,1776511910698,1776511910699,1,SUCCESS
A,alpha,662,1776511910698,1776511910699,1,SUCCESS
A,alpha,663,1776511910698,1776511910699,1,SUCCESS
A,alpha,664,1776511910698,1776511910699,1,SUCCESS
A,alpha,665,1776511910698,1776511910699,1,SUCCESS
A,alpha,666,1776511910698,1776511910699,1,SUCCESS
A,alpha,667,1776511910698,1776511910699,1,SUCCESS
A,alpha,668,1776511910698,1776511910699,1,SUCCESS
A,alpha,669,1776511910698,1776511910699,1,SUCCESS
A,alpha,670,1776511910698,1776511910699,1,SUCCESS
A,alpha,671,1776511910698,1776511910699,1,SUCCESS
A,alpha,672,1776511910698,1776511910699,1,SUCCESS
A,alpha,673,1776511910698,1776511910699,1,SUCCESS
A,alpha,674,1776511910698,1776511910699,1,SUCCESS
A,alpha,675,1776511910698,1776511910699,1,SUCCESS
A,alpha,676,1776511910698,1776511910699,1,SUCCESS
A,alpha,677,1776511910699,1776511910699,0,SUCCESS
A,alpha,678,1776511910699,1776511910699,0,SUCCESS
A,alpha,679,1776511910699,1776511910699,0,SUCCESS
A,alpha,680,1776511910699,1776511910699,0,SUCCESS
A,alpha,681,1776511910699,1776511910699,0,SUCCESS
A,alpha,682,1776511910699,1776511910699,0,SUCCESS
A,alpha,683,1776511910699,1776511910699,0,SUCCESS
A,alpha,684,1776511910699,1776511910699,0,SUCCESS
A,alpha,685,1776511910699,1776511910699,0,SUCCESS
A,alpha,686,1776511910699,1776511910699,0,SUCCESS
A,alpha,687,1776511910699,1776511910699,0,SUCCESS
A,alpha,688,1776511910699,1776511910699,0,SUCCESS
A,alpha,689,1776511910699,1776511910699,0,SUCCESS
A,alpha,690,1776511910699,1776511910699,0,SUCCESS
A,alpha,691,1776511910699,1776511910699,0,SUCCESS
A,alpha,692,1776511910699,1776511910699,0,SUCCESS
A,alpha,693,1776511910699,1776511910699,0,SUCCESS
A,alpha,694,1776511910699,1776511910699,0,SUCCESS
A,alpha,695,1776511910699,1776511910699,0,SUCCESS
A,alpha,696,1776511910699,1776511910699,0,SUCCESS
A,alpha,697,1776511910699,1776511910699,0,SUCCESS
A,alpha,698,1776511910699,1776511910699,0,SUCCESS
A,alpha,699,1776511910699,1776511910699,0,SUCCESS
A,alpha,700,1776511910699,1776511910699,0,SUCCESS
A,alpha,701,1776511910699,1776511910699,0,SUCCESS
A,alpha,702,1776511910699,1776511910699,0,SUCCESS
A,alpha,703,1776511910699,1776511910699,0,SUCCESS
A,alpha,704,1776511910699,1776511910699,0,SUCCESS
A,alpha,705,1776511910699,1776511910699,0,SUCCESS
A,alpha,706,1776511910699,1776511910699,0,SUCCESS
A,alpha,707,1776511910699,1776511910699,0,SUCCESS
A,alpha,708,1776511910699,1776511910699,0,SUCCESS
A,alpha,709,1776511910699,1776511910699,0,SUCCESS
A,alpha,710,1776511910699,1776511910699,0,SUCCESS
A,alpha,711,1776511910699,1776511910699,0,SUCCESS
A,alpha,712,1776511910699,1776511910699,0,SUCCESS
A,alpha,713,1776511910699,1776511910699,0,SUCCESS
A,alpha,714,1776511910699,1776511910699,0,SUCCESS
A,alpha,715,1776511910699,1776511910699,0,SUCCESS
A,alpha,716,1776511910699,1776511910699,0,SUCCESS
A,alpha,717,1776511910699,1776511910699,0,SUCCESS
A,alpha,718,1776511910699,1776511910699,0,SUCCESS
A,alpha,719,1776511910699,1776511910699,0,SUCCESS
A,alpha,720,1776511910699,1776511910699,0,SUCCESS
A,alpha,721,1776511910699,1776511910699,0,SUCCESS
A,alpha,722,1776511910699,1776511910699,0,SUCCESS
A,alpha,723,1776511910699,1776511910699,0,SUCCESS
A,alpha,724,1776511910699,1776511910699,0,SUCCESS
A,alpha,725,1776511910699,1776511910699,0,SUCCESS
A,alpha,726,1776511910699,1776511910699,0,SUCCESS
A,alpha,727,1776511910699,1776511910699,0,SUCCESS
A,alpha,728,1776511910699,1776511910699,0,SUCCESS
A,alpha,729,1776511910699,1776511910699,0,SUCCESS
A,alpha,730,1776511910699,1776511910699,0,SUCCESS
A,alpha,731,1776511910699,1776511910699,0,SUCCESS
A,alpha,732,1776511910699,1776511910699,0,SUCCESS
A,alpha,733,1776511910699,1776511910699,0,SUCCESS
A,alpha,734,1776511910699,1776511910699,0,SUCCESS
A,alpha,735,1776511910699,1776511910699,0,SUCCESS
A,alpha,736,1776511910699,1776511910699,0,SUCCESS
A,alpha,737,1776511910699,1776511910699,0,SUCCESS
A,alpha,738,1776511910699,1776511910699,0,SUCCESS
A,alpha,739,1776511910699,1776511910699,0,SUCCESS
A,alpha,740,1776511910699,1776511910699,0,SUCCESS
A,alpha,741,1776511910699,1776511910699,0,SUCCESS
A,alpha,742,1776511910699,1776511910699,0,SUCCESS
A,alpha,743,1776511910699,1776511910699,0,SUCCESS
A,alpha,744,1776511910699,1776511910699,0,SUCCESS
A,alpha,745,1776511910699,1776511910699,0,SUCCESS
A,alpha,746,1776511910699,1776511910699,0,SUCCESS
A,alpha,747,1776511910699,1776511910699,0,SUCCESS
A,alpha,748,1776511910699,1776511910699,0,SUCCESS
A,alpha,749,1776511910699,1776511910699,0,SUCCESS
A,alpha,750,1776511910699,1776511910699,0,SUCCESS
A,alpha,751,1776511910699,1776511910699,0,SUCCESS
A,alpha,752,1776511910699,1776511910699,0,SUCCESS
A,alpha,753,1776511910699,1776511910699,0,SUCCESS
A,alpha,754,1776511910699,1776511910699,0,SUCCESS
A,alpha,755,1776511910699,1776511910699,0,SUCCESS
A,alpha,756,1776511910699,1776511910699,0,SUCCESS
A,alpha,757,1776511910699,1776511910699,0,SUCCESS
A,alpha,758,1776511910699,1776511910699,0,SUCCESS
A,alpha,759,1776511910699,1776511910699,0,SUCCESS
A,alpha,760,1776511910699,1776511910699,0,SUCCESS
A,alpha,761,1776511910699,1776511910699,0,SUCCESS
A,alpha,762,1776511910699,1776511910699,0,SUCCESS
A,alpha,763,1776511910699,1776511910699,0,SUCCESS
A,alpha,764,1776511910699,1776511910699,0,SUCCESS
A,alpha,765,1776511910699,1776511910699,0,SUCCESS
A,alpha,766,1776511910699,1776511910699,0,SUCCESS
A,alpha,767,1776511910699,1776511910699,0,SUCCESS
A,alpha,768,1776511910699,1776511910699,0,SUCCESS
A,alpha,769,1776511910699,1776511910699,0,SUCCESS
A,alpha,770,1776511910699,1776511910699,0,SUCCESS
A,alpha,771,1776511910699,1776511910699,0,SUCCESS
A,alpha,772,1776511910699,1776511910699,0,SUCCESS
A,alpha,773,1776511910699,1776511910699,0,SUCCESS
A,alpha,774,1776511910699,1776511910699,0,SUCCESS
A,alpha,775,1776511910699,1776511910699,0,SUCCESS
A,alpha,776,1776511910699,1776511910699,0,SUCCESS
A,alpha,777,1776511910699,1776511910699,0,SUCCESS
A,alpha,778,1776511910699,1776511910699,0,SUCCESS
A,alpha,779,1776511910699,1776511910699,0,SUCCESS
A,alpha,780,1776511910699,1776511910699,0,SUCCESS
A,alpha,781,1776511910699,1776511910699,0,SUCCESS
A,alpha,782,1776511910699,1776511910699,0,SUCCESS
A,alpha,783,1776511910699,1776511910699,0,SUCCESS
A,alpha,784,1776511910699,1776511910699,0,SUCCESS
A,alpha,785,1776511910699,1776511910699,0,SUCCESS
A,alpha,786,1776511910699,1776511910699,0,SUCCESS
A,alpha,787,1776511910699,1776511910699,0,SUCCESS
A,alpha,788,1776511910699,1776511910699,0,SUCCESS
A,alpha,789,1776511910699,1776511910699,0,SUCCESS
A,alpha,790,1776511910699,1776511910699,0,SUCCESS
A,alpha,791,1776511910699,1776511910699,0,SUCCESS
A,alpha,792,1776511910699,1776511910699,0,SUCCESS
A,alpha,793,1776511910699,1776511910699,0,SUCCESS
A,alpha,794,1776511910699,1776511910699,0,SUCCESS
A,alpha,795,1776511910699,1776511910699,0,SUCCESS
A,alpha,796,1776511910699,1776511910699,0,SUCCESS
A,alpha,797,1776511910699,1776511910699,0,SUCCESS
A,alpha,798,1776511910699,1776511910699,0,SUCCESS
A,alpha,799,1776511910699,1776511910699,0,SUCCESS
A,alpha,800,1776511910699,1776511910699,0,SUCCESS
A,alpha,801,1776511910699,1776511910699,0,SUCCESS
A,alpha,802,1776511910699,1776511910699,0,SUCCESS
A,alpha,803,1776511910699,1776511910699,0,SUCCESS
A,alpha,804,1776511910699,1776511910699,0,SUCCESS
A,alpha,805,1776511910699,1776511910699,0,SUCCESS
A,alpha,806,1776511910699,1776511910699,0,SUCCESS
A,alpha,807,1776511910699,1776511910699,0,SUCCESS
A,alpha,808,1776511910699,1776511910699,0,SUCCESS
A,alpha,809,1776511910699,1776511910699,0,SUCCESS
A,alpha,810,1776511910699,1776511910699,0,SUCCESS
A,alpha,811,1776511910699,1776511910699,0,SUCCESS
A,alpha,812,1776511910699,1776511910699,0,SUCCESS
A,alpha,813,1776511910699,1776511910699,0,SUCCESS
A,alpha,814,1776511910699,1776511910699,0,SUCCESS
A,alpha,815,1776511910699,1776511910699,0,SUCCESS
A,alpha,816,1776511910699,1776511910699,0,SUCCESS
A,alpha,817,1776511910699,1776511910699,0,SUCCESS
A,alpha,818,1776511910699,1776511910699,0,SUCCESS
A,alpha,819,1776511910699,1776511910699,0,SUCCESS
A,alpha,820,1776511910699,1776511910699,0,SUCCESS
A,alpha,821,1776511910699,1776511910699,0,SUCCESS
A,alpha,822,1776511910699,1776511910699,0,SUCCESS
A,alpha,823,1776511910699,1776511910699,0,SUCCESS
A,alpha,824,1776511910699,1776511910699,0,SUCCESS
A,alpha,825,1776511910699,1776511910699,0,SUCCESS
A,alpha,826,1776511910699,1776511910699,0,SUCCESS
A,alpha,827,1776511910699,1776511910699,0,SUCCESS
A,alpha,828,1776511910699,1776511910699,0,SUCCESS
A,alpha,829,1776511910699,1776511910699,0,SUCCESS
A,alpha,830,1776511910699,1776511910699,0,SUCCESS
A,alpha,831,1776511910699,1776511910699,0,SUCCESS
A,alpha,832,1776511910699,1776511910699,0,SUCCESS
A,alpha,833,1776511910699,1776511910699,0,SUCCESS
A,alpha,834,1776511910699,1776511910699,0,SUCCESS
A,alpha,835,1776511910699,1776511910699,0,SUCCESS
A,alpha,836,1776511910699,1776511910699,0,SUCCESS
A,alpha,837,1776511910699,1776511910699,0,SUCCESS
A,alpha,838,1776511910699,1776511910699,0,SUCCESS
A,alpha,839,1776511910699,1776511910699,0,SUCCESS
A,alpha,840,1776511910699,1776511910699,0,SUCCESS
A,alpha,841,1776511910699,1776511910699,0,SUCCESS
A,alpha,842,1776511910699,1776511910699,0,SUCCESS
A,alpha,843,1776511910699,1776511910699,0,SUCCESS
A,alpha,844,1776511910699,1776511910699,0,SUCCESS
A,alpha,845,1776511910699,1776511910699,0,SUCCESS
A,alpha,846,1776511910699,1776511910699,0,SUCCESS
A,alpha,847,1776511910699,1776511910699,0,SUCCESS
A,alpha,848,1776511910699,1776511910699,0,SUCCESS
A,alpha,849,1776511910699,1776511910699,0,SUCCESS
A,alpha,850,1776511910699,1776511910699,0,SUCCESS
A,alpha,851,1776511910699,1776511910699,0,SUCCESS
A,alpha,852,1776511910699,1776511910699,0,SUCCESS
A,alpha,853,1776511910699,1776511910699,0,SUCCESS
A,alpha,854,1776511910699,1776511910699,0,SUCCESS
A,alpha,855,1776511910699,1776511910699,0,SUCCESS
A,alpha,856,1776511910699,1776511910699,0,SUCCESS
A,alpha,857,1776511910699,1776511910699,0,SUCCESS
A,alpha,858,1776511910699,1776511910699,0,SUCCESS
A,alpha,859,1776511910699,1776511910699,0,SUCCESS
A,alpha,860,1776511910699,1776511910699,0,SUCCESS
A,alpha,861,1776511910699,1776511910699,0,SUCCESS
A,alpha,862,1776511910699,1776511910699,0,SUCCESS
A,alpha,863,1776511910699,1776511910699,0,SUCCESS
A,alpha,864,1776511910699,1776511910699,0,SUCCESS
A,alpha,865,1776511910699,1776511910699,0,SUCCESS
A,alpha,866,1776511910699,1776511910699,0,SUCCESS
A,alpha,867,1776511910699,1776511910699,0,SUCCESS
A,alpha,868,1776511910699,1776511910699,0,SUCCESS
A,alpha,869,1776511910699,1776511910699,0,SUCCESS
A,alpha,870,1776511910699,1776511910699,0,SUCCESS
A,alpha,871,1776511910699,1776511910699,0,SUCCESS
A,alpha,872,1776511910699,1776511910699,0,SUCCESS
A,alpha,873,1776511910699,1776511910699,0,SUCCESS
A,alpha,874,1776511910699,1776511910699,0,SUCCESS
A,alpha,875,1776511910699,1776511910699,0,SUCCESS
A,alpha,876,1776511910699,1776511910699,0,SUCCESS
A,alpha,877,1776511910699,1776511910699,0,SUCCESS
A,alpha,878,1776511910699,1776511910699,0,SUCCESS
A,alpha,879,1776511910699,1776511910699,0,SUCCESS
A,alpha,880,1776511910699,1776511910699,0,SUCCESS
A,alpha,881,1776511910699,1776511910699,0,SUCCESS
A,alpha,882,1776511910699,1776511910699,0,SUCCESS
A,alpha,883,1776511910699,1776511910699,0,SUCCESS
A,alpha,884,1776511910699,1776511910699,0,SUCCESS
A,alpha,885,1776511910699,1776511910699,0,SUCCESS
A,alpha,886,1776511910699,1776511910699,0,SUCCESS
A,alpha,887,1776511910699,1776511910699,0,SUCCESS
A,alpha,888,1776511910699,1776511910699,0,SUCCESS
A,alpha,889,1776511910699,1776511910699,0,SUCCESS
A,alpha,890,1776511910699,1776511910699,0,SUCCESS
A,alpha,891,1776511910699,1776511910699,0,SUCCESS
A,alpha,892,1776511910699,1776511910699,0,SUCCESS
A,alpha,893,1776511910699,1776511910699,0,SUCCESS
A,alpha,894,1776511910699,1776511910699,0,SUCCESS
A,alpha,895,1776511910699,1776511910699,0,SUCCESS
A,alpha,896,1776511910699,1776511910699,0,SUCCESS
A,alpha,897,1776511910699,1776511910699,0,SUCCESS
A,alpha,898,1776511910699,1776511910699,0,SUCCESS
A,alpha,899,1776511910699,1776511910699,0,SUCCESS
A,alpha,900,1776511910699,1776511910699,0,SUCCESS
A,alpha,901,1776511910699,1776511910699,0,SUCCESS
A,alpha,902,1776511910699,1776511910699,0,SUCCESS
A,alpha,903,1776511910699,1776511910699,0,SUCCESS
A,alpha,904,1776511910699,1776511910699,0,SUCCESS
A,alpha,905,1776511910699,1776511910699,0,SUCCESS
A,alpha,906,1776511910699,1776511910699,0,SUCCESS
A,alpha,907,1776511910699,1776511910699,0,SUCCESS
A,alpha,908,1776511910699,1776511910699,0,SUCCESS
A,alpha,909,1776511910699,1776511910699,0,SUCCESS
A,alpha,910,1776511910699,1776511910699,0,SUCCESS
A,alpha,911,1776511910699,1776511910699,0,SUCCESS
A,alpha,912,1776511910699,1776511910699,0,SUCCESS
A,alpha,913,1776511910699,1776511910699,0,SUCCESS
A,alpha,914,1776511910699,1776511910699,0,SUCCESS
A,alpha,915,1776511910699,1776511910699,0,SUCCESS
A,alpha,916,1776511910699,1776511910699,0,SUCCESS
A,alpha,917,1776511910699,1776511910699,0,SUCCESS
A,alpha,918,1776511910699,1776511910699,0,SUCCESS
A,alpha,919,1776511910699,1776511910699,0,SUCCESS
A,alpha,920,1776511910699,1776511910699,0,SUCCESS
A,alpha,921,1776511910699,1776511910699,0,SUCCESS
A,alpha,922,1776511910699,1776511910699,0,SUCCESS
A,alpha,923,1776511910699,1776511910699,0,SUCCESS
A,alpha,924,1776511910699,1776511910699,0,SUCCESS
A,alpha,925,1776511910699,1776511910699,0,SUCCESS
A,alpha,926,1776511910699,1776511910699,0,SUCCESS
A,alpha,927,1776511910699,1776511910699,0,SUCCESS
A,alpha,928,1776511910699,1776511910699,0,SUCCESS
A,alpha,929,1776511910699,1776511910699,0,SUCCESS
A,alpha,930,1776511910699,1776511910699,0,SUCCESS
A,alpha,931,1776511910699,1776511910699,0,SUCCESS
A,alpha,932,1776511910699,1776511910699,0,SUCCESS
A,alpha,933,1776511910699,1776511910699,0,SUCCESS
A,alpha,934,1776511910699,1776511910700,1,SUCCESS
A,alpha,935,1776511910699,1776511910700,1,SUCCESS
A,alpha,936,1776511910699,1776511910700,1,SUCCESS
A,alpha,937,1776511910699,1776511910700,1,SUCCESS
A,alpha,938,1776511910699,1776511910700,1,SUCCESS
A,alpha,939,1776511910699,1776511910700,1,SUCCESS
A,alpha,940,1776511910699,1776511910700,1,SUCCESS
A,alpha,941,1776511910699,1776511910700,1,SUCCESS
A,alpha,942,1776511910699,1776511910700,1,SUCCESS
A,alpha,943,1776511910699,1776511910700,1,SUCCESS
A,alpha,944,1776511910699,1776511910700,1,SUCCESS
A,alpha,945,1776511910699,1776511910700,1,SUCCESS
A,alpha,946,1776511910699,1776511910700,1,SUCCESS
A,alpha,947,1776511910699,1776511910700,1,SUCCESS
A,alpha,948,1776511910699,1776511910700,1,SUCCESS
A,alpha,949,1776511910699,1776511910700,1,SUCCESS
A,alpha,950,1776511910699,1776511910700,1,SUCCESS
A,alpha,951,1776511910699,1776511910700,1,SUCCESS
A,alpha,952,1776511910699,1776511910700,1,SUCCESS
A,alpha,953,1776511910699,1776511910700,1,SUCCESS
A,alpha,954,1776511910699,1776511910700,1,SUCCESS
A,alpha,955,1776511910699,1776511910700,1,SUCCESS
A,alpha,956,1776511910699,1776511910700,1,SUCCESS
A,alpha,957,1776511910699,1776511910700,1,SUCCESS
A,alpha,958,1776511910699,1776511910700,1,SUCCESS
A,alpha,959,1776511910699,1776511910700,1,SUCCESS
A,alpha,960,1776511910699,1776511910700,1,SUCCESS
A,alpha,961,1776511910699,1776511910700,1,SUCCESS
A,alpha,962,1776511910699,1776511910700,1,SUCCESS
A,alpha,963,1776511910699,1776511910700,1,SUCCESS
A,alpha,964,1776511910699,1776511910700,1,SUCCESS
A,alpha,965,1776511910699,1776511910700,1,SUCCESS
A,alpha,966,1776511910699,1776511910700,1,SUCCESS
A,alpha,967,1776511910699,1776511910700,1,SUCCESS
A,alpha,968,1776511910699,1776511910700,1,SUCCESS
A,alpha,969,1776511910699,1776511910700,1,SUCCESS
A,alpha,970,1776511910699,1776511910700,1,SUCCESS
A,alpha,971,1776511910699,1776511910700,1,SUCCESS
A,alpha,972,1776511910699,1776511910700,1,SUCCESS
A,alpha,973,1776511910699,1776511910700,1,SUCCESS
A,alpha,974,1776511910699,1776511910700,1,SUCCESS
A,alpha,975,1776511910699,1776511910700,1,SUCCESS
A,alpha,976,1776511910699,1776511910700,1,SUCCESS
A,alpha,977,1776511910699,1776511910700,1,SUCCESS
A,alpha,978,1776511910699,1776511910700,1,SUCCESS
A,alpha,979,1776511910699,1776511910700,1,SUCCESS
A,alpha,980,1776511910699,1776511910700,1,SUCCESS
A,alpha,981,1776511910699,1776511910700,1,SUCCESS
A,alpha,982,1776511910699,1776511910700,1,SUCCESS
A,alpha,983,1776511910699,1776511910700,1,SUCCESS
A,alpha,984,1776511910699,1776511910700,1,SUCCESS
A,alpha,985,1776511910699,1776511910700,1,SUCCESS
A,alpha,986,1776511910699,1776511910700,1,SUCCESS
A,alpha,987,1776511910699,1776511910700,1,SUCCESS
A,alpha,988,1776511910699,1776511910700,1,SUCCESS
A,alpha,989,1776511910699,1776511910700,1,SUCCESS
A,alpha,990,1776511910699,1776511910700,1,SUCCESS
A,alpha,991,1776511910699,1776511910700,1,SUCCESS
A,alpha,992,1776511910699,1776511910700,1,SUCCESS
A,alpha,993,1776511910699,1776511910700,1,SUCCESS
A,alpha,994,1776511910699,1776511910700,1,SUCCESS
A,alpha,995,1776511910699,1776511910700,1,SUCCESS
A,alpha,996,1776511910699,1776511910700,1,SUCCESS
A,alpha,997,1776511910699,1776511910700,1,SUCCESS
A,alpha,998,1776511910699,1776511910700,1,SUCCESS
A,alpha,999,1776511910699,1776511910700,1,SUCCESS
A,beta,0,1776511910699,1776511910700,1,SUCCESS
A,beta,1,1776511910699,1776511910700,1,SUCCESS
A,beta,2,1776511910699,1776511910700,1,SUCCESS
A,beta,3,1776511910699,1776511910700,1,SUCCESS
A,beta,4,1776511910699,1776511910700,1,SUCCESS
A,beta,5,1776511910699,1776511910700,1,SUCCESS
A,beta,6,1776511910699,1776511910700,1,SUCCESS
A,beta,7,1776511910699,1776511910700,1,SUCCESS
A,beta,8,1776511910699,1776511910700,1,SUCCESS
A,beta,9,1776511910699,1776511910700,1,SUCCESS
A,beta,10,1776511910699,1776511910700,1,SUCCESS
A,beta,11,1776511910699,1776511910700,1,SUCCESS
A,beta,12,1776511910699,1776511910700,1,SUCCESS
A,beta,13,1776511910699,1776511910700,1,SUCCESS
A,beta,14,1776511910699,1776511910700,1,SUCCESS
A,beta,15,1776511910699,1776511910700,1,SUCCESS
A,beta,16,1776511910699,1776511910700,1,SUCCESS
A,beta,17,1776511910699,1776511910700,1,SUCCESS
A,beta,18,1776511910699,1776511910700,1,SUCCESS
A,beta,19,1776511910699,1776511910700,1,SUCCESS
A,beta,20,1776511910699,1776511910700,1,SUCCESS
A,beta,21,1776511910699,1776511910700,1,SUCCESS
A,beta,22,1776511910699,1776511910700,1,SUCCESS
A,beta,23,1776511910699,1776511910700,1,SUCCESS
A,beta,24,1776511910699,1776511910700,1,SUCCESS
A,beta,25,1776511910699,1776511910700,1,SUCCESS
A,beta,26,1776511910699,1776511910700,1,SUCCESS
A,beta,27,1776511910699,1776511910700,1,SUCCESS
A,beta,28,1776511910699,1776511910700,1,SUCCESS
A,beta,29,1776511910699,1776511910700,1,SUCCESS
A,beta,30,1776511910699,1776511910700,1,SUCCESS
A,beta,31,1776511910699,1776511910700,1,SUCCESS
A,beta,32,1776511910699,1776511910700,1,SUCCESS
A,beta,33,1776511910699,1776511910700,1,SUCCESS
A,beta,34,1776511910699,1776511910700,1,SUCCESS
A,beta,35,1776511910699,1776511910700,1,SUCCESS
A,beta,36,1776511910699,1776511910700,1,SUCCESS
A,beta,37,1776511910699,1776511910700,1,SUCCESS
A,beta,38,1776511910699,1776511910700,1,SUCCESS
A,beta,39,1776511910699,1776511910700,1,SUCCESS
A,beta,40,1776511910699,1776511910700,1,SUCCESS
A,beta,41,1776511910699,1776511910700,1,SUCCESS
A,beta,42,1776511910699,1776511910700,1,SUCCESS
A,beta,43,1776511910699,1776511910700,1,SUCCESS
A,beta,44,1776511910699,1776511910700,1,SUCCESS
A,beta,45,1776511910699,1776511910700,1,SUCCESS
A,beta,46,1776511910699,1776511910700,1,SUCCESS
A,beta,47,1776511910699,1776511910700,1,SUCCESS
A,beta,48,1776511910699,1776511910700,1,SUCCESS
A,beta,49,1776511910699,1776511910700,1,SUCCESS
A,beta,50,1776511910699,1776511910700,1,SUCCESS
A,beta,51,1776511910699,1776511910700,1,SUCCESS
A,beta,52,1776511910699,1776511910700,1,SUCCESS
A,beta,53,1776511910699,1776511910700,1,SUCCESS
A,beta,54,1776511910699,1776511910700,1,SUCCESS
A,beta,55,1776511910699,1776511910700,1,SUCCESS
A,beta,56,1776511910699,1776511910700,1,SUCCESS
A,beta,57,1776511910699,1776511910700,1,SUCCESS
A,beta,58,1776511910699,1776511910700,1,SUCCESS
A,beta,59,1776511910699,1776511910700,1,SUCCESS
A,beta,60,1776511910699,1776511910700,1,SUCCESS
A,beta,61,1776511910699,1776511910700,1,SUCCESS
A,beta,62,1776511910699,1776511910700,1,SUCCESS
A,beta,63,1776511910699,1776511910700,1,SUCCESS
A,beta,64,1776511910699,1776511910700,1,SUCCESS
A,beta,65,1776511910699,1776511910700,1,SUCCESS
A,beta,66,1776511910699,1776511910700,1,SUCCESS
A,beta,67,1776511910699,1776511910700,1,SUCCESS
A,beta,68,1776511910699,1776511910700,1,SUCCESS
A,beta,69,1776511910699,1776511910700,1,SUCCESS
A,beta,70,1776511910699,1776511910700,1,SUCCESS
A,beta,71,1776511910699,1776511910700,1,SUCCESS
A,beta,72,1776511910699,1776511910700,1,SUCCESS
A,beta,73,1776511910699,1776511910700,1,SUCCESS
A,beta,74,1776511910699,1776511910700,1,SUCCESS
A,beta,75,1776511910699,1776511910700,1,SUCCESS
A,beta,76,1776511910699,1776511910700,1,SUCCESS
A,beta,77,1776511910699,1776511910700,1,SUCCESS
A,beta,78,1776511910699,1776511910700,1,SUCCESS
A,beta,79,1776511910699,1776511910700,1,SUCCESS
A,beta,80,1776511910699,1776511910700,1,SUCCESS
A,beta,81,1776511910699,1776511910700,1,SUCCESS
A,beta,82,1776511910699,1776511910700,1,SUCCESS
A,beta,83,1776511910699,1776511910700,1,SUCCESS
A,beta,84,1776511910699,1776511910700,1,SUCCESS
A,beta,85,1776511910699,1776511910700,1,SUCCESS
A,beta,86,1776511910699,1776511910700,1,SUCCESS
A,beta,87,1776511910699,1776511910700,1,SUCCESS
A,beta,88,1776511910699,1776511910700,1,SUCCESS
A,beta,89,1776511910699,1776511910700,1,SUCCESS
A,beta,90,1776511910699,1776511910700,1,SUCCESS
A,beta,91,1776511910699,1776511910700,1,SUCCESS
A,beta,92,1776511910699,1776511910700,1,SUCCESS
A,beta,93,1776511910699,1776511910700,1,SUCCESS
A,beta,94,1776511910699,1776511910700,1,SUCCESS
A,beta,95,1776511910699,1776511910700,1,SUCCESS
A,beta,96,1776511910699,1776511910700,1,SUCCESS
A,beta,97,1776511910699,1776511910700,1,SUCCESS
A,beta,98,1776511910699,1776511910700,1,SUCCESS
A,beta,99,1776511910699,1776511910700,1,SUCCESS
A,beta,100,1776511910699,1776511910700,1,SUCCESS
A,beta,101,1776511910699,1776511910700,1,SUCCESS
A,beta,102,1776511910699,1776511910700,1,SUCCESS
A,beta,103,1776511910699,1776511910700,1,SUCCESS
A,beta,104,1776511910699,1776511910700,1,SUCCESS
A,beta,105,1776511910699,1776511910700,1,SUCCESS
A,beta,106,1776511910699,1776511910700,1,SUCCESS
A,beta,107,1776511910699,1776511910700,1,SUCCESS
A,beta,108,1776511910699,1776511910700,1,SUCCESS
A,beta,109,1776511910699,1776511910700,1,SUCCESS
A,beta,110,1776511910699,1776511910700,1,SUCCESS
A,beta,111,1776511910699,1776511910700,1,SUCCESS
A,beta,112,1776511910699,1776511910700,1,SUCCESS
A,beta,113,1776511910699,1776511910700,1,SUCCESS
A,beta,114,1776511910699,1776511910700,1,SUCCESS
A,beta,115,1776511910699,1776511910700,1,SUCCESS
A,beta,116,1776511910699,1776511910700,1,SUCCESS
A,beta,117,1776511910699,1776511910700,1,SUCCESS
A,beta,118,1776511910699,1776511910700,1,SUCCESS
A,beta,119,1776511910699,1776511910700,1,SUCCESS
A,beta,120,1776511910699,1776511910700,1,SUCCESS
A,beta,121,1776511910699,1776511910700,1,SUCCESS
A,beta,122,1776511910699,1776511910700,1,SUCCESS
A,beta,123,1776511910699,1776511910700,1,SUCCESS
A,beta,124,1776511910699,1776511910700,1,SUCCESS
A,beta,125,1776511910699,1776511910700,1,SUCCESS
A,beta,126,1776511910699,1776511910700,1,SUCCESS
A,beta,127,1776511910699,1776511910700,1,SUCCESS
A,beta,128,1776511910699,1776511910700,1,SUCCESS
A,beta,129,1776511910699,1776511910700,1,SUCCESS
A,beta,130,1776511910699,1776511910700,1,SUCCESS
A,beta,131,1776511910699,1776511910700,1,SUCCESS
A,beta,132,1776511910699,1776511910700,1,SUCCESS
A,beta,133,1776511910699,1776511910700,1,SUCCESS
A,beta,134,1776511910699,1776511910700,1,SUCCESS
A,beta,135,1776511910700,1776511910700,0,SUCCESS
A,beta,136,1776511910700,1776511910700,0,SUCCESS
A,beta,137,1776511910700,1776511910700,0,SUCCESS
A,beta,138,1776511910700,1776511910700,0,SUCCESS
A,beta,139,1776511910700,1776511910700,0,SUCCESS
A,beta,140,1776511910700,1776511910700,0,SUCCESS
A,beta,141,1776511910700,1776511910700,0,SUCCESS
A,beta,142,1776511910700,1776511910700,0,SUCCESS
A,beta,143,1776511910700,1776511910700,0,SUCCESS
A,beta,144,1776511910700,1776511910700,0,SUCCESS
A,beta,145,1776511910700,1776511910700,0,SUCCESS
A,beta,146,1776511910700,1776511910700,0,SUCCESS
A,beta,147,1776511910700,1776511910700,0,SUCCESS
A,beta,148,1776511910700,1776511910700,0,SUCCESS
A,beta,149,1776511910700,1776511910700,0,SUCCESS
A,beta,150,1776511910700,1776511910700,0,SUCCESS
A,beta,151,1776511910700,1776511910700,0,SUCCESS
A,beta,152,1776511910700,1776511910700,0,SUCCESS
A,beta,153,1776511910700,1776511910700,0,SUCCESS
A,beta,154,1776511910700,1776511910700,0,SUCCESS
A,beta,155,1776511910700,1776511910700,0,SUCCESS
A,beta,156,1776511910700,1776511910700,0,SUCCESS
A,beta,157,1776511910700,1776511910700,0,SUCCESS
A,beta,158,1776511910700,1776511910700,0,SUCCESS
A,beta,159,1776511910700,1776511910700,0,SUCCESS
A,beta,160,1776511910700,1776511910700,0,SUCCESS
A,beta,161,1776511910700,1776511910700,0,SUCCESS
A,beta,162,1776511910700,1776511910700,0,SUCCESS
A,beta,163,1776511910700,1776511910700,0,SUCCESS
A,beta,164,1776511910700,1776511910700,0,SUCCESS
A,beta,165,1776511910700,1776511910700,0,SUCCESS
A,beta,166,1776511910700,1776511910700,0,SUCCESS
A,beta,167,1776511910700,1776511910700,0,SUCCESS
A,beta,168,1776511910700,1776511910700,0,SUCCESS
A,beta,169,1776511910700,1776511910700,0,SUCCESS
A,beta,170,1776511910700,1776511910700,0,SUCCESS
A,beta,171,1776511910700,1776511910700,0,SUCCESS
A,beta,172,1776511910700,1776511910700,0,SUCCESS
A,beta,173,1776511910700,1776511910700,0,SUCCESS
A,beta,174,1776511910700,1776511910700,0,SUCCESS
A,beta,175,1776511910700,1776511910700,0,SUCCESS
A,beta,176,1776511910700,1776511910700,0,SUCCESS
A,beta,177,1776511910700,1776511910700,0,SUCCESS
A,beta,178,1776511910700,1776511910700,0,SUCCESS
A,beta,179,1776511910700,1776511910700,0,SUCCESS
A,beta,180,1776511910700,1776511910700,0,SUCCESS
A,beta,181,1776511910700,1776511910700,0,SUCCESS
A,beta,182,1776511910700,1776511910700,0,SUCCESS
A,beta,183,1776511910700,1776511910700,0,SUCCESS
A,beta,184,1776511910700,1776511910700,0,SUCCESS
A,beta,185,1776511910700,1776511910700,0,SUCCESS
A,beta,186,1776511910700,1776511910700,0,SUCCESS
A,beta,187,1776511910700,1776511910700,0,SUCCESS
A,beta,188,1776511910700,1776511910700,0,SUCCESS
A,beta,189,1776511910700,1776511910700,0,SUCCESS
A,beta,190,1776511910700,1776511910700,0,SUCCESS
A,beta,191,1776511910700,1776511910700,0,SUCCESS
A,beta,192,1776511910700,1776511910700,0,SUCCESS
A,beta,193,1776511910700,1776511910700,0,SUCCESS
A,beta,194,1776511910700,1776511910700,0,SUCCESS
A,beta,195,1776511910700,1776511910700,0,SUCCESS
A,beta,196,1776511910700,1776511910700,0,SUCCESS
A,beta,197,1776511910700,1776511910700,0,SUCCESS
A,beta,198,1776511910700,1776511910700,0,SUCCESS
A,beta,199,1776511910700,1776511910700,0,SUCCESS
A,beta,200,1776511910700,1776511910700,0,SUCCESS
A,beta,201,1776511910700,1776511910700,0,SUCCESS
A,beta,202,1776511910700,1776511910700,0,SUCCESS
A,beta,203,1776511910700,1776511910700,0,SUCCESS
A,beta,204,1776511910700,1776511910700,0,SUCCESS
A,beta,205,1776511910700,1776511910700,0,SUCCESS
A,beta,206,1776511910700,1776511910700,0,SUCCESS
A,beta,207,1776511910700,1776511910700,0,SUCCESS
A,beta,208,1776511910700,1776511910700,0,SUCCESS
A,beta,209,1776511910700,1776511910700,0,SUCCESS
A,beta,210,1776511910700,1776511910700,0,SUCCESS
A,beta,211,1776511910700,1776511910700,0,SUCCESS
A,beta,212,1776511910700,1776511910700,0,SUCCESS
A,beta,213,1776511910700,1776511910700,0,SUCCESS
A,beta,214,1776511910700,1776511910700,0,SUCCESS
A,beta,215,1776511910700,1776511910700,0,SUCCESS
A,beta,216,1776511910700,1776511910700,0,SUCCESS
A,beta,217,1776511910700,1776511910700,0,SUCCESS
A,beta,218,1776511910700,1776511910700,0,SUCCESS
A,beta,219,1776511910700,1776511910700,0,SUCCESS
A,beta,220,1776511910700,1776511910700,0,SUCCESS
A,beta,221,1776511910700,1776511910700,0,SUCCESS
A,beta,222,1776511910700,1776511910700,0,SUCCESS
A,beta,223,1776511910700,1776511910700,0,SUCCESS
A,beta,224,1776511910700,1776511910700,0,SUCCESS
A,beta,225,1776511910700,1776511910700,0,SUCCESS
A,beta,226,1776511910700,1776511910700,0,SUCCESS
A,beta,227,1776511910700,1776511910700,0,SUCCESS
A,beta,228,1776511910700,1776511910700,0,SUCCESS
A,beta,229,1776511910700,1776511910700,0,SUCCESS
A,beta,230,1776511910700,1776511910700,0,SUCCESS
A,beta,231,1776511910700,1776511910700,0,SUCCESS
A,beta,232,1776511910700,1776511910700,0,SUCCESS
A,beta,233,1776511910700,1776511910700,0,SUCCESS
A,beta,234,1776511910700,1776511910700,0,SUCCESS
A,beta,235,1776511910700,1776511910700,0,SUCCESS
A,beta,236,1776511910700,1776511910700,0,SUCCESS
A,beta,237,1776511910700,1776511910700,0,SUCCESS
A,beta,238,1776511910700,1776511910700,0,SUCCESS
A,beta,239,1776511910700,1776511910700,0,SUCCESS
A,beta,240,1776511910700,1776511910700,0,SUCCESS
A,beta,241,1776511910700,1776511910700,0,SUCCESS
A,beta,242,1776511910700,1776511910700,0,SUCCESS
A,beta,243,1776511910700,1776511910700,0,SUCCESS
A,beta,244,1776511910700,1776511910700,0,SUCCESS
A,beta,245,1776511910700,1776511910700,0,SUCCESS
A,beta,246,1776511910700,1776511910700,0,SUCCESS
A,beta,247,1776511910700,1776511910700,0,SUCCESS
A,beta,248,1776511910700,1776511910700,0,SUCCESS
A,beta,249,1776511910700,1776511910700,0,SUCCESS
A,beta,250,1776511910700,1776511910700,0,SUCCESS
A,beta,251,1776511910700,1776511910700,0,SUCCESS
A,beta,252,1776511910700,1776511910700,0,SUCCESS
A,beta,253,1776511910700,1776511910700,0,SUCCESS
A,beta,254,1776511910700,1776511910700,0,SUCCESS
A,beta,255,1776511910700,1776511910700,0,SUCCESS
A,beta,256,1776511910700,1776511910700,0,SUCCESS
A,beta,257,1776511910700,1776511910700,0,SUCCESS
A,beta,258,1776511910700,1776511910700,0,SUCCESS
A,beta,259,1776511910700,1776511910700,0,SUCCESS
A,beta,260,1776511910700,1776511910700,0,SUCCESS
A,beta,261,1776511910700,1776511910700,0,SUCCESS
A,beta,262,1776511910700,1776511910700,0,SUCCESS
A,beta,263,1776511910700,1776511910700,0,SUCCESS
A,beta,264,1776511910700,1776511910700,0,SUCCESS
A,beta,265,1776511910700,1776511910700,0,SUCCESS
A,beta,266,1776511910700,1776511910700,0,SUCCESS
A,beta,267,1776511910700,1776511910700,0,SUCCESS
A,beta,268,1776511910700,1776511910700,0,SUCCESS
A,beta,269,1776511910700,1776511910700,0,SUCCESS
A,beta,270,1776511910700,1776511910700,0,SUCCESS
A,beta,271,1776511910700,1776511910700,0,SUCCESS
A,beta,272,1776511910700,1776511910700,0,SUCCESS
A,beta,273,1776511910700,1776511910700,0,SUCCESS
A,beta,274,1776511910700,1776511910700,0,SUCCESS
A,beta,275,1776511910700,1776511910700,0,SUCCESS
A,beta,276,1776511910700,1776511910700,0,SUCCESS
A,beta,277,1776511910700,1776511910700,0,SUCCESS
A,beta,278,1776511910700,1776511910700,0,SUCCESS
A,beta,279,1776511910700,1776511910700,0,SUCCESS
A,beta,280,1776511910700,1776511910700,0,SUCCESS
A,beta,281,1776511910700,1776511910700,0,SUCCESS
A,beta,282,1776511910700,1776511910700,0,SUCCESS
A,beta,283,1776511910700,1776511910700,0,SUCCESS
A,beta,284,1776511910700,1776511910700,0,SUCCESS
A,beta,285,1776511910700,1776511910700,0,SUCCESS
A,beta,286,1776511910700,1776511910700,0,SUCCESS
A,beta,287,1776511910700,1776511910700,0,SUCCESS
A,beta,288,1776511910700,1776511910700,0,SUCCESS
A,beta,289,1776511910700,1776511910700,0,SUCCESS
A,beta,290,1776511910700,1776511910700,0,SUCCESS
A,beta,291,1776511910700,1776511910700,0,SUCCESS
A,beta,292,1776511910700,1776511910700,0,SUCCESS
A,beta,293,1776511910700,1776511910700,0,SUCCESS
A,beta,294,1776511910700,1776511910700,0,SUCCESS
A,beta,295,1776511910700,1776511910700,0,SUCCESS
A,beta,296,1776511910700,1776511910700,0,SUCCESS
A,beta,297,1776511910700,1776511910700,0,SUCCESS
A,beta,298,1776511910700,1776511910700,0,SUCCESS
A,beta,299,1776511910700,1776511910700,0,SUCCESS
A,beta,300,1776511910700,1776511910700,0,SUCCESS
A,beta,301,1776511910700,1776511910700,0,SUCCESS
A,beta,302,1776511910700,1776511910700,0,SUCCESS
A,beta,303,1776511910700,1776511910700,0,SUCCESS
A,beta,304,1776511910700,1776511910700,0,SUCCESS
A,beta,305,1776511910700,1776511910700,0,SUCCESS
A,beta,306,1776511910700,1776511910700,0,SUCCESS
A,beta,307,1776511910700,1776511910700,0,SUCCESS
A,beta,308,1776511910700,1776511910700,0,SUCCESS
A,beta,309,1776511910700,1776511910700,0,SUCCESS
A,beta,310,1776511910700,1776511910700,0,SUCCESS
A,beta,311,1776511910700,1776511910700,0,SUCCESS
A,beta,312,1776511910700,1776511910700,0,SUCCESS
A,beta,313,1776511910700,1776511910700,0,SUCCESS
A,beta,314,1776511910700,1776511910700,0,SUCCESS
A,beta,315,1776511910700,1776511910700,0,SUCCESS
A,beta,316,1776511910700,1776511910700,0,SUCCESS
A,beta,317,1776511910700,1776511910700,0,SUCCESS
A,beta,318,1776511910700,1776511910700,0,SUCCESS
A,beta,319,1776511910700,1776511910700,0,SUCCESS
A,beta,320,1776511910700,1776511910700,0,SUCCESS
A,beta,321,1776511910700,1776511910700,0,SUCCESS
A,beta,322,1776511910700,1776511910700,0,SUCCESS
A,beta,323,1776511910700,1776511910700,0,SUCCESS
A,beta,324,1776511910700,1776511910700,0,SUCCESS
A,beta,325,1776511910700,1776511910700,0,SUCCESS
A,beta,326,1776511910700,1776511910700,0,SUCCESS
A,beta,327,1776511910700,1776511910700,0,SUCCESS
A,beta,328,1776511910700,1776511910700,0,SUCCESS
A,beta,329,1776511910700,1776511910700,0,SUCCESS
A,beta,330,1776511910700,1776511910700,0,SUCCESS
A,beta,331,1776511910700,1776511910700,0,SUCCESS
A,beta,332,1776511910700,1776511910700,0,SUCCESS
A,beta,333,1776511910700,1776511910700,0,SUCCESS
A,beta,334,1776511910700,1776511910700,0,SUCCESS
A,beta,335,1776511910700,1776511910700,0,SUCCESS
A,beta,336,1776511910700,1776511910700,0,SUCCESS
A,beta,337,1776511910700,1776511910700,0,SUCCESS
A,beta,338,1776511910700,1776511910700,0,SUCCESS
A,beta,339,1776511910700,1776511910700,0,SUCCESS
A,beta,340,1776511910700,1776511910700,0,SUCCESS
A,beta,341,1776511910700,1776511910700,0,SUCCESS
A,beta,342,1776511910700,1776511910700,0,SUCCESS
A,beta,343,1776511910700,1776511910700,0,SUCCESS
A,beta,344,1776511910700,1776511910700,0,SUCCESS
A,beta,345,1776511910700,1776511910700,0,SUCCESS
A,beta,346,1776511910700,1776511910700,0,SUCCESS
A,beta,347,1776511910700,1776511910700,0,SUCCESS
A,beta,348,1776511910700,1776511910700,0,SUCCESS
A,beta,349,1776511910700,1776511910700,0,SUCCESS
A,beta,350,1776511910700,1776511910700,0,SUCCESS
A,beta,351,1776511910700,1776511910700,0,SUCCESS
A,beta,352,1776511910700,1776511910700,0,SUCCESS
A,beta,353,1776511910700,1776511910700,0,SUCCESS
A,beta,354,1776511910700,1776511910700,0,SUCCESS
A,beta,355,1776511910700,1776511910700,0,SUCCESS
A,beta,356,1776511910700,1776511910700,0,SUCCESS
A,beta,357,1776511910700,1776511910700,0,SUCCESS
A,beta,358,1776511910700,1776511910700,0,SUCCESS
A,beta,359,1776511910700,1776511910700,0,SUCCESS
A,beta,360,1776511910700,1776511910700,0,SUCCESS
A,beta,361,1776511910700,1776511910700,0,SUCCESS
A,beta,362,1776511910700,1776511910700,0,SUCCESS
A,beta,363,1776511910700,1776511910700,0,SUCCESS
A,beta,364,1776511910700,1776511910700,0,SUCCESS
A,beta,365,1776511910700,1776511910700,0,SUCCESS
A,beta,366,1776511910700,1776511910700,0,SUCCESS
A,beta,367,1776511910700,1776511910700,0,SUCCESS
A,beta,368,1776511910700,1776511910700,0,SUCCESS
A,beta,369,1776511910700,1776511910700,0,SUCCESS
A,beta,370,1776511910700,1776511910700,0,SUCCESS
A,beta,371,1776511910700,1776511910700,0,SUCCESS
A,beta,372,1776511910700,1776511910700,0,SUCCESS
A,beta,373,1776511910700,1776511910700,0,SUCCESS
A,beta,374,1776511910700,1776511910700,0,SUCCESS
A,beta,375,1776511910700,1776511910700,0,SUCCESS
A,beta,376,1776511910700,1776511910700,0,SUCCESS
A,beta,377,1776511910700,1776511910700,0,SUCCESS
A,beta,378,1776511910700,1776511910700,0,SUCCESS
A,beta,379,1776511910700,1776511910700,0,SUCCESS
A,beta,380,1776511910700,1776511910700,0,SUCCESS
A,beta,381,1776511910700,1776511910700,0,SUCCESS
A,beta,382,1776511910700,1776511910700,0,SUCCESS
A,beta,383,1776511910700,1776511910700,0,SUCCESS
A,beta,384,1776511910700,1776511910700,0,SUCCESS
A,beta,385,1776511910700,1776511910700,0,SUCCESS
A,beta,386,1776511910700,1776511910700,0,SUCCESS
A,beta,387,1776511910700,1776511910700,0,SUCCESS
A,beta,388,1776511910700,1776511910700,0,SUCCESS
A,beta,389,1776511910700,1776511910700,0,SUCCESS
A,beta,390,1776511910700,1776511910700,0,SUCCESS
A,beta,391,1776511910700,1776511910700,0,SUCCESS
A,beta,392,1776511910700,1776511910700,0,SUCCESS
A,beta,393,1776511910700,1776511910700,0,SUCCESS
A,beta,394,1776511910700,1776511910700,0,SUCCESS
A,beta,395,1776511910700,1776511910700,0,SUCCESS
A,beta,396,1776511910700,1776511910700,0,SUCCESS
A,beta,397,1776511910700,1776511910700,0,SUCCESS
A,beta,398,1776511910700,1776511910700,0,SUCCESS
A,beta,399,1776511910700,1776511910700,0,SUCCESS
A,beta,400,1776511910700,1776511910700,0,SUCCESS
A,beta,401,1776511910700,1776511910700,0,SUCCESS
A,beta,402,1776511910700,1776511910700,0,SUCCESS
A,beta,403,1776511910700,1776511910700,0,SUCCESS
A,beta,404,1776511910700,1776511910700,0,SUCCESS
A,beta,405,1776511910700,1776511910700,0,SUCCESS
A,beta,406,1776511910700,1776511910700,0,SUCCESS
A,beta,407,1776511910700,1776511910700,0,SUCCESS
A,beta,408,1776511910700,1776511910700,0,SUCCESS
A,beta,409,1776511910700,1776511910700,0,SUCCESS
A,beta,410,1776511910700,1776511910701,1,SUCCESS
A,beta,411,1776511910700,1776511910701,1,SUCCESS
A,beta,412,1776511910700,1776511910701,1,SUCCESS
A,beta,413,1776511910700,1776511910701,1,SUCCESS
A,beta,414,1776511910700,1776511910701,1,SUCCESS
A,beta,415,1776511910700,1776511910701,1,SUCCESS
A,beta,416,1776511910700,1776511910701,1,SUCCESS
A,beta,417,1776511910700,1776511910701,1,SUCCESS
A,beta,418,1776511910700,1776511910701,1,SUCCESS
A,beta,419,1776511910700,1776511910701,1,SUCCESS
A,beta,420,1776511910700,1776511910701,1,SUCCESS
A,beta,421,1776511910700,1776511910701,1,SUCCESS
A,beta,422,1776511910700,1776511910701,1,SUCCESS
A,beta,423,1776511910700,1776511910701,1,SUCCESS
A,beta,424,1776511910700,1776511910701,1,SUCCESS
A,beta,425,1776511910700,1776511910701,1,SUCCESS
A,beta,426,1776511910700,1776511910701,1,SUCCESS
A,beta,427,1776511910700,1776511910701,1,SUCCESS
A,beta,428,1776511910700,1776511910701,1,SUCCESS
A,beta,429,1776511910700,1776511910701,1,SUCCESS
A,beta,430,1776511910700,1776511910701,1,SUCCESS
A,beta,431,1776511910700,1776511910701,1,SUCCESS
A,beta,432,1776511910700,1776511910701,1,SUCCESS
A,beta,433,1776511910700,1776511910701,1,SUCCESS
A,beta,434,1776511910700,1776511910701,1,SUCCESS
A,beta,435,1776511910700,1776511910701,1,SUCCESS
A,beta,436,1776511910700,1776511910701,1,SUCCESS
A,beta,437,1776511910700,1776511910701,1,SUCCESS
A,beta,438,1776511910700,1776511910701,1,SUCCESS
A,beta,439,1776511910700,1776511910701,1,SUCCESS
A,beta,440,1776511910700,1776511910701,1,SUCCESS
A,beta,441,1776511910700,1776511910701,1,SUCCESS
A,beta,442,1776511910700,1776511910701,1,SUCCESS
A,beta,443,1776511910700,1776511910701,1,SUCCESS
A,beta,444,1776511910700,1776511910701,1,SUCCESS
A,beta,445,1776511910700,1776511910701,1,SUCCESS
A,beta,446,1776511910700,1776511910701,1,SUCCESS
A,beta,447,1776511910700,1776511910701,1,SUCCESS
A,beta,448,1776511910700,1776511910701,1,SUCCESS
A,beta,449,1776511910700,1776511910701,1,SUCCESS
A,beta,450,1776511910700,1776511910701,1,SUCCESS
A,beta,451,1776511910700,1776511910701,1,SUCCESS
A,beta,452,1776511910700,1776511910701,1,SUCCESS
A,beta,453,1776511910700,1776511910701,1,SUCCESS
A,beta,454,1776511910700,1776511910701,1,SUCCESS
A,beta,455,1776511910700,1776511910701,1,SUCCESS
A,beta,456,1776511910700,1776511910701,1,SUCCESS
A,beta,457,1776511910700,1776511910701,1,SUCCESS
A,beta,458,1776511910700,1776511910701,1,SUCCESS
A,beta,459,1776511910700,1776511910701,1,SUCCESS
A,beta,460,1776511910700,1776511910701,1,SUCCESS
A,beta,461,1776511910700,1776511910701,1,SUCCESS
A,beta,462,1776511910700,1776511910701,1,SUCCESS
A,beta,463,1776511910700,1776511910701,1,SUCCESS
A,beta,464,1776511910700,1776511910701,1,SUCCESS
A,beta,465,1776511910700,1776511910701,1,SUCCESS
A,beta,466,1776511910700,1776511910701,1,SUCCESS
A,beta,467,1776511910700,1776511910701,1,SUCCESS
A,beta,468,1776511910700,1776511910701,1,SUCCESS
A,beta,469,1776511910700,1776511910701,1,SUCCESS
A,beta,470,1776511910700,1776511910701,1,SUCCESS
A,beta,471,1776511910700,1776511910701,1,SUCCESS
A,beta,472,1776511910700,1776511910701,1,SUCCESS
A,beta,473,1776511910700,1776511910701,1,SUCCESS
A,beta,474,1776511910700,1776511910701,1,SUCCESS
A,beta,475,1776511910700,1776511910701,1,SUCCESS
A,beta,476,1776511910700,1776511910701,1,SUCCESS
A,beta,477,1776511910700,1776511910701,1,SUCCESS
A,beta,478,1776511910700,1776511910701,1,SUCCESS
A,beta,479,1776511910700,1776511910701,1,SUCCESS
A,beta,480,1776511910700,1776511910701,1,SUCCESS
A,beta,481,1776511910700,1776511910701,1,SUCCESS
A,beta,482,1776511910700,1776511910701,1,SUCCESS
A,beta,483,1776511910700,1776511910701,1,SUCCESS
A,beta,484,1776511910700,1776511910701,1,SUCCESS
A,beta,485,1776511910700,1776511910701,1,SUCCESS
A,beta,486,1776511910700,1776511910701,1,SUCCESS
A,beta,487,1776511910700,1776511910701,1,SUCCESS
A,beta,488,1776511910700,1776511910701,1,SUCCESS
A,beta,489,1776511910700,1776511910701,1,SUCCESS
A,beta,490,1776511910700,1776511910701,1,SUCCESS
A,beta,491,1776511910700,1776511910701,1,SUCCESS
A,beta,492,1776511910700,1776511910701,1,SUCCESS
A,beta,493,1776511910700,1776511910701,1,SUCCESS
A,beta,494,1776511910700,1776511910701,1,SUCCESS
A,beta,495,1776511910700,1776511910701,1,SUCCESS
A,beta,496,1776511910700,1776511910701,1,SUCCESS
A,beta,497,1776511910700,1776511910701,1,SUCCESS
A,beta,498,1776511910700,1776511910701,1,SUCCESS
A,beta,499,1776511910700,1776511910701,1,SUCCESS
A,beta,500,1776511910700,1776511910701,1,SUCCESS
A,beta,501,1776511910700,1776511910701,1,SUCCESS
A,beta,502,1776511910700,1776511910701,1,SUCCESS
A,beta,503,1776511910700,1776511910701,1,SUCCESS
A,beta,504,1776511910700,1776511910701,1,SUCCESS
A,beta,505,1776511910700,1776511910701,1,SUCCESS
A,beta,506,1776511910700,1776511910701,1,SUCCESS
A,beta,507,1776511910700,1776511910701,1,SUCCESS
A,beta,508,1776511910700,1776511910701,1,SUCCESS
A,beta,509,1776511910700,1776511910701,1,SUCCESS
A,beta,510,1776511910700,1776511910701,1,SUCCESS
A,beta,511,1776511910700,1776511910701,1,SUCCESS
A,beta,512,1776511910700,1776511910701,1,SUCCESS
A,beta,513,1776511910700,1776511910701,1,SUCCESS
A,beta,514,1776511910700,1776511910701,1,SUCCESS
A,beta,515,1776511910700,1776511910701,1,SUCCESS
A,beta,516,1776511910700,1776511910701,1,SUCCESS
A,beta,517,1776511910700,1776511910701,1,SUCCESS
A,beta,518,1776511910700,1776511910701,1,SUCCESS
A,beta,519,1776511910700,1776511910701,1,SUCCESS
A,beta,520,1776511910700,1776511910701,1,SUCCESS
A,beta,521,1776511910700,1776511910701,1,SUCCESS
A,beta,522,1776511910700,1776511910701,1,SUCCESS
A,beta,523,1776511910700,1776511910701,1,SUCCESS
A,beta,524,1776511910700,1776511910701,1,SUCCESS
A,beta,525,1776511910700,1776511910701,1,SUCCESS
A,beta,526,1776511910700,1776511910701,1,SUCCESS
A,beta,527,1776511910700,1776511910701,1,SUCCESS
A,beta,528,1776511910700,1776511910701,1,SUCCESS
A,beta,529,1776511910700,1776511910701,1,SUCCESS
A,beta,530,1776511910700,1776511910701,1,SUCCESS
A,beta,531,1776511910700,1776511910701,1,SUCCESS
A,beta,532,1776511910700,1776511910701,1,SUCCESS
A,beta,533,1776511910700,1776511910701,1,SUCCESS
A,beta,534,1776511910700,1776511910701,1,SUCCESS
A,beta,535,1776511910700,1776511910701,1,SUCCESS
A,beta,536,1776511910700,1776511910701,1,SUCCESS
A,beta,537,1776511910700,1776511910701,1,SUCCESS
A,beta,538,1776511910700,1776511910701,1,SUCCESS
A,beta,539,1776511910700,1776511910701,1,SUCCESS
A,beta,540,1776511910700,1776511910701,1,SUCCESS
A,beta,541,1776511910700,1776511910701,1,SUCCESS
A,beta,542,1776511910700,1776511910701,1,SUCCESS
A,beta,543,1776511910700,1776511910701,1,SUCCESS
A,beta,544,1776511910700,1776511910701,1,SUCCESS
A,beta,545,1776511910700,1776511910701,1,SUCCESS
A,beta,546,1776511910700,1776511910701,1,SUCCESS
A,beta,547,1776511910700,1776511910701,1,SUCCESS
A,beta,548,1776511910700,1776511910701,1,SUCCESS
A,beta,549,1776511910700,1776511910701,1,SUCCESS
A,beta,550,1776511910700,1776511910701,1,SUCCESS
A,beta,551,1776511910700,1776511910701,1,SUCCESS
A,beta,552,1776511910700,1776511910701,1,SUCCESS
A,beta,553,1776511910700,1776511910701,1,SUCCESS
A,beta,554,1776511910700,1776511910701,1,SUCCESS
A,beta,555,1776511910700,1776511910701,1,SUCCESS
A,beta,556,1776511910700,1776511910701,1,SUCCESS
A,beta,557,1776511910700,1776511910701,1,SUCCESS
A,beta,558,1776511910700,1776511910701,1,SUCCESS
A,beta,559,1776511910700,1776511910701,1,SUCCESS
A,beta,560,1776511910700,1776511910701,1,SUCCESS
A,beta,561,1776511910700,1776511910701,1,SUCCESS
A,beta,562,1776511910700,1776511910701,1,SUCCESS
A,beta,563,1776511910700,1776511910701,1,SUCCESS
A,beta,564,1776511910700,1776511910701,1,SUCCESS
A,beta,565,1776511910700,1776511910701,1,SUCCESS
A,beta,566,1776511910700,1776511910701,1,SUCCESS
A,beta,567,1776511910700,1776511910701,1,SUCCESS
A,beta,568,1776511910700,1776511910701,1,SUCCESS
A,beta,569,1776511910700,1776511910701,1,SUCCESS
A,beta,570,1776511910700,1776511910701,1,SUCCESS
A,beta,571,1776511910700,1776511910701,1,SUCCESS
A,beta,572,1776511910700,1776511910701,1,SUCCESS
A,beta,573,1776511910700,1776511910701,1,SUCCESS
A,beta,574,1776511910700,1776511910701,1,SUCCESS
A,beta,575,1776511910700,1776511910701,1,SUCCESS
A,beta,576,1776511910700,1776511910701,1,SUCCESS
A,beta,577,1776511910700,1776511910701,1,SUCCESS
A,beta,578,1776511910700,1776511910701,1,SUCCESS
A,beta,579,1776511910700,1776511910701,1,SUCCESS
A,beta,580,1776511910700,1776511910701,1,SUCCESS
A,beta,581,1776511910700,1776511910701,1,SUCCESS
A,beta,582,1776511910700,1776511910701,1,SUCCESS
A,beta,583,1776511910700,1776511910701,1,SUCCESS
A,beta,584,1776511910700,1776511910701,1,SUCCESS
A,beta,585,1776511910700,1776511910701,1,SUCCESS
A,beta,586,1776511910700,1776511910701,1,SUCCESS
A,beta,587,1776511910700,1776511910701,1,SUCCESS
A,beta,588,1776511910700,1776511910701,1,SUCCESS
A,beta,589,1776511910700,1776511910701,1,SUCCESS
A,beta,590,1776511910700,1776511910701,1,SUCCESS
A,beta,591,1776511910700,1776511910701,1,SUCCESS
A,beta,592,1776511910700,1776511910701,1,SUCCESS
A,beta,593,1776511910700,1776511910701,1,SUCCESS
A,beta,594,1776511910700,1776511910701,1,SUCCESS
A,beta,595,1776511910700,1776511910701,1,SUCCESS
A,beta,596,1776511910700,1776511910701,1,SUCCESS
A,beta,597,1776511910700,1776511910701,1,SUCCESS
A,beta,598,1776511910700,1776511910701,1,SUCCESS
A,beta,599,1776511910700,1776511910701,1,SUCCESS
A,beta,600,1776511910700,1776511910701,1,SUCCESS
A,beta,601,1776511910700,1776511910701,1,SUCCESS
A,beta,602,1776511910700,1776511910701,1,SUCCESS
A,beta,603,1776511910700,1776511910701,1,SUCCESS
A,beta,604,1776511910700,1776511910701,1,SUCCESS
A,beta,605,1776511910700,1776511910701,1,SUCCESS
A,beta,606,1776511910700,1776511910701,1,SUCCESS
A,beta,607,1776511910700,1776511910701,1,SUCCESS
A,beta,608,1776511910700,1776511910701,1,SUCCESS
A,beta,609,1776511910700,1776511910701,1,SUCCESS
A,beta,610,1776511910700,1776511910701,1,SUCCESS
A,beta,611,1776511910701,1776511910701,0,SUCCESS
A,beta,612,1776511910701,1776511910701,0,SUCCESS
A,beta,613,1776511910701,1776511910701,0,SUCCESS
A,beta,614,1776511910701,1776511910701,0,SUCCESS
A,beta,615,1776511910701,1776511910701,0,SUCCESS
A,beta,616,1776511910701,1776511910701,0,SUCCESS
A,beta,617,1776511910701,1776511910701,0,SUCCESS
A,beta,618,1776511910701,1776511910701,0,SUCCESS
A,beta,619,1776511910701,1776511910701,0,SUCCESS
A,beta,620,1776511910701,1776511910701,0,SUCCESS
A,beta,621,1776511910701,1776511910701,0,SUCCESS
A,beta,622,1776511910701,1776511910701,0,SUCCESS
A,beta,623,1776511910701,1776511910701,0,SUCCESS
A,beta,624,1776511910701,1776511910701,0,SUCCESS
A,beta,625,1776511910701,1776511910701,0,SUCCESS
A,beta,626,1776511910701,1776511910701,0,SUCCESS
A,beta,627,1776511910701,1776511910701,0,SUCCESS
A,beta,628,1776511910701,1776511910701,0,SUCCESS
A,beta,629,1776511910701,1776511910701,0,SUCCESS
A,beta,630,1776511910701,1776511910701,0,SUCCESS
A,beta,631,1776511910701,1776511910701,0,SUCCESS
A,beta,632,1776511910701,1776511910701,0,SUCCESS
A,beta,633,1776511910701,1776511910701,0,SUCCESS
A,beta,634,1776511910701,1776511910701,0,SUCCESS
A,beta,635,1776511910701,1776511910701,0,SUCCESS
A,beta,636,1776511910701,1776511910701,0,SUCCESS
A,beta,637,1776511910701,1776511910701,0,SUCCESS
A,beta,638,1776511910701,1776511910701,0,SUCCESS
A,beta,639,1776511910701,1776511910701,0,SUCCESS
A,beta,640,1776511910701,1776511910701,0,SUCCESS
A,beta,641,1776511910701,1776511910701,0,SUCCESS
A,beta,642,1776511910701,1776511910701,0,SUCCESS
A,beta,643,1776511910701,1776511910701,0,SUCCESS
A,beta,644,1776511910701,1776511910701,0,SUCCESS
A,beta,645,1776511910701,1776511910701,0,SUCCESS
A,beta,646,1776511910701,1776511910701,0,SUCCESS
A,beta,647,1776511910701,1776511910701,0,SUCCESS
A,beta,648,1776511910701,1776511910701,0,SUCCESS
A,beta,649,1776511910701,1776511910701,0,SUCCESS
A,beta,650,1776511910701,1776511910701,0,SUCCESS
A,beta,651,1776511910701,1776511910701,0,SUCCESS
A,beta,652,1776511910701,1776511910701,0,SUCCESS
A,beta,653,1776511910701,1776511910701,0,SUCCESS
A,beta,654,1776511910701,1776511910701,0,SUCCESS
A,beta,655,1776511910701,1776511910701,0,SUCCESS
A,beta,656,1776511910701,1776511910701,0,SUCCESS
A,beta,657,1776511910701,1776511910701,0,SUCCESS
A,beta,658,1776511910701,1776511910701,0,SUCCESS
A,beta,659,1776511910701,1776511910701,0,SUCCESS
A,beta,660,1776511910701,1776511910701,0,SUCCESS
A,beta,661,1776511910701,1776511910701,0,SUCCESS
A,beta,662,1776511910701,1776511910701,0,SUCCESS
A,beta,663,1776511910701,1776511910701,0,SUCCESS
A,beta,664,1776511910701,1776511910701,0,SUCCESS
A,beta,665,1776511910701,1776511910701,0,SUCCESS
A,beta,666,1776511910701,1776511910701,0,SUCCESS
A,beta,667,1776511910701,1776511910701,0,SUCCESS
A,beta,668,1776511910701,1776511910701,0,SUCCESS
A,beta,669,1776511910701,1776511910701,0,SUCCESS
A,beta,670,1776511910701,1776511910701,0,SUCCESS
A,beta,671,1776511910701,1776511910701,0,SUCCESS
A,beta,672,1776511910701,1776511910701,0,SUCCESS
A,beta,673,1776511910701,1776511910701,0,SUCCESS
A,beta,674,1776511910701,1776511910701,0,SUCCESS
A,beta,675,1776511910701,1776511910701,0,SUCCESS
A,beta,676,1776511910701,1776511910701,0,SUCCESS
A,beta,677,1776511910701,1776511910701,0,SUCCESS
A,beta,678,1776511910701,1776511910701,0,SUCCESS
A,beta,679,1776511910701,1776511910701,0,SUCCESS
A,beta,680,1776511910701,1776511910701,0,SUCCESS
A,beta,681,1776511910701,1776511910701,0,SUCCESS
A,beta,682,1776511910701,1776511910701,0,SUCCESS
A,beta,683,1776511910701,1776511910701,0,SUCCESS
A,beta,684,1776511910701,1776511910701,0,SUCCESS
A,beta,685,1776511910701,1776511910701,0,SUCCESS
A,beta,686,1776511910701,1776511910701,0,SUCCESS
A,beta,687,1776511910701,1776511910701,0,SUCCESS
A,beta,688,1776511910701,1776511910701,0,SUCCESS
A,beta,689,1776511910701,1776511910701,0,SUCCESS
A,beta,690,1776511910701,1776511910701,0,SUCCESS
A,beta,691,1776511910701,1776511910701,0,SUCCESS
A,beta,692,1776511910701,1776511910701,0,SUCCESS
A,beta,693,1776511910701,1776511910701,0,SUCCESS
A,beta,694,1776511910701,1776511910701,0,SUCCESS
A,beta,695,1776511910701,1776511910701,0,SUCCESS
A,beta,696,1776511910701,1776511910701,0,SUCCESS
A,beta,697,1776511910701,1776511910701,0,SUCCESS
A,beta,698,1776511910701,1776511910701,0,SUCCESS
A,beta,699,1776511910701,1776511910701,0,SUCCESS
A,beta,700,1776511910701,1776511910701,0,SUCCESS
A,beta,701,1776511910701,1776511910701,0,SUCCESS
A,beta,702,1776511910701,1776511910701,0,SUCCESS
A,beta,703,1776511910701,1776511910701,0,SUCCESS
A,beta,704,1776511910701,1776511910701,0,SUCCESS
A,beta,705,1776511910701,1776511910701,0,SUCCESS
A,beta,706,1776511910701,1776511910701,0,SUCCESS
A,beta,707,1776511910701,1776511910701,0,SUCCESS
A,beta,708,1776511910701,1776511910701,0,SUCCESS
A,beta,709,1776511910701,1776511910701,0,SUCCESS
A,beta,710,1776511910701,1776511910701,0,SUCCESS
A,beta,711,1776511910701,1776511910701,0,SUCCESS
A,beta,712,1776511910701,1776511910701,0,SUCCESS
A,beta,713,1776511910701,1776511910701,0,SUCCESS
A,beta,714,1776511910701,1776511910701,0,SUCCESS
A,beta,715,1776511910701,1776511910701,0,SUCCESS
A,beta,716,1776511910701,1776511910701,0,SUCCESS
A,beta,717,1776511910701,1776511910701,0,SUCCESS
A,beta,718,1776511910701,1776511910701,0,SUCCESS
A,beta,719,1776511910701,1776511910701,0,SUCCESS
A,beta,720,1776511910701,1776511910701,0,SUCCESS
A,beta,721,1776511910701,1776511910701,0,SUCCESS
A,beta,722,1776511910701,1776511910701,0,SUCCESS
A,beta,723,1776511910701,1776511910701,0,SUCCESS
A,beta,724,1776511910701,1776511910701,0,SUCCESS
A,beta,725,1776511910701,1776511910701,0,SUCCESS
A,beta,726,1776511910701,1776511910701,0,SUCCESS
A,beta,727,1776511910701,1776511910701,0,SUCCESS
A,beta,728,1776511910701,1776511910701,0,SUCCESS
A,beta,729,1776511910701,1776511910701,0,SUCCESS
A,beta,730,1776511910701,1776511910701,0,SUCCESS
A,beta,731,1776511910701,1776511910701,0,SUCCESS
A,beta,732,1776511910701,1776511910701,0,SUCCESS
A,beta,733,1776511910701,1776511910701,0,SUCCESS
A,beta,734,1776511910701,1776511910701,0,SUCCESS
A,beta,735,1776511910701,1776511910701,0,SUCCESS
A,beta,736,1776511910701,1776511910701,0,SUCCESS
A,beta,737,1776511910701,1776511910701,0,SUCCESS
A,beta,738,1776511910701,1776511910701,0,SUCCESS
A,beta,739,1776511910701,1776511910701,0,SUCCESS
A,beta,740,1776511910701,1776511910701,0,SUCCESS
A,beta,741,1776511910701,1776511910701,0,SUCCESS
A,beta,742,1776511910701,1776511910701,0,SUCCESS
A,beta,743,1776511910701,1776511910701,0,SUCCESS
A,beta,744,1776511910701,1776511910701,0,SUCCESS
A,beta,745,1776511910701,1776511910701,0,SUCCESS
A,beta,746,1776511910701,1776511910701,0,SUCCESS
A,beta,747,1776511910701,1776511910701,0,SUCCESS
A,beta,748,1776511910701,1776511910701,0,SUCCESS
A,beta,749,1776511910701,1776511910701,0,SUCCESS
A,beta,750,1776511910701,1776511910701,0,SUCCESS
A,beta,751,1776511910701,1776511910701,0,SUCCESS
A,beta,752,1776511910701,1776511910701,0,SUCCESS
A,beta,753,1776511910701,1776511910701,0,SUCCESS
A,beta,754,1776511910701,1776511910701,0,SUCCESS
A,beta,755,1776511910701,1776511910701,0,SUCCESS
A,beta,756,1776511910701,1776511910701,0,SUCCESS
A,beta,757,1776511910701,1776511910701,0,SUCCESS
A,beta,758,1776511910701,1776511910701,0,SUCCESS
A,beta,759,1776511910701,1776511910701,0,SUCCESS
A,beta,760,1776511910701,1776511910701,0,SUCCESS
A,beta,761,1776511910701,1776511910701,0,SUCCESS
A,beta,762,1776511910701,1776511910701,0,SUCCESS
A,beta,763,1776511910701,1776511910701,0,SUCCESS
A,beta,764,1776511910701,1776511910701,0,SUCCESS
A,beta,765,1776511910701,1776511910701,0,SUCCESS
A,beta,766,1776511910701,1776511910701,0,SUCCESS
A,beta,767,1776511910701,1776511910701,0,SUCCESS
A,beta,768,1776511910701,1776511910701,0,SUCCESS
A,beta,769,1776511910701,1776511910701,0,SUCCESS
A,beta,770,1776511910701,1776511910701,0,SUCCESS
A,beta,771,1776511910701,1776511910701,0,SUCCESS
A,beta,772,1776511910701,1776511910701,0,SUCCESS
A,beta,773,1776511910701,1776511910701,0,SUCCESS
A,beta,774,1776511910701,1776511910701,0,SUCCESS
A,beta,775,1776511910701,1776511910701,0,SUCCESS
A,beta,776,1776511910701,1776511910701,0,SUCCESS
A,beta,777,1776511910701,1776511910701,0,SUCCESS
A,beta,778,1776511910701,1776511910701,0,SUCCESS
A,beta,779,1776511910701,1776511910701,0,SUCCESS
A,beta,780,1776511910701,1776511910701,0,SUCCESS
A,beta,781,1776511910701,1776511910701,0,SUCCESS
A,beta,782,1776511910701,1776511910701,0,SUCCESS
A,beta,783,1776511910701,1776511910701,0,SUCCESS
A,beta,784,1776511910701,1776511910701,0,SUCCESS
A,beta,785,1776511910701,1776511910701,0,SUCCESS
A,beta,786,1776511910701,1776511910701,0,SUCCESS
A,beta,787,1776511910701,1776511910701,0,SUCCESS
A,beta,788,1776511910701,1776511910701,0,SUCCESS
A,beta,789,1776511910701,1776511910701,0,SUCCESS
A,beta,790,1776511910701,1776511910701,0,SUCCESS
A,beta,791,1776511910701,1776511910701,0,SUCCESS
A,beta,792,1776511910701,1776511910701,0,SUCCESS
A,beta,793,1776511910701,1776511910701,0,SUCCESS
A,beta,794,1776511910701,1776511910701,0,SUCCESS
A,beta,795,1776511910701,1776511910701,0,SUCCESS
A,beta,796,1776511910701,1776511910701,0,SUCCESS
A,beta,797,1776511910701,1776511910701,0,SUCCESS
A,beta,798,1776511910701,1776511910701,0,SUCCESS
A,beta,799,1776511910701,1776511910701,0,SUCCESS
A,beta,800,1776511910701,1776511910701,0,SUCCESS
A,beta,801,1776511910701,1776511910701,0,SUCCESS
A,beta,802,1776511910701,1776511910701,0,SUCCESS
A,beta,803,1776511910701,1776511910701,0,SUCCESS
A,beta,804,1776511910701,1776511910701,0,SUCCESS
A,beta,805,1776511910701,1776511910701,0,SUCCESS
A,beta,806,1776511910701,1776511910701,0,SUCCESS
A,beta,807,1776511910701,1776511910701,0,SUCCESS
A,beta,808,1776511910701,1776511910701,0,SUCCESS
A,beta,809,1776511910701,1776511910701,0,SUCCESS
A,beta,810,1776511910701,1776511910701,0,SUCCESS
A,beta,811,1776511910701,1776511910701,0,SUCCESS
A,beta,812,1776511910701,1776511910701,0,SUCCESS
A,beta,813,1776511910701,1776511910701,0,SUCCESS
A,beta,814,1776511910701,1776511910701,0,SUCCESS
A,beta,815,1776511910701,1776511910701,0,SUCCESS
A,beta,816,1776511910701,1776511910701,0,SUCCESS
A,beta,817,1776511910701,1776511910701,0,SUCCESS
A,beta,818,1776511910701,1776511910701,0,SUCCESS
A,beta,819,1776511910701,1776511910701,0,SUCCESS
A,beta,820,1776511910701,1776511910701,0,SUCCESS
A,beta,821,1776511910701,1776511910701,0,SUCCESS
A,beta,822,1776511910701,1776511910701,0,SUCCESS
A,beta,823,1776511910701,1776511910701,0,SUCCESS
A,beta,824,1776511910701,1776511910701,0,SUCCESS
A,beta,825,1776511910701,1776511910701,0,SUCCESS
A,beta,826,1776511910701,1776511910701,0,SUCCESS
A,beta,827,1776511910701,1776511910701,0,SUCCESS
A,beta,828,1776511910701,1776511910701,0,SUCCESS
A,beta,829,1776511910701,1776511910701,0,SUCCESS
A,beta,830,1776511910701,1776511910701,0,SUCCESS
A,beta,831,1776511910701,1776511910701,0,SUCCESS
A,beta,832,1776511910701,1776511910701,0,SUCCESS
A,beta,833,1776511910701,1776511910701,0,SUCCESS
A,beta,834,1776511910701,1776511910701,0,SUCCESS
A,beta,835,1776511910701,1776511910701,0,SUCCESS
A,beta,836,1776511910701,1776511910701,0,SUCCESS
A,beta,837,1776511910701,1776511910701,0,SUCCESS
A,beta,838,1776511910701,1776511910701,0,SUCCESS
A,beta,839,1776511910701,1776511910701,0,SUCCESS
A,beta,840,1776511910701,1776511910701,0,SUCCESS
A,beta,841,1776511910701,1776511910701,0,SUCCESS
A,beta,842,1776511910701,1776511910701,0,SUCCESS
A,beta,843,1776511910701,1776511910701,0,SUCCESS
A,beta,844,1776511910701,1776511910701,0,SUCCESS
A,beta,845,1776511910701,1776511910701,0,SUCCESS
A,beta,846,1776511910701,1776511910701,0,SUCCESS
A,beta,847,1776511910701,1776511910701,0,SUCCESS
A,beta,848,1776511910701,1776511910701,0,SUCCESS
A,beta,849,1776511910701,1776511910701,0,SUCCESS
A,beta,850,1776511910701,1776511910701,0,SUCCESS
A,beta,851,1776511910701,1776511910701,0,SUCCESS
A,beta,852,1776511910701,1776511910701,0,SUCCESS
A,beta,853,1776511910701,1776511910701,0,SUCCESS
A,beta,854,1776511910701,1776511910701,0,SUCCESS
A,beta,855,1776511910701,1776511910701,0,SUCCESS
A,beta,856,1776511910701,1776511910701,0,SUCCESS
A,beta,857,1776511910701,1776511910701,0,SUCCESS
A,beta,858,1776511910701,1776511910701,0,SUCCESS
A,beta,859,1776511910701,1776511910701,0,SUCCESS
A,beta,860,1776511910701,1776511910701,0,SUCCESS
A,beta,861,1776511910701,1776511910701,0,SUCCESS
A,beta,862,1776511910701,1776511910701,0,SUCCESS
A,beta,863,1776511910701,1776511910701,0,SUCCESS
A,beta,864,1776511910701,1776511910701,0,SUCCESS
A,beta,865,1776511910701,1776511910701,0,SUCCESS
A,beta,866,1776511910701,1776511910701,0,SUCCESS
A,beta,867,1776511910701,1776511910701,0,SUCCESS
A,beta,868,1776511910701,1776511910701,0,SUCCESS
A,beta,869,1776511910701,1776511910701,0,SUCCESS
A,beta,870,1776511910701,1776511910701,0,SUCCESS
A,beta,871,1776511910701,1776511910701,0,SUCCESS
A,beta,872,1776511910701,1776511910701,0,SUCCESS
A,beta,873,1776511910701,1776511910701,0,SUCCESS
A,beta,874,1776511910701,1776511910701,0,SUCCESS
A,beta,875,1776511910701,1776511910701,0,SUCCESS
A,beta,876,1776511910701,1776511910701,0,SUCCESS
A,beta,877,1776511910701,1776511910701,0,SUCCESS
A,beta,878,1776511910701,1776511910701,0,SUCCESS
A,beta,879,1776511910701,1776511910701,0,SUCCESS
A,beta,880,1776511910701,1776511910701,0,SUCCESS
A,beta,881,1776511910701,1776511910701,0,SUCCESS
A,beta,882,1776511910701,1776511910701,0,SUCCESS
A,beta,883,1776511910701,1776511910701,0,SUCCESS
A,beta,884,1776511910701,1776511910702,1,SUCCESS
A,beta,885,1776511910701,1776511910702,1,SUCCESS
A,beta,886,1776511910701,1776511910702,1,SUCCESS
A,beta,887,1776511910701,1776511910702,1,SUCCESS
A,beta,888,1776511910701,1776511910702,1,SUCCESS
A,beta,889,1776511910701,1776511910702,1,SUCCESS
A,beta,890,1776511910701,1776511910702,1,SUCCESS
A,beta,891,1776511910701,1776511910702,1,SUCCESS
A,beta,892,1776511910701,1776511910702,1,SUCCESS
A,beta,893,1776511910701,1776511910702,1,SUCCESS
A,beta,894,1776511910701,1776511910702,1,SUCCESS
A,beta,895,1776511910701,1776511910702,1,SUCCESS
A,beta,896,1776511910701,1776511910702,1,SUCCESS
A,beta,897,1776511910701,1776511910702,1,SUCCESS
A,beta,898,1776511910701,1776511910702,1,SUCCESS
A,beta,899,1776511910701,1776511910702,1,SUCCESS
A,beta,900,1776511910701,1776511910702,1,SUCCESS
A,beta,901,1776511910701,1776511910702,1,SUCCESS
A,beta,902,1776511910701,1776511910702,1,SUCCESS
A,beta,903,1776511910701,1776511910702,1,SUCCESS
A,beta,904,1776511910701,1776511910702,1,SUCCESS
A,beta,905,1776511910701,1776511910702,1,SUCCESS
A,beta,906,1776511910701,1776511910702,1,SUCCESS
A,beta,907,1776511910701,1776511910702,1,SUCCESS
A,beta,908,1776511910701,1776511910702,1,SUCCESS
A,beta,909,1776511910701,1776511910702,1,SUCCESS
A,beta,910,1776511910701,1776511910702,1,SUCCESS
A,beta,911,1776511910701,1776511910702,1,SUCCESS
A,beta,912,1776511910701,1776511910702,1,SUCCESS
A,beta,913,1776511910701,1776511910702,1,SUCCESS
A,beta,914,1776511910701,1776511910702,1,SUCCESS
A,beta,915,1776511910701,1776511910702,1,SUCCESS
A,beta,916,1776511910701,1776511910702,1,SUCCESS
A,beta,917,1776511910701,1776511910702,1,SUCCESS
A,beta,918,1776511910701,1776511910702,1,SUCCESS
A,beta,919,1776511910701,1776511910702,1,SUCCESS
A,beta,920,1776511910701,1776511910702,1,SUCCESS
A,beta,921,1776511910701,1776511910702,1,SUCCESS
A,beta,922,1776511910701,1776511910702,1,SUCCESS
A,beta,923,1776511910701,1776511910702,1,SUCCESS
A,beta,924,1776511910701,1776511910702,1,SUCCESS
A,beta,925,1776511910701,1776511910702,1,SUCCESS
A,beta,926,1776511910701,1776511910702,1,SUCCESS
A,beta,927,1776511910701,1776511910702,1,SUCCESS
A,beta,928,1776511910701,1776511910702,1,SUCCESS
A,beta,929,1776511910701,1776511910702,1,SUCCESS
A,beta,930,1776511910701,1776511910702,1,SUCCESS
A,beta,931,1776511910701,1776511910702,1,SUCCESS
A,beta,932,1776511910701,1776511910702,1,SUCCESS
A,beta,933,1776511910701,1776511910702,1,SUCCESS
A,beta,934,1776511910701,1776511910702,1,SUCCESS
A,beta,935,1776511910701,1776511910702,1,SUCCESS
A,beta,936,1776511910701,1776511910702,1,SUCCESS
A,beta,937,1776511910701,1776511910702,1,SUCCESS
A,beta,938,1776511910701,1776511910702,1,SUCCESS
A,beta,939,1776511910701,1776511910702,1,SUCCESS
A,beta,940,1776511910701,1776511910702,1,SUCCESS
A,beta,941,1776511910701,1776511910702,1,SUCCESS
A,beta,942,1776511910701,1776511910702,1,SUCCESS
A,beta,943,1776511910701,1776511910702,1,SUCCESS
A,beta,944,1776511910701,1776511910702,1,SUCCESS
A,beta,945,1776511910701,1776511910702,1,SUCCESS
A,beta,946,1776511910701,1776511910702,1,SUCCESS
A,beta,947,1776511910701,1776511910702,1,SUCCESS
A,beta,948,1776511910701,1776511910702,1,SUCCESS
A,beta,949,1776511910701,1776511910702,1,SUCCESS
A,beta,950,1776511910701,1776511910702,1,SUCCESS
A,beta,951,1776511910701,1776511910702,1,SUCCESS
A,beta,952,1776511910701,1776511910702,1,SUCCESS
A,beta,953,1776511910701,1776511910702,1,SUCCESS
A,beta,954,1776511910701,1776511910702,1,SUCCESS
A,beta,955,1776511910701,1776511910702,1,SUCCESS
A,beta,956,1776511910701,1776511910702,1,SUCCESS
A,beta,957,1776511910701,1776511910702,1,SUCCESS
A,beta,958,1776511910701,1776511910702,1,SUCCESS
A,beta,959,1776511910701,1776511910702,1,SUCCESS
A,beta,960,1776511910701,1776511910702,1,SUCCESS
A,beta,961,1776511910701,1776511910702,1,SUCCESS
A,beta,962,1776511910701,1776511910702,1,SUCCESS
A,beta,963,1776511910701,1776511910702,1,SUCCESS
A,beta,964,1776511910701,1776511910702,1,SUCCESS
A,beta,965,1776511910701,1776511910702,1,SUCCESS
A,beta,966,1776511910701,1776511910702,1,SUCCESS
A,beta,967,1776511910701,1776511910702,1,SUCCESS
A,beta,968,1776511910701,1776511910702,1,SUCCESS
A,beta,969,1776511910701,1776511910702,1,SUCCESS
A,beta,970,1776511910701,1776511910702,1,SUCCESS
A,beta,971,1776511910701,1776511910702,1,SUCCESS
A,beta,972,1776511910701,1776511910702,1,SUCCESS
A,beta,973,1776511910701,1776511910702,1,SUCCESS
A,beta,974,1776511910701,1776511910702,1,SUCCESS
A,beta,975,1776511910701,1776511910702,1,SUCCESS
A,beta,976,1776511910701,1776511910702,1,SUCCESS
A,beta,977,1776511910701,1776511910702,1,SUCCESS
A,beta,978,1776511910701,1776511910702,1,SUCCESS
A,beta,979,1776511910701,1776511910702,1,SUCCESS
A,beta,980,1776511910701,1776511910702,1,SUCCESS
A,beta,981,1776511910701,1776511910702,1,SUCCESS
A,beta,982,1776511910701,1776511910702,1,SUCCESS
A,beta,983,1776511910701,1776511910702,1,SUCCESS
A,beta,984,1776511910701,1776511910702,1,SUCCESS
A,beta,985,1776511910701,1776511910702,1,SUCCESS
A,beta,986,1776511910701,1776511910702,1,SUCCESS
A,beta,987,1776511910701,1776511910702,1,SUCCESS
A,beta,988,1776511910701,1776511910702,1,SUCCESS
A,beta,989,1776511910701,1776511910702,1,SUCCESS
A,beta,990,1776511910701,1776511910702,1,SUCCESS
A,beta,991,1776511910701,1776511910702,1,SUCCESS
A,beta,992,1776511910701,1776511910702,1,SUCCESS
A,beta,993,1776511910701,1776511910702,1,SUCCESS
A,beta,994,1776511910701,1776511910702,1,SUCCESS
A,beta,995,1776511910701,1776511910702,1,SUCCESS
A,beta,996,1776511910701,1776511910702,1,SUCCESS
A,beta,997,1776511910701,1776511910702,1,SUCCESS
A,beta,998,1776511910701,1776511910702,1,SUCCESS
A,beta,999,1776511910701,1776511910702,1,SUCCESS
A,gamma,0,1776511910701,1776511910702,1,SUCCESS
A,gamma,1,1776511910701,1776511910702,1,SUCCESS
A,gamma,2,1776511910701,1776511910702,1,SUCCESS
A,gamma,3,1776511910701,1776511910702,1,SUCCESS
A,gamma,4,1776511910701,1776511910702,1,SUCCESS
A,gamma,5,1776511910701,1776511910702,1,SUCCESS
A,gamma,6,1776511910701,1776511910702,1,SUCCESS
A,gamma,7,1776511910701,1776511910702,1,SUCCESS
A,gamma,8,1776511910701,1776511910702,1,SUCCESS
A,gamma,9,1776511910701,1776511910702,1,SUCCESS
A,gamma,10,1776511910701,1776511910702,1,SUCCESS
A,gamma,11,1776511910701,1776511910702,1,SUCCESS
A,gamma,12,1776511910701,1776511910702,1,SUCCESS
A,gamma,13,1776511910701,1776511910702,1,SUCCESS
A,gamma,14,1776511910701,1776511910702,1,SUCCESS
A,gamma,15,1776511910701,1776511910702,1,SUCCESS
A,gamma,16,1776511910701,1776511910702,1,SUCCESS
A,gamma,17,1776511910701,1776511910702,1,SUCCESS
A,gamma,18,1776511910701,1776511910702,1,SUCCESS
A,gamma,19,1776511910701,1776511910702,1,SUCCESS
A,gamma,20,1776511910701,1776511910702,1,SUCCESS
A,gamma,21,1776511910701,1776511910702,1,SUCCESS
A,gamma,22,1776511910701,1776511910702,1,SUCCESS
A,gamma,23,1776511910701,1776511910702,1,SUCCESS
A,gamma,24,1776511910701,1776511910702,1,SUCCESS
A,gamma,25,1776511910701,1776511910702,1,SUCCESS
A,gamma,26,1776511910701,1776511910702,1,SUCCESS
A,gamma,27,1776511910701,1776511910702,1,SUCCESS
A,gamma,28,1776511910701,1776511910702,1,SUCCESS
A,gamma,29,1776511910701,1776511910702,1,SUCCESS
A,gamma,30,1776511910701,1776511910702,1,SUCCESS
A,gamma,31,1776511910701,1776511910702,1,SUCCESS
A,gamma,32,1776511910701,1776511910702,1,SUCCESS
A,gamma,33,1776511910701,1776511910702,1,SUCCESS
A,gamma,34,1776511910701,1776511910702,1,SUCCESS
A,gamma,35,1776511910701,1776511910702,1,SUCCESS
A,gamma,36,1776511910701,1776511910702,1,SUCCESS
A,gamma,37,1776511910701,1776511910702,1,SUCCESS
A,gamma,38,1776511910701,1776511910702,1,SUCCESS
A,gamma,39,1776511910701,1776511910702,1,SUCCESS
A,gamma,40,1776511910701,1776511910702,1,SUCCESS
A,gamma,41,1776511910701,1776511910702,1,SUCCESS
A,gamma,42,1776511910701,1776511910702,1,SUCCESS
A,gamma,43,1776511910701,1776511910702,1,SUCCESS
A,gamma,44,1776511910701,1776511910702,1,SUCCESS
A,gamma,45,1776511910701,1776511910702,1,SUCCESS
A,gamma,46,1776511910701,1776511910702,1,SUCCESS
A,gamma,47,1776511910701,1776511910702,1,SUCCESS
A,gamma,48,1776511910701,1776511910702,1,SUCCESS
A,gamma,49,1776511910701,1776511910702,1,SUCCESS
A,gamma,50,1776511910701,1776511910702,1,SUCCESS
A,gamma,51,1776511910701,1776511910702,1,SUCCESS
A,gamma,52,1776511910701,1776511910702,1,SUCCESS
A,gamma,53,1776511910701,1776511910702,1,SUCCESS
A,gamma,54,1776511910701,1776511910702,1,SUCCESS
A,gamma,55,1776511910701,1776511910702,1,SUCCESS
A,gamma,56,1776511910701,1776511910702,1,SUCCESS
A,gamma,57,1776511910701,1776511910702,1,SUCCESS
A,gamma,58,1776511910701,1776511910702,1,SUCCESS
A,gamma,59,1776511910701,1776511910702,1,SUCCESS
A,gamma,60,1776511910701,1776511910702,1,SUCCESS
A,gamma,61,1776511910701,1776511910702,1,SUCCESS
A,gamma,62,1776511910701,1776511910702,1,SUCCESS
A,gamma,63,1776511910701,1776511910702,1,SUCCESS
A,gamma,64,1776511910701,1776511910702,1,SUCCESS
A,gamma,65,1776511910701,1776511910702,1,SUCCESS
A,gamma,66,1776511910701,1776511910702,1,SUCCESS
A,gamma,67,1776511910701,1776511910702,1,SUCCESS
A,gamma,68,1776511910701,1776511910702,1,SUCCESS
A,gamma,69,1776511910701,1776511910702,1,SUCCESS
A,gamma,70,1776511910701,1776511910702,1,SUCCESS
A,gamma,71,1776511910701,1776511910702,1,SUCCESS
A,gamma,72,1776511910701,1776511910702,1,SUCCESS
A,gamma,73,1776511910701,1776511910702,1,SUCCESS
A,gamma,74,1776511910701,1776511910702,1,SUCCESS
A,gamma,75,1776511910701,1776511910702,1,SUCCESS
A,gamma,76,1776511910701,1776511910702,1,SUCCESS
A,gamma,77,1776511910701,1776511910702,1,SUCCESS
A,gamma,78,1776511910701,1776511910702,1,SUCCESS
A,gamma,79,1776511910701,1776511910702,1,SUCCESS
A,gamma,80,1776511910701,1776511910702,1,SUCCESS
A,gamma,81,1776511910701,1776511910702,1,SUCCESS
A,gamma,82,1776511910701,1776511910702,1,SUCCESS
A,gamma,83,1776511910701,1776511910702,1,SUCCESS
A,gamma,84,1776511910701,1776511910702,1,SUCCESS
A,gamma,85,1776511910701,1776511910702,1,SUCCESS
A,gamma,86,1776511910702,1776511910702,0,SUCCESS
A,gamma,87,1776511910702,1776511910702,0,SUCCESS
A,gamma,88,1776511910702,1776511910702,0,SUCCESS
A,gamma,89,1776511910702,1776511910702,0,SUCCESS
A,gamma,90,1776511910702,1776511910702,0,SUCCESS
A,gamma,91,1776511910702,1776511910702,0,SUCCESS
A,gamma,92,1776511910702,1776511910702,0,SUCCESS
A,gamma,93,1776511910702,1776511910702,0,SUCCESS
A,gamma,94,1776511910702,1776511910702,0,SUCCESS
A,gamma,95,1776511910702,1776511910702,0,SUCCESS
A,gamma,96,1776511910702,1776511910702,0,SUCCESS
A,gamma,97,1776511910702,1776511910702,0,SUCCESS
A,gamma,98,1776511910702,1776511910702,0,SUCCESS
A,gamma,99,1776511910702,1776511910702,0,SUCCESS
A,gamma,100,1776511910702,1776511910702,0,SUCCESS
A,gamma,101,1776511910702,1776511910702,0,SUCCESS
A,gamma,102,1776511910702,1776511910702,0,SUCCESS
A,gamma,103,1776511910702,1776511910702,0,SUCCESS
A,gamma,104,1776511910702,1776511910702,0,SUCCESS
A,gamma,105,1776511910702,1776511910702,0,SUCCESS
A,gamma,106,1776511910702,1776511910702,0,SUCCESS
A,gamma,107,1776511910702,1776511910702,0,SUCCESS
A,gamma,108,1776511910702,1776511910702,0,SUCCESS
A,gamma,109,1776511910702,1776511910702,0,SUCCESS
A,gamma,110,1776511910702,1776511910702,0,SUCCESS
A,gamma,111,1776511910702,1776511910702,0,SUCCESS
A,gamma,112,1776511910702,1776511910702,0,SUCCESS
A,gamma,113,1776511910702,1776511910702,0,SUCCESS
A,gamma,114,1776511910702,1776511910702,0,SUCCESS
A,gamma,115,1776511910702,1776511910702,0,SUCCESS
A,gamma,116,1776511910702,1776511910702,0,SUCCESS
A,gamma,117,1776511910702,1776511910702,0,SUCCESS
A,gamma,118,1776511910702,1776511910702,0,SUCCESS
A,gamma,119,1776511910702,1776511910702,0,SUCCESS
A,gamma,120,1776511910702,1776511910702,0,SUCCESS
A,gamma,121,1776511910702,1776511910702,0,SUCCESS
A,gamma,122,1776511910702,1776511910702,0,SUCCESS
A,gamma,123,1776511910702,1776511910702,0,SUCCESS
A,gamma,124,1776511910702,1776511910702,0,SUCCESS
A,gamma,125,1776511910702,1776511910702,0,SUCCESS
A,gamma,126,1776511910702,1776511910702,0,SUCCESS
A,gamma,127,1776511910702,1776511910702,0,SUCCESS
A,gamma,128,1776511910702,1776511910702,0,SUCCESS
A,gamma,129,1776511910702,1776511910702,0,SUCCESS
A,gamma,130,1776511910702,1776511910702,0,SUCCESS
A,gamma,131,1776511910702,1776511910702,0,SUCCESS
A,gamma,132,1776511910702,1776511910702,0,SUCCESS
A,gamma,133,1776511910702,1776511910702,0,SUCCESS
A,gamma,134,1776511910702,1776511910702,0,SUCCESS
A,gamma,135,1776511910702,1776511910702,0,SUCCESS
A,gamma,136,1776511910702,1776511910702,0,SUCCESS
A,gamma,137,1776511910702,1776511910702,0,SUCCESS
A,gamma,138,1776511910702,1776511910702,0,SUCCESS
A,gamma,139,1776511910702,1776511910702,0,SUCCESS
A,gamma,140,1776511910702,1776511910702,0,SUCCESS
A,gamma,141,1776511910702,1776511910702,0,SUCCESS
A,gamma,142,1776511910702,1776511910702,0,SUCCESS
A,gamma,143,1776511910702,1776511910702,0,SUCCESS
A,gamma,144,1776511910702,1776511910702,0,SUCCESS
A,gamma,145,1776511910702,1776511910702,0,SUCCESS
A,gamma,146,1776511910702,1776511910702,0,SUCCESS
A,gamma,147,1776511910702,1776511910702,0,SUCCESS
A,gamma,148,1776511910702,1776511910702,0,SUCCESS
A,gamma,149,1776511910702,1776511910702,0,SUCCESS
A,gamma,150,1776511910702,1776511910702,0,SUCCESS
A,gamma,151,1776511910702,1776511910702,0,SUCCESS
A,gamma,152,1776511910702,1776511910702,0,SUCCESS
A,gamma,153,1776511910702,1776511910702,0,SUCCESS
A,gamma,154,1776511910702,1776511910702,0,SUCCESS
A,gamma,155,1776511910702,1776511910702,0,SUCCESS
A,gamma,156,1776511910702,1776511910702,0,SUCCESS
A,gamma,157,1776511910702,1776511910702,0,SUCCESS
A,gamma,158,1776511910702,1776511910702,0,SUCCESS
A,gamma,159,1776511910702,1776511910702,0,SUCCESS
A,gamma,160,1776511910702,1776511910702,0,SUCCESS
A,gamma,161,1776511910702,1776511910702,0,SUCCESS
A,gamma,162,1776511910702,1776511910702,0,SUCCESS
A,gamma,163,1776511910702,1776511910702,0,SUCCESS
A,gamma,164,1776511910702,1776511910702,0,SUCCESS
A,gamma,165,1776511910702,1776511910702,0,SUCCESS
A,gamma,166,1776511910702,1776511910702,0,SUCCESS
A,gamma,167,1776511910702,1776511910702,0,SUCCESS
A,gamma,168,1776511910702,1776511910702,0,SUCCESS
A,gamma,169,1776511910702,1776511910702,0,SUCCESS
A,gamma,170,1776511910702,1776511910702,0,SUCCESS
A,gamma,171,1776511910702,1776511910702,0,SUCCESS
A,gamma,172,1776511910702,1776511910702,0,SUCCESS
A,gamma,173,1776511910702,1776511910702,0,SUCCESS
A,gamma,174,1776511910702,1776511910702,0,SUCCESS
A,gamma,175,1776511910702,1776511910702,0,SUCCESS
A,gamma,176,1776511910702,1776511910702,0,SUCCESS
A,gamma,177,1776511910702,1776511910702,0,SUCCESS
A,gamma,178,1776511910702,1776511910702,0,SUCCESS
A,gamma,179,1776511910702,1776511910702,0,SUCCESS
A,gamma,180,1776511910702,1776511910702,0,SUCCESS
A,gamma,181,1776511910702,1776511910702,0,SUCCESS
A,gamma,182,1776511910702,1776511910702,0,SUCCESS
A,gamma,183,1776511910702,1776511910702,0,SUCCESS
A,gamma,184,1776511910702,1776511910702,0,SUCCESS
A,gamma,185,1776511910702,1776511910702,0,SUCCESS
A,gamma,186,1776511910702,1776511910702,0,SUCCESS
A,gamma,187,1776511910702,1776511910702,0,SUCCESS
A,gamma,188,1776511910702,1776511910702,0,SUCCESS
A,gamma,189,1776511910702,1776511910702,0,SUCCESS
A,gamma,190,1776511910702,1776511910702,0,SUCCESS
A,gamma,191,1776511910702,1776511910702,0,SUCCESS
A,gamma,192,1776511910702,1776511910702,0,SUCCESS
A,gamma,193,1776511910702,1776511910702,0,SUCCESS
A,gamma,194,1776511910702,1776511910702,0,SUCCESS
A,gamma,195,1776511910702,1776511910702,0,SUCCESS
A,gamma,196,1776511910702,1776511910702,0,SUCCESS
A,gamma,197,1776511910702,1776511910702,0,SUCCESS
A,gamma,198,1776511910702,1776511910702,0,SUCCESS
A,gamma,199,1776511910702,1776511910702,0,SUCCESS
A,gamma,200,1776511910702,1776511910702,0,SUCCESS
A,gamma,201,1776511910702,1776511910702,0,SUCCESS
A,gamma,202,1776511910702,1776511910702,0,SUCCESS
A,gamma,203,1776511910702,1776511910702,0,SUCCESS
A,gamma,204,1776511910702,1776511910702,0,SUCCESS
A,gamma,205,1776511910702,1776511910702,0,SUCCESS
A,gamma,206,1776511910702,1776511910702,0,SUCCESS
A,gamma,207,1776511910702,1776511910702,0,SUCCESS
A,gamma,208,1776511910702,1776511910702,0,SUCCESS
A,gamma,209,1776511910702,1776511910702,0,SUCCESS
A,gamma,210,1776511910702,1776511910702,0,SUCCESS
A,gamma,211,1776511910702,1776511910702,0,SUCCESS
A,gamma,212,1776511910702,1776511910702,0,SUCCESS
A,gamma,213,1776511910702,1776511910702,0,SUCCESS
A,gamma,214,1776511910702,1776511910702,0,SUCCESS
A,gamma,215,1776511910702,1776511910702,0,SUCCESS
A,gamma,216,1776511910702,1776511910702,0,SUCCESS
A,gamma,217,1776511910702,1776511910702,0,SUCCESS
A,gamma,218,1776511910702,1776511910702,0,SUCCESS
A,gamma,219,1776511910702,1776511910702,0,SUCCESS
A,gamma,220,1776511910702,1776511910702,0,SUCCESS
A,gamma,221,1776511910702,1776511910702,0,SUCCESS
A,gamma,222,1776511910702,1776511910702,0,SUCCESS
A,gamma,223,1776511910702,1776511910702,0,SUCCESS
A,gamma,224,1776511910702,1776511910702,0,SUCCESS
A,gamma,225,1776511910702,1776511910702,0,SUCCESS
A,gamma,226,1776511910702,1776511910702,0,SUCCESS
A,gamma,227,1776511910702,1776511910702,0,SUCCESS
A,gamma,228,1776511910702,1776511910702,0,SUCCESS
A,gamma,229,1776511910702,1776511910702,0,SUCCESS
A,gamma,230,1776511910702,1776511910702,0,SUCCESS
A,gamma,231,1776511910702,1776511910702,0,SUCCESS
A,gamma,232,1776511910702,1776511910702,0,SUCCESS
A,gamma,233,1776511910702,1776511910702,0,SUCCESS
A,gamma,234,1776511910702,1776511910702,0,SUCCESS
A,gamma,235,1776511910702,1776511910702,0,SUCCESS
A,gamma,236,1776511910702,1776511910702,0,SUCCESS
A,gamma,237,1776511910702,1776511910702,0,SUCCESS
A,gamma,238,1776511910702,1776511910702,0,SUCCESS
A,gamma,239,1776511910702,1776511910702,0,SUCCESS
A,gamma,240,1776511910702,1776511910702,0,SUCCESS
A,gamma,241,1776511910702,1776511910702,0,SUCCESS
A,gamma,242,1776511910702,1776511910702,0,SUCCESS
A,gamma,243,1776511910702,1776511910702,0,SUCCESS
A,gamma,244,1776511910702,1776511910702,0,SUCCESS
A,gamma,245,1776511910702,1776511910702,0,SUCCESS
A,gamma,246,1776511910702,1776511910702,0,SUCCESS
A,gamma,247,1776511910702,1776511910702,0,SUCCESS
A,gamma,248,1776511910702,1776511910702,0,SUCCESS
A,gamma,249,1776511910702,1776511910702,0,SUCCESS
A,gamma,250,1776511910702,1776511910702,0,SUCCESS
A,gamma,251,1776511910702,1776511910702,0,SUCCESS
A,gamma,252,1776511910702,1776511910702,0,SUCCESS
A,gamma,253,1776511910702,1776511910702,0,SUCCESS
A,gamma,254,1776511910702,1776511910702,0,SUCCESS
A,gamma,255,1776511910702,1776511910702,0,SUCCESS
A,gamma,256,1776511910702,1776511910702,0,SUCCESS
A,gamma,257,1776511910702,1776511910702,0,SUCCESS
A,gamma,258,1776511910702,1776511910702,0,SUCCESS
A,gamma,259,1776511910702,1776511910702,0,SUCCESS
A,gamma,260,1776511910702,1776511910702,0,SUCCESS
A,gamma,261,1776511910702,1776511910702,0,SUCCESS
A,gamma,262,1776511910702,1776511910702,0,SUCCESS
A,gamma,263,1776511910702,1776511910702,0,SUCCESS
A,gamma,264,1776511910702,1776511910702,0,SUCCESS
A,gamma,265,1776511910702,1776511910702,0,SUCCESS
A,gamma,266,1776511910702,1776511910702,0,SUCCESS
A,gamma,267,1776511910702,1776511910702,0,SUCCESS
A,gamma,268,1776511910702,1776511910702,0,SUCCESS
A,gamma,269,1776511910702,1776511910702,0,SUCCESS
A,gamma,270,1776511910702,1776511910702,0,SUCCESS
A,gamma,271,1776511910702,1776511910702,0,SUCCESS
A,gamma,272,1776511910702,1776511910702,0,SUCCESS
A,gamma,273,1776511910702,1776511910702,0,SUCCESS
A,gamma,274,1776511910702,1776511910702,0,SUCCESS
A,gamma,275,1776511910702,1776511910702,0,SUCCESS
A,gamma,276,1776511910702,1776511910702,0,SUCCESS
A,gamma,277,1776511910702,1776511910702,0,SUCCESS
A,gamma,278,1776511910702,1776511910702,0,SUCCESS
A,gamma,279,1776511910702,1776511910702,0,SUCCESS
A,gamma,280,1776511910702,1776511910702,0,SUCCESS
A,gamma,281,1776511910702,1776511910702,0,SUCCESS
A,gamma,282,1776511910702,1776511910702,0,SUCCESS
A,gamma,283,1776511910702,1776511910702,0,SUCCESS
A,gamma,284,1776511910702,1776511910702,0,SUCCESS
A,gamma,285,1776511910702,1776511910702,0,SUCCESS
A,gamma,286,1776511910702,1776511910702,0,SUCCESS
A,gamma,287,1776511910702,1776511910702,0,SUCCESS
A,gamma,288,1776511910702,1776511910702,0,SUCCESS
A,gamma,289,1776511910702,1776511910702,0,SUCCESS
A,gamma,290,1776511910702,1776511910702,0,SUCCESS
A,gamma,291,1776511910702,1776511910702,0,SUCCESS
A,gamma,292,1776511910702,1776511910702,0,SUCCESS
A,gamma,293,1776511910702,1776511910702,0,SUCCESS
A,gamma,294,1776511910702,1776511910702,0,SUCCESS
A,gamma,295,1776511910702,1776511910702,0,SUCCESS
A,gamma,296,1776511910702,1776511910702,0,SUCCESS
A,gamma,297,1776511910702,1776511910702,0,SUCCESS
A,gamma,298,1776511910702,1776511910702,0,SUCCESS
A,gamma,299,1776511910702,1776511910702,0,SUCCESS
A,gamma,300,1776511910702,1776511910702,0,SUCCESS
A,gamma,301,1776511910702,1776511910702,0,SUCCESS
A,gamma,302,1776511910702,1776511910702,0,SUCCESS
A,gamma,303,1776511910702,1776511910702,0,SUCCESS
A,gamma,304,1776511910702,1776511910702,0,SUCCESS
A,gamma,305,1776511910702,1776511910702,0,SUCCESS
A,gamma,306,1776511910702,1776511910702,0,SUCCESS
A,gamma,307,1776511910702,1776511910702,0,SUCCESS
A,gamma,308,1776511910702,1776511910702,0,SUCCESS
A,gamma,309,1776511910702,1776511910702,0,SUCCESS
A,gamma,310,1776511910702,1776511910702,0,SUCCESS
A,gamma,311,1776511910702,1776511910702,0,SUCCESS
A,gamma,312,1776511910702,1776511910702,0,SUCCESS
A,gamma,313,1776511910702,1776511910702,0,SUCCESS
A,gamma,314,1776511910702,1776511910702,0,SUCCESS
A,gamma,315,1776511910702,1776511910702,0,SUCCESS
A,gamma,316,1776511910702,1776511910702,0,SUCCESS
A,gamma,317,1776511910702,1776511910702,0,SUCCESS
A,gamma,318,1776511910702,1776511910702,0,SUCCESS
A,gamma,319,1776511910702,1776511910702,0,SUCCESS
A,gamma,320,1776511910702,1776511910702,0,SUCCESS
A,gamma,321,1776511910702,1776511910702,0,SUCCESS
A,gamma,322,1776511910702,1776511910702,0,SUCCESS
A,gamma,323,1776511910702,1776511910702,0,SUCCESS
A,gamma,324,1776511910702,1776511910702,0,SUCCESS
A,gamma,325,1776511910702,1776511910702,0,SUCCESS
A,gamma,326,1776511910702,1776511910702,0,SUCCESS
A,gamma,327,1776511910702,1776511910702,0,SUCCESS
A,gamma,328,1776511910702,1776511910702,0,SUCCESS
A,gamma,329,1776511910702,1776511910702,0,SUCCESS
A,gamma,330,1776511910702,1776511910702,0,SUCCESS
A,gamma,331,1776511910702,1776511910702,0,SUCCESS
A,gamma,332,1776511910702,1776511910702,0,SUCCESS
A,gamma,333,1776511910702,1776511910702,0,SUCCESS
A,gamma,334,1776511910702,1776511910702,0,SUCCESS
A,gamma,335,1776511910702,1776511910702,0,SUCCESS
A,gamma,336,1776511910702,1776511910702,0,SUCCESS
A,gamma,337,1776511910702,1776511910702,0,SUCCESS
A,gamma,338,1776511910702,1776511910702,0,SUCCESS
A,gamma,339,1776511910702,1776511910702,0,SUCCESS
A,gamma,340,1776511910702,1776511910702,0,SUCCESS
A,gamma,341,1776511910702,1776511910702,0,SUCCESS
A,gamma,342,1776511910702,1776511910702,0,SUCCESS
A,gamma,343,1776511910702,1776511910702,0,SUCCESS
A,gamma,344,1776511910702,1776511910702,0,SUCCESS
A,gamma,345,1776511910702,1776511910702,0,SUCCESS
A,gamma,346,1776511910702,1776511910702,0,SUCCESS
A,gamma,347,1776511910702,1776511910702,0,SUCCESS
A,gamma,348,1776511910702,1776511910702,0,SUCCESS
A,gamma,349,1776511910702,1776511910702,0,SUCCESS
A,gamma,350,1776511910702,1776511910702,0,SUCCESS
A,gamma,351,1776511910702,1776511910702,0,SUCCESS
A,gamma,352,1776511910702,1776511910702,0,SUCCESS
A,gamma,353,1776511910702,1776511910702,0,SUCCESS
A,gamma,354,1776511910702,1776511910702,0,SUCCESS
A,gamma,355,1776511910702,1776511910702,0,SUCCESS
A,gamma,356,1776511910702,1776511910702,0,SUCCESS
A,gamma,357,1776511910702,1776511910702,0,SUCCESS
A,gamma,358,1776511910702,1776511910702,0,SUCCESS
A,gamma,359,1776511910702,1776511910702,0,SUCCESS
A,gamma,360,1776511910702,1776511910702,0,SUCCESS
A,gamma,361,1776511910702,1776511910703,1,SUCCESS
A,gamma,362,1776511910702,1776511910703,1,SUCCESS
A,gamma,363,1776511910702,1776511910703,1,SUCCESS
A,gamma,364,1776511910702,1776511910703,1,SUCCESS
A,gamma,365,1776511910702,1776511910703,1,SUCCESS
A,gamma,366,1776511910702,1776511910703,1,SUCCESS
A,gamma,367,1776511910702,1776511910703,1,SUCCESS
A,gamma,368,1776511910702,1776511910703,1,SUCCESS
A,gamma,369,1776511910702,1776511910703,1,SUCCESS
A,gamma,370,1776511910702,1776511910703,1,SUCCESS
A,gamma,371,1776511910702,1776511910703,1,SUCCESS
A,gamma,372,1776511910702,1776511910703,1,SUCCESS
A,gamma,373,1776511910702,1776511910703,1,SUCCESS
A,gamma,374,1776511910702,1776511910703,1,SUCCESS
A,gamma,375,1776511910702,1776511910703,1,SUCCESS
A,gamma,376,1776511910702,1776511910703,1,SUCCESS
A,gamma,377,1776511910702,1776511910703,1,SUCCESS
A,gamma,378,1776511910702,1776511910703,1,SUCCESS
A,gamma,379,1776511910702,1776511910703,1,SUCCESS
A,gamma,380,1776511910702,1776511910703,1,SUCCESS
A,gamma,381,1776511910702,1776511910703,1,SUCCESS
A,gamma,382,1776511910702,1776511910703,1,SUCCESS
A,gamma,383,1776511910702,1776511910703,1,SUCCESS
A,gamma,384,1776511910702,1776511910703,1,SUCCESS
A,gamma,385,1776511910702,1776511910703,1,SUCCESS
A,gamma,386,1776511910702,1776511910703,1,SUCCESS
A,gamma,387,1776511910702,1776511910703,1,SUCCESS
A,gamma,388,1776511910702,1776511910703,1,SUCCESS
A,gamma,389,1776511910702,1776511910703,1,SUCCESS
A,gamma,390,1776511910702,1776511910703,1,SUCCESS
A,gamma,391,1776511910702,1776511910703,1,SUCCESS
A,gamma,392,1776511910702,1776511910703,1,SUCCESS
A,gamma,393,1776511910702,1776511910703,1,SUCCESS
A,gamma,394,1776511910702,1776511910703,1,SUCCESS
A,gamma,395,1776511910702,1776511910703,1,SUCCESS
A,gamma,396,1776511910702,1776511910703,1,SUCCESS
A,gamma,397,1776511910702,1776511910703,1,SUCCESS
A,gamma,398,1776511910702,1776511910703,1,SUCCESS
A,gamma,399,1776511910702,1776511910703,1,SUCCESS
A,gamma,400,1776511910702,1776511910703,1,SUCCESS
A,gamma,401,1776511910702,1776511910703,1,SUCCESS
A,gamma,402,1776511910702,1776511910703,1,SUCCESS
A,gamma,403,1776511910702,1776511910703,1,SUCCESS
A,gamma,404,1776511910702,1776511910703,1,SUCCESS
A,gamma,405,1776511910702,1776511910703,1,SUCCESS
A,gamma,406,1776511910702,1776511910703,1,SUCCESS
A,gamma,407,1776511910702,1776511910703,1,SUCCESS
A,gamma,408,1776511910702,1776511910703,1,SUCCESS
A,gamma,409,1776511910702,1776511910703,1,SUCCESS
A,gamma,410,1776511910702,1776511910703,1,SUCCESS
A,gamma,411,1776511910702,1776511910703,1,SUCCESS
A,gamma,412,1776511910702,1776511910703,1,SUCCESS
A,gamma,413,1776511910702,1776511910703,1,SUCCESS
A,gamma,414,1776511910702,1776511910703,1,SUCCESS
A,gamma,415,1776511910702,1776511910703,1,SUCCESS
A,gamma,416,1776511910702,1776511910703,1,SUCCESS
A,gamma,417,1776511910702,1776511910703,1,SUCCESS
A,gamma,418,1776511910702,1776511910703,1,SUCCESS
A,gamma,419,1776511910702,1776511910703,1,SUCCESS
A,gamma,420,1776511910702,1776511910703,1,SUCCESS
A,gamma,421,1776511910702,1776511910703,1,SUCCESS
A,gamma,422,1776511910702,1776511910703,1,SUCCESS
A,gamma,423,1776511910702,1776511910703,1,SUCCESS
A,gamma,424,1776511910702,1776511910703,1,SUCCESS
A,gamma,425,1776511910702,1776511910703,1,SUCCESS
A,gamma,426,1776511910702,1776511910703,1,SUCCESS
A,gamma,427,1776511910702,1776511910703,1,SUCCESS
A,gamma,428,1776511910702,1776511910703,1,SUCCESS
A,gamma,429,1776511910702,1776511910703,1,SUCCESS
A,gamma,430,1776511910702,1776511910703,1,SUCCESS
A,gamma,431,1776511910702,1776511910703,1,SUCCESS
A,gamma,432,1776511910702,1776511910703,1,SUCCESS
A,gamma,433,1776511910702,1776511910703,1,SUCCESS
A,gamma,434,1776511910702,1776511910703,1,SUCCESS
A,gamma,435,1776511910702,1776511910703,1,SUCCESS
A,gamma,436,1776511910702,1776511910703,1,SUCCESS
A,gamma,437,1776511910702,1776511910703,1,SUCCESS
A,gamma,438,1776511910702,1776511910703,1,SUCCESS
A,gamma,439,1776511910702,1776511910703,1,SUCCESS
A,gamma,440,1776511910702,1776511910703,1,SUCCESS
A,gamma,441,1776511910702,1776511910703,1,SUCCESS
A,gamma,442,1776511910702,1776511910703,1,SUCCESS
A,gamma,443,1776511910702,1776511910703,1,SUCCESS
A,gamma,444,1776511910702,1776511910703,1,SUCCESS
A,gamma,445,1776511910702,1776511910703,1,SUCCESS
A,gamma,446,1776511910702,1776511910703,1,SUCCESS
A,gamma,447,1776511910702,1776511910703,1,SUCCESS
A,gamma,448,1776511910702,1776511910703,1,SUCCESS
A,gamma,449,1776511910702,1776511910703,1,SUCCESS
A,gamma,450,1776511910702,1776511910703,1,SUCCESS
A,gamma,451,1776511910702,1776511910703,1,SUCCESS
A,gamma,452,1776511910702,1776511910703,1,SUCCESS
A,gamma,453,1776511910702,1776511910703,1,SUCCESS
A,gamma,454,1776511910702,1776511910703,1,SUCCESS
A,gamma,455,1776511910702,1776511910703,1,SUCCESS
A,gamma,456,1776511910702,1776511910703,1,SUCCESS
A,gamma,457,1776511910702,1776511910703,1,SUCCESS
A,gamma,458,1776511910702,1776511910703,1,SUCCESS
A,gamma,459,1776511910702,1776511910703,1,SUCCESS
A,gamma,460,1776511910702,1776511910703,1,SUCCESS
A,gamma,461,1776511910702,1776511910703,1,SUCCESS
A,gamma,462,1776511910702,1776511910703,1,SUCCESS
A,gamma,463,1776511910702,1776511910703,1,SUCCESS
A,gamma,464,1776511910702,1776511910703,1,SUCCESS
A,gamma,465,1776511910702,1776511910703,1,SUCCESS
A,gamma,466,1776511910702,1776511910703,1,SUCCESS
A,gamma,467,1776511910702,1776511910703,1,SUCCESS
A,gamma,468,1776511910702,1776511910703,1,SUCCESS
A,gamma,469,1776511910702,1776511910703,1,SUCCESS
A,gamma,470,1776511910702,1776511910703,1,SUCCESS
A,gamma,471,1776511910702,1776511910703,1,SUCCESS
A,gamma,472,1776511910702,1776511910703,1,SUCCESS
A,gamma,473,1776511910702,1776511910703,1,SUCCESS
A,gamma,474,1776511910702,1776511910703,1,SUCCESS
A,gamma,475,1776511910702,1776511910703,1,SUCCESS
A,gamma,476,1776511910702,1776511910703,1,SUCCESS
A,gamma,477,1776511910702,1776511910703,1,SUCCESS
A,gamma,478,1776511910702,1776511910703,1,SUCCESS
A,gamma,479,1776511910702,1776511910703,1,SUCCESS
A,gamma,480,1776511910702,1776511910703,1,SUCCESS
A,gamma,481,1776511910702,1776511910703,1,SUCCESS
A,gamma,482,1776511910702,1776511910703,1,SUCCESS
A,gamma,483,1776511910702,1776511910703,1,SUCCESS
A,gamma,484,1776511910702,1776511910703,1,SUCCESS
A,gamma,485,1776511910702,1776511910703,1,SUCCESS
A,gamma,486,1776511910702,1776511910703,1,SUCCESS
A,gamma,487,1776511910702,1776511910703,1,SUCCESS
A,gamma,488,1776511910702,1776511910703,1,SUCCESS
A,gamma,489,1776511910702,1776511910703,1,SUCCESS
A,gamma,490,1776511910702,1776511910703,1,SUCCESS
A,gamma,491,1776511910702,1776511910703,1,SUCCESS
A,gamma,492,1776511910702,1776511910703,1,SUCCESS
A,gamma,493,1776511910702,1776511910703,1,SUCCESS
A,gamma,494,1776511910702,1776511910703,1,SUCCESS
A,gamma,495,1776511910702,1776511910703,1,SUCCESS
A,gamma,496,1776511910702,1776511910703,1,SUCCESS
A,gamma,497,1776511910702,1776511910703,1,SUCCESS
A,gamma,498,1776511910702,1776511910703,1,SUCCESS
A,gamma,499,1776511910702,1776511910703,1,SUCCESS
A,gamma,500,1776511910702,1776511910703,1,SUCCESS
A,gamma,501,1776511910702,1776511910703,1,SUCCESS
A,gamma,502,1776511910702,1776511910703,1,SUCCESS
A,gamma,503,1776511910702,1776511910703,1,SUCCESS
A,gamma,504,1776511910702,1776511910703,1,SUCCESS
A,gamma,505,1776511910702,1776511910703,1,SUCCESS
A,gamma,506,1776511910702,1776511910703,1,SUCCESS
A,gamma,507,1776511910702,1776511910703,1,SUCCESS
A,gamma,508,1776511910702,1776511910703,1,SUCCESS
A,gamma,509,1776511910702,1776511910703,1,SUCCESS
A,gamma,510,1776511910702,1776511910703,1,SUCCESS
A,gamma,511,1776511910702,1776511910703,1,SUCCESS
A,gamma,512,1776511910702,1776511910703,1,SUCCESS
A,gamma,513,1776511910702,1776511910703,1,SUCCESS
A,gamma,514,1776511910702,1776511910703,1,SUCCESS
A,gamma,515,1776511910702,1776511910703,1,SUCCESS
A,gamma,516,1776511910702,1776511910703,1,SUCCESS
A,gamma,517,1776511910702,1776511910703,1,SUCCESS
A,gamma,518,1776511910702,1776511910703,1,SUCCESS
A,gamma,519,1776511910702,1776511910703,1,SUCCESS
A,gamma,520,1776511910702,1776511910703,1,SUCCESS
A,gamma,521,1776511910702,1776511910703,1,SUCCESS
A,gamma,522,1776511910702,1776511910703,1,SUCCESS
A,gamma,523,1776511910702,1776511910703,1,SUCCESS
A,gamma,524,1776511910702,1776511910703,1,SUCCESS
A,gamma,525,1776511910702,1776511910703,1,SUCCESS
A,gamma,526,1776511910702,1776511910703,1,SUCCESS
A,gamma,527,1776511910702,1776511910703,1,SUCCESS
A,gamma,528,1776511910702,1776511910703,1,SUCCESS
A,gamma,529,1776511910702,1776511910703,1,SUCCESS
A,gamma,530,1776511910702,1776511910703,1,SUCCESS
A,gamma,531,1776511910702,1776511910703,1,SUCCESS
A,gamma,532,1776511910702,1776511910703,1,SUCCESS
A,gamma,533,1776511910702,1776511910703,1,SUCCESS
A,gamma,534,1776511910702,1776511910703,1,SUCCESS
A,gamma,535,1776511910702,1776511910703,1,SUCCESS
A,gamma,536,1776511910702,1776511910703,1,SUCCESS
A,gamma,537,1776511910702,1776511910703,1,SUCCESS
A,gamma,538,1776511910702,1776511910703,1,SUCCESS
A,gamma,539,1776511910702,1776511910703,1,SUCCESS
A,gamma,540,1776511910702,1776511910703,1,SUCCESS
A,gamma,541,1776511910702,1776511910703,1,SUCCESS
A,gamma,542,1776511910702,1776511910703,1,SUCCESS
A,gamma,543,1776511910702,1776511910703,1,SUCCESS
A,gamma,544,1776511910702,1776511910703,1,SUCCESS
A,gamma,545,1776511910702,1776511910703,1,SUCCESS
A,gamma,546,1776511910702,1776511910703,1,SUCCESS
A,gamma,547,1776511910702,1776511910703,1,SUCCESS
A,gamma,548,1776511910702,1776511910703,1,SUCCESS
A,gamma,549,1776511910702,1776511910703,1,SUCCESS
A,gamma,550,1776511910702,1776511910703,1,SUCCESS
A,gamma,551,1776511910702,1776511910703,1,SUCCESS
A,gamma,552,1776511910702,1776511910703,1,SUCCESS
A,gamma,553,1776511910702,1776511910703,1,SUCCESS
A,gamma,554,1776511910702,1776511910703,1,SUCCESS
A,gamma,555,1776511910702,1776511910703,1,SUCCESS
A,gamma,556,1776511910702,1776511910703,1,SUCCESS
A,gamma,557,1776511910702,1776511910703,1,SUCCESS
A,gamma,558,1776511910702,1776511910703,1,SUCCESS
A,gamma,559,1776511910702,1776511910703,1,SUCCESS
A,gamma,560,1776511910702,1776511910703,1,SUCCESS
A,gamma,561,1776511910702,1776511910703,1,SUCCESS
A,gamma,562,1776511910702,1776511910703,1,SUCCESS
A,gamma,563,1776511910703,1776511910703,0,SUCCESS
A,gamma,564,1776511910703,1776511910703,0,SUCCESS
A,gamma,565,1776511910703,1776511910703,0,SUCCESS
A,gamma,566,1776511910703,1776511910703,0,SUCCESS
A,gamma,567,1776511910703,1776511910703,0,SUCCESS
A,gamma,568,1776511910703,1776511910703,0,SUCCESS
A,gamma,569,1776511910703,1776511910703,0,SUCCESS
A,gamma,570,1776511910703,1776511910703,0,SUCCESS
A,gamma,571,1776511910703,1776511910703,0,SUCCESS
A,gamma,572,1776511910703,1776511910703,0,SUCCESS
A,gamma,573,1776511910703,1776511910703,0,SUCCESS
A,gamma,574,1776511910703,1776511910703,0,SUCCESS
A,gamma,575,1776511910703,1776511910703,0,SUCCESS
A,gamma,576,1776511910703,1776511910703,0,SUCCESS
A,gamma,577,1776511910703,1776511910703,0,SUCCESS
A,gamma,578,1776511910703,1776511910703,0,SUCCESS
A,gamma,579,1776511910703,1776511910703,0,SUCCESS
A,gamma,580,1776511910703,1776511910703,0,SUCCESS
A,gamma,581,1776511910703,1776511910703,0,SUCCESS
A,gamma,582,1776511910703,1776511910703,0,SUCCESS
A,gamma,583,1776511910703,1776511910703,0,SUCCESS
A,gamma,584,1776511910703,1776511910703,0,SUCCESS
A,gamma,585,1776511910703,1776511910703,0,SUCCESS
A,gamma,586,1776511910703,1776511910703,0,SUCCESS
A,gamma,587,1776511910703,1776511910703,0,SUCCESS
A,gamma,588,1776511910703,1776511910703,0,SUCCESS
A,gamma,589,1776511910703,1776511910703,0,SUCCESS
A,gamma,590,1776511910703,1776511910703,0,SUCCESS
A,gamma,591,1776511910703,1776511910703,0,SUCCESS
A,gamma,592,1776511910703,1776511910703,0,SUCCESS
A,gamma,593,1776511910703,1776511910703,0,SUCCESS
A,gamma,594,1776511910703,1776511910703,0,SUCCESS
A,gamma,595,1776511910703,1776511910703,0,SUCCESS
A,gamma,596,1776511910703,1776511910703,0,SUCCESS
A,gamma,597,1776511910703,1776511910703,0,SUCCESS
A,gamma,598,1776511910703,1776511910703,0,SUCCESS
A,gamma,599,1776511910703,1776511910703,0,SUCCESS
A,gamma,600,1776511910703,1776511910703,0,SUCCESS
A,gamma,601,1776511910703,1776511910703,0,SUCCESS
A,gamma,602,1776511910703,1776511910703,0,SUCCESS
A,gamma,603,1776511910703,1776511910703,0,SUCCESS
A,gamma,604,1776511910703,1776511910703,0,SUCCESS
A,gamma,605,1776511910703,1776511910703,0,SUCCESS
A,gamma,606,1776511910703,1776511910703,0,SUCCESS
A,gamma,607,1776511910703,1776511910703,0,SUCCESS
A,gamma,608,1776511910703,1776511910703,0,SUCCESS
A,gamma,609,1776511910703,1776511910703,0,SUCCESS
A,gamma,610,1776511910703,1776511910703,0,SUCCESS
A,gamma,611,1776511910703,1776511910703,0,SUCCESS
A,gamma,612,1776511910703,1776511910703,0,SUCCESS
A,gamma,613,1776511910703,1776511910703,0,SUCCESS
A,gamma,614,1776511910703,1776511910703,0,SUCCESS
A,gamma,615,1776511910703,1776511910703,0,SUCCESS
A,gamma,616,1776511910703,1776511910703,0,SUCCESS
A,gamma,617,1776511910703,1776511910703,0,SUCCESS
A,gamma,618,1776511910703,1776511910703,0,SUCCESS
A,gamma,619,1776511910703,1776511910703,0,SUCCESS
A,gamma,620,1776511910703,1776511910703,0,SUCCESS
A,gamma,621,1776511910703,1776511910703,0,SUCCESS
A,gamma,622,1776511910703,1776511910703,0,SUCCESS
A,gamma,623,1776511910703,1776511910703,0,SUCCESS
A,gamma,624,1776511910703,1776511910703,0,SUCCESS
A,gamma,625,1776511910703,1776511910703,0,SUCCESS
A,gamma,626,1776511910703,1776511910703,0,SUCCESS
A,gamma,627,1776511910703,1776511910703,0,SUCCESS
A,gamma,628,1776511910703,1776511910703,0,SUCCESS
A,gamma,629,1776511910703,1776511910703,0,SUCCESS
A,gamma,630,1776511910703,1776511910703,0,SUCCESS
A,gamma,631,1776511910703,1776511910703,0,SUCCESS
A,gamma,632,1776511910703,1776511910703,0,SUCCESS
A,gamma,633,1776511910703,1776511910703,0,SUCCESS
A,gamma,634,1776511910703,1776511910703,0,SUCCESS
A,gamma,635,1776511910703,1776511910703,0,SUCCESS
A,gamma,636,1776511910703,1776511910703,0,SUCCESS
A,gamma,637,1776511910703,1776511910703,0,SUCCESS
A,gamma,638,1776511910703,1776511910703,0,SUCCESS
A,gamma,639,1776511910703,1776511910703,0,SUCCESS
A,gamma,640,1776511910703,1776511910703,0,SUCCESS
A,gamma,641,1776511910703,1776511910703,0,SUCCESS
A,gamma,642,1776511910703,1776511910703,0,SUCCESS
A,gamma,643,1776511910703,1776511910703,0,SUCCESS
A,gamma,644,1776511910703,1776511910703,0,SUCCESS
A,gamma,645,1776511910703,1776511910703,0,SUCCESS
A,gamma,646,1776511910703,1776511910703,0,SUCCESS
A,gamma,647,1776511910703,1776511910703,0,SUCCESS
A,gamma,648,1776511910703,1776511910703,0,SUCCESS
A,gamma,649,1776511910703,1776511910703,0,SUCCESS
A,gamma,650,1776511910703,1776511910703,0,SUCCESS
A,gamma,651,1776511910703,1776511910703,0,SUCCESS
A,gamma,652,1776511910703,1776511910703,0,SUCCESS
A,gamma,653,1776511910703,1776511910703,0,SUCCESS
A,gamma,654,1776511910703,1776511910703,0,SUCCESS
A,gamma,655,1776511910703,1776511910703,0,SUCCESS
A,gamma,656,1776511910703,1776511910703,0,SUCCESS
A,gamma,657,1776511910703,1776511910703,0,SUCCESS
A,gamma,658,1776511910703,1776511910703,0,SUCCESS
A,gamma,659,1776511910703,1776511910703,0,SUCCESS
A,gamma,660,1776511910703,1776511910703,0,SUCCESS
A,gamma,661,1776511910703,1776511910703,0,SUCCESS
A,gamma,662,1776511910703,1776511910703,0,SUCCESS
A,gamma,663,1776511910703,1776511910703,0,SUCCESS
A,gamma,664,1776511910703,1776511910703,0,SUCCESS
A,gamma,665,1776511910703,1776511910703,0,SUCCESS
A,gamma,666,1776511910703,1776511910703,0,SUCCESS
A,gamma,667,1776511910703,1776511910703,0,SUCCESS
A,gamma,668,1776511910703,1776511910703,0,SUCCESS
A,gamma,669,1776511910703,1776511910703,0,SUCCESS
A,gamma,670,1776511910703,1776511910703,0,SUCCESS
A,gamma,671,1776511910703,1776511910703,0,SUCCESS
A,gamma,672,1776511910703,1776511910703,0,SUCCESS
A,gamma,673,1776511910703,1776511910703,0,SUCCESS
A,gamma,674,1776511910703,1776511910703,0,SUCCESS
A,gamma,675,1776511910703,1776511910703,0,SUCCESS
A,gamma,676,1776511910703,1776511910703,0,SUCCESS
A,gamma,677,1776511910703,1776511910703,0,SUCCESS
A,gamma,678,1776511910703,1776511910703,0,SUCCESS
A,gamma,679,1776511910703,1776511910703,0,SUCCESS
A,gamma,680,1776511910703,1776511910703,0,SUCCESS
A,gamma,681,1776511910703,1776511910703,0,SUCCESS
A,gamma,682,1776511910703,1776511910703,0,SUCCESS
A,gamma,683,1776511910703,1776511910703,0,SUCCESS
A,gamma,684,1776511910703,1776511910703,0,SUCCESS
A,gamma,685,1776511910703,1776511910703,0,SUCCESS
A,gamma,686,1776511910703,1776511910703,0,SUCCESS
A,gamma,687,1776511910703,1776511910703,0,SUCCESS
A,gamma,688,1776511910703,1776511910703,0,SUCCESS
A,gamma,689,1776511910703,1776511910703,0,SUCCESS
A,gamma,690,1776511910703,1776511910703,0,SUCCESS
A,gamma,691,1776511910703,1776511910703,0,SUCCESS
A,gamma,692,1776511910703,1776511910703,0,SUCCESS
A,gamma,693,1776511910703,1776511910703,0,SUCCESS
A,gamma,694,1776511910703,1776511910703,0,SUCCESS
A,gamma,695,1776511910703,1776511910703,0,SUCCESS
A,gamma,696,1776511910703,1776511910703,0,SUCCESS
A,gamma,697,1776511910703,1776511910703,0,SUCCESS
A,gamma,698,1776511910703,1776511910703,0,SUCCESS
A,gamma,699,1776511910703,1776511910703,0,SUCCESS
A,gamma,700,1776511910703,1776511910703,0,SUCCESS
A,gamma,701,1776511910703,1776511910703,0,SUCCESS
A,gamma,702,1776511910703,1776511910703,0,SUCCESS
A,gamma,703,1776511910703,1776511910703,0,SUCCESS
A,gamma,704,1776511910703,1776511910703,0,SUCCESS
A,gamma,705,1776511910703,1776511910703,0,SUCCESS
A,gamma,706,1776511910703,1776511910703,0,SUCCESS
A,gamma,707,1776511910703,1776511910703,0,SUCCESS
A,gamma,708,1776511910703,1776511910703,0,SUCCESS
A,gamma,709,1776511910703,1776511910703,0,SUCCESS
A,gamma,710,1776511910703,1776511910703,0,SUCCESS
A,gamma,711,1776511910703,1776511910703,0,SUCCESS
A,gamma,712,1776511910703,1776511910703,0,SUCCESS
A,gamma,713,1776511910703,1776511910703,0,SUCCESS
A,gamma,714,1776511910703,1776511910703,0,SUCCESS
A,gamma,715,1776511910703,1776511910703,0,SUCCESS
A,gamma,716,1776511910703,1776511910703,0,SUCCESS
A,gamma,717,1776511910703,1776511910703,0,SUCCESS
A,gamma,718,1776511910703,1776511910703,0,SUCCESS
A,gamma,719,1776511910703,1776511910703,0,SUCCESS
A,gamma,720,1776511910703,1776511910703,0,SUCCESS
A,gamma,721,1776511910703,1776511910703,0,SUCCESS
A,gamma,722,1776511910703,1776511910703,0,SUCCESS
A,gamma,723,1776511910703,1776511910703,0,SUCCESS
A,gamma,724,1776511910703,1776511910703,0,SUCCESS
A,gamma,725,1776511910703,1776511910703,0,SUCCESS
A,gamma,726,1776511910703,1776511910703,0,SUCCESS
A,gamma,727,1776511910703,1776511910703,0,SUCCESS
A,gamma,728,1776511910703,1776511910703,0,SUCCESS
A,gamma,729,1776511910703,1776511910703,0,SUCCESS
A,gamma,730,1776511910703,1776511910703,0,SUCCESS
A,gamma,731,1776511910703,1776511910703,0,SUCCESS
A,gamma,732,1776511910703,1776511910703,0,SUCCESS
A,gamma,733,1776511910703,1776511910703,0,SUCCESS
A,gamma,734,1776511910703,1776511910703,0,SUCCESS
A,gamma,735,1776511910703,1776511910703,0,SUCCESS
A,gamma,736,1776511910703,1776511910703,0,SUCCESS
A,gamma,737,1776511910703,1776511910703,0,SUCCESS
A,gamma,738,1776511910703,1776511910703,0,SUCCESS
A,gamma,739,1776511910703,1776511910703,0,SUCCESS
A,gamma,740,1776511910703,1776511910703,0,SUCCESS
A,gamma,741,1776511910703,1776511910703,0,SUCCESS
A,gamma,742,1776511910703,1776511910703,0,SUCCESS
A,gamma,743,1776511910703,1776511910703,0,SUCCESS
A,gamma,744,1776511910703,1776511910703,0,SUCCESS
A,gamma,745,1776511910703,1776511910703,0,SUCCESS
A,gamma,746,1776511910703,1776511910703,0,SUCCESS
A,gamma,747,1776511910703,1776511910703,0,SUCCESS
A,gamma,748,1776511910703,1776511910703,0,SUCCESS
A,gamma,749,1776511910703,1776511910703,0,SUCCESS
A,gamma,750,1776511910703,1776511910703,0,SUCCESS
A,gamma,751,1776511910703,1776511910703,0,SUCCESS
A,gamma,752,1776511910703,1776511910703,0,SUCCESS
A,gamma,753,1776511910703,1776511910703,0,SUCCESS
A,gamma,754,1776511910703,1776511910703,0,SUCCESS
A,gamma,755,1776511910703,1776511910703,0,SUCCESS
A,gamma,756,1776511910703,1776511910703,0,SUCCESS
A,gamma,757,1776511910703,1776511910703,0,SUCCESS
A,gamma,758,1776511910703,1776511910703,0,SUCCESS
A,gamma,759,1776511910703,1776511910703,0,SUCCESS
A,gamma,760,1776511910703,1776511910703,0,SUCCESS
A,gamma,761,1776511910703,1776511910703,0,SUCCESS
A,gamma,762,1776511910703,1776511910703,0,SUCCESS
A,gamma,763,1776511910703,1776511910703,0,SUCCESS
A,gamma,764,1776511910703,1776511910703,0,SUCCESS
A,gamma,765,1776511910703,1776511910703,0,SUCCESS
A,gamma,766,1776511910703,1776511910703,0,SUCCESS
A,gamma,767,1776511910703,1776511910703,0,SUCCESS
A,gamma,768,1776511910703,1776511910703,0,SUCCESS
A,gamma,769,1776511910703,1776511910703,0,SUCCESS
A,gamma,770,1776511910703,1776511910703,0,SUCCESS
A,gamma,771,1776511910703,1776511910703,0,SUCCESS
A,gamma,772,1776511910703,1776511910703,0,SUCCESS
A,gamma,773,1776511910703,1776511910703,0,SUCCESS
A,gamma,774,1776511910703,1776511910703,0,SUCCESS
A,gamma,775,1776511910703,1776511910703,0,SUCCESS
A,gamma,776,1776511910703,1776511910703,0,SUCCESS
A,gamma,777,1776511910703,1776511910703,0,SUCCESS
A,gamma,778,1776511910703,1776511910703,0,SUCCESS
A,gamma,779,1776511910703,1776511910703,0,SUCCESS
A,gamma,780,1776511910703,1776511910703,0,SUCCESS
A,gamma,781,1776511910703,1776511910703,0,SUCCESS
A,gamma,782,1776511910703,1776511910703,0,SUCCESS
A,gamma,783,1776511910703,1776511910703,0,SUCCESS
A,gamma,784,1776511910703,1776511910703,0,SUCCESS
A,gamma,785,1776511910703,1776511910703,0,SUCCESS
A,gamma,786,1776511910703,1776511910703,0,SUCCESS
A,gamma,787,1776511910703,1776511910703,0,SUCCESS
A,gamma,788,1776511910703,1776511910703,0,SUCCESS
A,gamma,789,1776511910703,1776511910703,0,SUCCESS
A,gamma,790,1776511910703,1776511910703,0,SUCCESS
A,gamma,791,1776511910703,1776511910703,0,SUCCESS
A,gamma,792,1776511910703,1776511910703,0,SUCCESS
A,gamma,793,1776511910703,1776511910703,0,SUCCESS
A,gamma,794,1776511910703,1776511910703,0,SUCCESS
A,gamma,795,1776511910703,1776511910703,0,SUCCESS
A,gamma,796,1776511910703,1776511910703,0,SUCCESS
A,gamma,797,1776511910703,1776511910703,0,SUCCESS
A,gamma,798,1776511910703,1776511910703,0,SUCCESS
A,gamma,799,1776511910703,1776511910703,0,SUCCESS
A,gamma,800,1776511910703,1776511910703,0,SUCCESS
A,gamma,801,1776511910703,1776511910703,0,SUCCESS
A,gamma,802,1776511910703,1776511910703,0,SUCCESS
A,gamma,803,1776511910703,1776511910703,0,SUCCESS
A,gamma,804,1776511910703,1776511910703,0,SUCCESS
A,gamma,805,1776511910703,1776511910703,0,SUCCESS
A,gamma,806,1776511910703,1776511910703,0,SUCCESS
A,gamma,807,1776511910703,1776511910703,0,SUCCESS
A,gamma,808,1776511910703,1776511910703,0,SUCCESS
A,gamma,809,1776511910703,1776511910703,0,SUCCESS
A,gamma,810,1776511910703,1776511910703,0,SUCCESS
A,gamma,811,1776511910703,1776511910703,0,SUCCESS
A,gamma,812,1776511910703,1776511910703,0,SUCCESS
A,gamma,813,1776511910703,1776511910703,0,SUCCESS
A,gamma,814,1776511910703,1776511910703,0,SUCCESS
A,gamma,815,1776511910703,1776511910703,0,SUCCESS
A,gamma,816,1776511910703,1776511910703,0,SUCCESS
A,gamma,817,1776511910703,1776511910703,0,SUCCESS
A,gamma,818,1776511910703,1776511910703,0,SUCCESS
A,gamma,819,1776511910703,1776511910703,0,SUCCESS
A,gamma,820,1776511910703,1776511910703,0,SUCCESS
A,gamma,821,1776511910703,1776511910703,0,SUCCESS
A,gamma,822,1776511910703,1776511910703,0,SUCCESS
A,gamma,823,1776511910703,1776511910703,0,SUCCESS
A,gamma,824,1776511910703,1776511910703,0,SUCCESS
A,gamma,825,1776511910703,1776511910703,0,SUCCESS
A,gamma,826,1776511910703,1776511910703,0,SUCCESS
A,gamma,827,1776511910703,1776511910703,0,SUCCESS
A,gamma,828,1776511910703,1776511910703,0,SUCCESS
A,gamma,829,1776511910703,1776511910703,0,SUCCESS
A,gamma,830,1776511910703,1776511910703,0,SUCCESS
A,gamma,831,1776511910703,1776511910703,0,SUCCESS
A,gamma,832,1776511910703,1776511910703,0,SUCCESS
A,gamma,833,1776511910703,1776511910703,0,SUCCESS
A,gamma,834,1776511910703,1776511910703,0,SUCCESS
A,gamma,835,1776511910703,1776511910703,0,SUCCESS
A,gamma,836,1776511910703,1776511910703,0,SUCCESS
A,gamma,837,1776511910703,1776511910704,1,SUCCESS
A,gamma,838,1776511910703,1776511910704,1,SUCCESS
A,gamma,839,1776511910703,1776511910704,1,SUCCESS
A,gamma,840,1776511910703,1776511910704,1,SUCCESS
A,gamma,841,1776511910703,1776511910704,1,SUCCESS
A,gamma,842,1776511910703,1776511910704,1,SUCCESS
A,gamma,843,1776511910703,1776511910704,1,SUCCESS
A,gamma,844,1776511910703,1776511910704,1,SUCCESS
A,gamma,845,1776511910703,1776511910704,1,SUCCESS
A,gamma,846,1776511910703,1776511910704,1,SUCCESS
A,gamma,847,1776511910703,1776511910704,1,SUCCESS
A,gamma,848,1776511910703,1776511910704,1,SUCCESS
A,gamma,849,1776511910703,1776511910704,1,SUCCESS
A,gamma,850,1776511910703,1776511910704,1,SUCCESS
A,gamma,851,1776511910703,1776511910704,1,SUCCESS
A,gamma,852,1776511910703,1776511910704,1,SUCCESS
A,gamma,853,1776511910703,1776511910704,1,SUCCESS
A,gamma,854,1776511910703,1776511910704,1,SUCCESS
A,gamma,855,1776511910703,1776511910704,1,SUCCESS
A,gamma,856,1776511910703,1776511910704,1,SUCCESS
A,gamma,857,1776511910703,1776511910704,1,SUCCESS
A,gamma,858,1776511910703,1776511910704,1,SUCCESS
A,gamma,859,1776511910703,1776511910704,1,SUCCESS
A,gamma,860,1776511910703,1776511910704,1,SUCCESS
A,gamma,861,1776511910703,1776511910704,1,SUCCESS
A,gamma,862,1776511910703,1776511910704,1,SUCCESS
A,gamma,863,1776511910703,1776511910704,1,SUCCESS
A,gamma,864,1776511910703,1776511910704,1,SUCCESS
A,gamma,865,1776511910703,1776511910704,1,SUCCESS
A,gamma,866,1776511910703,1776511910704,1,SUCCESS
A,gamma,867,1776511910703,1776511910704,1,SUCCESS
A,gamma,868,1776511910703,1776511910704,1,SUCCESS
A,gamma,869,1776511910703,1776511910704,1,SUCCESS
A,gamma,870,1776511910703,1776511910704,1,SUCCESS
A,gamma,871,1776511910703,1776511910704,1,SUCCESS
A,gamma,872,1776511910703,1776511910704,1,SUCCESS
A,gamma,873,1776511910703,1776511910704,1,SUCCESS
A,gamma,874,1776511910703,1776511910704,1,SUCCESS
A,gamma,875,1776511910703,1776511910704,1,SUCCESS
A,gamma,876,1776511910703,1776511910704,1,SUCCESS
A,gamma,877,1776511910703,1776511910704,1,SUCCESS
A,gamma,878,1776511910703,1776511910704,1,SUCCESS
A,gamma,879,1776511910703,1776511910704,1,SUCCESS
A,gamma,880,1776511910703,1776511910704,1,SUCCESS
A,gamma,881,1776511910703,1776511910704,1,SUCCESS
A,gamma,882,1776511910703,1776511910704,1,SUCCESS
A,gamma,883,1776511910703,1776511910704,1,SUCCESS
A,gamma,884,1776511910703,1776511910704,1,SUCCESS
A,gamma,885,1776511910703,1776511910704,1,SUCCESS
A,gamma,886,1776511910703,1776511910704,1,SUCCESS
A,gamma,887,1776511910703,1776511910704,1,SUCCESS
A,gamma,888,1776511910703,1776511910704,1,SUCCESS
A,gamma,889,1776511910703,1776511910704,1,SUCCESS
A,gamma,890,1776511910703,1776511910704,1,SUCCESS
A,gamma,891,1776511910703,1776511910704,1,SUCCESS
A,gamma,892,1776511910703,1776511910704,1,SUCCESS
A,gamma,893,1776511910703,1776511910704,1,SUCCESS
A,gamma,894,1776511910703,1776511910704,1,SUCCESS
A,gamma,895,1776511910703,1776511910704,1,SUCCESS
A,gamma,896,1776511910703,1776511910704,1,SUCCESS
A,gamma,897,1776511910703,1776511910704,1,SUCCESS
A,gamma,898,1776511910703,1776511910704,1,SUCCESS
A,gamma,899,1776511910703,1776511910704,1,SUCCESS
A,gamma,900,1776511910703,1776511910704,1,SUCCESS
A,gamma,901,1776511910703,1776511910704,1,SUCCESS
A,gamma,902,1776511910703,1776511910704,1,SUCCESS
A,gamma,903,1776511910703,1776511910704,1,SUCCESS
A,gamma,904,1776511910703,1776511910704,1,SUCCESS
A,gamma,905,1776511910703,1776511910704,1,SUCCESS
A,gamma,906,1776511910703,1776511910704,1,SUCCESS
A,gamma,907,1776511910703,1776511910704,1,SUCCESS
A,gamma,908,1776511910703,1776511910704,1,SUCCESS
A,gamma,909,1776511910703,1776511910704,1,SUCCESS
A,gamma,910,1776511910703,1776511910704,1,SUCCESS
A,gamma,911,1776511910703,1776511910704,1,SUCCESS
A,gamma,912,1776511910703,1776511910704,1,SUCCESS
A,gamma,913,1776511910703,1776511910704,1,SUCCESS
A,gamma,914,1776511910703,1776511910704,1,SUCCESS
A,gamma,915,1776511910703,1776511910704,1,SUCCESS
A,gamma,916,1776511910703,1776511910704,1,SUCCESS
A,gamma,917,1776511910703,1776511910704,1,SUCCESS
A,gamma,918,1776511910703,1776511910704,1,SUCCESS
A,gamma,919,1776511910703,1776511910704,1,SUCCESS
A,gamma,920,1776511910703,1776511910704,1,SUCCESS
A,gamma,921,1776511910703,1776511910704,1,SUCCESS
A,gamma,922,1776511910703,1776511910704,1,SUCCESS
A,gamma,923,1776511910703,1776511910704,1,SUCCESS
A,gamma,924,1776511910703,1776511910704,1,SUCCESS
A,gamma,925,1776511910703,1776511910704,1,SUCCESS
A,gamma,926,1776511910703,1776511910704,1,SUCCESS
A,gamma,927,1776511910703,1776511910704,1,SUCCESS
A,gamma,928,1776511910703,1776511910704,1,SUCCESS
A,gamma,929,1776511910703,1776511910704,1,SUCCESS
A,gamma,930,1776511910703,1776511910704,1,SUCCESS
A,gamma,931,1776511910703,1776511910704,1,SUCCESS
A,gamma,932,1776511910703,1776511910704,1,SUCCESS
A,gamma,933,1776511910703,1776511910704,1,SUCCESS
A,gamma,934,1776511910703,1776511910704,1,SUCCESS
A,gamma,935,1776511910703,1776511910704,1,SUCCESS
A,gamma,936,1776511910703,1776511910704,1,SUCCESS
A,gamma,937,1776511910703,1776511910704,1,SUCCESS
A,gamma,938,1776511910703,1776511910704,1,SUCCESS
A,gamma,939,1776511910703,1776511910704,1,SUCCESS
A,gamma,940,1776511910703,1776511910704,1,SUCCESS
A,gamma,941,1776511910703,1776511910704,1,SUCCESS
A,gamma,942,1776511910703,1776511910704,1,SUCCESS
A,gamma,943,1776511910703,1776511910704,1,SUCCESS
A,gamma,944,1776511910703,1776511910704,1,SUCCESS
A,gamma,945,1776511910703,1776511910704,1,SUCCESS
A,gamma,946,1776511910703,1776511910704,1,SUCCESS
A,gamma,947,1776511910703,1776511910704,1,SUCCESS
A,gamma,948,1776511910703,1776511910704,1,SUCCESS
A,gamma,949,1776511910703,1776511910704,1,SUCCESS
A,gamma,950,1776511910703,1776511910704,1,SUCCESS
A,gamma,951,1776511910703,1776511910704,1,SUCCESS
A,gamma,952,1776511910703,1776511910704,1,SUCCESS
A,gamma,953,1776511910703,1776511910704,1,SUCCESS
A,gamma,954,1776511910703,1776511910704,1,SUCCESS
A,gamma,955,1776511910703,1776511910704,1,SUCCESS
A,gamma,956,1776511910703,1776511910704,1,SUCCESS
A,gamma,957,1776511910703,1776511910704,1,SUCCESS
A,gamma,958,1776511910703,1776511910704,1,SUCCESS
A,gamma,959,1776511910703,1776511910704,1,SUCCESS
A,gamma,960,1776511910703,1776511910704,1,SUCCESS
A,gamma,961,1776511910703,1776511910704,1,SUCCESS
A,gamma,962,1776511910703,1776511910704,1,SUCCESS
A,gamma,963,1776511910703,1776511910704,1,SUCCESS
A,gamma,964,1776511910703,1776511910704,1,SUCCESS
A,gamma,965,1776511910703,1776511910704,1,SUCCESS
A,gamma,966,1776511910703,1776511910704,1,SUCCESS
A,gamma,967,1776511910703,1776511910704,1,SUCCESS
A,gamma,968,1776511910703,1776511910704,1,SUCCESS
A,gamma,969,1776511910703,1776511910704,1,SUCCESS
A,gamma,970,1776511910703,1776511910704,1,SUCCESS
A,gamma,971,1776511910703,1776511910704,1,SUCCESS
A,gamma,972,1776511910703,1776511910704,1,SUCCESS
A,gamma,973,1776511910703,1776511910704,1,SUCCESS
A,gamma,974,1776511910703,1776511910704,1,SUCCESS
A,gamma,975,1776511910703,1776511910704,1,SUCCESS
A,gamma,976,1776511910703,1776511910704,1,SUCCESS
A,gamma,977,1776511910703,1776511910704,1,SUCCESS
A,gamma,978,1776511910703,1776511910704,1,SUCCESS
A,gamma,979,1776511910703,1776511910704,1,SUCCESS
A,gamma,980,1776511910703,1776511910704,1,SUCCESS
A,gamma,981,1776511910703,1776511910704,1,SUCCESS
A,gamma,982,1776511910703,1776511910704,1,SUCCESS
A,gamma,983,1776511910703,1776511910704,1,SUCCESS
A,gamma,984,1776511910703,1776511910704,1,SUCCESS
A,gamma,985,1776511910703,1776511910704,1,SUCCESS
A,gamma,986,1776511910703,1776511910704,1,SUCCESS
A,gamma,987,1776511910703,1776511910704,1,SUCCESS
A,gamma,988,1776511910703,1776511910704,1,SUCCESS
A,gamma,989,1776511910703,1776511910704,1,SUCCESS
A,gamma,990,1776511910703,1776511910704,1,SUCCESS
A,gamma,991,1776511910703,1776511910704,1,SUCCESS
A,gamma,992,1776511910703,1776511910704,1,SUCCESS
A,gamma,993,1776511910703,1776511910704,1,SUCCESS
A,gamma,994,1776511910703,1776511910704,1,SUCCESS
A,gamma,995,1776511910703,1776511910704,1,SUCCESS
A,gamma,996,1776511910703,1776511910704,1,SUCCESS
A,gamma,997,1776511910703,1776511910704,1,SUCCESS
A,gamma,998,1776511910703,1776511910704,1,SUCCESS
A,gamma,999,1776511910703,1776511910704,1,SUCCESS
A,delta,0,1776511910703,1776511910704,1,SUCCESS
A,delta,1,1776511910703,1776511910704,1,SUCCESS
A,delta,2,1776511910703,1776511910704,1,SUCCESS
A,delta,3,1776511910703,1776511910704,1,SUCCESS
A,delta,4,1776511910703,1776511910704,1,SUCCESS
A,delta,5,1776511910703,1776511910704,1,SUCCESS
A,delta,6,1776511910703,1776511910704,1,SUCCESS
A,delta,7,1776511910703,1776511910704,1,SUCCESS
A,delta,8,1776511910703,1776511910704,1,SUCCESS
A,delta,9,1776511910703,1776511910704,1,SUCCESS
A,delta,10,1776511910703,1776511910704,1,SUCCESS
A,delta,11,1776511910703,1776511910704,1,SUCCESS
A,delta,12,1776511910703,1776511910704,1,SUCCESS
A,delta,13,1776511910703,1776511910704,1,SUCCESS
A,delta,14,1776511910703,1776511910704,1,SUCCESS
A,delta,15,1776511910703,1776511910704,1,SUCCESS
A,delta,16,1776511910703,1776511910704,1,SUCCESS
A,delta,17,1776511910703,1776511910704,1,SUCCESS
A,delta,18,1776511910703,1776511910704,1,SUCCESS
A,delta,19,1776511910703,1776511910704,1,SUCCESS
A,delta,20,1776511910703,1776511910704,1,SUCCESS
A,delta,21,1776511910703,1776511910704,1,SUCCESS
A,delta,22,1776511910703,1776511910704,1,SUCCESS
A,delta,23,1776511910703,1776511910704,1,SUCCESS
A,delta,24,1776511910703,1776511910704,1,SUCCESS
A,delta,25,1776511910703,1776511910704,1,SUCCESS
A,delta,26,1776511910703,1776511910704,1,SUCCESS
A,delta,27,1776511910703,1776511910704,1,SUCCESS
A,delta,28,1776511910703,1776511910704,1,SUCCESS
A,delta,29,1776511910703,1776511910704,1,SUCCESS
A,delta,30,1776511910703,1776511910704,1,SUCCESS
A,delta,31,1776511910703,1776511910704,1,SUCCESS
A,delta,32,1776511910703,1776511910704,1,SUCCESS
A,delta,33,1776511910703,1776511910704,1,SUCCESS
A,delta,34,1776511910703,1776511910704,1,SUCCESS
A,delta,35,1776511910703,1776511910704,1,SUCCESS
A,delta,36,1776511910703,1776511910704,1,SUCCESS
A,delta,37,1776511910703,1776511910704,1,SUCCESS
A,delta,38,1776511910703,1776511910704,1,SUCCESS
A,delta,39,1776511910704,1776511910704,0,SUCCESS
A,delta,40,1776511910704,1776511910704,0,SUCCESS
A,delta,41,1776511910704,1776511910704,0,SUCCESS
A,delta,42,1776511910704,1776511910704,0,SUCCESS
A,delta,43,1776511910704,1776511910704,0,SUCCESS
A,delta,44,1776511910704,1776511910704,0,SUCCESS
A,delta,45,1776511910704,1776511910704,0,SUCCESS
A,delta,46,1776511910704,1776511910704,0,SUCCESS
A,delta,47,1776511910704,1776511910704,0,SUCCESS
A,delta,48,1776511910704,1776511910704,0,SUCCESS
A,delta,49,1776511910704,1776511910704,0,SUCCESS
A,delta,50,1776511910704,1776511910704,0,SUCCESS
A,delta,51,1776511910704,1776511910704,0,SUCCESS
A,delta,52,1776511910704,1776511910704,0,SUCCESS
A,delta,53,1776511910704,1776511910704,0,SUCCESS
A,delta,54,1776511910704,1776511910704,0,SUCCESS
A,delta,55,1776511910704,1776511910704,0,SUCCESS
A,delta,56,1776511910704,1776511910704,0,SUCCESS
A,delta,57,1776511910704,1776511910704,0,SUCCESS
A,delta,58,1776511910704,1776511910704,0,SUCCESS
A,delta,59,1776511910704,1776511910704,0,SUCCESS
A,delta,60,1776511910704,1776511910704,0,SUCCESS
A,delta,61,1776511910704,1776511910704,0,SUCCESS
A,delta,62,1776511910704,1776511910704,0,SUCCESS
A,delta,63,1776511910704,1776511910704,0,SUCCESS
A,delta,64,1776511910704,1776511910704,0,SUCCESS
A,delta,65,1776511910704,1776511910704,0,SUCCESS
A,delta,66,1776511910704,1776511910704,0,SUCCESS
A,delta,67,1776511910704,1776511910704,0,SUCCESS
A,delta,68,1776511910704,1776511910704,0,SUCCESS
A,delta,69,1776511910704,1776511910704,0,SUCCESS
A,delta,70,1776511910704,1776511910704,0,SUCCESS
A,delta,71,1776511910704,1776511910704,0,SUCCESS
A,delta,72,1776511910704,1776511910704,0,SUCCESS
A,delta,73,1776511910704,1776511910704,0,SUCCESS
A,delta,74,1776511910704,1776511910704,0,SUCCESS
A,delta,75,1776511910704,1776511910704,0,SUCCESS
A,delta,76,1776511910704,1776511910704,0,SUCCESS
A,delta,77,1776511910704,1776511910704,0,SUCCESS
A,delta,78,1776511910704,1776511910704,0,SUCCESS
A,delta,79,1776511910704,1776511910704,0,SUCCESS
A,delta,80,1776511910704,1776511910704,0,SUCCESS
A,delta,81,1776511910704,1776511910704,0,SUCCESS
A,delta,82,1776511910704,1776511910704,0,SUCCESS
A,delta,83,1776511910704,1776511910704,0,SUCCESS
A,delta,84,1776511910704,1776511910704,0,SUCCESS
A,delta,85,1776511910704,1776511910704,0,SUCCESS
A,delta,86,1776511910704,1776511910704,0,SUCCESS
A,delta,87,1776511910704,1776511910704,0,SUCCESS
A,delta,88,1776511910704,1776511910704,0,SUCCESS
A,delta,89,1776511910704,1776511910704,0,SUCCESS
A,delta,90,1776511910704,1776511910704,0,SUCCESS
A,delta,91,1776511910704,1776511910704,0,SUCCESS
A,delta,92,1776511910704,1776511910704,0,SUCCESS
A,delta,93,1776511910704,1776511910704,0,SUCCESS
A,delta,94,1776511910704,1776511910704,0,SUCCESS
A,delta,95,1776511910704,1776511910704,0,SUCCESS
A,delta,96,1776511910704,1776511910704,0,SUCCESS
A,delta,97,1776511910704,1776511910704,0,SUCCESS
A,delta,98,1776511910704,1776511910704,0,SUCCESS
A,delta,99,1776511910704,1776511910704,0,SUCCESS
A,delta,100,1776511910704,1776511910704,0,SUCCESS
A,delta,101,1776511910704,1776511910704,0,SUCCESS
A,delta,102,1776511910704,1776511910704,0,SUCCESS
A,delta,103,1776511910704,1776511910704,0,SUCCESS
A,delta,104,1776511910704,1776511910704,0,SUCCESS
A,delta,105,1776511910704,1776511910704,0,SUCCESS
A,delta,106,1776511910704,1776511910704,0,SUCCESS
A,delta,107,1776511910704,1776511910704,0,SUCCESS
A,delta,108,1776511910704,1776511910704,0,SUCCESS
A,delta,109,1776511910704,1776511910704,0,SUCCESS
A,delta,110,1776511910704,1776511910704,0,SUCCESS
A,delta,111,1776511910704,1776511910704,0,SUCCESS
A,delta,112,1776511910704,1776511910704,0,SUCCESS
A,delta,113,1776511910704,1776511910704,0,SUCCESS
A,delta,114,1776511910704,1776511910704,0,SUCCESS
A,delta,115,1776511910704,1776511910704,0,SUCCESS
A,delta,116,1776511910704,1776511910704,0,SUCCESS
A,delta,117,1776511910704,1776511910704,0,SUCCESS
A,delta,118,1776511910704,1776511910704,0,SUCCESS
A,delta,119,1776511910704,1776511910704,0,SUCCESS
A,delta,120,1776511910704,1776511910704,0,SUCCESS
A,delta,121,1776511910704,1776511910704,0,SUCCESS
A,delta,122,1776511910704,1776511910704,0,SUCCESS
A,delta,123,1776511910704,1776511910704,0,SUCCESS
A,delta,124,1776511910704,1776511910704,0,SUCCESS
A,delta,125,1776511910704,1776511910704,0,SUCCESS
A,delta,126,1776511910704,1776511910704,0,SUCCESS
A,delta,127,1776511910704,1776511910704,0,SUCCESS
A,delta,128,1776511910704,1776511910704,0,SUCCESS
A,delta,129,1776511910704,1776511910704,0,SUCCESS
A,delta,130,1776511910704,1776511910704,0,SUCCESS
A,delta,131,1776511910704,1776511910704,0,SUCCESS
A,delta,132,1776511910704,1776511910704,0,SUCCESS
A,delta,133,1776511910704,1776511910704,0,SUCCESS
A,delta,134,1776511910704,1776511910704,0,SUCCESS
A,delta,135,1776511910704,1776511910704,0,SUCCESS
A,delta,136,1776511910704,1776511910704,0,SUCCESS
A,delta,137,1776511910704,1776511910704,0,SUCCESS
A,delta,138,1776511910704,1776511910704,0,SUCCESS
A,delta,139,1776511910704,1776511910704,0,SUCCESS
A,delta,140,1776511910704,1776511910704,0,SUCCESS
A,delta,141,1776511910704,1776511910704,0,SUCCESS
A,delta,142,1776511910704,1776511910704,0,SUCCESS
A,delta,143,1776511910704,1776511910704,0,SUCCESS
A,delta,144,1776511910704,1776511910704,0,SUCCESS
A,delta,145,1776511910704,1776511910704,0,SUCCESS
A,delta,146,1776511910704,1776511910704,0,SUCCESS
A,delta,147,1776511910704,1776511910704,0,SUCCESS
A,delta,148,1776511910704,1776511910704,0,SUCCESS
A,delta,149,1776511910704,1776511910704,0,SUCCESS
A,delta,150,1776511910704,1776511910704,0,SUCCESS
A,delta,151,1776511910704,1776511910704,0,SUCCESS
A,delta,152,1776511910704,1776511910704,0,SUCCESS
A,delta,153,1776511910704,1776511910704,0,SUCCESS
A,delta,154,1776511910704,1776511910704,0,SUCCESS
A,delta,155,1776511910704,1776511910704,0,SUCCESS
A,delta,156,1776511910704,1776511910704,0,SUCCESS
A,delta,157,1776511910704,1776511910704,0,SUCCESS
A,delta,158,1776511910704,1776511910704,0,SUCCESS
A,delta,159,1776511910704,1776511910704,0,SUCCESS
A,delta,160,1776511910704,1776511910704,0,SUCCESS
A,delta,161,1776511910704,1776511910704,0,SUCCESS
A,delta,162,1776511910704,1776511910704,0,SUCCESS
A,delta,163,1776511910704,1776511910704,0,SUCCESS
A,delta,164,1776511910704,1776511910704,0,SUCCESS
A,delta,165,1776511910704,1776511910704,0,SUCCESS
A,delta,166,1776511910704,1776511910704,0,SUCCESS
A,delta,167,1776511910704,1776511910704,0,SUCCESS
A,delta,168,1776511910704,1776511910704,0,SUCCESS
A,delta,169,1776511910704,1776511910704,0,SUCCESS
A,delta,170,1776511910704,1776511910704,0,SUCCESS
A,delta,171,1776511910704,1776511910704,0,SUCCESS
A,delta,172,1776511910704,1776511910704,0,SUCCESS
A,delta,173,1776511910704,1776511910704,0,SUCCESS
A,delta,174,1776511910704,1776511910704,0,SUCCESS
A,delta,175,1776511910704,1776511910704,0,SUCCESS
A,delta,176,1776511910704,1776511910704,0,SUCCESS
A,delta,177,1776511910704,1776511910704,0,SUCCESS
A,delta,178,1776511910704,1776511910704,0,SUCCESS
A,delta,179,1776511910704,1776511910704,0,SUCCESS
A,delta,180,1776511910704,1776511910704,0,SUCCESS
A,delta,181,1776511910704,1776511910704,0,SUCCESS
A,delta,182,1776511910704,1776511910704,0,SUCCESS
A,delta,183,1776511910704,1776511910704,0,SUCCESS
A,delta,184,1776511910704,1776511910704,0,SUCCESS
A,delta,185,1776511910704,1776511910704,0,SUCCESS
A,delta,186,1776511910704,1776511910704,0,SUCCESS
A,delta,187,1776511910704,1776511910704,0,SUCCESS
A,delta,188,1776511910704,1776511910704,0,SUCCESS
A,delta,189,1776511910704,1776511910704,0,SUCCESS
A,delta,190,1776511910704,1776511910704,0,SUCCESS
A,delta,191,1776511910704,1776511910704,0,SUCCESS
A,delta,192,1776511910704,1776511910704,0,SUCCESS
A,delta,193,1776511910704,1776511910704,0,SUCCESS
A,delta,194,1776511910704,1776511910704,0,SUCCESS
A,delta,195,1776511910704,1776511910704,0,SUCCESS
A,delta,196,1776511910704,1776511910704,0,SUCCESS
A,delta,197,1776511910704,1776511910704,0,SUCCESS
A,delta,198,1776511910704,1776511910704,0,SUCCESS
A,delta,199,1776511910704,1776511910704,0,SUCCESS
A,delta,200,1776511910704,1776511910704,0,SUCCESS
A,delta,201,1776511910704,1776511910704,0,SUCCESS
A,delta,202,1776511910704,1776511910704,0,SUCCESS
A,delta,203,1776511910704,1776511910704,0,SUCCESS
A,delta,204,1776511910704,1776511910704,0,SUCCESS
A,delta,205,1776511910704,1776511910704,0,SUCCESS
A,delta,206,1776511910704,1776511910704,0,SUCCESS
A,delta,207,1776511910704,1776511910704,0,SUCCESS
A,delta,208,1776511910704,1776511910704,0,SUCCESS
A,delta,209,1776511910704,1776511910704,0,SUCCESS
A,delta,210,1776511910704,1776511910704,0,SUCCESS
A,delta,211,1776511910704,1776511910704,0,SUCCESS
A,delta,212,1776511910704,1776511910704,0,SUCCESS
A,delta,213,1776511910704,1776511910704,0,SUCCESS
A,delta,214,1776511910704,1776511910704,0,SUCCESS
A,delta,215,1776511910704,1776511910704,0,SUCCESS
A,delta,216,1776511910704,1776511910704,0,SUCCESS
A,delta,217,1776511910704,1776511910704,0,SUCCESS
A,delta,218,1776511910704,1776511910704,0,SUCCESS
A,delta,219,1776511910704,1776511910704,0,SUCCESS
A,delta,220,1776511910704,1776511910704,0,SUCCESS
A,delta,221,1776511910704,1776511910704,0,SUCCESS
A,delta,222,1776511910704,1776511910704,0,SUCCESS
A,delta,223,1776511910704,1776511910704,0,SUCCESS
A,delta,224,1776511910704,1776511910704,0,SUCCESS
A,delta,225,1776511910704,1776511910704,0,SUCCESS
A,delta,226,1776511910704,1776511910704,0,SUCCESS
A,delta,227,1776511910704,1776511910704,0,SUCCESS
A,delta,228,1776511910704,1776511910704,0,SUCCESS
A,delta,229,1776511910704,1776511910704,0,SUCCESS
A,delta,230,1776511910704,1776511910704,0,SUCCESS
A,delta,231,1776511910704,1776511910704,0,SUCCESS
A,delta,232,1776511910704,1776511910704,0,SUCCESS
A,delta,233,1776511910704,1776511910704,0,SUCCESS
A,delta,234,1776511910704,1776511910704,0,SUCCESS
A,delta,235,1776511910704,1776511910704,0,SUCCESS
A,delta,236,1776511910704,1776511910704,0,SUCCESS
A,delta,237,1776511910704,1776511910704,0,SUCCESS
A,delta,238,1776511910704,1776511910704,0,SUCCESS
A,delta,239,1776511910704,1776511910704,0,SUCCESS
A,delta,240,1776511910704,1776511910704,0,SUCCESS
A,delta,241,1776511910704,1776511910704,0,SUCCESS
A,delta,242,1776511910704,1776511910704,0,SUCCESS
A,delta,243,1776511910704,1776511910704,0,SUCCESS
A,delta,244,1776511910704,1776511910704,0,SUCCESS
A,delta,245,1776511910704,1776511910704,0,SUCCESS
A,delta,246,1776511910704,1776511910704,0,SUCCESS
A,delta,247,1776511910704,1776511910704,0,SUCCESS
A,delta,248,1776511910704,1776511910704,0,SUCCESS
A,delta,249,1776511910704,1776511910704,0,SUCCESS
A,delta,250,1776511910704,1776511910704,0,SUCCESS
A,delta,251,1776511910704,1776511910704,0,SUCCESS
A,delta,252,1776511910704,1776511910704,0,SUCCESS
A,delta,253,1776511910704,1776511910704,0,SUCCESS
A,delta,254,1776511910704,1776511910704,0,SUCCESS
A,delta,255,1776511910704,1776511910704,0,SUCCESS
A,delta,256,1776511910704,1776511910704,0,SUCCESS
A,delta,257,1776511910704,1776511910704,0,SUCCESS
A,delta,258,1776511910704,1776511910704,0,SUCCESS
A,delta,259,1776511910704,1776511910704,0,SUCCESS
A,delta,260,1776511910704,1776511910704,0,SUCCESS
A,delta,261,1776511910704,1776511910704,0,SUCCESS
A,delta,262,1776511910704,1776511910704,0,SUCCESS
A,delta,263,1776511910704,1776511910704,0,SUCCESS
A,delta,264,1776511910704,1776511910704,0,SUCCESS
A,delta,265,1776511910704,1776511910704,0,SUCCESS
A,delta,266,1776511910704,1776511910704,0,SUCCESS
A,delta,267,1776511910704,1776511910704,0,SUCCESS
A,delta,268,1776511910704,1776511910704,0,SUCCESS
A,delta,269,1776511910704,1776511910704,0,SUCCESS
A,delta,270,1776511910704,1776511910704,0,SUCCESS
A,delta,271,1776511910704,1776511910704,0,SUCCESS
A,delta,272,1776511910704,1776511910704,0,SUCCESS
A,delta,273,1776511910704,1776511910704,0,SUCCESS
A,delta,274,1776511910704,1776511910704,0,SUCCESS
A,delta,275,1776511910704,1776511910704,0,SUCCESS
A,delta,276,1776511910704,1776511910704,0,SUCCESS
A,delta,277,1776511910704,1776511910704,0,SUCCESS
A,delta,278,1776511910704,1776511910704,0,SUCCESS
A,delta,279,1776511910704,1776511910704,0,SUCCESS
A,delta,280,1776511910704,1776511910704,0,SUCCESS
A,delta,281,1776511910704,1776511910704,0,SUCCESS
A,delta,282,1776511910704,1776511910704,0,SUCCESS
A,delta,283,1776511910704,1776511910704,0,SUCCESS
A,delta,284,1776511910704,1776511910704,0,SUCCESS
A,delta,285,1776511910704,1776511910704,0,SUCCESS
A,delta,286,1776511910704,1776511910704,0,SUCCESS
A,delta,287,1776511910704,1776511910704,0,SUCCESS
A,delta,288,1776511910704,1776511910704,0,SUCCESS
A,delta,289,1776511910704,1776511910704,0,SUCCESS
A,delta,290,1776511910704,1776511910704,0,SUCCESS
A,delta,291,1776511910704,1776511910704,0,SUCCESS
A,delta,292,1776511910704,1776511910704,0,SUCCESS
A,delta,293,1776511910704,1776511910704,0,SUCCESS
A,delta,294,1776511910704,1776511910704,0,SUCCESS
A,delta,295,1776511910704,1776511910704,0,SUCCESS
A,delta,296,1776511910704,1776511910704,0,SUCCESS
A,delta,297,1776511910704,1776511910704,0,SUCCESS
A,delta,298,1776511910704,1776511910704,0,SUCCESS
A,delta,299,1776511910704,1776511910704,0,SUCCESS
A,delta,300,1776511910704,1776511910704,0,SUCCESS
A,delta,301,1776511910704,1776511910704,0,SUCCESS
A,delta,302,1776511910704,1776511910704,0,SUCCESS
A,delta,303,1776511910704,1776511910704,0,SUCCESS
A,delta,304,1776511910704,1776511910704,0,SUCCESS
A,delta,305,1776511910704,1776511910704,0,SUCCESS
A,delta,306,1776511910704,1776511910704,0,SUCCESS
A,delta,307,1776511910704,1776511910704,0,SUCCESS
A,delta,308,1776511910704,1776511910704,0,SUCCESS
A,delta,309,1776511910704,1776511910704,0,SUCCESS
A,delta,310,1776511910704,1776511910704,0,SUCCESS
A,delta,311,1776511910704,1776511910704,0,SUCCESS
A,delta,312,1776511910704,1776511910704,0,SUCCESS
A,delta,313,1776511910704,1776511910705,1,SUCCESS
A,delta,314,1776511910704,1776511910705,1,SUCCESS
A,delta,315,1776511910704,1776511910705,1,SUCCESS
A,delta,316,1776511910704,1776511910705,1,SUCCESS
A,delta,317,1776511910704,1776511910705,1,SUCCESS
A,delta,318,1776511910704,1776511910705,1,SUCCESS
A,delta,319,1776511910704,1776511910705,1,SUCCESS
A,delta,320,1776511910704,1776511910705,1,SUCCESS
A,delta,321,1776511910704,1776511910705,1,SUCCESS
A,delta,322,1776511910704,1776511910705,1,SUCCESS
A,delta,323,1776511910704,1776511910705,1,SUCCESS
A,delta,324,1776511910704,1776511910705,1,SUCCESS
A,delta,325,1776511910704,1776511910705,1,SUCCESS
A,delta,326,1776511910704,1776511910705,1,SUCCESS
A,delta,327,1776511910704,1776511910705,1,SUCCESS
A,delta,328,1776511910704,1776511910705,1,SUCCESS
A,delta,329,1776511910704,1776511910705,1,SUCCESS
A,delta,330,1776511910704,1776511910705,1,SUCCESS
A,delta,331,1776511910704,1776511910705,1,SUCCESS
A,delta,332,1776511910704,1776511910705,1,SUCCESS
A,delta,333,1776511910704,1776511910705,1,SUCCESS
A,delta,334,1776511910704,1776511910705,1,SUCCESS
A,delta,335,1776511910704,1776511910705,1,SUCCESS
A,delta,336,1776511910704,1776511910705,1,SUCCESS
A,delta,337,1776511910704,1776511910705,1,SUCCESS
A,delta,338,1776511910704,1776511910705,1,SUCCESS
A,delta,339,1776511910704,1776511910705,1,SUCCESS
A,delta,340,1776511910704,1776511910705,1,SUCCESS
A,delta,341,1776511910704,1776511910705,1,SUCCESS
A,delta,342,1776511910704,1776511910705,1,SUCCESS
A,delta,343,1776511910704,1776511910705,1,SUCCESS
A,delta,344,1776511910704,1776511910705,1,SUCCESS
A,delta,345,1776511910704,1776511910705,1,SUCCESS
A,delta,346,1776511910704,1776511910705,1,SUCCESS
A,delta,347,1776511910704,1776511910705,1,SUCCESS
A,delta,348,1776511910704,1776511910705,1,SUCCESS
A,delta,349,1776511910704,1776511910705,1,SUCCESS
A,delta,350,1776511910704,1776511910705,1,SUCCESS
A,delta,351,1776511910704,1776511910705,1,SUCCESS
A,delta,352,1776511910704,1776511910705,1,SUCCESS
A,delta,353,1776511910704,1776511910705,1,SUCCESS
A,delta,354,1776511910704,1776511910705,1,SUCCESS
A,delta,355,1776511910704,1776511910705,1,SUCCESS
A,delta,356,1776511910704,1776511910705,1,SUCCESS
A,delta,357,1776511910704,1776511910705,1,SUCCESS
A,delta,358,1776511910704,1776511910705,1,SUCCESS
A,delta,359,1776511910704,1776511910705,1,SUCCESS
A,delta,360,1776511910704,1776511910705,1,SUCCESS
A,delta,361,1776511910704,1776511910705,1,SUCCESS
A,delta,362,1776511910704,1776511910705,1,SUCCESS
A,delta,363,1776511910704,1776511910705,1,SUCCESS
A,delta,364,1776511910704,1776511910705,1,SUCCESS
A,delta,365,1776511910704,1776511910705,1,SUCCESS
A,delta,366,1776511910704,1776511910705,1,SUCCESS
A,delta,367,1776511910704,1776511910705,1,SUCCESS
A,delta,368,1776511910704,1776511910705,1,SUCCESS
A,delta,369,1776511910704,1776511910705,1,SUCCESS
A,delta,370,1776511910704,1776511910705,1,SUCCESS
A,delta,371,1776511910704,1776511910705,1,SUCCESS
A,delta,372,1776511910704,1776511910705,1,SUCCESS
A,delta,373,1776511910704,1776511910705,1,SUCCESS
A,delta,374,1776511910704,1776511910705,1,SUCCESS
A,delta,375,1776511910704,1776511910705,1,SUCCESS
A,delta,376,1776511910704,1776511910705,1,SUCCESS
A,delta,377,1776511910704,1776511910705,1,SUCCESS
A,delta,378,1776511910704,1776511910705,1,SUCCESS
A,delta,379,1776511910704,1776511910705,1,SUCCESS
A,delta,380,1776511910704,1776511910705,1,SUCCESS
A,delta,381,1776511910704,1776511910705,1,SUCCESS
A,delta,382,1776511910704,1776511910705,1,SUCCESS
A,delta,383,1776511910704,1776511910705,1,SUCCESS
A,delta,384,1776511910704,1776511910705,1,SUCCESS
A,delta,385,1776511910704,1776511910705,1,SUCCESS
A,delta,386,1776511910704,1776511910705,1,SUCCESS
A,delta,387,1776511910704,1776511910705,1,SUCCESS
A,delta,388,1776511910704,1776511910705,1,SUCCESS
A,delta,389,1776511910704,1776511910705,1,SUCCESS
A,delta,390,1776511910704,1776511910705,1,SUCCESS
A,delta,391,1776511910704,1776511910705,1,SUCCESS
A,delta,392,1776511910704,1776511910705,1,SUCCESS
A,delta,393,1776511910704,1776511910705,1,SUCCESS
A,delta,394,1776511910704,1776511910705,1,SUCCESS
A,delta,395,1776511910704,1776511910705,1,SUCCESS
A,delta,396,1776511910704,1776511910705,1,SUCCESS
A,delta,397,1776511910704,1776511910705,1,SUCCESS
A,delta,398,1776511910704,1776511910705,1,SUCCESS
A,delta,399,1776511910704,1776511910705,1,SUCCESS
A,delta,400,1776511910704,1776511910705,1,SUCCESS
A,delta,401,1776511910704,1776511910705,1,SUCCESS
A,delta,402,1776511910704,1776511910705,1,SUCCESS
A,delta,403,1776511910704,1776511910705,1,SUCCESS
A,delta,404,1776511910704,1776511910705,1,SUCCESS
A,delta,405,1776511910704,1776511910705,1,SUCCESS
A,delta,406,1776511910704,1776511910705,1,SUCCESS
A,delta,407,1776511910704,1776511910705,1,SUCCESS
A,delta,408,1776511910704,1776511910705,1,SUCCESS
A,delta,409,1776511910704,1776511910705,1,SUCCESS
A,delta,410,1776511910704,1776511910705,1,SUCCESS
A,delta,411,1776511910704,1776511910705,1,SUCCESS
A,delta,412,1776511910704,1776511910705,1,SUCCESS
A,delta,413,1776511910704,1776511910705,1,SUCCESS
A,delta,414,1776511910704,1776511910705,1,SUCCESS
A,delta,415,1776511910704,1776511910705,1,SUCCESS
A,delta,416,1776511910704,1776511910705,1,SUCCESS
A,delta,417,1776511910704,1776511910705,1,SUCCESS
A,delta,418,1776511910704,1776511910705,1,SUCCESS
A,delta,419,1776511910704,1776511910705,1,SUCCESS
A,delta,420,1776511910704,1776511910705,1,SUCCESS
A,delta,421,1776511910704,1776511910705,1,SUCCESS
A,delta,422,1776511910704,1776511910705,1,SUCCESS
A,delta,423,1776511910704,1776511910705,1,SUCCESS
A,delta,424,1776511910704,1776511910705,1,SUCCESS
A,delta,425,1776511910704,1776511910705,1,SUCCESS
A,delta,426,1776511910704,1776511910705,1,SUCCESS
A,delta,427,1776511910704,1776511910705,1,SUCCESS
A,delta,428,1776511910704,1776511910705,1,SUCCESS
A,delta,429,1776511910704,1776511910705,1,SUCCESS
A,delta,430,1776511910704,1776511910705,1,SUCCESS
A,delta,431,1776511910704,1776511910705,1,SUCCESS
A,delta,432,1776511910704,1776511910705,1,SUCCESS
A,delta,433,1776511910704,1776511910705,1,SUCCESS
A,delta,434,1776511910704,1776511910705,1,SUCCESS
A,delta,435,1776511910704,1776511910705,1,SUCCESS
A,delta,436,1776511910704,1776511910705,1,SUCCESS
A,delta,437,1776511910704,1776511910705,1,SUCCESS
A,delta,438,1776511910704,1776511910705,1,SUCCESS
A,delta,439,1776511910704,1776511910705,1,SUCCESS
A,delta,440,1776511910704,1776511910705,1,SUCCESS
A,delta,441,1776511910704,1776511910705,1,SUCCESS
A,delta,442,1776511910704,1776511910705,1,SUCCESS
A,delta,443,1776511910704,1776511910705,1,SUCCESS
A,delta,444,1776511910704,1776511910705,1,SUCCESS
A,delta,445,1776511910704,1776511910705,1,SUCCESS
A,delta,446,1776511910704,1776511910705,1,SUCCESS
A,delta,447,1776511910704,1776511910705,1,SUCCESS
A,delta,448,1776511910704,1776511910705,1,SUCCESS
A,delta,449,1776511910704,1776511910705,1,SUCCESS
A,delta,450,1776511910704,1776511910705,1,SUCCESS
A,delta,451,1776511910704,1776511910705,1,SUCCESS
A,delta,452,1776511910704,1776511910705,1,SUCCESS
A,delta,453,1776511910704,1776511910705,1,SUCCESS
A,delta,454,1776511910704,1776511910705,1,SUCCESS
A,delta,455,1776511910704,1776511910705,1,SUCCESS
A,delta,456,1776511910704,1776511910705,1,SUCCESS
A,delta,457,1776511910704,1776511910705,1,SUCCESS
A,delta,458,1776511910704,1776511910705,1,SUCCESS
A,delta,459,1776511910704,1776511910705,1,SUCCESS
A,delta,460,1776511910704,1776511910705,1,SUCCESS
A,delta,461,1776511910704,1776511910705,1,SUCCESS
A,delta,462,1776511910704,1776511910705,1,SUCCESS
A,delta,463,1776511910704,1776511910705,1,SUCCESS
A,delta,464,1776511910704,1776511910705,1,SUCCESS
A,delta,465,1776511910704,1776511910705,1,SUCCESS
A,delta,466,1776511910704,1776511910705,1,SUCCESS
A,delta,467,1776511910704,1776511910705,1,SUCCESS
A,delta,468,1776511910704,1776511910705,1,SUCCESS
A,delta,469,1776511910704,1776511910705,1,SUCCESS
A,delta,470,1776511910704,1776511910705,1,SUCCESS
A,delta,471,1776511910704,1776511910705,1,SUCCESS
A,delta,472,1776511910704,1776511910705,1,SUCCESS
A,delta,473,1776511910704,1776511910705,1,SUCCESS
A,delta,474,1776511910704,1776511910705,1,SUCCESS
A,delta,475,1776511910704,1776511910705,1,SUCCESS
A,delta,476,1776511910704,1776511910705,1,SUCCESS
A,delta,477,1776511910704,1776511910705,1,SUCCESS
A,delta,478,1776511910704,1776511910705,1,SUCCESS
A,delta,479,1776511910704,1776511910705,1,SUCCESS
A,delta,480,1776511910704,1776511910705,1,SUCCESS
A,delta,481,1776511910704,1776511910705,1,SUCCESS
A,delta,482,1776511910704,1776511910705,1,SUCCESS
A,delta,483,1776511910704,1776511910705,1,SUCCESS
A,delta,484,1776511910704,1776511910705,1,SUCCESS
A,delta,485,1776511910704,1776511910705,1,SUCCESS
A,delta,486,1776511910704,1776511910705,1,SUCCESS
A,delta,487,1776511910704,1776511910705,1,SUCCESS
A,delta,488,1776511910704,1776511910705,1,SUCCESS
A,delta,489,1776511910704,1776511910705,1,SUCCESS
A,delta,490,1776511910704,1776511910705,1,SUCCESS
A,delta,491,1776511910704,1776511910705,1,SUCCESS
A,delta,492,1776511910704,1776511910705,1,SUCCESS
A,delta,493,1776511910704,1776511910705,1,SUCCESS
A,delta,494,1776511910704,1776511910705,1,SUCCESS
A,delta,495,1776511910704,1776511910705,1,SUCCESS
A,delta,496,1776511910704,1776511910705,1,SUCCESS
A,delta,497,1776511910704,1776511910705,1,SUCCESS
A,delta,498,1776511910704,1776511910705,1,SUCCESS
A,delta,499,1776511910704,1776511910705,1,SUCCESS
A,delta,500,1776511910704,1776511910705,1,SUCCESS
A,delta,501,1776511910704,1776511910705,1,SUCCESS
A,delta,502,1776511910704,1776511910705,1,SUCCESS
A,delta,503,1776511910704,1776511910705,1,SUCCESS
A,delta,504,1776511910704,1776511910705,1,SUCCESS
A,delta,505,1776511910704,1776511910705,1,SUCCESS
A,delta,506,1776511910704,1776511910705,1,SUCCESS
A,delta,507,1776511910704,1776511910705,1,SUCCESS
A,delta,508,1776511910704,1776511910705,1,SUCCESS
A,delta,509,1776511910704,1776511910705,1,SUCCESS
A,delta,510,1776511910704,1776511910705,1,SUCCESS
A,delta,511,1776511910704,1776511910705,1,SUCCESS
A,delta,512,1776511910704,1776511910705,1,SUCCESS
A,delta,513,1776511910704,1776511910705,1,SUCCESS
A,delta,514,1776511910705,1776511910705,0,SUCCESS
A,delta,515,1776511910705,1776511910705,0,SUCCESS
A,delta,516,1776511910705,1776511910705,0,SUCCESS
A,delta,517,1776511910705,1776511910705,0,SUCCESS
A,delta,518,1776511910705,1776511910705,0,SUCCESS
A,delta,519,1776511910705,1776511910705,0,SUCCESS
A,delta,520,1776511910705,1776511910705,0,SUCCESS
A,delta,521,1776511910705,1776511910705,0,SUCCESS
A,delta,522,1776511910705,1776511910705,0,SUCCESS
A,delta,523,1776511910705,1776511910705,0,SUCCESS
A,delta,524,1776511910705,1776511910705,0,SUCCESS
A,delta,525,1776511910705,1776511910705,0,SUCCESS
A,delta,526,1776511910705,1776511910705,0,SUCCESS
A,delta,527,1776511910705,1776511910705,0,SUCCESS
A,delta,528,1776511910705,1776511910705,0,SUCCESS
A,delta,529,1776511910705,1776511910705,0,SUCCESS
A,delta,530,1776511910705,1776511910705,0,SUCCESS
A,delta,531,1776511910705,1776511910705,0,SUCCESS
A,delta,532,1776511910705,1776511910705,0,SUCCESS
A,delta,533,1776511910705,1776511910705,0,SUCCESS
A,delta,534,1776511910705,1776511910705,0,SUCCESS
A,delta,535,1776511910705,1776511910705,0,SUCCESS
A,delta,536,1776511910705,1776511910705,0,SUCCESS
A,delta,537,1776511910705,1776511910705,0,SUCCESS
A,delta,538,1776511910705,1776511910705,0,SUCCESS
A,delta,539,1776511910705,1776511910705,0,SUCCESS
A,delta,540,1776511910705,1776511910705,0,SUCCESS
A,delta,541,1776511910705,1776511910705,0,SUCCESS
A,delta,542,1776511910705,1776511910705,0,SUCCESS
A,delta,543,1776511910705,1776511910705,0,SUCCESS
A,delta,544,1776511910705,1776511910705,0,SUCCESS
A,delta,545,1776511910705,1776511910705,0,SUCCESS
A,delta,546,1776511910705,1776511910705,0,SUCCESS
A,delta,547,1776511910705,1776511910705,0,SUCCESS
A,delta,548,1776511910705,1776511910705,0,SUCCESS
A,delta,549,1776511910705,1776511910705,0,SUCCESS
A,delta,550,1776511910705,1776511910705,0,SUCCESS
A,delta,551,1776511910705,1776511910705,0,SUCCESS
A,delta,552,1776511910705,1776511910705,0,SUCCESS
A,delta,553,1776511910705,1776511910705,0,SUCCESS
A,delta,554,1776511910705,1776511910705,0,SUCCESS
A,delta,555,1776511910705,1776511910705,0,SUCCESS
A,delta,556,1776511910705,1776511910705,0,SUCCESS
A,delta,557,1776511910705,1776511910705,0,SUCCESS
A,delta,558,1776511910705,1776511910705,0,SUCCESS
A,delta,559,1776511910705,1776511910705,0,SUCCESS
A,delta,560,1776511910705,1776511910705,0,SUCCESS
A,delta,561,1776511910705,1776511910705,0,SUCCESS
A,delta,562,1776511910705,1776511910705,0,SUCCESS
A,delta,563,1776511910705,1776511910705,0,SUCCESS
A,delta,564,1776511910705,1776511910705,0,SUCCESS
A,delta,565,1776511910705,1776511910705,0,SUCCESS
A,delta,566,1776511910705,1776511910705,0,SUCCESS
A,delta,567,1776511910705,1776511910705,0,SUCCESS
A,delta,568,1776511910705,1776511910705,0,SUCCESS
A,delta,569,1776511910705,1776511910705,0,SUCCESS
A,delta,570,1776511910705,1776511910705,0,SUCCESS
A,delta,571,1776511910705,1776511910705,0,SUCCESS
A,delta,572,1776511910705,1776511910705,0,SUCCESS
A,delta,573,1776511910705,1776511910705,0,SUCCESS
A,delta,574,1776511910705,1776511910705,0,SUCCESS
A,delta,575,1776511910705,1776511910705,0,SUCCESS
A,delta,576,1776511910705,1776511910705,0,SUCCESS
A,delta,577,1776511910705,1776511910705,0,SUCCESS
A,delta,578,1776511910705,1776511910705,0,SUCCESS
A,delta,579,1776511910705,1776511910705,0,SUCCESS
A,delta,580,1776511910705,1776511910705,0,SUCCESS
A,delta,581,1776511910705,1776511910705,0,SUCCESS
A,delta,582,1776511910705,1776511910705,0,SUCCESS
A,delta,583,1776511910705,1776511910705,0,SUCCESS
A,delta,584,1776511910705,1776511910705,0,SUCCESS
A,delta,585,1776511910705,1776511910705,0,SUCCESS
A,delta,586,1776511910705,1776511910705,0,SUCCESS
A,delta,587,1776511910705,1776511910705,0,SUCCESS
A,delta,588,1776511910705,1776511910705,0,SUCCESS
A,delta,589,1776511910705,1776511910705,0,SUCCESS
A,delta,590,1776511910705,1776511910705,0,SUCCESS
A,delta,591,1776511910705,1776511910705,0,SUCCESS
A,delta,592,1776511910705,1776511910705,0,SUCCESS
A,delta,593,1776511910705,1776511910705,0,SUCCESS
A,delta,594,1776511910705,1776511910705,0,SUCCESS
A,delta,595,1776511910705,1776511910705,0,SUCCESS
A,delta,596,1776511910705,1776511910705,0,SUCCESS
A,delta,597,1776511910705,1776511910705,0,SUCCESS
A,delta,598,1776511910705,1776511910705,0,SUCCESS
A,delta,599,1776511910705,1776511910705,0,SUCCESS
A,delta,600,1776511910705,1776511910705,0,SUCCESS
A,delta,601,1776511910705,1776511910705,0,SUCCESS
A,delta,602,1776511910705,1776511910705,0,SUCCESS
A,delta,603,1776511910705,1776511910705,0,SUCCESS
A,delta,604,1776511910705,1776511910705,0,SUCCESS
A,delta,605,1776511910705,1776511910705,0,SUCCESS
A,delta,606,1776511910705,1776511910705,0,SUCCESS
A,delta,607,1776511910705,1776511910705,0,SUCCESS
A,delta,608,1776511910705,1776511910705,0,SUCCESS
A,delta,609,1776511910705,1776511910705,0,SUCCESS
A,delta,610,1776511910705,1776511910705,0,SUCCESS
A,delta,611,1776511910705,1776511910705,0,SUCCESS
A,delta,612,1776511910705,1776511910705,0,SUCCESS
A,delta,613,1776511910705,1776511910705,0,SUCCESS
A,delta,614,1776511910705,1776511910705,0,SUCCESS
A,delta,615,1776511910705,1776511910705,0,SUCCESS
A,delta,616,1776511910705,1776511910705,0,SUCCESS
A,delta,617,1776511910705,1776511910705,0,SUCCESS
A,delta,618,1776511910705,1776511910705,0,SUCCESS
A,delta,619,1776511910705,1776511910705,0,SUCCESS
A,delta,620,1776511910705,1776511910705,0,SUCCESS
A,delta,621,1776511910705,1776511910705,0,SUCCESS
A,delta,622,1776511910705,1776511910705,0,SUCCESS
A,delta,623,1776511910705,1776511910705,0,SUCCESS
A,delta,624,1776511910705,1776511910705,0,SUCCESS
A,delta,625,1776511910705,1776511910705,0,SUCCESS
A,delta,626,1776511910705,1776511910705,0,SUCCESS
A,delta,627,1776511910705,1776511910705,0,SUCCESS
A,delta,628,1776511910705,1776511910705,0,SUCCESS
A,delta,629,1776511910705,1776511910705,0,SUCCESS
A,delta,630,1776511910705,1776511910705,0,SUCCESS
A,delta,631,1776511910705,1776511910705,0,SUCCESS
A,delta,632,1776511910705,1776511910705,0,SUCCESS
A,delta,633,1776511910705,1776511910705,0,SUCCESS
A,delta,634,1776511910705,1776511910705,0,SUCCESS
A,delta,635,1776511910705,1776511910705,0,SUCCESS
A,delta,636,1776511910705,1776511910705,0,SUCCESS
A,delta,637,1776511910705,1776511910705,0,SUCCESS
A,delta,638,1776511910705,1776511910705,0,SUCCESS
A,delta,639,1776511910705,1776511910705,0,SUCCESS
A,delta,640,1776511910705,1776511910705,0,SUCCESS
A,delta,641,1776511910705,1776511910705,0,SUCCESS
A,delta,642,1776511910705,1776511910705,0,SUCCESS
A,delta,643,1776511910705,1776511910705,0,SUCCESS
A,delta,644,1776511910705,1776511910705,0,SUCCESS
A,delta,645,1776511910705,1776511910705,0,SUCCESS
A,delta,646,1776511910705,1776511910705,0,SUCCESS
A,delta,647,1776511910705,1776511910705,0,SUCCESS
A,delta,648,1776511910705,1776511910705,0,SUCCESS
A,delta,649,1776511910705,1776511910705,0,SUCCESS
A,delta,650,1776511910705,1776511910705,0,SUCCESS
A,delta,651,1776511910705,1776511910705,0,SUCCESS
A,delta,652,1776511910705,1776511910705,0,SUCCESS
A,delta,653,1776511910705,1776511910705,0,SUCCESS
A,delta,654,1776511910705,1776511910705,0,SUCCESS
A,delta,655,1776511910705,1776511910705,0,SUCCESS
A,delta,656,1776511910705,1776511910705,0,SUCCESS
A,delta,657,1776511910705,1776511910705,0,SUCCESS
A,delta,658,1776511910705,1776511910705,0,SUCCESS
A,delta,659,1776511910705,1776511910705,0,SUCCESS
A,delta,660,1776511910705,1776511910705,0,SUCCESS
A,delta,661,1776511910705,1776511910705,0,SUCCESS
A,delta,662,1776511910705,1776511910705,0,SUCCESS
A,delta,663,1776511910705,1776511910705,0,SUCCESS
A,delta,664,1776511910705,1776511910705,0,SUCCESS
A,delta,665,1776511910705,1776511910705,0,SUCCESS
A,delta,666,1776511910705,1776511910705,0,SUCCESS
A,delta,667,1776511910705,1776511910705,0,SUCCESS
A,delta,668,1776511910705,1776511910705,0,SUCCESS
A,delta,669,1776511910705,1776511910705,0,SUCCESS
A,delta,670,1776511910705,1776511910705,0,SUCCESS
A,delta,671,1776511910705,1776511910705,0,SUCCESS
A,delta,672,1776511910705,1776511910705,0,SUCCESS
A,delta,673,1776511910705,1776511910705,0,SUCCESS
A,delta,674,1776511910705,1776511910705,0,SUCCESS
A,delta,675,1776511910705,1776511910705,0,SUCCESS
A,delta,676,1776511910705,1776511910705,0,SUCCESS
A,delta,677,1776511910705,1776511910705,0,SUCCESS
A,delta,678,1776511910705,1776511910705,0,SUCCESS
A,delta,679,1776511910705,1776511910705,0,SUCCESS
A,delta,680,1776511910705,1776511910705,0,SUCCESS
A,delta,681,1776511910705,1776511910705,0,SUCCESS
A,delta,682,1776511910705,1776511910705,0,SUCCESS
A,delta,683,1776511910705,1776511910705,0,SUCCESS
A,delta,684,1776511910705,1776511910705,0,SUCCESS
A,delta,685,1776511910705,1776511910705,0,SUCCESS
A,delta,686,1776511910705,1776511910705,0,SUCCESS
A,delta,687,1776511910705,1776511910705,0,SUCCESS
A,delta,688,1776511910705,1776511910705,0,SUCCESS
A,delta,689,1776511910705,1776511910705,0,SUCCESS
A,delta,690,1776511910705,1776511910705,0,SUCCESS
A,delta,691,1776511910705,1776511910705,0,SUCCESS
A,delta,692,1776511910705,1776511910705,0,SUCCESS
A,delta,693,1776511910705,1776511910705,0,SUCCESS
A,delta,694,1776511910705,1776511910705,0,SUCCESS
A,delta,695,1776511910705,1776511910705,0,SUCCESS
A,delta,696,1776511910705,1776511910705,0,SUCCESS
A,delta,697,1776511910705,1776511910705,0,SUCCESS
A,delta,698,1776511910705,1776511910705,0,SUCCESS
A,delta,699,1776511910705,1776511910705,0,SUCCESS
A,delta,700,1776511910705,1776511910705,0,SUCCESS
A,delta,701,1776511910705,1776511910705,0,SUCCESS
A,delta,702,1776511910705,1776511910705,0,SUCCESS
A,delta,703,1776511910705,1776511910705,0,SUCCESS
A,delta,704,1776511910705,1776511910705,0,SUCCESS
A,delta,705,1776511910705,1776511910705,0,SUCCESS
A,delta,706,1776511910705,1776511910705,0,SUCCESS
A,delta,707,1776511910705,1776511910705,0,SUCCESS
A,delta,708,1776511910705,1776511910705,0,SUCCESS
A,delta,709,1776511910705,1776511910705,0,SUCCESS
A,delta,710,1776511910705,1776511910705,0,SUCCESS
A,delta,711,1776511910705,1776511910705,0,SUCCESS
A,delta,712,1776511910705,1776511910705,0,SUCCESS
A,delta,713,1776511910705,1776511910705,0,SUCCESS
A,delta,714,1776511910705,1776511910705,0,SUCCESS
A,delta,715,1776511910705,1776511910705,0,SUCCESS
A,delta,716,1776511910705,1776511910705,0,SUCCESS
A,delta,717,1776511910705,1776511910705,0,SUCCESS
A,delta,718,1776511910705,1776511910705,0,SUCCESS
A,delta,719,1776511910705,1776511910705,0,SUCCESS
A,delta,720,1776511910705,1776511910705,0,SUCCESS
A,delta,721,1776511910705,1776511910705,0,SUCCESS
A,delta,722,1776511910705,1776511910705,0,SUCCESS
A,delta,723,1776511910705,1776511910705,0,SUCCESS
A,delta,724,1776511910705,1776511910705,0,SUCCESS
A,delta,725,1776511910705,1776511910705,0,SUCCESS
A,delta,726,1776511910705,1776511910705,0,SUCCESS
A,delta,727,1776511910705,1776511910705,0,SUCCESS
A,delta,728,1776511910705,1776511910705,0,SUCCESS
A,delta,729,1776511910705,1776511910705,0,SUCCESS
A,delta,730,1776511910705,1776511910705,0,SUCCESS
A,delta,731,1776511910705,1776511910705,0,SUCCESS
A,delta,732,1776511910705,1776511910705,0,SUCCESS
A,delta,733,1776511910705,1776511910705,0,SUCCESS
A,delta,734,1776511910705,1776511910705,0,SUCCESS
A,delta,735,1776511910705,1776511910705,0,SUCCESS
A,delta,736,1776511910705,1776511910705,0,SUCCESS
A,delta,737,1776511910705,1776511910705,0,SUCCESS
A,delta,738,1776511910705,1776511910705,0,SUCCESS
A,delta,739,1776511910705,1776511910705,0,SUCCESS
A,delta,740,1776511910705,1776511910705,0,SUCCESS
A,delta,741,1776511910705,1776511910705,0,SUCCESS
A,delta,742,1776511910705,1776511910705,0,SUCCESS
A,delta,743,1776511910705,1776511910705,0,SUCCESS
A,delta,744,1776511910705,1776511910705,0,SUCCESS
A,delta,745,1776511910705,1776511910705,0,SUCCESS
A,delta,746,1776511910705,1776511910705,0,SUCCESS
A,delta,747,1776511910705,1776511910705,0,SUCCESS
A,delta,748,1776511910705,1776511910705,0,SUCCESS
A,delta,749,1776511910705,1776511910705,0,SUCCESS
A,delta,750,1776511910705,1776511910705,0,SUCCESS
A,delta,751,1776511910705,1776511910705,0,SUCCESS
A,delta,752,1776511910705,1776511910705,0,SUCCESS
A,delta,753,1776511910705,1776511910705,0,SUCCESS
A,delta,754,1776511910705,1776511910705,0,SUCCESS
A,delta,755,1776511910705,1776511910705,0,SUCCESS
A,delta,756,1776511910705,1776511910705,0,SUCCESS
A,delta,757,1776511910705,1776511910705,0,SUCCESS
A,delta,758,1776511910705,1776511910705,0,SUCCESS
A,delta,759,1776511910705,1776511910705,0,SUCCESS
A,delta,760,1776511910705,1776511910705,0,SUCCESS
A,delta,761,1776511910705,1776511910705,0,SUCCESS
A,delta,762,1776511910705,1776511910705,0,SUCCESS
A,delta,763,1776511910705,1776511910705,0,SUCCESS
A,delta,764,1776511910705,1776511910705,0,SUCCESS
A,delta,765,1776511910705,1776511910705,0,SUCCESS
A,delta,766,1776511910705,1776511910705,0,SUCCESS
A,delta,767,1776511910705,1776511910705,0,SUCCESS
A,delta,768,1776511910705,1776511910705,0,SUCCESS
A,delta,769,1776511910705,1776511910705,0,SUCCESS
A,delta,770,1776511910705,1776511910705,0,SUCCESS
A,delta,771,1776511910705,1776511910705,0,SUCCESS
A,delta,772,1776511910705,1776511910705,0,SUCCESS
A,delta,773,1776511910705,1776511910705,0,SUCCESS
A,delta,774,1776511910705,1776511910705,0,SUCCESS
A,delta,775,1776511910705,1776511910705,0,SUCCESS
A,delta,776,1776511910705,1776511910705,0,SUCCESS
A,delta,777,1776511910705,1776511910705,0,SUCCESS
A,delta,778,1776511910705,1776511910705,0,SUCCESS
A,delta,779,1776511910705,1776511910705,0,SUCCESS
A,delta,780,1776511910705,1776511910705,0,SUCCESS
A,delta,781,1776511910705,1776511910705,0,SUCCESS
A,delta,782,1776511910705,1776511910705,0,SUCCESS
A,delta,783,1776511910705,1776511910705,0,SUCCESS
A,delta,784,1776511910705,1776511910705,0,SUCCESS
A,delta,785,1776511910705,1776511910705,0,SUCCESS
A,delta,786,1776511910705,1776511910705,0,SUCCESS
A,delta,787,1776511910705,1776511910705,0,SUCCESS
A,delta,788,1776511910705,1776511910705,0,SUCCESS
A,delta,789,1776511910705,1776511910705,0,SUCCESS
A,delta,790,1776511910705,1776511910705,0,SUCCESS
A,delta,791,1776511910705,1776511910706,1,SUCCESS
A,delta,792,1776511910705,1776511910706,1,SUCCESS
A,delta,793,1776511910705,1776511910706,1,SUCCESS
A,delta,794,1776511910705,1776511910706,1,SUCCESS
A,delta,795,1776511910705,1776511910706,1,SUCCESS
A,delta,796,1776511910705,1776511910706,1,SUCCESS
A,delta,797,1776511910705,1776511910706,1,SUCCESS
A,delta,798,1776511910705,1776511910706,1,SUCCESS
A,delta,799,1776511910705,1776511910706,1,SUCCESS
A,delta,800,1776511910705,1776511910706,1,SUCCESS
A,delta,801,1776511910705,1776511910706,1,SUCCESS
A,delta,802,1776511910705,1776511910706,1,SUCCESS
A,delta,803,1776511910705,1776511910706,1,SUCCESS
A,delta,804,1776511910705,1776511910706,1,SUCCESS
A,delta,805,1776511910705,1776511910706,1,SUCCESS
A,delta,806,1776511910705,1776511910706,1,SUCCESS
A,delta,807,1776511910705,1776511910706,1,SUCCESS
A,delta,808,1776511910705,1776511910706,1,SUCCESS
A,delta,809,1776511910705,1776511910706,1,SUCCESS
A,delta,810,1776511910705,1776511910706,1,SUCCESS
A,delta,811,1776511910705,1776511910706,1,SUCCESS
A,delta,812,1776511910705,1776511910706,1,SUCCESS
A,delta,813,1776511910705,1776511910706,1,SUCCESS
A,delta,814,1776511910705,1776511910706,1,SUCCESS
A,delta,815,1776511910705,1776511910706,1,SUCCESS
A,delta,816,1776511910705,1776511910706,1,SUCCESS
A,delta,817,1776511910705,1776511910706,1,SUCCESS
A,delta,818,1776511910705,1776511910706,1,SUCCESS
A,delta,819,1776511910705,1776511910706,1,SUCCESS
A,delta,820,1776511910705,1776511910706,1,SUCCESS
A,delta,821,1776511910705,1776511910706,1,SUCCESS
A,delta,822,1776511910705,1776511910706,1,SUCCESS
A,delta,823,1776511910705,1776511910706,1,SUCCESS
A,delta,824,1776511910705,1776511910706,1,SUCCESS
A,delta,825,1776511910705,1776511910706,1,SUCCESS
A,delta,826,1776511910705,1776511910706,1,SUCCESS
A,delta,827,1776511910705,1776511910706,1,SUCCESS
A,delta,828,1776511910705,1776511910706,1,SUCCESS
A,delta,829,1776511910705,1776511910706,1,SUCCESS
A,delta,830,1776511910705,1776511910706,1,SUCCESS
A,delta,831,1776511910705,1776511910706,1,SUCCESS
A,delta,832,1776511910705,1776511910706,1,SUCCESS
A,delta,833,1776511910705,1776511910706,1,SUCCESS
A,delta,834,1776511910705,1776511910706,1,SUCCESS
A,delta,835,1776511910705,1776511910706,1,SUCCESS
A,delta,836,1776511910705,1776511910706,1,SUCCESS
A,delta,837,1776511910705,1776511910706,1,SUCCESS
A,delta,838,1776511910705,1776511910706,1,SUCCESS
A,delta,839,1776511910705,1776511910706,1,SUCCESS
A,delta,840,1776511910705,1776511910706,1,SUCCESS
A,delta,841,1776511910705,1776511910706,1,SUCCESS
A,delta,842,1776511910705,1776511910706,1,SUCCESS
A,delta,843,1776511910705,1776511910706,1,SUCCESS
A,delta,844,1776511910705,1776511910706,1,SUCCESS
A,delta,845,1776511910705,1776511910706,1,SUCCESS
A,delta,846,1776511910705,1776511910706,1,SUCCESS
A,delta,847,1776511910705,1776511910706,1,SUCCESS
A,delta,848,1776511910705,1776511910706,1,SUCCESS
A,delta,849,1776511910705,1776511910706,1,SUCCESS
A,delta,850,1776511910705,1776511910706,1,SUCCESS
A,delta,851,1776511910705,1776511910706,1,SUCCESS
A,delta,852,1776511910705,1776511910706,1,SUCCESS
A,delta,853,1776511910705,1776511910706,1,SUCCESS
A,delta,854,1776511910705,1776511910706,1,SUCCESS
A,delta,855,1776511910705,1776511910706,1,SUCCESS
A,delta,856,1776511910705,1776511910706,1,SUCCESS
A,delta,857,1776511910705,1776511910706,1,SUCCESS
A,delta,858,1776511910705,1776511910706,1,SUCCESS
A,delta,859,1776511910705,1776511910706,1,SUCCESS
A,delta,860,1776511910705,1776511910706,1,SUCCESS
A,delta,861,1776511910705,1776511910706,1,SUCCESS
A,delta,862,1776511910705,1776511910706,1,SUCCESS
A,delta,863,1776511910705,1776511910706,1,SUCCESS
A,delta,864,1776511910705,1776511910706,1,SUCCESS
A,delta,865,1776511910705,1776511910706,1,SUCCESS
A,delta,866,1776511910705,1776511910706,1,SUCCESS
A,delta,867,1776511910705,1776511910706,1,SUCCESS
A,delta,868,1776511910705,1776511910706,1,SUCCESS
A,delta,869,1776511910705,1776511910706,1,SUCCESS
A,delta,870,1776511910705,1776511910706,1,SUCCESS
A,delta,871,1776511910705,1776511910706,1,SUCCESS
A,delta,872,1776511910705,1776511910706,1,SUCCESS
A,delta,873,1776511910705,1776511910706,1,SUCCESS
A,delta,874,1776511910705,1776511910706,1,SUCCESS
A,delta,875,1776511910705,1776511910706,1,SUCCESS
A,delta,876,1776511910705,1776511910706,1,SUCCESS
A,delta,877,1776511910705,1776511910706,1,SUCCESS
A,delta,878,1776511910705,1776511910706,1,SUCCESS
A,delta,879,1776511910705,1776511910706,1,SUCCESS
A,delta,880,1776511910705,1776511910706,1,SUCCESS
A,delta,881,1776511910705,1776511910706,1,SUCCESS
A,delta,882,1776511910705,1776511910706,1,SUCCESS
A,delta,883,1776511910705,1776511910706,1,SUCCESS
A,delta,884,1776511910705,1776511910706,1,SUCCESS
A,delta,885,1776511910705,1776511910706,1,SUCCESS
A,delta,886,1776511910705,1776511910706,1,SUCCESS
A,delta,887,1776511910705,1776511910706,1,SUCCESS
A,delta,888,1776511910705,1776511910706,1,SUCCESS
A,delta,889,1776511910705,1776511910706,1,SUCCESS
A,delta,890,1776511910705,1776511910706,1,SUCCESS
A,delta,891,1776511910705,1776511910706,1,SUCCESS
A,delta,892,1776511910705,1776511910706,1,SUCCESS
A,delta,893,1776511910705,1776511910706,1,SUCCESS
A,delta,894,1776511910705,1776511910706,1,SUCCESS
A,delta,895,1776511910705,1776511910706,1,SUCCESS
A,delta,896,1776511910705,1776511910706,1,SUCCESS
A,delta,897,1776511910705,1776511910706,1,SUCCESS
A,delta,898,1776511910705,1776511910706,1,SUCCESS
A,delta,899,1776511910705,1776511910706,1,SUCCESS
A,delta,900,1776511910705,1776511910706,1,SUCCESS
A,delta,901,1776511910705,1776511910706,1,SUCCESS
A,delta,902,1776511910705,1776511910706,1,SUCCESS
A,delta,903,1776511910705,1776511910706,1,SUCCESS
A,delta,904,1776511910705,1776511910706,1,SUCCESS
A,delta,905,1776511910705,1776511910706,1,SUCCESS
A,delta,906,1776511910705,1776511910706,1,SUCCESS
A,delta,907,1776511910705,1776511910706,1,SUCCESS
A,delta,908,1776511910705,1776511910706,1,SUCCESS
A,delta,909,1776511910705,1776511910706,1,SUCCESS
A,delta,910,1776511910705,1776511910706,1,SUCCESS
A,delta,911,1776511910705,1776511910706,1,SUCCESS
A,delta,912,1776511910705,1776511910706,1,SUCCESS
A,delta,913,1776511910705,1776511910706,1,SUCCESS
A,delta,914,1776511910705,1776511910706,1,SUCCESS
A,delta,915,1776511910705,1776511910706,1,SUCCESS
A,delta,916,1776511910705,1776511910706,1,SUCCESS
A,delta,917,1776511910705,1776511910706,1,SUCCESS
A,delta,918,1776511910705,1776511910706,1,SUCCESS
A,delta,919,1776511910705,1776511910706,1,SUCCESS
A,delta,920,1776511910705,1776511910706,1,SUCCESS
A,delta,921,1776511910705,1776511910706,1,SUCCESS
A,delta,922,1776511910705,1776511910706,1,SUCCESS
A,delta,923,1776511910705,1776511910706,1,SUCCESS
A,delta,924,1776511910705,1776511910706,1,SUCCESS
A,delta,925,1776511910705,1776511910706,1,SUCCESS
A,delta,926,1776511910705,1776511910706,1,SUCCESS
A,delta,927,1776511910705,1776511910706,1,SUCCESS
A,delta,928,1776511910705,1776511910706,1,SUCCESS
A,delta,929,1776511910705,1776511910706,1,SUCCESS
A,delta,930,1776511910705,1776511910706,1,SUCCESS
A,delta,931,1776511910705,1776511910706,1,SUCCESS
A,delta,932,1776511910705,1776511910706,1,SUCCESS
A,delta,933,1776511910705,1776511910706,1,SUCCESS
A,delta,934,1776511910705,1776511910706,1,SUCCESS
A,delta,935,1776511910705,1776511910706,1,SUCCESS
A,delta,936,1776511910705,1776511910706,1,SUCCESS
A,delta,937,1776511910705,1776511910706,1,SUCCESS
A,delta,938,1776511910705,1776511910706,1,SUCCESS
A,delta,939,1776511910705,1776511910706,1,SUCCESS
A,delta,940,1776511910705,1776511910706,1,SUCCESS
A,delta,941,1776511910705,1776511910706,1,SUCCESS
A,delta,942,1776511910705,1776511910706,1,SUCCESS
A,delta,943,1776511910705,1776511910706,1,SUCCESS
A,delta,944,1776511910705,1776511910706,1,SUCCESS
A,delta,945,1776511910705,1776511910706,1,SUCCESS
A,delta,946,1776511910705,1776511910706,1,SUCCESS
A,delta,947,1776511910705,1776511910706,1,SUCCESS
A,delta,948,1776511910705,1776511910706,1,SUCCESS
A,delta,949,1776511910705,1776511910706,1,SUCCESS
A,delta,950,1776511910705,1776511910706,1,SUCCESS
A,delta,951,1776511910705,1776511910706,1,SUCCESS
A,delta,952,1776511910705,1776511910706,1,SUCCESS
A,delta,953,1776511910705,1776511910706,1,SUCCESS
A,delta,954,1776511910705,1776511910706,1,SUCCESS
A,delta,955,1776511910705,1776511910706,1,SUCCESS
A,delta,956,1776511910705,1776511910706,1,SUCCESS
A,delta,957,1776511910705,1776511910706,1,SUCCESS
A,delta,958,1776511910705,1776511910706,1,SUCCESS
A,delta,959,1776511910705,1776511910706,1,SUCCESS
A,delta,960,1776511910705,1776511910706,1,SUCCESS
A,delta,961,1776511910705,1776511910706,1,SUCCESS
A,delta,962,1776511910705,1776511910706,1,SUCCESS
A,delta,963,1776511910705,1776511910706,1,SUCCESS
A,delta,964,1776511910705,1776511910706,1,SUCCESS
A,delta,965,1776511910705,1776511910706,1,SUCCESS
A,delta,966,1776511910705,1776511910706,1,SUCCESS
A,delta,967,1776511910705,1776511910706,1,SUCCESS
A,delta,968,1776511910705,1776511910706,1,SUCCESS
A,delta,969,1776511910705,1776511910706,1,SUCCESS
A,delta,970,1776511910705,1776511910706,1,SUCCESS
A,delta,971,1776511910705,1776511910706,1,SUCCESS
A,delta,972,1776511910705,1776511910706,1,SUCCESS
A,delta,973,1776511910705,1776511910706,1,SUCCESS
A,delta,974,1776511910705,1776511910706,1,SUCCESS
A,delta,975,1776511910705,1776511910706,1,SUCCESS
A,delta,976,1776511910705,1776511910706,1,SUCCESS
A,delta,977,1776511910705,1776511910706,1,SUCCESS
A,delta,978,1776511910705,1776511910706,1,SUCCESS
A,delta,979,1776511910705,1776511910706,1,SUCCESS
A,delta,980,1776511910705,1776511910706,1,SUCCESS
A,delta,981,1776511910705,1776511910706,1,SUCCESS
A,delta,982,1776511910705,1776511910706,1,SUCCESS
A,delta,983,1776511910705,1776511910706,1,SUCCESS
A,delta,984,1776511910705,1776511910706,1,SUCCESS
A,delta,985,1776511910705,1776511910706,1,SUCCESS
A,delta,986,1776511910705,1776511910706,1,SUCCESS
A,delta,987,1776511910705,1776511910706,1,SUCCESS
A,delta,988,1776511910705,1776511910706,1,SUCCESS
A,delta,989,1776511910705,1776511910706,1,SUCCESS
A,delta,990,1776511910705,1776511910706,1,SUCCESS
A,delta,991,1776511910705,1776511910706,1,SUCCESS
A,delta,992,1776511910705,1776511910706,1,SUCCESS
A,delta,993,1776511910706,1776511910706,0,SUCCESS
A,delta,994,1776511910706,1776511910706,0,SUCCESS
A,delta,995,1776511910706,1776511910706,0,SUCCESS
A,delta,996,1776511910706,1776511910706,0,SUCCESS
A,delta,997,1776511910706,1776511910706,0,SUCCESS
A,delta,998,1776511910706,1776511910706,0,SUCCESS
A,delta,999,1776511910706,1776511910706,0,SUCCESS
A,epsilon,0,1776511910706,1776511910706,0,SUCCESS
A,epsilon,1,1776511910706,1776511910706,0,SUCCESS
A,epsilon,2,1776511910706,1776511910706,0,SUCCESS
A,epsilon,3,1776511910706,1776511910706,0,SUCCESS
A,epsilon,4,1776511910706,1776511910706,0,SUCCESS
A,epsilon,5,1776511910706,1776511910706,0,SUCCESS
A,epsilon,6,1776511910706,1776511910706,0,SUCCESS
A,epsilon,7,1776511910706,1776511910706,0,SUCCESS
A,epsilon,8,1776511910706,1776511910706,0,SUCCESS
A,epsilon,9,1776511910706,1776511910706,0,SUCCESS
A,epsilon,10,1776511910706,1776511910706,0,SUCCESS
A,epsilon,11,1776511910706,1776511910706,0,SUCCESS
A,epsilon,12,1776511910706,1776511910706,0,SUCCESS
A,epsilon,13,1776511910706,1776511910706,0,SUCCESS
A,epsilon,14,1776511910706,1776511910706,0,SUCCESS
A,epsilon,15,1776511910706,1776511910706,0,SUCCESS
A,epsilon,16,1776511910706,1776511910706,0,SUCCESS
A,epsilon,17,1776511910706,1776511910706,0,SUCCESS
A,epsilon,18,1776511910706,1776511910706,0,SUCCESS
A,epsilon,19,1776511910706,1776511910706,0,SUCCESS
A,epsilon,20,1776511910706,1776511910706,0,SUCCESS
A,epsilon,21,1776511910706,1776511910706,0,SUCCESS
A,epsilon,22,1776511910706,1776511910706,0,SUCCESS
A,epsilon,23,1776511910706,1776511910706,0,SUCCESS
A,epsilon,24,1776511910706,1776511910706,0,SUCCESS
A,epsilon,25,1776511910706,1776511910706,0,SUCCESS
A,epsilon,26,1776511910706,1776511910706,0,SUCCESS
A,epsilon,27,1776511910706,1776511910706,0,SUCCESS
A,epsilon,28,1776511910706,1776511910706,0,SUCCESS
A,epsilon,29,1776511910706,1776511910706,0,SUCCESS
A,epsilon,30,1776511910706,1776511910706,0,SUCCESS
A,epsilon,31,1776511910706,1776511910706,0,SUCCESS
A,epsilon,32,1776511910706,1776511910706,0,SUCCESS
A,epsilon,33,1776511910706,1776511910706,0,SUCCESS
A,epsilon,34,1776511910706,1776511910706,0,SUCCESS
A,epsilon,35,1776511910706,1776511910706,0,SUCCESS
A,epsilon,36,1776511910706,1776511910706,0,SUCCESS
A,epsilon,37,1776511910706,1776511910706,0,SUCCESS
A,epsilon,38,1776511910706,1776511910706,0,SUCCESS
A,epsilon,39,1776511910706,1776511910706,0,SUCCESS
A,epsilon,40,1776511910706,1776511910706,0,SUCCESS
A,epsilon,41,1776511910706,1776511910706,0,SUCCESS
A,epsilon,42,1776511910706,1776511910706,0,SUCCESS
A,epsilon,43,1776511910706,1776511910706,0,SUCCESS
A,epsilon,44,1776511910706,1776511910706,0,SUCCESS
A,epsilon,45,1776511910706,1776511910706,0,SUCCESS
A,epsilon,46,1776511910706,1776511910706,0,SUCCESS
A,epsilon,47,1776511910706,1776511910706,0,SUCCESS
A,epsilon,48,1776511910706,1776511910706,0,SUCCESS
A,epsilon,49,1776511910706,1776511910706,0,SUCCESS
A,epsilon,50,1776511910706,1776511910706,0,SUCCESS
A,epsilon,51,1776511910706,1776511910706,0,SUCCESS
A,epsilon,52,1776511910706,1776511910706,0,SUCCESS
A,epsilon,53,1776511910706,1776511910706,0,SUCCESS
A,epsilon,54,1776511910706,1776511910706,0,SUCCESS
A,epsilon,55,1776511910706,1776511910706,0,SUCCESS
A,epsilon,56,1776511910706,1776511910706,0,SUCCESS
A,epsilon,57,1776511910706,1776511910706,0,SUCCESS
A,epsilon,58,1776511910706,1776511910706,0,SUCCESS
A,epsilon,59,1776511910706,1776511910706,0,SUCCESS
A,epsilon,60,1776511910706,1776511910706,0,SUCCESS
A,epsilon,61,1776511910706,1776511910706,0,SUCCESS
A,epsilon,62,1776511910706,1776511910706,0,SUCCESS
A,epsilon,63,1776511910706,1776511910706,0,SUCCESS
A,epsilon,64,1776511910706,1776511910706,0,SUCCESS
A,epsilon,65,1776511910706,1776511910706,0,SUCCESS
A,epsilon,66,1776511910706,1776511910706,0,SUCCESS
A,epsilon,67,1776511910706,1776511910706,0,SUCCESS
A,epsilon,68,1776511910706,1776511910706,0,SUCCESS
A,epsilon,69,1776511910706,1776511910706,0,SUCCESS
A,epsilon,70,1776511910706,1776511910706,0,SUCCESS
A,epsilon,71,1776511910706,1776511910706,0,SUCCESS
A,epsilon,72,1776511910706,1776511910706,0,SUCCESS
A,epsilon,73,1776511910706,1776511910706,0,SUCCESS
A,epsilon,74,1776511910706,1776511910706,0,SUCCESS
A,epsilon,75,1776511910706,1776511910706,0,SUCCESS
A,epsilon,76,1776511910706,1776511910706,0,SUCCESS
A,epsilon,77,1776511910706,1776511910706,0,SUCCESS
A,epsilon,78,1776511910706,1776511910706,0,SUCCESS
A,epsilon,79,1776511910706,1776511910706,0,SUCCESS
A,epsilon,80,1776511910706,1776511910706,0,SUCCESS
A,epsilon,81,1776511910706,1776511910706,0,SUCCESS
A,epsilon,82,1776511910706,1776511910706,0,SUCCESS
A,epsilon,83,1776511910706,1776511910706,0,SUCCESS
A,epsilon,84,1776511910706,1776511910706,0,SUCCESS
A,epsilon,85,1776511910706,1776511910706,0,SUCCESS
A,epsilon,86,1776511910706,1776511910706,0,SUCCESS
A,epsilon,87,1776511910706,1776511910706,0,SUCCESS
A,epsilon,88,1776511910706,1776511910706,0,SUCCESS
A,epsilon,89,1776511910706,1776511910706,0,SUCCESS
A,epsilon,90,1776511910706,1776511910706,0,SUCCESS
A,epsilon,91,1776511910706,1776511910706,0,SUCCESS
A,epsilon,92,1776511910706,1776511910706,0,SUCCESS
A,epsilon,93,1776511910706,1776511910706,0,SUCCESS
A,epsilon,94,1776511910706,1776511910706,0,SUCCESS
A,epsilon,95,1776511910706,1776511910706,0,SUCCESS
A,epsilon,96,1776511910706,1776511910706,0,SUCCESS
A,epsilon,97,1776511910706,1776511910706,0,SUCCESS
A,epsilon,98,1776511910706,1776511910706,0,SUCCESS
A,epsilon,99,1776511910706,1776511910706,0,SUCCESS
A,epsilon,100,1776511910706,1776511910706,0,SUCCESS
A,epsilon,101,1776511910706,1776511910706,0,SUCCESS
A,epsilon,102,1776511910706,1776511910706,0,SUCCESS
A,epsilon,103,1776511910706,1776511910706,0,SUCCESS
A,epsilon,104,1776511910706,1776511910706,0,SUCCESS
A,epsilon,105,1776511910706,1776511910706,0,SUCCESS
A,epsilon,106,1776511910706,1776511910706,0,SUCCESS
A,epsilon,107,1776511910706,1776511910706,0,SUCCESS
A,epsilon,108,1776511910706,1776511910706,0,SUCCESS
A,epsilon,109,1776511910706,1776511910706,0,SUCCESS
A,epsilon,110,1776511910706,1776511910706,0,SUCCESS
A,epsilon,111,1776511910706,1776511910706,0,SUCCESS
A,epsilon,112,1776511910706,1776511910706,0,SUCCESS
A,epsilon,113,1776511910706,1776511910706,0,SUCCESS
A,epsilon,114,1776511910706,1776511910706,0,SUCCESS
A,epsilon,115,1776511910706,1776511910706,0,SUCCESS
A,epsilon,116,1776511910706,1776511910706,0,SUCCESS
A,epsilon,117,1776511910706,1776511910706,0,SUCCESS
A,epsilon,118,1776511910706,1776511910706,0,SUCCESS
A,epsilon,119,1776511910706,1776511910706,0,SUCCESS
A,epsilon,120,1776511910706,1776511910706,0,SUCCESS
A,epsilon,121,1776511910706,1776511910706,0,SUCCESS
A,epsilon,122,1776511910706,1776511910706,0,SUCCESS
A,epsilon,123,1776511910706,1776511910706,0,SUCCESS
A,epsilon,124,1776511910706,1776511910706,0,SUCCESS
A,epsilon,125,1776511910706,1776511910706,0,SUCCESS
A,epsilon,126,1776511910706,1776511910706,0,SUCCESS
A,epsilon,127,1776511910706,1776511910706,0,SUCCESS
A,epsilon,128,1776511910706,1776511910706,0,SUCCESS
A,epsilon,129,1776511910706,1776511910706,0,SUCCESS
A,epsilon,130,1776511910706,1776511910706,0,SUCCESS
A,epsilon,131,1776511910706,1776511910706,0,SUCCESS
A,epsilon,132,1776511910706,1776511910706,0,SUCCESS
A,epsilon,133,1776511910706,1776511910706,0,SUCCESS
A,epsilon,134,1776511910706,1776511910706,0,SUCCESS
A,epsilon,135,1776511910706,1776511910706,0,SUCCESS
A,epsilon,136,1776511910706,1776511910706,0,SUCCESS
A,epsilon,137,1776511910706,1776511910706,0,SUCCESS
A,epsilon,138,1776511910706,1776511910706,0,SUCCESS
A,epsilon,139,1776511910706,1776511910706,0,SUCCESS
A,epsilon,140,1776511910706,1776511910706,0,SUCCESS
A,epsilon,141,1776511910706,1776511910706,0,SUCCESS
A,epsilon,142,1776511910706,1776511910706,0,SUCCESS
A,epsilon,143,1776511910706,1776511910706,0,SUCCESS
A,epsilon,144,1776511910706,1776511910706,0,SUCCESS
A,epsilon,145,1776511910706,1776511910706,0,SUCCESS
A,epsilon,146,1776511910706,1776511910706,0,SUCCESS
A,epsilon,147,1776511910706,1776511910706,0,SUCCESS
A,epsilon,148,1776511910706,1776511910706,0,SUCCESS
A,epsilon,149,1776511910706,1776511910706,0,SUCCESS
A,epsilon,150,1776511910706,1776511910706,0,SUCCESS
A,epsilon,151,1776511910706,1776511910706,0,SUCCESS
A,epsilon,152,1776511910706,1776511910706,0,SUCCESS
A,epsilon,153,1776511910706,1776511910706,0,SUCCESS
A,epsilon,154,1776511910706,1776511910706,0,SUCCESS
A,epsilon,155,1776511910706,1776511910706,0,SUCCESS
A,epsilon,156,1776511910706,1776511910706,0,SUCCESS
A,epsilon,157,1776511910706,1776511910706,0,SUCCESS
A,epsilon,158,1776511910706,1776511910706,0,SUCCESS
A,epsilon,159,1776511910706,1776511910706,0,SUCCESS
A,epsilon,160,1776511910706,1776511910706,0,SUCCESS
A,epsilon,161,1776511910706,1776511910706,0,SUCCESS
A,epsilon,162,1776511910706,1776511910706,0,SUCCESS
A,epsilon,163,1776511910706,1776511910706,0,SUCCESS
A,epsilon,164,1776511910706,1776511910706,0,SUCCESS
A,epsilon,165,1776511910706,1776511910706,0,SUCCESS
A,epsilon,166,1776511910706,1776511910706,0,SUCCESS
A,epsilon,167,1776511910706,1776511910706,0,SUCCESS
A,epsilon,168,1776511910706,1776511910706,0,SUCCESS
A,epsilon,169,1776511910706,1776511910706,0,SUCCESS
A,epsilon,170,1776511910706,1776511910706,0,SUCCESS
A,epsilon,171,1776511910706,1776511910706,0,SUCCESS
A,epsilon,172,1776511910706,1776511910706,0,SUCCESS
A,epsilon,173,1776511910706,1776511910706,0,SUCCESS
A,epsilon,174,1776511910706,1776511910706,0,SUCCESS
A,epsilon,175,1776511910706,1776511910706,0,SUCCESS
A,epsilon,176,1776511910706,1776511910706,0,SUCCESS
A,epsilon,177,1776511910706,1776511910706,0,SUCCESS
A,epsilon,178,1776511910706,1776511910706,0,SUCCESS
A,epsilon,179,1776511910706,1776511910706,0,SUCCESS
A,epsilon,180,1776511910706,1776511910706,0,SUCCESS
A,epsilon,181,1776511910706,1776511910706,0,SUCCESS
A,epsilon,182,1776511910706,1776511910706,0,SUCCESS
A,epsilon,183,1776511910706,1776511910706,0,SUCCESS
A,epsilon,184,1776511910706,1776511910706,0,SUCCESS
A,epsilon,185,1776511910706,1776511910706,0,SUCCESS
A,epsilon,186,1776511910706,1776511910706,0,SUCCESS
A,epsilon,187,1776511910706,1776511910706,0,SUCCESS
A,epsilon,188,1776511910706,1776511910706,0,SUCCESS
A,epsilon,189,1776511910706,1776511910706,0,SUCCESS
A,epsilon,190,1776511910706,1776511910706,0,SUCCESS
A,epsilon,191,1776511910706,1776511910706,0,SUCCESS
A,epsilon,192,1776511910706,1776511910706,0,SUCCESS
A,epsilon,193,1776511910706,1776511910706,0,SUCCESS
A,epsilon,194,1776511910706,1776511910706,0,SUCCESS
A,epsilon,195,1776511910706,1776511910706,0,SUCCESS
A,epsilon,196,1776511910706,1776511910706,0,SUCCESS
A,epsilon,197,1776511910706,1776511910706,0,SUCCESS
A,epsilon,198,1776511910706,1776511910706,0,SUCCESS
A,epsilon,199,1776511910706,1776511910706,0,SUCCESS
A,epsilon,200,1776511910706,1776511910706,0,SUCCESS
A,epsilon,201,1776511910706,1776511910706,0,SUCCESS
A,epsilon,202,1776511910706,1776511910706,0,SUCCESS
A,epsilon,203,1776511910706,1776511910706,0,SUCCESS
A,epsilon,204,1776511910706,1776511910706,0,SUCCESS
A,epsilon,205,1776511910706,1776511910706,0,SUCCESS
A,epsilon,206,1776511910706,1776511910706,0,SUCCESS
A,epsilon,207,1776511910706,1776511910706,0,SUCCESS
A,epsilon,208,1776511910706,1776511910706,0,SUCCESS
A,epsilon,209,1776511910706,1776511910706,0,SUCCESS
A,epsilon,210,1776511910706,1776511910706,0,SUCCESS
A,epsilon,211,1776511910706,1776511910706,0,SUCCESS
A,epsilon,212,1776511910706,1776511910706,0,SUCCESS
A,epsilon,213,1776511910706,1776511910706,0,SUCCESS
A,epsilon,214,1776511910706,1776511910706,0,SUCCESS
A,epsilon,215,1776511910706,1776511910706,0,SUCCESS
A,epsilon,216,1776511910706,1776511910706,0,SUCCESS
A,epsilon,217,1776511910706,1776511910706,0,SUCCESS
A,epsilon,218,1776511910706,1776511910706,0,SUCCESS
A,epsilon,219,1776511910706,1776511910706,0,SUCCESS
A,epsilon,220,1776511910706,1776511910706,0,SUCCESS
A,epsilon,221,1776511910706,1776511910706,0,SUCCESS
A,epsilon,222,1776511910706,1776511910706,0,SUCCESS
A,epsilon,223,1776511910706,1776511910706,0,SUCCESS
A,epsilon,224,1776511910706,1776511910706,0,SUCCESS
A,epsilon,225,1776511910706,1776511910706,0,SUCCESS
A,epsilon,226,1776511910706,1776511910706,0,SUCCESS
A,epsilon,227,1776511910706,1776511910706,0,SUCCESS
A,epsilon,228,1776511910706,1776511910706,0,SUCCESS
A,epsilon,229,1776511910706,1776511910706,0,SUCCESS
A,epsilon,230,1776511910706,1776511910706,0,SUCCESS
A,epsilon,231,1776511910706,1776511910706,0,SUCCESS
A,epsilon,232,1776511910706,1776511910706,0,SUCCESS
A,epsilon,233,1776511910706,1776511910706,0,SUCCESS
A,epsilon,234,1776511910706,1776511910706,0,SUCCESS
A,epsilon,235,1776511910706,1776511910706,0,SUCCESS
A,epsilon,236,1776511910706,1776511910706,0,SUCCESS
A,epsilon,237,1776511910706,1776511910706,0,SUCCESS
A,epsilon,238,1776511910706,1776511910706,0,SUCCESS
A,epsilon,239,1776511910706,1776511910706,0,SUCCESS
A,epsilon,240,1776511910706,1776511910706,0,SUCCESS
A,epsilon,241,1776511910706,1776511910706,0,SUCCESS
A,epsilon,242,1776511910706,1776511910706,0,SUCCESS
A,epsilon,243,1776511910706,1776511910706,0,SUCCESS
A,epsilon,244,1776511910706,1776511910706,0,SUCCESS
A,epsilon,245,1776511910706,1776511910706,0,SUCCESS
A,epsilon,246,1776511910706,1776511910706,0,SUCCESS
A,epsilon,247,1776511910706,1776511910706,0,SUCCESS
A,epsilon,248,1776511910706,1776511910706,0,SUCCESS
A,epsilon,249,1776511910706,1776511910706,0,SUCCESS
A,epsilon,250,1776511910706,1776511910706,0,SUCCESS
A,epsilon,251,1776511910706,1776511910706,0,SUCCESS
A,epsilon,252,1776511910706,1776511910706,0,SUCCESS
A,epsilon,253,1776511910706,1776511910706,0,SUCCESS
A,epsilon,254,1776511910706,1776511910706,0,SUCCESS
A,epsilon,255,1776511910706,1776511910706,0,SUCCESS
A,epsilon,256,1776511910706,1776511910706,0,SUCCESS
A,epsilon,257,1776511910706,1776511910706,0,SUCCESS
A,epsilon,258,1776511910706,1776511910706,0,SUCCESS
A,epsilon,259,1776511910706,1776511910706,0,SUCCESS
A,epsilon,260,1776511910706,1776511910706,0,SUCCESS
A,epsilon,261,1776511910706,1776511910707,1,SUCCESS
A,epsilon,262,1776511910706,1776511910707,1,SUCCESS
A,epsilon,263,1776511910706,1776511910707,1,SUCCESS
A,epsilon,264,1776511910706,1776511910707,1,SUCCESS
A,epsilon,265,1776511910706,1776511910707,1,SUCCESS
A,epsilon,266,1776511910706,1776511910707,1,SUCCESS
A,epsilon,267,1776511910706,1776511910707,1,SUCCESS
A,epsilon,268,1776511910706,1776511910707,1,SUCCESS
A,epsilon,269,1776511910706,1776511910707,1,SUCCESS
A,epsilon,270,1776511910706,1776511910707,1,SUCCESS
A,epsilon,271,1776511910706,1776511910707,1,SUCCESS
A,epsilon,272,1776511910706,1776511910707,1,SUCCESS
A,epsilon,273,1776511910706,1776511910707,1,SUCCESS
A,epsilon,274,1776511910706,1776511910707,1,SUCCESS
A,epsilon,275,1776511910706,1776511910707,1,SUCCESS
A,epsilon,276,1776511910706,1776511910707,1,SUCCESS
A,epsilon,277,1776511910706,1776511910707,1,SUCCESS
A,epsilon,278,1776511910706,1776511910707,1,SUCCESS
A,epsilon,279,1776511910706,1776511910707,1,SUCCESS
A,epsilon,280,1776511910706,1776511910707,1,SUCCESS
A,epsilon,281,1776511910706,1776511910707,1,SUCCESS
A,epsilon,282,1776511910706,1776511910707,1,SUCCESS
A,epsilon,283,1776511910706,1776511910707,1,SUCCESS
A,epsilon,284,1776511910706,1776511910707,1,SUCCESS
A,epsilon,285,1776511910706,1776511910707,1,SUCCESS
A,epsilon,286,1776511910706,1776511910707,1,SUCCESS
A,epsilon,287,1776511910706,1776511910707,1,SUCCESS
A,epsilon,288,1776511910706,1776511910707,1,SUCCESS
A,epsilon,289,1776511910706,1776511910707,1,SUCCESS
A,epsilon,290,1776511910706,1776511910707,1,SUCCESS
A,epsilon,291,1776511910706,1776511910707,1,SUCCESS
A,epsilon,292,1776511910706,1776511910707,1,SUCCESS
A,epsilon,293,1776511910706,1776511910707,1,SUCCESS
A,epsilon,294,1776511910706,1776511910707,1,SUCCESS
A,epsilon,295,1776511910706,1776511910707,1,SUCCESS
A,epsilon,296,1776511910706,1776511910707,1,SUCCESS
A,epsilon,297,1776511910706,1776511910707,1,SUCCESS
A,epsilon,298,1776511910706,1776511910707,1,SUCCESS
A,epsilon,299,1776511910706,1776511910707,1,SUCCESS
A,epsilon,300,1776511910706,1776511910707,1,SUCCESS
A,epsilon,301,1776511910706,1776511910707,1,SUCCESS
A,epsilon,302,1776511910706,1776511910707,1,SUCCESS
A,epsilon,303,1776511910706,1776511910707,1,SUCCESS
A,epsilon,304,1776511910706,1776511910707,1,SUCCESS
A,epsilon,305,1776511910706,1776511910707,1,SUCCESS
A,epsilon,306,1776511910706,1776511910707,1,SUCCESS
A,epsilon,307,1776511910706,1776511910707,1,SUCCESS
A,epsilon,308,1776511910706,1776511910707,1,SUCCESS
A,epsilon,309,1776511910706,1776511910707,1,SUCCESS
A,epsilon,310,1776511910706,1776511910707,1,SUCCESS
A,epsilon,311,1776511910706,1776511910707,1,SUCCESS
A,epsilon,312,1776511910706,1776511910707,1,SUCCESS
A,epsilon,313,1776511910706,1776511910707,1,SUCCESS
A,epsilon,314,1776511910706,1776511910707,1,SUCCESS
A,epsilon,315,1776511910706,1776511910707,1,SUCCESS
A,epsilon,316,1776511910706,1776511910707,1,SUCCESS
A,epsilon,317,1776511910706,1776511910707,1,SUCCESS
A,epsilon,318,1776511910706,1776511910707,1,SUCCESS
A,epsilon,319,1776511910706,1776511910707,1,SUCCESS
A,epsilon,320,1776511910706,1776511910707,1,SUCCESS
A,epsilon,321,1776511910706,1776511910707,1,SUCCESS
A,epsilon,322,1776511910706,1776511910707,1,SUCCESS
A,epsilon,323,1776511910706,1776511910707,1,SUCCESS
A,epsilon,324,1776511910706,1776511910707,1,SUCCESS
A,epsilon,325,1776511910706,1776511910707,1,SUCCESS
A,epsilon,326,1776511910706,1776511910707,1,SUCCESS
A,epsilon,327,1776511910706,1776511910707,1,SUCCESS
A,epsilon,328,1776511910706,1776511910707,1,SUCCESS
A,epsilon,329,1776511910706,1776511910707,1,SUCCESS
A,epsilon,330,1776511910706,1776511910707,1,SUCCESS
A,epsilon,331,1776511910706,1776511910707,1,SUCCESS
A,epsilon,332,1776511910706,1776511910707,1,SUCCESS
A,epsilon,333,1776511910706,1776511910707,1,SUCCESS
A,epsilon,334,1776511910706,1776511910707,1,SUCCESS
A,epsilon,335,1776511910706,1776511910707,1,SUCCESS
A,epsilon,336,1776511910706,1776511910707,1,SUCCESS
A,epsilon,337,1776511910706,1776511910707,1,SUCCESS
A,epsilon,338,1776511910706,1776511910707,1,SUCCESS
A,epsilon,339,1776511910706,1776511910707,1,SUCCESS
A,epsilon,340,1776511910706,1776511910707,1,SUCCESS
A,epsilon,341,1776511910706,1776511910707,1,SUCCESS
A,epsilon,342,1776511910706,1776511910707,1,SUCCESS
A,epsilon,343,1776511910706,1776511910707,1,SUCCESS
A,epsilon,344,1776511910706,1776511910707,1,SUCCESS
A,epsilon,345,1776511910706,1776511910707,1,SUCCESS
A,epsilon,346,1776511910706,1776511910707,1,SUCCESS
A,epsilon,347,1776511910706,1776511910707,1,SUCCESS
A,epsilon,348,1776511910706,1776511910707,1,SUCCESS
A,epsilon,349,1776511910706,1776511910707,1,SUCCESS
A,epsilon,350,1776511910706,1776511910707,1,SUCCESS
A,epsilon,351,1776511910706,1776511910707,1,SUCCESS
A,epsilon,352,1776511910706,1776511910707,1,SUCCESS
A,epsilon,353,1776511910706,1776511910707,1,SUCCESS
A,epsilon,354,1776511910706,1776511910707,1,SUCCESS
A,epsilon,355,1776511910706,1776511910707,1,SUCCESS
A,epsilon,356,1776511910706,1776511910707,1,SUCCESS
A,epsilon,357,1776511910706,1776511910707,1,SUCCESS
A,epsilon,358,1776511910706,1776511910707,1,SUCCESS
A,epsilon,359,1776511910706,1776511910707,1,SUCCESS
A,epsilon,360,1776511910706,1776511910707,1,SUCCESS
A,epsilon,361,1776511910706,1776511910707,1,SUCCESS
A,epsilon,362,1776511910706,1776511910707,1,SUCCESS
A,epsilon,363,1776511910706,1776511910707,1,SUCCESS
A,epsilon,364,1776511910706,1776511910707,1,SUCCESS
A,epsilon,365,1776511910706,1776511910707,1,SUCCESS
A,epsilon,366,1776511910706,1776511910707,1,SUCCESS
A,epsilon,367,1776511910706,1776511910707,1,SUCCESS
A,epsilon,368,1776511910706,1776511910707,1,SUCCESS
A,epsilon,369,1776511910706,1776511910707,1,SUCCESS
A,epsilon,370,1776511910706,1776511910707,1,SUCCESS
A,epsilon,371,1776511910706,1776511910707,1,SUCCESS
A,epsilon,372,1776511910706,1776511910707,1,SUCCESS
A,epsilon,373,1776511910706,1776511910707,1,SUCCESS
A,epsilon,374,1776511910706,1776511910707,1,SUCCESS
A,epsilon,375,1776511910706,1776511910707,1,SUCCESS
A,epsilon,376,1776511910706,1776511910707,1,SUCCESS
A,epsilon,377,1776511910706,1776511910707,1,SUCCESS
A,epsilon,378,1776511910706,1776511910707,1,SUCCESS
A,epsilon,379,1776511910706,1776511910707,1,SUCCESS
A,epsilon,380,1776511910706,1776511910707,1,SUCCESS
A,epsilon,381,1776511910706,1776511910707,1,SUCCESS
A,epsilon,382,1776511910706,1776511910707,1,SUCCESS
A,epsilon,383,1776511910706,1776511910707,1,SUCCESS
A,epsilon,384,1776511910706,1776511910707,1,SUCCESS
A,epsilon,385,1776511910706,1776511910707,1,SUCCESS
A,epsilon,386,1776511910706,1776511910707,1,SUCCESS
A,epsilon,387,1776511910706,1776511910707,1,SUCCESS
A,epsilon,388,1776511910706,1776511910707,1,SUCCESS
A,epsilon,389,1776511910706,1776511910707,1,SUCCESS
A,epsilon,390,1776511910706,1776511910707,1,SUCCESS
A,epsilon,391,1776511910706,1776511910707,1,SUCCESS
A,epsilon,392,1776511910706,1776511910707,1,SUCCESS
A,epsilon,393,1776511910706,1776511910707,1,SUCCESS
A,epsilon,394,1776511910706,1776511910707,1,SUCCESS
A,epsilon,395,1776511910706,1776511910707,1,SUCCESS
A,epsilon,396,1776511910706,1776511910707,1,SUCCESS
A,epsilon,397,1776511910706,1776511910707,1,SUCCESS
A,epsilon,398,1776511910706,1776511910707,1,SUCCESS
A,epsilon,399,1776511910706,1776511910707,1,SUCCESS
A,epsilon,400,1776511910706,1776511910707,1,SUCCESS
A,epsilon,401,1776511910706,1776511910707,1,SUCCESS
A,epsilon,402,1776511910706,1776511910707,1,SUCCESS
A,epsilon,403,1776511910706,1776511910707,1,SUCCESS
A,epsilon,404,1776511910706,1776511910707,1,SUCCESS
A,epsilon,405,1776511910706,1776511910707,1,SUCCESS
A,epsilon,406,1776511910706,1776511910707,1,SUCCESS
A,epsilon,407,1776511910706,1776511910707,1,SUCCESS
A,epsilon,408,1776511910706,1776511910707,1,SUCCESS
A,epsilon,409,1776511910706,1776511910707,1,SUCCESS
A,epsilon,410,1776511910706,1776511910707,1,SUCCESS
A,epsilon,411,1776511910706,1776511910707,1,SUCCESS
A,epsilon,412,1776511910706,1776511910707,1,SUCCESS
A,epsilon,413,1776511910706,1776511910707,1,SUCCESS
A,epsilon,414,1776511910706,1776511910707,1,SUCCESS
A,epsilon,415,1776511910706,1776511910707,1,SUCCESS
A,epsilon,416,1776511910706,1776511910707,1,SUCCESS
A,epsilon,417,1776511910706,1776511910707,1,SUCCESS
A,epsilon,418,1776511910706,1776511910707,1,SUCCESS
A,epsilon,419,1776511910706,1776511910707,1,SUCCESS
A,epsilon,420,1776511910706,1776511910707,1,SUCCESS
A,epsilon,421,1776511910706,1776511910707,1,SUCCESS
A,epsilon,422,1776511910706,1776511910707,1,SUCCESS
A,epsilon,423,1776511910706,1776511910707,1,SUCCESS
A,epsilon,424,1776511910706,1776511910707,1,SUCCESS
A,epsilon,425,1776511910706,1776511910707,1,SUCCESS
A,epsilon,426,1776511910706,1776511910707,1,SUCCESS
A,epsilon,427,1776511910706,1776511910707,1,SUCCESS
A,epsilon,428,1776511910706,1776511910707,1,SUCCESS
A,epsilon,429,1776511910706,1776511910707,1,SUCCESS
A,epsilon,430,1776511910706,1776511910707,1,SUCCESS
A,epsilon,431,1776511910706,1776511910707,1,SUCCESS
A,epsilon,432,1776511910706,1776511910707,1,SUCCESS
A,epsilon,433,1776511910706,1776511910707,1,SUCCESS
A,epsilon,434,1776511910706,1776511910707,1,SUCCESS
A,epsilon,435,1776511910706,1776511910707,1,SUCCESS
A,epsilon,436,1776511910706,1776511910707,1,SUCCESS
A,epsilon,437,1776511910706,1776511910707,1,SUCCESS
A,epsilon,438,1776511910706,1776511910707,1,SUCCESS
A,epsilon,439,1776511910706,1776511910707,1,SUCCESS
A,epsilon,440,1776511910706,1776511910707,1,SUCCESS
A,epsilon,441,1776511910706,1776511910707,1,SUCCESS
A,epsilon,442,1776511910706,1776511910707,1,SUCCESS
A,epsilon,443,1776511910706,1776511910707,1,SUCCESS
A,epsilon,444,1776511910706,1776511910707,1,SUCCESS
A,epsilon,445,1776511910706,1776511910707,1,SUCCESS
A,epsilon,446,1776511910706,1776511910707,1,SUCCESS
A,epsilon,447,1776511910706,1776511910707,1,SUCCESS
A,epsilon,448,1776511910706,1776511910707,1,SUCCESS
A,epsilon,449,1776511910706,1776511910707,1,SUCCESS
A,epsilon,450,1776511910706,1776511910707,1,SUCCESS
A,epsilon,451,1776511910706,1776511910707,1,SUCCESS
A,epsilon,452,1776511910706,1776511910707,1,SUCCESS
A,epsilon,453,1776511910706,1776511910707,1,SUCCESS
A,epsilon,454,1776511910706,1776511910707,1,SUCCESS
A,epsilon,455,1776511910706,1776511910707,1,SUCCESS
A,epsilon,456,1776511910706,1776511910707,1,SUCCESS
A,epsilon,457,1776511910706,1776511910707,1,SUCCESS
A,epsilon,458,1776511910706,1776511910707,1,SUCCESS
A,epsilon,459,1776511910706,1776511910707,1,SUCCESS
A,epsilon,460,1776511910706,1776511910707,1,SUCCESS
A,epsilon,461,1776511910706,1776511910707,1,SUCCESS
A,epsilon,462,1776511910707,1776511910707,0,SUCCESS
A,epsilon,463,1776511910707,1776511910707,0,SUCCESS
A,epsilon,464,1776511910707,1776511910707,0,SUCCESS
A,epsilon,465,1776511910707,1776511910707,0,SUCCESS
A,epsilon,466,1776511910707,1776511910707,0,SUCCESS
A,epsilon,467,1776511910707,1776511910707,0,SUCCESS
A,epsilon,468,1776511910707,1776511910707,0,SUCCESS
A,epsilon,469,1776511910707,1776511910707,0,SUCCESS
A,epsilon,470,1776511910707,1776511910707,0,SUCCESS
A,epsilon,471,1776511910707,1776511910707,0,SUCCESS
A,epsilon,472,1776511910707,1776511910707,0,SUCCESS
A,epsilon,473,1776511910707,1776511910707,0,SUCCESS
A,epsilon,474,1776511910707,1776511910707,0,SUCCESS
A,epsilon,475,1776511910707,1776511910707,0,SUCCESS
A,epsilon,476,1776511910707,1776511910707,0,SUCCESS
A,epsilon,477,1776511910707,1776511910707,0,SUCCESS
A,epsilon,478,1776511910707,1776511910707,0,SUCCESS
A,epsilon,479,1776511910707,1776511910707,0,SUCCESS
A,epsilon,480,1776511910707,1776511910707,0,SUCCESS
A,epsilon,481,1776511910707,1776511910707,0,SUCCESS
A,epsilon,482,1776511910707,1776511910707,0,SUCCESS
A,epsilon,483,1776511910707,1776511910707,0,SUCCESS
A,epsilon,484,1776511910707,1776511910707,0,SUCCESS
A,epsilon,485,1776511910707,1776511910707,0,SUCCESS
A,epsilon,486,1776511910707,1776511910707,0,SUCCESS
A,epsilon,487,1776511910707,1776511910707,0,SUCCESS
A,epsilon,488,1776511910707,1776511910707,0,SUCCESS
A,epsilon,489,1776511910707,1776511910707,0,SUCCESS
A,epsilon,490,1776511910707,1776511910707,0,SUCCESS
A,epsilon,491,1776511910707,1776511910707,0,SUCCESS
A,epsilon,492,1776511910707,1776511910707,0,SUCCESS
A,epsilon,493,1776511910707,1776511910707,0,SUCCESS
A,epsilon,494,1776511910707,1776511910707,0,SUCCESS
A,epsilon,495,1776511910707,1776511910707,0,SUCCESS
A,epsilon,496,1776511910707,1776511910707,0,SUCCESS
A,epsilon,497,1776511910707,1776511910707,0,SUCCESS
A,epsilon,498,1776511910707,1776511910707,0,SUCCESS
A,epsilon,499,1776511910707,1776511910707,0,SUCCESS
A,epsilon,500,1776511910707,1776511910707,0,SUCCESS
A,epsilon,501,1776511910707,1776511910707,0,SUCCESS
A,epsilon,502,1776511910707,1776511910707,0,SUCCESS
A,epsilon,503,1776511910707,1776511910707,0,SUCCESS
A,epsilon,504,1776511910707,1776511910707,0,SUCCESS
A,epsilon,505,1776511910707,1776511910707,0,SUCCESS
A,epsilon,506,1776511910707,1776511910707,0,SUCCESS
A,epsilon,507,1776511910707,1776511910707,0,SUCCESS
A,epsilon,508,1776511910707,1776511910707,0,SUCCESS
A,epsilon,509,1776511910707,1776511910707,0,SUCCESS
A,epsilon,510,1776511910707,1776511910707,0,SUCCESS
A,epsilon,511,1776511910707,1776511910707,0,SUCCESS
A,epsilon,512,1776511910707,1776511910707,0,SUCCESS
A,epsilon,513,1776511910707,1776511910707,0,SUCCESS
A,epsilon,514,1776511910707,1776511910707,0,SUCCESS
A,epsilon,515,1776511910707,1776511910707,0,SUCCESS
A,epsilon,516,1776511910707,1776511910707,0,SUCCESS
A,epsilon,517,1776511910707,1776511910707,0,SUCCESS
A,epsilon,518,1776511910707,1776511910707,0,SUCCESS
A,epsilon,519,1776511910707,1776511910707,0,SUCCESS
A,epsilon,520,1776511910707,1776511910707,0,SUCCESS
A,epsilon,521,1776511910707,1776511910707,0,SUCCESS
A,epsilon,522,1776511910707,1776511910707,0,SUCCESS
A,epsilon,523,1776511910707,1776511910707,0,SUCCESS
A,epsilon,524,1776511910707,1776511910707,0,SUCCESS
A,epsilon,525,1776511910707,1776511910707,0,SUCCESS
A,epsilon,526,1776511910707,1776511910707,0,SUCCESS
A,epsilon,527,1776511910707,1776511910707,0,SUCCESS
A,epsilon,528,1776511910707,1776511910707,0,SUCCESS
A,epsilon,529,1776511910707,1776511910707,0,SUCCESS
A,epsilon,530,1776511910707,1776511910707,0,SUCCESS
A,epsilon,531,1776511910707,1776511910707,0,SUCCESS
A,epsilon,532,1776511910707,1776511910707,0,SUCCESS
A,epsilon,533,1776511910707,1776511910707,0,SUCCESS
A,epsilon,534,1776511910707,1776511910707,0,SUCCESS
A,epsilon,535,1776511910707,1776511910707,0,SUCCESS
A,epsilon,536,1776511910707,1776511910707,0,SUCCESS
A,epsilon,537,1776511910707,1776511910707,0,SUCCESS
A,epsilon,538,1776511910707,1776511910707,0,SUCCESS
A,epsilon,539,1776511910707,1776511910707,0,SUCCESS
A,epsilon,540,1776511910707,1776511910707,0,SUCCESS
A,epsilon,541,1776511910707,1776511910707,0,SUCCESS
A,epsilon,542,1776511910707,1776511910707,0,SUCCESS
A,epsilon,543,1776511910707,1776511910707,0,SUCCESS
A,epsilon,544,1776511910707,1776511910707,0,SUCCESS
A,epsilon,545,1776511910707,1776511910707,0,SUCCESS
A,epsilon,546,1776511910707,1776511910707,0,SUCCESS
A,epsilon,547,1776511910707,1776511910707,0,SUCCESS
A,epsilon,548,1776511910707,1776511910707,0,SUCCESS
A,epsilon,549,1776511910707,1776511910707,0,SUCCESS
A,epsilon,550,1776511910707,1776511910707,0,SUCCESS
A,epsilon,551,1776511910707,1776511910707,0,SUCCESS
A,epsilon,552,1776511910707,1776511910707,0,SUCCESS
A,epsilon,553,1776511910707,1776511910707,0,SUCCESS
A,epsilon,554,1776511910707,1776511910707,0,SUCCESS
A,epsilon,555,1776511910707,1776511910707,0,SUCCESS
A,epsilon,556,1776511910707,1776511910707,0,SUCCESS
A,epsilon,557,1776511910707,1776511910707,0,SUCCESS
A,epsilon,558,1776511910707,1776511910707,0,SUCCESS
A,epsilon,559,1776511910707,1776511910707,0,SUCCESS
A,epsilon,560,1776511910707,1776511910707,0,SUCCESS
A,epsilon,561,1776511910707,1776511910707,0,SUCCESS
A,epsilon,562,1776511910707,1776511910707,0,SUCCESS
A,epsilon,563,1776511910707,1776511910707,0,SUCCESS
A,epsilon,564,1776511910707,1776511910707,0,SUCCESS
A,epsilon,565,1776511910707,1776511910707,0,SUCCESS
A,epsilon,566,1776511910707,1776511910707,0,SUCCESS
A,epsilon,567,1776511910707,1776511910707,0,SUCCESS
A,epsilon,568,1776511910707,1776511910707,0,SUCCESS
A,epsilon,569,1776511910707,1776511910707,0,SUCCESS
A,epsilon,570,1776511910707,1776511910707,0,SUCCESS
A,epsilon,571,1776511910707,1776511910707,0,SUCCESS
A,epsilon,572,1776511910707,1776511910707,0,SUCCESS
A,epsilon,573,1776511910707,1776511910707,0,SUCCESS
A,epsilon,574,1776511910707,1776511910707,0,SUCCESS
A,epsilon,575,1776511910707,1776511910707,0,SUCCESS
A,epsilon,576,1776511910707,1776511910707,0,SUCCESS
A,epsilon,577,1776511910707,1776511910707,0,SUCCESS
A,epsilon,578,1776511910707,1776511910707,0,SUCCESS
A,epsilon,579,1776511910707,1776511910707,0,SUCCESS
A,epsilon,580,1776511910707,1776511910707,0,SUCCESS
A,epsilon,581,1776511910707,1776511910707,0,SUCCESS
A,epsilon,582,1776511910707,1776511910707,0,SUCCESS
A,epsilon,583,1776511910707,1776511910707,0,SUCCESS
A,epsilon,584,1776511910707,1776511910707,0,SUCCESS
A,epsilon,585,1776511910707,1776511910707,0,SUCCESS
A,epsilon,586,1776511910707,1776511910707,0,SUCCESS
A,epsilon,587,1776511910707,1776511910707,0,SUCCESS
A,epsilon,588,1776511910707,1776511910707,0,SUCCESS
A,epsilon,589,1776511910707,1776511910707,0,SUCCESS
A,epsilon,590,1776511910707,1776511910707,0,SUCCESS
A,epsilon,591,1776511910707,1776511910707,0,SUCCESS
A,epsilon,592,1776511910707,1776511910707,0,SUCCESS
A,epsilon,593,1776511910707,1776511910707,0,SUCCESS
A,epsilon,594,1776511910707,1776511910707,0,SUCCESS
A,epsilon,595,1776511910707,1776511910707,0,SUCCESS
A,epsilon,596,1776511910707,1776511910707,0,SUCCESS
A,epsilon,597,1776511910707,1776511910707,0,SUCCESS
A,epsilon,598,1776511910707,1776511910707,0,SUCCESS
A,epsilon,599,1776511910707,1776511910707,0,SUCCESS
A,epsilon,600,1776511910707,1776511910707,0,SUCCESS
A,epsilon,601,1776511910707,1776511910707,0,SUCCESS
A,epsilon,602,1776511910707,1776511910707,0,SUCCESS
A,epsilon,603,1776511910707,1776511910707,0,SUCCESS
A,epsilon,604,1776511910707,1776511910707,0,SUCCESS
A,epsilon,605,1776511910707,1776511910707,0,SUCCESS
A,epsilon,606,1776511910707,1776511910707,0,SUCCESS
A,epsilon,607,1776511910707,1776511910707,0,SUCCESS
A,epsilon,608,1776511910707,1776511910707,0,SUCCESS
A,epsilon,609,1776511910707,1776511910707,0,SUCCESS
A,epsilon,610,1776511910707,1776511910707,0,SUCCESS
A,epsilon,611,1776511910707,1776511910707,0,SUCCESS
A,epsilon,612,1776511910707,1776511910707,0,SUCCESS
A,epsilon,613,1776511910707,1776511910707,0,SUCCESS
A,epsilon,614,1776511910707,1776511910707,0,SUCCESS
A,epsilon,615,1776511910707,1776511910707,0,SUCCESS
A,epsilon,616,1776511910707,1776511910707,0,SUCCESS
A,epsilon,617,1776511910707,1776511910707,0,SUCCESS
A,epsilon,618,1776511910707,1776511910707,0,SUCCESS
A,epsilon,619,1776511910707,1776511910707,0,SUCCESS
A,epsilon,620,1776511910707,1776511910707,0,SUCCESS
A,epsilon,621,1776511910707,1776511910707,0,SUCCESS
A,epsilon,622,1776511910707,1776511910707,0,SUCCESS
A,epsilon,623,1776511910707,1776511910707,0,SUCCESS
A,epsilon,624,1776511910707,1776511910707,0,SUCCESS
A,epsilon,625,1776511910707,1776511910707,0,SUCCESS
A,epsilon,626,1776511910707,1776511910707,0,SUCCESS
A,epsilon,627,1776511910707,1776511910707,0,SUCCESS
A,epsilon,628,1776511910707,1776511910707,0,SUCCESS
A,epsilon,629,1776511910707,1776511910707,0,SUCCESS
A,epsilon,630,1776511910707,1776511910707,0,SUCCESS
A,epsilon,631,1776511910707,1776511910707,0,SUCCESS
A,epsilon,632,1776511910707,1776511910707,0,SUCCESS
A,epsilon,633,1776511910707,1776511910707,0,SUCCESS
A,epsilon,634,1776511910707,1776511910707,0,SUCCESS
A,epsilon,635,1776511910707,1776511910707,0,SUCCESS
A,epsilon,636,1776511910707,1776511910707,0,SUCCESS
A,epsilon,637,1776511910707,1776511910707,0,SUCCESS
A,epsilon,638,1776511910707,1776511910707,0,SUCCESS
A,epsilon,639,1776511910707,1776511910707,0,SUCCESS
A,epsilon,640,1776511910707,1776511910707,0,SUCCESS
A,epsilon,641,1776511910707,1776511910707,0,SUCCESS
A,epsilon,642,1776511910707,1776511910707,0,SUCCESS
A,epsilon,643,1776511910707,1776511910707,0,SUCCESS
A,epsilon,644,1776511910707,1776511910707,0,SUCCESS
A,epsilon,645,1776511910707,1776511910707,0,SUCCESS
A,epsilon,646,1776511910707,1776511910707,0,SUCCESS
A,epsilon,647,1776511910707,1776511910707,0,SUCCESS
A,epsilon,648,1776511910707,1776511910707,0,SUCCESS
A,epsilon,649,1776511910707,1776511910707,0,SUCCESS
A,epsilon,650,1776511910707,1776511910707,0,SUCCESS
A,epsilon,651,1776511910707,1776511910707,0,SUCCESS
A,epsilon,652,1776511910707,1776511910707,0,SUCCESS
A,epsilon,653,1776511910707,1776511910707,0,SUCCESS
A,epsilon,654,1776511910707,1776511910707,0,SUCCESS
A,epsilon,655,1776511910707,1776511910707,0,SUCCESS
A,epsilon,656,1776511910707,1776511910707,0,SUCCESS
A,epsilon,657,1776511910707,1776511910707,0,SUCCESS
A,epsilon,658,1776511910707,1776511910707,0,SUCCESS
A,epsilon,659,1776511910707,1776511910707,0,SUCCESS
A,epsilon,660,1776511910707,1776511910707,0,SUCCESS
A,epsilon,661,1776511910707,1776511910707,0,SUCCESS
A,epsilon,662,1776511910707,1776511910707,0,SUCCESS
A,epsilon,663,1776511910707,1776511910707,0,SUCCESS
A,epsilon,664,1776511910707,1776511910707,0,SUCCESS
A,epsilon,665,1776511910707,1776511910707,0,SUCCESS
A,epsilon,666,1776511910707,1776511910707,0,SUCCESS
A,epsilon,667,1776511910707,1776511910707,0,SUCCESS
A,epsilon,668,1776511910707,1776511910707,0,SUCCESS
A,epsilon,669,1776511910707,1776511910707,0,SUCCESS
A,epsilon,670,1776511910707,1776511910707,0,SUCCESS
A,epsilon,671,1776511910707,1776511910707,0,SUCCESS
A,epsilon,672,1776511910707,1776511910707,0,SUCCESS
A,epsilon,673,1776511910707,1776511910707,0,SUCCESS
A,epsilon,674,1776511910707,1776511910707,0,SUCCESS
A,epsilon,675,1776511910707,1776511910707,0,SUCCESS
A,epsilon,676,1776511910707,1776511910707,0,SUCCESS
A,epsilon,677,1776511910707,1776511910707,0,SUCCESS
A,epsilon,678,1776511910707,1776511910707,0,SUCCESS
A,epsilon,679,1776511910707,1776511910707,0,SUCCESS
A,epsilon,680,1776511910707,1776511910707,0,SUCCESS
A,epsilon,681,1776511910707,1776511910707,0,SUCCESS
A,epsilon,682,1776511910707,1776511910707,0,SUCCESS
A,epsilon,683,1776511910707,1776511910707,0,SUCCESS
A,epsilon,684,1776511910707,1776511910707,0,SUCCESS
A,epsilon,685,1776511910707,1776511910707,0,SUCCESS
A,epsilon,686,1776511910707,1776511910707,0,SUCCESS
A,epsilon,687,1776511910707,1776511910707,0,SUCCESS
A,epsilon,688,1776511910707,1776511910707,0,SUCCESS
A,epsilon,689,1776511910707,1776511910707,0,SUCCESS
A,epsilon,690,1776511910707,1776511910707,0,SUCCESS
A,epsilon,691,1776511910707,1776511910707,0,SUCCESS
A,epsilon,692,1776511910707,1776511910707,0,SUCCESS
A,epsilon,693,1776511910707,1776511910707,0,SUCCESS
A,epsilon,694,1776511910707,1776511910707,0,SUCCESS
A,epsilon,695,1776511910707,1776511910707,0,SUCCESS
A,epsilon,696,1776511910707,1776511910707,0,SUCCESS
A,epsilon,697,1776511910707,1776511910707,0,SUCCESS
A,epsilon,698,1776511910707,1776511910707,0,SUCCESS
A,epsilon,699,1776511910707,1776511910707,0,SUCCESS
A,epsilon,700,1776511910707,1776511910707,0,SUCCESS
A,epsilon,701,1776511910707,1776511910707,0,SUCCESS
A,epsilon,702,1776511910707,1776511910707,0,SUCCESS
A,epsilon,703,1776511910707,1776511910707,0,SUCCESS
A,epsilon,704,1776511910707,1776511910707,0,SUCCESS
A,epsilon,705,1776511910707,1776511910707,0,SUCCESS
A,epsilon,706,1776511910707,1776511910707,0,SUCCESS
A,epsilon,707,1776511910707,1776511910707,0,SUCCESS
A,epsilon,708,1776511910707,1776511910707,0,SUCCESS
A,epsilon,709,1776511910707,1776511910707,0,SUCCESS
A,epsilon,710,1776511910707,1776511910707,0,SUCCESS
A,epsilon,711,1776511910707,1776511910707,0,SUCCESS
A,epsilon,712,1776511910707,1776511910707,0,SUCCESS
A,epsilon,713,1776511910707,1776511910707,0,SUCCESS
A,epsilon,714,1776511910707,1776511910707,0,SUCCESS
A,epsilon,715,1776511910707,1776511910707,0,SUCCESS
A,epsilon,716,1776511910707,1776511910707,0,SUCCESS
A,epsilon,717,1776511910707,1776511910707,0,SUCCESS
A,epsilon,718,1776511910707,1776511910707,0,SUCCESS
A,epsilon,719,1776511910707,1776511910707,0,SUCCESS
A,epsilon,720,1776511910707,1776511910707,0,SUCCESS
A,epsilon,721,1776511910707,1776511910707,0,SUCCESS
A,epsilon,722,1776511910707,1776511910707,0,SUCCESS
A,epsilon,723,1776511910707,1776511910707,0,SUCCESS
A,epsilon,724,1776511910707,1776511910707,0,SUCCESS
A,epsilon,725,1776511910707,1776511910707,0,SUCCESS
A,epsilon,726,1776511910707,1776511910707,0,SUCCESS
A,epsilon,727,1776511910707,1776511910707,0,SUCCESS
A,epsilon,728,1776511910707,1776511910707,0,SUCCESS
A,epsilon,729,1776511910707,1776511910707,0,SUCCESS
A,epsilon,730,1776511910707,1776511910707,0,SUCCESS
A,epsilon,731,1776511910707,1776511910707,0,SUCCESS
A,epsilon,732,1776511910707,1776511910707,0,SUCCESS
A,epsilon,733,1776511910707,1776511910707,0,SUCCESS
A,epsilon,734,1776511910707,1776511910707,0,SUCCESS
A,epsilon,735,1776511910707,1776511910707,0,SUCCESS
A,epsilon,736,1776511910707,1776511910707,0,SUCCESS
A,epsilon,737,1776511910707,1776511910707,0,SUCCESS
A,epsilon,738,1776511910707,1776511910707,0,SUCCESS
A,epsilon,739,1776511910707,1776511910708,1,SUCCESS
A,epsilon,740,1776511910707,1776511910708,1,SUCCESS
A,epsilon,741,1776511910707,1776511910708,1,SUCCESS
A,epsilon,742,1776511910707,1776511910708,1,SUCCESS
A,epsilon,743,1776511910707,1776511910708,1,SUCCESS
A,epsilon,744,1776511910707,1776511910708,1,SUCCESS
A,epsilon,745,1776511910707,1776511910708,1,SUCCESS
A,epsilon,746,1776511910707,1776511910708,1,SUCCESS
A,epsilon,747,1776511910707,1776511910708,1,SUCCESS
A,epsilon,748,1776511910707,1776511910708,1,SUCCESS
A,epsilon,749,1776511910707,1776511910708,1,SUCCESS
A,epsilon,750,1776511910707,1776511910708,1,SUCCESS
A,epsilon,751,1776511910707,1776511910708,1,SUCCESS
A,epsilon,752,1776511910707,1776511910708,1,SUCCESS
A,epsilon,753,1776511910707,1776511910708,1,SUCCESS
A,epsilon,754,1776511910707,1776511910708,1,SUCCESS
A,epsilon,755,1776511910707,1776511910708,1,SUCCESS
A,epsilon,756,1776511910707,1776511910708,1,SUCCESS
A,epsilon,757,1776511910707,1776511910708,1,SUCCESS
A,epsilon,758,1776511910707,1776511910708,1,SUCCESS
A,epsilon,759,1776511910707,1776511910708,1,SUCCESS
A,epsilon,760,1776511910707,1776511910708,1,SUCCESS
A,epsilon,761,1776511910707,1776511910708,1,SUCCESS
A,epsilon,762,1776511910707,1776511910708,1,SUCCESS
A,epsilon,763,1776511910707,1776511910708,1,SUCCESS
A,epsilon,764,1776511910707,1776511910708,1,SUCCESS
A,epsilon,765,1776511910707,1776511910708,1,SUCCESS
A,epsilon,766,1776511910707,1776511910708,1,SUCCESS
A,epsilon,767,1776511910707,1776511910708,1,SUCCESS
A,epsilon,768,1776511910707,1776511910708,1,SUCCESS
A,epsilon,769,1776511910707,1776511910708,1,SUCCESS
A,epsilon,770,1776511910707,1776511910708,1,SUCCESS
A,epsilon,771,1776511910707,1776511910708,1,SUCCESS
A,epsilon,772,1776511910707,1776511910708,1,SUCCESS
A,epsilon,773,1776511910707,1776511910708,1,SUCCESS
A,epsilon,774,1776511910707,1776511910708,1,SUCCESS
A,epsilon,775,1776511910707,1776511910708,1,SUCCESS
A,epsilon,776,1776511910707,1776511910708,1,SUCCESS
A,epsilon,777,1776511910707,1776511910708,1,SUCCESS
A,epsilon,778,1776511910707,1776511910708,1,SUCCESS
A,epsilon,779,1776511910707,1776511910708,1,SUCCESS
A,epsilon,780,1776511910707,1776511910708,1,SUCCESS
A,epsilon,781,1776511910707,1776511910708,1,SUCCESS
A,epsilon,782,1776511910707,1776511910708,1,SUCCESS
A,epsilon,783,1776511910707,1776511910708,1,SUCCESS
A,epsilon,784,1776511910707,1776511910708,1,SUCCESS
A,epsilon,785,1776511910707,1776511910708,1,SUCCESS
A,epsilon,786,1776511910707,1776511910708,1,SUCCESS
A,epsilon,787,1776511910707,1776511910708,1,SUCCESS
A,epsilon,788,1776511910707,1776511910708,1,SUCCESS
A,epsilon,789,1776511910707,1776511910708,1,SUCCESS
A,epsilon,790,1776511910707,1776511910708,1,SUCCESS
A,epsilon,791,1776511910707,1776511910708,1,SUCCESS
A,epsilon,792,1776511910707,1776511910708,1,SUCCESS
A,epsilon,793,1776511910707,1776511910708,1,SUCCESS
A,epsilon,794,1776511910707,1776511910708,1,SUCCESS
A,epsilon,795,1776511910707,1776511910708,1,SUCCESS
A,epsilon,796,1776511910707,1776511910708,1,SUCCESS
A,epsilon,797,1776511910707,1776511910708,1,SUCCESS
A,epsilon,798,1776511910707,1776511910708,1,SUCCESS
A,epsilon,799,1776511910707,1776511910708,1,SUCCESS
A,epsilon,800,1776511910707,1776511910708,1,SUCCESS
A,epsilon,801,1776511910707,1776511910708,1,SUCCESS
A,epsilon,802,1776511910707,1776511910708,1,SUCCESS
A,epsilon,803,1776511910707,1776511910708,1,SUCCESS
A,epsilon,804,1776511910707,1776511910708,1,SUCCESS
A,epsilon,805,1776511910707,1776511910708,1,SUCCESS
A,epsilon,806,1776511910707,1776511910708,1,SUCCESS
A,epsilon,807,1776511910707,1776511910708,1,SUCCESS
A,epsilon,808,1776511910707,1776511910708,1,SUCCESS
A,epsilon,809,1776511910707,1776511910708,1,SUCCESS
A,epsilon,810,1776511910707,1776511910708,1,SUCCESS
A,epsilon,811,1776511910707,1776511910708,1,SUCCESS
A,epsilon,812,1776511910707,1776511910708,1,SUCCESS
A,epsilon,813,1776511910707,1776511910708,1,SUCCESS
A,epsilon,814,1776511910707,1776511910708,1,SUCCESS
A,epsilon,815,1776511910707,1776511910708,1,SUCCESS
A,epsilon,816,1776511910707,1776511910708,1,SUCCESS
A,epsilon,817,1776511910707,1776511910708,1,SUCCESS
A,epsilon,818,1776511910707,1776511910708,1,SUCCESS
A,epsilon,819,1776511910707,1776511910708,1,SUCCESS
A,epsilon,820,1776511910707,1776511910708,1,SUCCESS
A,epsilon,821,1776511910707,1776511910708,1,SUCCESS
A,epsilon,822,1776511910707,1776511910708,1,SUCCESS
A,epsilon,823,1776511910707,1776511910708,1,SUCCESS
A,epsilon,824,1776511910707,1776511910708,1,SUCCESS
A,epsilon,825,1776511910707,1776511910708,1,SUCCESS
A,epsilon,826,1776511910707,1776511910708,1,SUCCESS
A,epsilon,827,1776511910707,1776511910708,1,SUCCESS
A,epsilon,828,1776511910707,1776511910708,1,SUCCESS
A,epsilon,829,1776511910707,1776511910708,1,SUCCESS
A,epsilon,830,1776511910707,1776511910708,1,SUCCESS
A,epsilon,831,1776511910707,1776511910708,1,SUCCESS
A,epsilon,832,1776511910707,1776511910708,1,SUCCESS
A,epsilon,833,1776511910707,1776511910708,1,SUCCESS
A,epsilon,834,1776511910707,1776511910708,1,SUCCESS
A,epsilon,835,1776511910707,1776511910708,1,SUCCESS
A,epsilon,836,1776511910707,1776511910708,1,SUCCESS
A,epsilon,837,1776511910707,1776511910708,1,SUCCESS
A,epsilon,838,1776511910707,1776511910708,1,SUCCESS
A,epsilon,839,1776511910707,1776511910708,1,SUCCESS
A,epsilon,840,1776511910707,1776511910708,1,SUCCESS
A,epsilon,841,1776511910707,1776511910708,1,SUCCESS
A,epsilon,842,1776511910707,1776511910708,1,SUCCESS
A,epsilon,843,1776511910707,1776511910708,1,SUCCESS
A,epsilon,844,1776511910707,1776511910708,1,SUCCESS
A,epsilon,845,1776511910707,1776511910708,1,SUCCESS
A,epsilon,846,1776511910707,1776511910708,1,SUCCESS
A,epsilon,847,1776511910707,1776511910708,1,SUCCESS
A,epsilon,848,1776511910707,1776511910708,1,SUCCESS
A,epsilon,849,1776511910707,1776511910708,1,SUCCESS
A,epsilon,850,1776511910707,1776511910708,1,SUCCESS
A,epsilon,851,1776511910707,1776511910708,1,SUCCESS
A,epsilon,852,1776511910707,1776511910708,1,SUCCESS
A,epsilon,853,1776511910707,1776511910708,1,SUCCESS
A,epsilon,854,1776511910707,1776511910708,1,SUCCESS
A,epsilon,855,1776511910707,1776511910708,1,SUCCESS
A,epsilon,856,1776511910707,1776511910708,1,SUCCESS
A,epsilon,857,1776511910707,1776511910708,1,SUCCESS
A,epsilon,858,1776511910707,1776511910708,1,SUCCESS
A,epsilon,859,1776511910707,1776511910708,1,SUCCESS
A,epsilon,860,1776511910707,1776511910708,1,SUCCESS
A,epsilon,861,1776511910707,1776511910708,1,SUCCESS
A,epsilon,862,1776511910707,1776511910708,1,SUCCESS
A,epsilon,863,1776511910707,1776511910708,1,SUCCESS
A,epsilon,864,1776511910707,1776511910708,1,SUCCESS
A,epsilon,865,1776511910707,1776511910708,1,SUCCESS
A,epsilon,866,1776511910707,1776511910708,1,SUCCESS
A,epsilon,867,1776511910707,1776511910708,1,SUCCESS
A,epsilon,868,1776511910707,1776511910708,1,SUCCESS
A,epsilon,869,1776511910707,1776511910708,1,SUCCESS
A,epsilon,870,1776511910707,1776511910708,1,SUCCESS
A,epsilon,871,1776511910707,1776511910708,1,SUCCESS
A,epsilon,872,1776511910707,1776511910708,1,SUCCESS
A,epsilon,873,1776511910707,1776511910708,1,SUCCESS
A,epsilon,874,1776511910707,1776511910708,1,SUCCESS
A,epsilon,875,1776511910707,1776511910708,1,SUCCESS
A,epsilon,876,1776511910707,1776511910708,1,SUCCESS
A,epsilon,877,1776511910707,1776511910708,1,SUCCESS
A,epsilon,878,1776511910707,1776511910708,1,SUCCESS
A,epsilon,879,1776511910707,1776511910708,1,SUCCESS
A,epsilon,880,1776511910707,1776511910708,1,SUCCESS
A,epsilon,881,1776511910707,1776511910708,1,SUCCESS
A,epsilon,882,1776511910707,1776511910708,1,SUCCESS
A,epsilon,883,1776511910707,1776511910708,1,SUCCESS
A,epsilon,884,1776511910707,1776511910708,1,SUCCESS
A,epsilon,885,1776511910707,1776511910708,1,SUCCESS
A,epsilon,886,1776511910707,1776511910708,1,SUCCESS
A,epsilon,887,1776511910707,1776511910708,1,SUCCESS
A,epsilon,888,1776511910707,1776511910708,1,SUCCESS
A,epsilon,889,1776511910707,1776511910708,1,SUCCESS
A,epsilon,890,1776511910707,1776511910708,1,SUCCESS
A,epsilon,891,1776511910707,1776511910708,1,SUCCESS
A,epsilon,892,1776511910707,1776511910708,1,SUCCESS
A,epsilon,893,1776511910707,1776511910708,1,SUCCESS
A,epsilon,894,1776511910707,1776511910708,1,SUCCESS
A,epsilon,895,1776511910707,1776511910708,1,SUCCESS
A,epsilon,896,1776511910707,1776511910708,1,SUCCESS
A,epsilon,897,1776511910707,1776511910708,1,SUCCESS
A,epsilon,898,1776511910707,1776511910708,1,SUCCESS
A,epsilon,899,1776511910707,1776511910708,1,SUCCESS
A,epsilon,900,1776511910707,1776511910708,1,SUCCESS
A,epsilon,901,1776511910707,1776511910708,1,SUCCESS
A,epsilon,902,1776511910707,1776511910708,1,SUCCESS
A,epsilon,903,1776511910707,1776511910708,1,SUCCESS
A,epsilon,904,1776511910707,1776511910708,1,SUCCESS
A,epsilon,905,1776511910707,1776511910708,1,SUCCESS
A,epsilon,906,1776511910707,1776511910708,1,SUCCESS
A,epsilon,907,1776511910707,1776511910708,1,SUCCESS
A,epsilon,908,1776511910707,1776511910708,1,SUCCESS
A,epsilon,909,1776511910707,1776511910708,1,SUCCESS
A,epsilon,910,1776511910707,1776511910708,1,SUCCESS
A,epsilon,911,1776511910707,1776511910708,1,SUCCESS
A,epsilon,912,1776511910707,1776511910708,1,SUCCESS
A,epsilon,913,1776511910707,1776511910708,1,SUCCESS
A,epsilon,914,1776511910707,1776511910708,1,SUCCESS
A,epsilon,915,1776511910707,1776511910708,1,SUCCESS
A,epsilon,916,1776511910707,1776511910708,1,SUCCESS
A,epsilon,917,1776511910707,1776511910708,1,SUCCESS
A,epsilon,918,1776511910707,1776511910708,1,SUCCESS
A,epsilon,919,1776511910707,1776511910708,1,SUCCESS
A,epsilon,920,1776511910707,1776511910708,1,SUCCESS
A,epsilon,921,1776511910707,1776511910708,1,SUCCESS
A,epsilon,922,1776511910707,1776511910708,1,SUCCESS
A,epsilon,923,1776511910707,1776511910708,1,SUCCESS
A,epsilon,924,1776511910707,1776511910708,1,SUCCESS
A,epsilon,925,1776511910707,1776511910708,1,SUCCESS
A,epsilon,926,1776511910707,1776511910708,1,SUCCESS
A,epsilon,927,1776511910707,1776511910708,1,SUCCESS
A,epsilon,928,1776511910707,1776511910708,1,SUCCESS
A,epsilon,929,1776511910707,1776511910708,1,SUCCESS
A,epsilon,930,1776511910707,1776511910708,1,SUCCESS
A,epsilon,931,1776511910707,1776511910708,1,SUCCESS
A,epsilon,932,1776511910707,1776511910708,1,SUCCESS
A,epsilon,933,1776511910707,1776511910708,1,SUCCESS
A,epsilon,934,1776511910707,1776511910708,1,SUCCESS
A,epsilon,935,1776511910707,1776511910708,1,SUCCESS
A,epsilon,936,1776511910707,1776511910708,1,SUCCESS
A,epsilon,937,1776511910707,1776511910708,1,SUCCESS
A,epsilon,938,1776511910707,1776511910708,1,SUCCESS
A,epsilon,939,1776511910707,1776511910708,1,SUCCESS
A,epsilon,940,1776511910707,1776511910708,1,SUCCESS
A,epsilon,941,1776511910708,1776511910708,0,SUCCESS
A,epsilon,942,1776511910708,1776511910708,0,SUCCESS
A,epsilon,943,1776511910708,1776511910708,0,SUCCESS
A,epsilon,944,1776511910708,1776511910708,0,SUCCESS
A,epsilon,945,1776511910708,1776511910708,0,SUCCESS
A,epsilon,946,1776511910708,1776511910708,0,SUCCESS
A,epsilon,947,1776511910708,1776511910708,0,SUCCESS
A,epsilon,948,1776511910708,1776511910708,0,SUCCESS
A,epsilon,949,1776511910708,1776511910708,0,SUCCESS
A,epsilon,950,1776511910708,1776511910708,0,SUCCESS
A,epsilon,951,1776511910708,1776511910708,0,SUCCESS
A,epsilon,952,1776511910708,1776511910708,0,SUCCESS
A,epsilon,953,1776511910708,1776511910708,0,SUCCESS
A,epsilon,954,1776511910708,1776511910708,0,SUCCESS
A,epsilon,955,1776511910708,1776511910708,0,SUCCESS
A,epsilon,956,1776511910708,1776511910708,0,SUCCESS
A,epsilon,957,1776511910708,1776511910708,0,SUCCESS
A,epsilon,958,1776511910708,1776511910708,0,SUCCESS
A,epsilon,959,1776511910708,1776511910708,0,SUCCESS
A,epsilon,960,1776511910708,1776511910708,0,SUCCESS
A,epsilon,961,1776511910708,1776511910708,0,SUCCESS
A,epsilon,962,1776511910708,1776511910708,0,SUCCESS
A,epsilon,963,1776511910708,1776511910708,0,SUCCESS
A,epsilon,964,1776511910708,1776511910708,0,SUCCESS
A,epsilon,965,1776511910708,1776511910708,0,SUCCESS
A,epsilon,966,1776511910708,1776511910708,0,SUCCESS
A,epsilon,967,1776511910708,1776511910708,0,SUCCESS
A,epsilon,968,1776511910708,1776511910708,0,SUCCESS
A,epsilon,969,1776511910708,1776511910708,0,SUCCESS
A,epsilon,970,1776511910708,1776511910708,0,SUCCESS
A,epsilon,971,1776511910708,1776511910708,0,SUCCESS
A,epsilon,972,1776511910708,1776511910708,0,SUCCESS
A,epsilon,973,1776511910708,1776511910708,0,SUCCESS
A,epsilon,974,1776511910708,1776511910708,0,SUCCESS
A,epsilon,975,1776511910708,1776511910708,0,SUCCESS
A,epsilon,976,1776511910708,1776511910708,0,SUCCESS
A,epsilon,977,1776511910708,1776511910708,0,SUCCESS
A,epsilon,978,1776511910708,1776511910708,0,SUCCESS
A,epsilon,979,1776511910708,1776511910708,0,SUCCESS
A,epsilon,980,1776511910708,1776511910708,0,SUCCESS
A,epsilon,981,1776511910708,1776511910708,0,SUCCESS
A,epsilon,982,1776511910708,1776511910708,0,SUCCESS
A,epsilon,983,1776511910708,1776511910708,0,SUCCESS
A,epsilon,984,1776511910708,1776511910708,0,SUCCESS
A,epsilon,985,1776511910708,1776511910708,0,SUCCESS
A,epsilon,986,1776511910708,1776511910708,0,SUCCESS
A,epsilon,987,1776511910708,1776511910708,0,SUCCESS
A,epsilon,988,1776511910708,1776511910708,0,SUCCESS
A,epsilon,989,1776511910708,1776511910708,0,SUCCESS
A,epsilon,990,1776511910708,1776511910708,0,SUCCESS
A,epsilon,991,1776511910708,1776511910708,0,SUCCESS
A,epsilon,992,1776511910708,1776511910708,0,SUCCESS
A,epsilon,993,1776511910708,1776511910708,0,SUCCESS
A,epsilon,994,1776511910708,1776511910708,0,SUCCESS
A,epsilon,995,1776511910708,1776511910708,0,SUCCESS
A,epsilon,996,1776511910708,1776511910708,0,SUCCESS
A,epsilon,997,1776511910708,1776511910708,0,SUCCESS
A,epsilon,998,1776511910708,1776511910708,0,SUCCESS
A,epsilon,999,1776511910708,1776511910708,0,SUCCESS
A,alpha,0,68700,SUCCESS
A,alpha,1,92000,SUCCESS
A,alpha,2,59900,SUCCESS
A,alpha,3,64300,SUCCESS
A,alpha,4,65000,SUCCESS
A,alpha,5,31000,SUCCESS
A,alpha,6,22500,SUCCESS
A,alpha,7,133000,SUCCESS
A,alpha,8,140700,SUCCESS
A,alpha,9,86500,SUCCESS
A,alpha,10,25700,SUCCESS
A,alpha,11,15400,SUCCESS
A,alpha,12,116300,SUCCESS
A,alpha,13,22100,SUCCESS
A,alpha,14,10900,SUCCESS
A,alpha,15,108100,SUCCESS
A,alpha,16,27100,SUCCESS
A,alpha,17,143800,SUCCESS
A,alpha,18,145600,SUCCESS
A,alpha,19,147400,SUCCESS
A,alpha,20,152000,SUCCESS
A,alpha,21,165400,SUCCESS
A,alpha,22,113000,SUCCESS
A,alpha,23,27500,SUCCESS
A,alpha,24,6700,SUCCESS
A,alpha,25,11600,SUCCESS
A,alpha,26,24100,SUCCESS
A,alpha,27,7100,SUCCESS
A,alpha,28,20500,SUCCESS
A,alpha,29,30800,SUCCESS
A,alpha,30,24100,SUCCESS
A,alpha,31,7000,SUCCESS
A,alpha,32,24500,SUCCESS
A,alpha,33,83500,SUCCESS
A,alpha,34,59600,SUCCESS
A,alpha,35,23800,SUCCESS
A,alpha,36,7000,SUCCESS
A,alpha,37,18200,SUCCESS
A,alpha,38,13700,SUCCESS
A,alpha,39,22800,SUCCESS
A,alpha,40,7100,SUCCESS
A,alpha,41,21200,SUCCESS
A,alpha,42,7000,SUCCESS
A,alpha,43,22800,SUCCESS
A,alpha,44,6900,SUCCESS
A,alpha,45,24000,SUCCESS
A,alpha,46,7000,SUCCESS
A,alpha,47,54700,SUCCESS
A,alpha,48,25800,SUCCESS
A,alpha,49,9000,SUCCESS
A,alpha,50,17400,SUCCESS
A,alpha,51,14100,SUCCESS
A,alpha,52,22800,SUCCESS
A,alpha,53,6700,SUCCESS
A,alpha,54,21200,SUCCESS
A,alpha,55,6900,SUCCESS
A,alpha,56,22200,SUCCESS
A,alpha,57,34500,SUCCESS
A,alpha,58,17400,SUCCESS
A,alpha,59,24000,SUCCESS
A,alpha,60,17700,SUCCESS
A,alpha,61,13800,SUCCESS
A,alpha,62,13000,SUCCESS
A,alpha,63,22000,SUCCESS
A,alpha,64,7200,SUCCESS
A,alpha,65,53400,SUCCESS
A,alpha,66,17600,SUCCESS
A,alpha,67,27600,SUCCESS
A,alpha,68,21200,SUCCESS
A,alpha,69,6400,SUCCESS
A,alpha,70,26000,SUCCESS
A,alpha,71,6300,SUCCESS
A,alpha,72,19500,SUCCESS
A,alpha,73,6700,SUCCESS
A,alpha,74,22900,SUCCESS
A,alpha,75,31100,SUCCESS
A,alpha,76,11000,SUCCESS
A,alpha,77,45200,SUCCESS
A,alpha,78,20000,SUCCESS
A,alpha,79,39700,SUCCESS
A,alpha,80,28500,SUCCESS
A,alpha,81,10400,SUCCESS
A,alpha,82,26100,SUCCESS
A,alpha,83,28100,SUCCESS
A,alpha,84,10000,SUCCESS
A,alpha,85,6200,SUCCESS
A,alpha,86,26200,SUCCESS
A,alpha,87,7900,SUCCESS
A,alpha,88,23400,SUCCESS
A,alpha,89,11900,SUCCESS
A,alpha,90,12200,SUCCESS
A,alpha,91,25300,SUCCESS
A,alpha,92,5400,SUCCESS
A,alpha,93,23700,SUCCESS
A,alpha,94,9800,SUCCESS
A,alpha,95,12600,SUCCESS
A,alpha,96,23400,SUCCESS
A,alpha,97,5700,SUCCESS
A,alpha,98,24900,SUCCESS
A,alpha,99,12400,SUCCESS
A,alpha,100,24900,SUCCESS
A,alpha,101,21700,SUCCESS
A,alpha,102,5600,SUCCESS
A,alpha,103,36200,SUCCESS
A,alpha,104,23600,SUCCESS
A,alpha,105,5500,SUCCESS
A,alpha,106,5700,SUCCESS
A,alpha,107,32000,SUCCESS
A,alpha,108,44700,SUCCESS
A,alpha,109,25200,SUCCESS
A,alpha,110,13000,SUCCESS
A,alpha,111,42200,SUCCESS
A,alpha,112,23000,SUCCESS
A,alpha,113,5500,SUCCESS
A,alpha,114,23700,SUCCESS
A,alpha,115,7200,SUCCESS
A,alpha,116,22400,SUCCESS
A,alpha,117,5900,SUCCESS
A,alpha,118,23600,SUCCESS
A,alpha,119,6800,SUCCESS
A,alpha,120,21400,SUCCESS
A,alpha,121,5700,SUCCESS
A,alpha,122,26300,SUCCESS
A,alpha,123,14700,SUCCESS
A,alpha,124,40200,SUCCESS
A,alpha,125,24400,SUCCESS
A,alpha,126,7700,SUCCESS
A,alpha,127,24500,SUCCESS
A,alpha,128,10500,SUCCESS
A,alpha,129,51000,SUCCESS
A,alpha,130,20300,SUCCESS
A,alpha,131,5800,SUCCESS
A,alpha,132,20600,SUCCESS
A,alpha,133,33200,SUCCESS
A,alpha,134,22600,SUCCESS
A,alpha,135,32600,SUCCESS
A,alpha,136,17800,SUCCESS
A,alpha,137,49800,SUCCESS
A,alpha,138,61000,SUCCESS
A,alpha,139,61000,SUCCESS
A,alpha,140,36000,SUCCESS
A,alpha,141,25400,SUCCESS
A,alpha,142,6500,SUCCESS
A,alpha,143,17900,SUCCESS
A,alpha,144,16300,SUCCESS
A,alpha,145,15700,SUCCESS
A,alpha,146,19500,SUCCESS
A,alpha,147,22400,SUCCESS
A,alpha,148,5400,SUCCESS
A,alpha,149,16000,SUCCESS
A,alpha,150,25200,SUCCESS
A,alpha,151,5500,SUCCESS
A,alpha,152,17800,SUCCESS
A,alpha,153,17300,SUCCESS
A,alpha,154,5600,SUCCESS
A,alpha,155,48400,SUCCESS
A,alpha,156,65200,SUCCESS
A,alpha,157,61500,SUCCESS
A,alpha,158,12200,SUCCESS
A,alpha,159,21000,SUCCESS
A,alpha,160,5600,SUCCESS
A,alpha,161,15800,SUCCESS
A,alpha,162,14700,SUCCESS
A,alpha,163,14500,SUCCESS
A,alpha,164,17900,SUCCESS
A,alpha,165,14400,SUCCESS
A,alpha,166,15100,SUCCESS
A,alpha,167,24200,SUCCESS
A,alpha,168,4900,SUCCESS
A,alpha,169,16400,SUCCESS
A,alpha,170,16500,SUCCESS
A,alpha,171,14000,SUCCESS
A,alpha,172,16300,SUCCESS
A,alpha,173,16500,SUCCESS
A,alpha,174,24700,SUCCESS
A,alpha,175,16100,SUCCESS
A,alpha,176,5000,SUCCESS
A,alpha,177,14700,SUCCESS
A,alpha,178,22100,SUCCESS
A,alpha,179,15700,SUCCESS
A,alpha,180,20200,SUCCESS
A,alpha,181,15300,SUCCESS
A,alpha,182,5100,SUCCESS
A,alpha,183,14300,SUCCESS
A,alpha,184,20800,SUCCESS
A,alpha,185,26900,SUCCESS
A,alpha,186,10900,SUCCESS
A,alpha,187,40700,SUCCESS
A,alpha,188,29400,SUCCESS
A,alpha,189,22300,SUCCESS
A,alpha,190,26300,SUCCESS
A,alpha,191,22500,SUCCESS
A,alpha,192,5500,SUCCESS
A,alpha,193,15300,SUCCESS
A,alpha,194,5000,SUCCESS
A,alpha,195,16000,SUCCESS
A,alpha,196,4900,SUCCESS
A,alpha,197,14900,SUCCESS
A,alpha,198,23700,SUCCESS
A,alpha,199,26300,SUCCESS
A,alpha,200,10300,SUCCESS
A,alpha,201,32000,SUCCESS
A,alpha,202,22200,SUCCESS
A,alpha,203,7000,SUCCESS
A,alpha,204,6000,SUCCESS
A,alpha,205,16600,SUCCESS
A,alpha,206,5000,SUCCESS
A,alpha,207,14500,SUCCESS
A,alpha,208,24500,SUCCESS
A,alpha,209,15500,SUCCESS
A,alpha,210,17600,SUCCESS
A,alpha,211,14400,SUCCESS
A,alpha,212,13400,SUCCESS
A,alpha,213,18900,SUCCESS
A,alpha,214,13500,SUCCESS
A,alpha,215,19900,SUCCESS
A,alpha,216,15200,SUCCESS
A,alpha,217,16000,SUCCESS
A,alpha,218,12900,SUCCESS
A,alpha,219,19100,SUCCESS
A,alpha,220,12900,SUCCESS
A,alpha,221,43200,SUCCESS
A,alpha,222,10800,SUCCESS
A,alpha,223,50400,SUCCESS
A,alpha,224,67600,SUCCESS
A,alpha,225,91500,SUCCESS
A,alpha,226,93300,SUCCESS
A,alpha,227,15000,SUCCESS
A,alpha,228,17600,SUCCESS
A,alpha,229,15200,SUCCESS
A,alpha,230,17200,SUCCESS
A,alpha,231,14700,SUCCESS
A,alpha,232,16800,SUCCESS
A,alpha,233,14600,SUCCESS
A,alpha,234,5000,SUCCESS
A,alpha,235,14500,SUCCESS
A,alpha,236,9500,SUCCESS
A,alpha,237,39600,SUCCESS
A,alpha,238,55400,SUCCESS
A,alpha,239,26000,SUCCESS
A,alpha,240,36500,SUCCESS
A,alpha,241,17500,SUCCESS
A,alpha,242,19700,SUCCESS
A,alpha,243,20000,SUCCESS
A,alpha,244,14400,SUCCESS
A,alpha,245,5900,SUCCESS
A,alpha,246,18600,SUCCESS
A,alpha,247,14700,SUCCESS
A,alpha,248,7000,SUCCESS
A,alpha,249,51800,SUCCESS
A,alpha,250,77400,SUCCESS
A,alpha,251,21800,SUCCESS
A,alpha,252,30600,SUCCESS
A,alpha,253,22100,SUCCESS
A,alpha,254,22700,SUCCESS
A,alpha,255,7000,SUCCESS
A,alpha,256,47300,SUCCESS
A,alpha,257,63200,SUCCESS
A,alpha,258,64400,SUCCESS
A,alpha,259,67500,SUCCESS
A,alpha,260,26600,SUCCESS
A,alpha,261,58900,SUCCESS
A,alpha,262,45000,SUCCESS
A,alpha,263,15100,SUCCESS
A,alpha,264,30400,SUCCESS
A,alpha,265,53400,SUCCESS
A,alpha,266,15000,SUCCESS
A,alpha,267,5100,SUCCESS
A,alpha,268,22700,SUCCESS
A,alpha,269,14100,SUCCESS
A,alpha,270,5000,SUCCESS
A,alpha,271,19600,SUCCESS
A,alpha,272,45100,SUCCESS
A,alpha,273,54600,SUCCESS
A,alpha,274,76900,SUCCESS
A,alpha,275,51600,SUCCESS
A,alpha,276,22000,SUCCESS
A,alpha,277,50400,SUCCESS
A,alpha,278,34100,SUCCESS
A,alpha,279,13000,SUCCESS
A,alpha,280,21200,SUCCESS
A,alpha,281,16000,SUCCESS
A,alpha,282,13400,SUCCESS
A,alpha,283,19700,SUCCESS
A,alpha,284,15500,SUCCESS
A,alpha,285,13200,SUCCESS
A,alpha,286,13000,SUCCESS
A,alpha,287,19100,SUCCESS
A,alpha,288,12800,SUCCESS
A,alpha,289,19600,SUCCESS
A,alpha,290,16100,SUCCESS
A,alpha,291,10900,SUCCESS
A,alpha,292,50700,SUCCESS
A,alpha,293,15500,SUCCESS
A,alpha,294,15300,SUCCESS
A,alpha,295,29600,SUCCESS
A,alpha,296,24100,SUCCESS
A,alpha,297,25900,SUCCESS
A,alpha,298,17900,SUCCESS
A,alpha,299,13400,SUCCESS
A,alpha,300,14400,SUCCESS
A,alpha,301,24900,SUCCESS
A,alpha,302,14400,SUCCESS
A,alpha,303,5100,SUCCESS
A,alpha,304,22900,SUCCESS
A,alpha,305,18000,SUCCESS
A,alpha,306,25300,SUCCESS
A,alpha,307,19800,SUCCESS
A,alpha,308,25800,SUCCESS
A,alpha,309,15000,SUCCESS
A,alpha,310,5300,SUCCESS
A,alpha,311,14600,SUCCESS
A,alpha,312,9500,SUCCESS
A,alpha,313,40700,SUCCESS
A,alpha,314,56500,SUCCESS
A,alpha,315,15600,SUCCESS
A,alpha,316,22400,SUCCESS
A,alpha,317,14200,SUCCESS
A,alpha,318,5000,SUCCESS
A,alpha,319,14800,SUCCESS
A,alpha,320,9700,SUCCESS
A,alpha,321,39400,SUCCESS
A,alpha,322,56100,SUCCESS
A,alpha,323,16200,SUCCESS
A,alpha,324,48900,SUCCESS
A,alpha,325,17300,SUCCESS
A,alpha,326,13100,SUCCESS
A,alpha,327,23100,SUCCESS
A,alpha,328,50500,SUCCESS
A,alpha,329,54700,SUCCESS
A,alpha,330,22000,SUCCESS
A,alpha,331,48100,SUCCESS
A,alpha,332,50300,SUCCESS
A,alpha,333,22700,SUCCESS
A,alpha,334,50200,SUCCESS
A,alpha,335,51600,SUCCESS
A,alpha,336,21100,SUCCESS
A,alpha,337,38100,SUCCESS
A,alpha,338,40600,SUCCESS
A,alpha,339,29500,SUCCESS
A,alpha,340,22500,SUCCESS
A,alpha,341,38200,SUCCESS
A,alpha,342,22300,SUCCESS
A,alpha,343,14400,SUCCESS
A,alpha,344,19900,SUCCESS
A,alpha,345,15500,SUCCESS
A,alpha,346,13200,SUCCESS
A,alpha,347,19600,SUCCESS
A,alpha,348,15300,SUCCESS
A,alpha,349,13100,SUCCESS
A,alpha,350,12900,SUCCESS
A,alpha,351,17100,SUCCESS
A,alpha,352,13100,SUCCESS
A,alpha,353,19400,SUCCESS
A,alpha,354,15300,SUCCESS
A,alpha,355,15000,SUCCESS
A,alpha,356,21500,SUCCESS
A,alpha,357,15200,SUCCESS
A,alpha,358,22500,SUCCESS
A,alpha,359,50100,SUCCESS
A,alpha,360,21900,SUCCESS
A,alpha,361,20000,SUCCESS
A,alpha,362,24000,SUCCESS
A,alpha,363,6300,SUCCESS
A,alpha,364,15900,SUCCESS
A,alpha,365,51700,SUCCESS
A,alpha,366,53300,SUCCESS
A,alpha,367,15000,SUCCESS
A,alpha,368,5700,SUCCESS
A,alpha,369,30700,SUCCESS
A,alpha,370,29000,SUCCESS
A,alpha,371,29600,SUCCESS
A,alpha,372,31400,SUCCESS
A,alpha,373,19900,SUCCESS
A,alpha,374,13100,SUCCESS
A,alpha,375,18100,SUCCESS
A,alpha,376,13000,SUCCESS
A,alpha,377,22600,SUCCESS
A,alpha,378,49000,SUCCESS
A,alpha,379,53500,SUCCESS
A,alpha,380,16700,SUCCESS
A,alpha,381,24200,SUCCESS
A,alpha,382,14200,SUCCESS
A,alpha,383,5000,SUCCESS
A,alpha,384,15700,SUCCESS
A,alpha,385,10500,SUCCESS
A,alpha,386,42000,SUCCESS
A,alpha,387,78600,SUCCESS
A,alpha,388,17200,SUCCESS
A,alpha,389,25100,SUCCESS
A,alpha,390,13200,SUCCESS
A,alpha,391,18400,SUCCESS
A,alpha,392,16400,SUCCESS
A,alpha,393,13100,SUCCESS
A,alpha,394,19900,SUCCESS
A,alpha,395,16700,SUCCESS
A,alpha,396,16600,SUCCESS
A,alpha,397,13000,SUCCESS
A,alpha,398,19600,SUCCESS
A,alpha,399,16100,SUCCESS
A,alpha,400,16700,SUCCESS
A,alpha,401,16000,SUCCESS
A,alpha,402,14900,SUCCESS
A,alpha,403,13000,SUCCESS
A,alpha,404,20100,SUCCESS
A,alpha,405,16000,SUCCESS
A,alpha,406,10100,SUCCESS
A,alpha,407,16600,SUCCESS
A,alpha,408,12900,SUCCESS
A,alpha,409,19700,SUCCESS
A,alpha,410,12800,SUCCESS
A,alpha,411,19600,SUCCESS
A,alpha,412,16100,SUCCESS
A,alpha,413,16200,SUCCESS
A,alpha,414,16500,SUCCESS
A,alpha,415,16700,SUCCESS
A,alpha,416,16100,SUCCESS
A,alpha,417,12900,SUCCESS
A,alpha,418,19600,SUCCESS
A,alpha,419,15700,SUCCESS
A,alpha,420,13100,SUCCESS
A,alpha,421,19600,SUCCESS
A,alpha,422,15600,SUCCESS
A,alpha,423,40700,SUCCESS
A,alpha,424,11100,SUCCESS
A,alpha,425,39500,SUCCESS
A,alpha,426,55200,SUCCESS
A,alpha,427,67400,SUCCESS
A,alpha,428,83800,SUCCESS
A,alpha,429,102100,SUCCESS
A,alpha,430,106600,SUCCESS
A,alpha,431,68300,SUCCESS
A,alpha,432,15300,SUCCESS
A,alpha,433,15000,SUCCESS
A,alpha,434,35100,SUCCESS
A,alpha,435,40400,SUCCESS
A,alpha,436,23400,SUCCESS
A,alpha,437,30500,SUCCESS
A,alpha,438,5300,SUCCESS
A,alpha,439,19400,SUCCESS
A,alpha,440,5000,SUCCESS
A,alpha,441,47200,SUCCESS
A,alpha,442,23900,SUCCESS
A,alpha,443,16500,SUCCESS
A,alpha,444,5100,SUCCESS
A,alpha,445,24500,SUCCESS
A,alpha,446,16500,SUCCESS
A,alpha,447,18200,SUCCESS
A,alpha,448,14900,SUCCESS
A,alpha,449,30900,SUCCESS
A,alpha,450,28100,SUCCESS
A,alpha,451,27700,SUCCESS
A,alpha,452,18000,SUCCESS
A,alpha,453,13300,SUCCESS
A,alpha,454,19400,SUCCESS
A,alpha,455,15300,SUCCESS
A,alpha,456,12900,SUCCESS
A,alpha,457,19400,SUCCESS
A,alpha,458,15000,SUCCESS
A,alpha,459,14600,SUCCESS
A,alpha,460,9100,SUCCESS
A,alpha,461,36100,SUCCESS
A,alpha,462,11500,SUCCESS
A,alpha,463,15000,SUCCESS
A,alpha,464,33900,SUCCESS
A,alpha,465,36200,SUCCESS
A,alpha,466,29900,SUCCESS
A,alpha,467,30300,SUCCESS
A,alpha,468,20800,SUCCESS
A,alpha,469,13300,SUCCESS
A,alpha,470,17200,SUCCESS
A,alpha,471,13200,SUCCESS
A,alpha,472,52500,SUCCESS
A,alpha,473,21600,SUCCESS
A,alpha,474,15400,SUCCESS
A,alpha,475,19500,SUCCESS
A,alpha,476,15300,SUCCESS
A,alpha,477,15000,SUCCESS
A,alpha,478,14400,SUCCESS
A,alpha,479,9300,SUCCESS
A,alpha,480,36700,SUCCESS
A,alpha,481,21100,SUCCESS
A,alpha,482,15200,SUCCESS
A,alpha,483,29900,SUCCESS
A,alpha,484,24500,SUCCESS
A,alpha,485,23800,SUCCESS
A,alpha,486,20100,SUCCESS
A,alpha,487,13200,SUCCESS
A,alpha,488,20400,SUCCESS
A,alpha,489,13000,SUCCESS
A,alpha,490,17700,SUCCESS
A,alpha,491,5100,SUCCESS
A,alpha,492,26200,SUCCESS
A,alpha,493,16600,SUCCESS
A,alpha,494,13200,SUCCESS
A,alpha,495,14200,SUCCESS
A,alpha,496,15100,SUCCESS
A,alpha,497,28200,SUCCESS
A,alpha,498,21200,SUCCESS
A,alpha,499,15000,SUCCESS
A,alpha,500,14800,SUCCESS
A,alpha,501,9600,SUCCESS
A,alpha,502,42300,SUCCESS
A,alpha,503,39300,SUCCESS
A,alpha,504,14400,SUCCESS
A,alpha,505,14400,SUCCESS
A,alpha,506,27600,SUCCESS
A,alpha,507,14900,SUCCESS
A,alpha,508,13900,SUCCESS
A,alpha,509,13800,SUCCESS
A,alpha,510,8400,SUCCESS
A,alpha,511,36000,SUCCESS
A,alpha,512,16500,SUCCESS
A,alpha,513,106800,SUCCESS
A,alpha,514,52700,SUCCESS
A,alpha,515,15500,SUCCESS
A,alpha,516,14400,SUCCESS
A,alpha,517,33600,SUCCESS
A,alpha,518,41300,SUCCESS
A,alpha,519,15000,SUCCESS
A,alpha,520,14500,SUCCESS
A,alpha,521,26600,SUCCESS
A,alpha,522,16000,SUCCESS
A,alpha,523,14300,SUCCESS
A,alpha,524,20100,SUCCESS
A,alpha,525,42400,SUCCESS
A,alpha,526,22400,SUCCESS
A,alpha,527,23500,SUCCESS
A,alpha,528,34100,SUCCESS
A,alpha,529,49400,SUCCESS
A,alpha,530,21400,SUCCESS
A,alpha,531,26900,SUCCESS
A,alpha,532,13200,SUCCESS
A,alpha,533,19900,SUCCESS
A,alpha,534,16000,SUCCESS
A,alpha,535,13300,SUCCESS
A,alpha,536,19700,SUCCESS
A,alpha,537,15500,SUCCESS
A,alpha,538,16400,SUCCESS
A,alpha,539,13000,SUCCESS
A,alpha,540,13000,SUCCESS
A,alpha,541,19100,SUCCESS
A,alpha,542,15300,SUCCESS
A,alpha,543,12900,SUCCESS
A,alpha,544,12900,SUCCESS
A,alpha,545,12900,SUCCESS
A,alpha,546,19400,SUCCESS
A,alpha,547,16700,SUCCESS
A,alpha,548,15400,SUCCESS
A,alpha,549,13000,SUCCESS
A,alpha,550,22700,SUCCESS
A,alpha,551,18500,SUCCESS
A,alpha,552,4900,SUCCESS
A,alpha,553,45700,SUCCESS
A,alpha,554,30900,SUCCESS
A,alpha,555,14600,SUCCESS
A,alpha,556,32800,SUCCESS
A,alpha,557,14200,SUCCESS
A,alpha,558,5700,SUCCESS
A,alpha,559,14600,SUCCESS
A,alpha,560,9400,SUCCESS
A,alpha,561,45500,SUCCESS
A,alpha,562,39000,SUCCESS
A,alpha,563,31900,SUCCESS
A,alpha,564,12500,SUCCESS
A,alpha,565,61800,SUCCESS
A,alpha,566,52500,SUCCESS
A,alpha,567,67000,SUCCESS
A,alpha,568,57500,SUCCESS
A,alpha,569,57200,SUCCESS
A,alpha,570,44500,SUCCESS
A,alpha,571,38400,SUCCESS
A,alpha,572,28800,SUCCESS
A,alpha,573,22000,SUCCESS
A,alpha,574,13600,SUCCESS
A,alpha,575,13700,SUCCESS
A,alpha,576,43900,SUCCESS
A,alpha,577,22900,SUCCESS
A,alpha,578,76100,SUCCESS
A,alpha,579,114700,SUCCESS
A,alpha,580,139700,SUCCESS
A,alpha,581,163900,SUCCESS
A,alpha,582,191500,SUCCESS
A,alpha,583,204300,SUCCESS
A,alpha,584,180400,SUCCESS
A,alpha,585,56300,SUCCESS
A,alpha,586,18200,SUCCESS
A,alpha,587,28400,SUCCESS
A,alpha,588,54200,SUCCESS
A,alpha,589,41200,SUCCESS
A,alpha,590,61100,SUCCESS
A,alpha,591,45900,SUCCESS
A,alpha,592,95700,SUCCESS
A,alpha,593,82800,SUCCESS
A,alpha,594,66000,SUCCESS
A,alpha,595,50800,SUCCESS
A,alpha,596,60800,SUCCESS
A,alpha,597,73000,SUCCESS
A,alpha,598,82800,SUCCESS
A,alpha,599,64900,SUCCESS
A,alpha,600,60600,SUCCESS
A,alpha,601,21300,SUCCESS
A,alpha,602,26200,SUCCESS
A,alpha,603,66400,SUCCESS
A,alpha,604,39900,SUCCESS
A,alpha,605,85900,SUCCESS
A,alpha,606,115800,SUCCESS
A,alpha,607,132600,SUCCESS
A,alpha,608,133600,SUCCESS
A,alpha,609,133700,SUCCESS
A,alpha,610,148000,SUCCESS
A,alpha,611,154200,SUCCESS
A,alpha,612,87900,SUCCESS
A,alpha,613,25900,SUCCESS
A,alpha,614,41600,SUCCESS
A,alpha,615,21900,SUCCESS
A,alpha,616,20100,SUCCESS
A,alpha,617,15600,SUCCESS
A,alpha,618,13000,SUCCESS
A,alpha,619,19600,SUCCESS
A,alpha,620,16400,SUCCESS
A,alpha,621,13200,SUCCESS
A,alpha,622,21400,SUCCESS
A,alpha,623,20800,SUCCESS
A,alpha,624,19000,SUCCESS
A,alpha,625,28800,SUCCESS
A,alpha,626,24800,SUCCESS
A,alpha,627,49700,SUCCESS
A,alpha,628,24600,SUCCESS
A,alpha,629,24900,SUCCESS
A,alpha,630,26900,SUCCESS
A,alpha,631,11000,SUCCESS
A,alpha,632,84600,SUCCESS
A,alpha,633,114100,SUCCESS
A,alpha,634,130200,SUCCESS
A,alpha,635,131700,SUCCESS
A,alpha,636,129500,SUCCESS
A,alpha,637,142900,SUCCESS
A,alpha,638,144900,SUCCESS
A,alpha,639,88800,SUCCESS
A,alpha,640,26300,SUCCESS
A,alpha,641,66100,SUCCESS
A,alpha,642,41400,SUCCESS
A,alpha,643,77800,SUCCESS
A,alpha,644,98200,SUCCESS
A,alpha,645,112100,SUCCESS
A,alpha,646,113800,SUCCESS
A,alpha,647,112700,SUCCESS
A,alpha,648,130600,SUCCESS
A,alpha,649,93000,SUCCESS
A,alpha,650,72900,SUCCESS
A,alpha,651,6900,SUCCESS
A,alpha,652,26700,SUCCESS
A,alpha,653,20700,SUCCESS
A,alpha,654,51900,SUCCESS
A,alpha,655,16300,SUCCESS
A,alpha,656,22300,SUCCESS
A,alpha,657,40400,SUCCESS
A,alpha,658,6100,SUCCESS
A,alpha,659,19700,SUCCESS
A,alpha,660,5000,SUCCESS
A,alpha,661,36700,SUCCESS
A,alpha,662,5900,SUCCESS
A,alpha,663,21100,SUCCESS
A,alpha,664,37200,SUCCESS
A,alpha,665,9500,SUCCESS
A,alpha,666,20300,SUCCESS
A,alpha,667,4900,SUCCESS
A,alpha,668,35700,SUCCESS
A,alpha,669,7000,SUCCESS
A,alpha,670,19400,SUCCESS
A,alpha,671,36900,SUCCESS
A,alpha,672,22900,SUCCESS
A,alpha,673,23000,SUCCESS
A,alpha,674,9500,SUCCESS
A,alpha,675,19300,SUCCESS
A,alpha,676,14900,SUCCESS
A,alpha,677,34000,SUCCESS
A,alpha,678,22700,SUCCESS
A,alpha,679,27000,SUCCESS
A,alpha,680,6000,SUCCESS
A,alpha,681,17700,SUCCESS
A,alpha,682,38300,SUCCESS
A,alpha,683,49100,SUCCESS
A,alpha,684,79800,SUCCESS
A,alpha,685,63500,SUCCESS
A,alpha,686,106800,SUCCESS
A,alpha,687,107300,SUCCESS
A,alpha,688,106300,SUCCESS
A,alpha,689,97500,SUCCESS
A,alpha,690,58700,SUCCESS
A,alpha,691,24300,SUCCESS
A,alpha,692,40900,SUCCESS
A,alpha,693,21400,SUCCESS
A,alpha,694,13100,SUCCESS
A,alpha,695,16600,SUCCESS
A,alpha,696,13100,SUCCESS
A,alpha,697,23600,SUCCESS
A,alpha,698,25500,SUCCESS
A,alpha,699,6100,SUCCESS
A,alpha,700,20100,SUCCESS
A,alpha,701,37700,SUCCESS
A,alpha,702,46700,SUCCESS
A,alpha,703,85300,SUCCESS
A,alpha,704,69900,SUCCESS
A,alpha,705,109000,SUCCESS
A,alpha,706,112700,SUCCESS
A,alpha,707,109000,SUCCESS
A,alpha,708,117400,SUCCESS
A,alpha,709,56900,SUCCESS
A,alpha,710,21600,SUCCESS
A,alpha,711,37200,SUCCESS
A,alpha,712,21700,SUCCESS
A,alpha,713,20100,SUCCESS
A,alpha,714,19600,SUCCESS
A,alpha,715,14900,SUCCESS
A,alpha,716,12900,SUCCESS
A,alpha,717,17000,SUCCESS
A,alpha,718,12900,SUCCESS
A,alpha,719,23900,SUCCESS
A,alpha,720,25300,SUCCESS
A,alpha,721,24900,SUCCESS
A,alpha,722,25900,SUCCESS
A,alpha,723,11000,SUCCESS
A,alpha,724,79700,SUCCESS
A,alpha,725,113800,SUCCESS
A,alpha,726,120300,SUCCESS
A,alpha,727,117000,SUCCESS
A,alpha,728,114100,SUCCESS
A,alpha,729,131300,SUCCESS
A,alpha,730,114700,SUCCESS
A,alpha,731,88800,SUCCESS
A,alpha,732,25300,SUCCESS
A,alpha,733,67000,SUCCESS
A,alpha,734,37900,SUCCESS
A,alpha,735,73700,SUCCESS
A,alpha,736,57300,SUCCESS
A,alpha,737,111800,SUCCESS
A,alpha,738,118700,SUCCESS
A,alpha,739,115300,SUCCESS
A,alpha,740,125500,SUCCESS
A,alpha,741,57600,SUCCESS
A,alpha,742,26500,SUCCESS
A,alpha,743,43700,SUCCESS
A,alpha,744,21700,SUCCESS
A,alpha,745,19600,SUCCESS
A,alpha,746,15500,SUCCESS
A,alpha,747,13000,SUCCESS
A,alpha,748,16800,SUCCESS
A,alpha,749,16000,SUCCESS
A,alpha,750,15300,SUCCESS
A,alpha,751,15700,SUCCESS
A,alpha,752,14900,SUCCESS
A,alpha,753,13100,SUCCESS
A,alpha,754,19100,SUCCESS
A,alpha,755,15100,SUCCESS
A,alpha,756,13000,SUCCESS
A,alpha,757,13100,SUCCESS
A,alpha,758,16300,SUCCESS
A,alpha,759,15100,SUCCESS
A,alpha,760,19400,SUCCESS
A,alpha,761,16500,SUCCESS
A,alpha,762,15300,SUCCESS
A,alpha,763,13000,SUCCESS
A,alpha,764,16600,SUCCESS
A,alpha,765,15000,SUCCESS
A,alpha,766,15200,SUCCESS
A,alpha,767,15200,SUCCESS
A,alpha,768,14900,SUCCESS
A,alpha,769,13100,SUCCESS
A,alpha,770,19000,SUCCESS
A,alpha,771,15700,SUCCESS
A,alpha,772,13500,SUCCESS
A,alpha,773,19600,SUCCESS
A,alpha,774,15700,SUCCESS
A,alpha,775,15500,SUCCESS
A,alpha,776,13400,SUCCESS
A,alpha,777,19300,SUCCESS
A,alpha,778,15000,SUCCESS
A,alpha,779,13000,SUCCESS
A,alpha,780,19200,SUCCESS
A,alpha,781,15300,SUCCESS
A,alpha,782,12900,SUCCESS
A,alpha,783,19400,SUCCESS
A,alpha,784,16000,SUCCESS
A,alpha,785,15500,SUCCESS
A,alpha,786,13000,SUCCESS
A,alpha,787,19600,SUCCESS
A,alpha,788,15100,SUCCESS
A,alpha,789,13300,SUCCESS
A,alpha,790,19300,SUCCESS
A,alpha,791,15800,SUCCESS
A,alpha,792,15400,SUCCESS
A,alpha,793,13100,SUCCESS
A,alpha,794,19300,SUCCESS
A,alpha,795,15400,SUCCESS
A,alpha,796,12800,SUCCESS
A,alpha,797,19700,SUCCESS
A,alpha,798,14800,SUCCESS
A,alpha,799,15600,SUCCESS
A,alpha,800,13100,SUCCESS
A,alpha,801,24100,SUCCESS
A,alpha,802,32100,SUCCESS
A,alpha,803,22100,SUCCESS
A,alpha,804,87800,SUCCESS
A,alpha,805,73200,SUCCESS
A,alpha,806,106500,SUCCESS
A,alpha,807,112700,SUCCESS
A,alpha,808,110500,SUCCESS
A,alpha,809,124800,SUCCESS
A,alpha,810,58300,SUCCESS
A,alpha,811,24900,SUCCESS
A,alpha,812,36900,SUCCESS
A,alpha,813,21400,SUCCESS
A,alpha,814,13100,SUCCESS
A,alpha,815,18800,SUCCESS
A,alpha,816,18000,SUCCESS
A,alpha,817,19100,SUCCESS
A,alpha,818,16800,SUCCESS
A,alpha,819,18300,SUCCESS
A,alpha,820,24200,SUCCESS
A,alpha,821,20100,SUCCESS
A,alpha,822,20000,SUCCESS
A,alpha,823,22000,SUCCESS
A,alpha,824,20200,SUCCESS
A,alpha,825,19400,SUCCESS
A,alpha,826,17000,SUCCESS
A,alpha,827,17500,SUCCESS
A,alpha,828,17600,SUCCESS
A,alpha,829,22900,SUCCESS
A,alpha,830,20500,SUCCESS
A,alpha,831,20100,SUCCESS
A,alpha,832,17400,SUCCESS
A,alpha,833,17700,SUCCESS
A,alpha,834,24900,SUCCESS
A,alpha,835,19900,SUCCESS
A,alpha,836,17800,SUCCESS
A,alpha,837,19100,SUCCESS
A,alpha,838,19300,SUCCESS
A,alpha,839,20000,SUCCESS
A,alpha,840,19400,SUCCESS
A,alpha,841,19300,SUCCESS
A,alpha,842,16800,SUCCESS
A,alpha,843,17700,SUCCESS
A,alpha,844,5200,SUCCESS
A,alpha,845,17300,SUCCESS
A,alpha,846,19100,SUCCESS
A,alpha,847,16500,SUCCESS
A,alpha,848,17900,SUCCESS
A,alpha,849,17500,SUCCESS
A,alpha,850,18000,SUCCESS
A,alpha,851,16000,SUCCESS
A,alpha,852,17500,SUCCESS
A,alpha,853,16800,SUCCESS
A,alpha,854,17700,SUCCESS
A,alpha,855,16800,SUCCESS
A,alpha,856,18200,SUCCESS
A,alpha,857,18100,SUCCESS
A,alpha,858,18900,SUCCESS
A,alpha,859,17600,SUCCESS
A,alpha,860,17900,SUCCESS
A,alpha,861,16400,SUCCESS
A,alpha,862,22400,SUCCESS
A,alpha,863,19700,SUCCESS
A,alpha,864,20400,SUCCESS
A,alpha,865,18300,SUCCESS
A,alpha,866,20400,SUCCESS
A,alpha,867,19300,SUCCESS
A,alpha,868,19800,SUCCESS
A,alpha,869,16700,SUCCESS
A,alpha,870,17400,SUCCESS
A,alpha,871,15900,SUCCESS
A,alpha,872,17900,SUCCESS
A,alpha,873,16500,SUCCESS
A,alpha,874,18800,SUCCESS
A,alpha,875,18600,SUCCESS
A,alpha,876,18900,SUCCESS
A,alpha,877,16700,SUCCESS
A,alpha,878,23000,SUCCESS
A,alpha,879,20800,SUCCESS
A,alpha,880,20400,SUCCESS
A,alpha,881,17000,SUCCESS
A,alpha,882,17600,SUCCESS
A,alpha,883,17100,SUCCESS
A,alpha,884,17600,SUCCESS
A,alpha,885,19900,SUCCESS
A,alpha,886,22300,SUCCESS
A,alpha,887,20600,SUCCESS
A,alpha,888,20100,SUCCESS
A,alpha,889,17500,SUCCESS
A,alpha,890,17600,SUCCESS
A,alpha,891,17400,SUCCESS
A,alpha,892,18800,SUCCESS
A,alpha,893,17000,SUCCESS
A,alpha,894,17800,SUCCESS
A,alpha,895,15900,SUCCESS
A,alpha,896,17400,SUCCESS
A,alpha,897,5000,SUCCESS
A,alpha,898,16600,SUCCESS
A,alpha,899,18400,SUCCESS
A,alpha,900,16300,SUCCESS
A,alpha,901,17500,SUCCESS
A,alpha,902,5000,SUCCESS
A,alpha,903,16900,SUCCESS
A,alpha,904,19200,SUCCESS
A,alpha,905,16300,SUCCESS
A,alpha,906,17900,SUCCESS
A,alpha,907,16100,SUCCESS
A,alpha,908,22700,SUCCESS
A,alpha,909,21500,SUCCESS
A,alpha,910,24000,SUCCESS
A,alpha,911,22500,SUCCESS
A,alpha,912,21600,SUCCESS
A,alpha,913,19200,SUCCESS
A,alpha,914,19600,SUCCESS
A,alpha,915,16800,SUCCESS
A,alpha,916,17700,SUCCESS
A,alpha,917,16100,SUCCESS
A,alpha,918,17600,SUCCESS
A,alpha,919,17300,SUCCESS
A,alpha,920,17700,SUCCESS
A,alpha,921,16100,SUCCESS
A,alpha,922,22900,SUCCESS
A,alpha,923,20100,SUCCESS
A,alpha,924,20300,SUCCESS
A,alpha,925,18500,SUCCESS
A,alpha,926,19600,SUCCESS
A,alpha,927,18700,SUCCESS
A,alpha,928,18900,SUCCESS
A,alpha,929,16300,SUCCESS
A,alpha,930,22000,SUCCESS
A,alpha,931,18100,SUCCESS
A,alpha,932,18100,SUCCESS
A,alpha,933,16100,SUCCESS
A,alpha,934,17800,SUCCESS
A,alpha,935,16800,SUCCESS
A,alpha,936,22300,SUCCESS
A,alpha,937,24400,SUCCESS
A,alpha,938,23400,SUCCESS
A,alpha,939,19700,SUCCESS
A,alpha,940,19400,SUCCESS
A,alpha,941,17200,SUCCESS
A,alpha,942,18800,SUCCESS
A,alpha,943,17200,SUCCESS
A,alpha,944,17800,SUCCESS
A,alpha,945,17300,SUCCESS
A,alpha,946,17800,SUCCESS
A,alpha,947,4900,SUCCESS
A,alpha,948,17400,SUCCESS
A,alpha,949,18200,SUCCESS
A,alpha,950,16000,SUCCESS
A,alpha,951,19400,SUCCESS
A,alpha,952,17200,SUCCESS
A,alpha,953,22800,SUCCESS
A,alpha,954,20000,SUCCESS
A,alpha,955,20000,SUCCESS
A,alpha,956,16600,SUCCESS
A,alpha,957,18100,SUCCESS
A,alpha,958,5000,SUCCESS
A,alpha,959,18100,SUCCESS
A,alpha,960,13000,SUCCESS
A,alpha,961,48300,SUCCESS
A,alpha,962,57400,SUCCESS
A,alpha,963,19100,SUCCESS
A,alpha,964,19400,SUCCESS
A,alpha,965,18000,SUCCESS
A,alpha,966,5000,SUCCESS
A,alpha,967,17800,SUCCESS
A,alpha,968,12900,SUCCESS
A,alpha,969,40100,SUCCESS
A,alpha,970,51700,SUCCESS
A,alpha,971,18900,SUCCESS
A,alpha,972,18400,SUCCESS
A,alpha,973,19700,SUCCESS
A,alpha,974,15700,SUCCESS
A,alpha,975,18200,SUCCESS
A,alpha,976,35100,SUCCESS
A,alpha,977,31100,SUCCESS
A,alpha,978,65400,SUCCESS
A,alpha,979,63600,SUCCESS
A,alpha,980,28500,SUCCESS
A,alpha,981,26900,SUCCESS
A,alpha,982,5300,SUCCESS
A,alpha,983,24300,SUCCESS
A,alpha,984,4700,SUCCESS
A,alpha,985,45900,SUCCESS
A,alpha,986,25300,SUCCESS
A,alpha,987,27200,SUCCESS
A,alpha,988,10200,SUCCESS
A,alpha,989,19000,SUCCESS
A,alpha,990,30700,SUCCESS
A,alpha,991,27100,SUCCESS
A,alpha,992,22400,SUCCESS
A,alpha,993,18900,SUCCESS
A,alpha,994,18100,SUCCESS
A,alpha,995,5000,SUCCESS
A,alpha,996,18800,SUCCESS
A,alpha,997,13900,SUCCESS
A,alpha,998,41500,SUCCESS
A,alpha,999,53100,SUCCESS
A,beta,0,80400,SUCCESS
A,beta,1,101400,SUCCESS
A,beta,2,99800,SUCCESS
A,beta,3,93700,SUCCESS
A,beta,4,72200,SUCCESS
A,beta,5,49800,SUCCESS
A,beta,6,5300,SUCCESS
A,beta,7,21600,SUCCESS
A,beta,8,17200,SUCCESS
A,beta,9,35100,SUCCESS
A,beta,10,19400,SUCCESS
A,beta,11,89200,SUCCESS
A,beta,12,107200,SUCCESS
A,beta,13,113200,SUCCESS
A,beta,14,110600,SUCCESS
A,beta,15,121600,SUCCESS
A,beta,16,122800,SUCCESS
A,beta,17,85600,SUCCESS
A,beta,18,68000,SUCCESS
A,beta,19,18600,SUCCESS
A,beta,20,103700,SUCCESS
A,beta,21,86300,SUCCESS
A,beta,22,108100,SUCCESS
A,beta,23,93700,SUCCESS
A,beta,24,90900,SUCCESS
A,beta,25,140600,SUCCESS
A,beta,26,123800,SUCCESS
A,beta,27,97800,SUCCESS
A,beta,28,48300,SUCCESS
A,beta,29,35400,SUCCESS
A,beta,30,81100,SUCCESS
A,beta,31,65600,SUCCESS
A,beta,32,94000,SUCCESS
A,beta,33,78500,SUCCESS
A,beta,34,61000,SUCCESS
A,beta,35,20200,SUCCESS
A,beta,36,26100,SUCCESS
A,beta,37,40300,SUCCESS
A,beta,38,21900,SUCCESS
A,beta,39,19600,SUCCESS
A,beta,40,19200,SUCCESS
A,beta,41,16600,SUCCESS
A,beta,42,15400,SUCCESS
A,beta,43,15200,SUCCESS
A,beta,44,16100,SUCCESS
A,beta,45,15000,SUCCESS
A,beta,46,13000,SUCCESS
A,beta,47,19800,SUCCESS
A,beta,48,15000,SUCCESS
A,beta,49,13000,SUCCESS
A,beta,50,19700,SUCCESS
A,beta,51,15800,SUCCESS
A,beta,52,13200,SUCCESS
A,beta,53,19700,SUCCESS
A,beta,54,15500,SUCCESS
A,beta,55,13000,SUCCESS
A,beta,56,19600,SUCCESS
A,beta,57,15900,SUCCESS
A,beta,58,10200,SUCCESS
A,beta,59,15700,SUCCESS
A,beta,60,15600,SUCCESS
A,beta,61,15100,SUCCESS
A,beta,62,14900,SUCCESS
A,beta,63,19500,SUCCESS
A,beta,64,19500,SUCCESS
A,beta,65,15300,SUCCESS
A,beta,66,12900,SUCCESS
A,beta,67,20100,SUCCESS
A,beta,68,15100,SUCCESS
A,beta,69,10100,SUCCESS
A,beta,70,15000,SUCCESS
A,beta,71,17000,SUCCESS
A,beta,72,19700,SUCCESS
A,beta,73,19500,SUCCESS
A,beta,74,15100,SUCCESS
A,beta,75,12900,SUCCESS
A,beta,76,19900,SUCCESS
A,beta,77,19600,SUCCESS
A,beta,78,17000,SUCCESS
A,beta,79,15000,SUCCESS
A,beta,80,13100,SUCCESS
A,beta,81,19600,SUCCESS
A,beta,82,19400,SUCCESS
A,beta,83,16900,SUCCESS
A,beta,84,15200,SUCCESS
A,beta,85,12800,SUCCESS
A,beta,86,19900,SUCCESS
A,beta,87,19500,SUCCESS
A,beta,88,17200,SUCCESS
A,beta,89,15000,SUCCESS
A,beta,90,12900,SUCCESS
A,beta,91,19900,SUCCESS
A,beta,92,19800,SUCCESS
A,beta,93,20300,SUCCESS
A,beta,94,13100,SUCCESS
A,beta,95,19300,SUCCESS
A,beta,96,37000,SUCCESS
A,beta,97,16300,SUCCESS
A,beta,98,11900,SUCCESS
A,beta,99,29400,SUCCESS
A,beta,100,24700,SUCCESS
A,beta,101,21300,SUCCESS
A,beta,102,21300,SUCCESS
A,beta,103,16200,SUCCESS
A,beta,104,15700,SUCCESS
A,beta,105,19300,SUCCESS
A,beta,106,19300,SUCCESS
A,beta,107,16500,SUCCESS
A,beta,108,15100,SUCCESS
A,beta,109,13000,SUCCESS
A,beta,110,19500,SUCCESS
A,beta,111,19100,SUCCESS
A,beta,112,17300,SUCCESS
A,beta,113,15200,SUCCESS
A,beta,114,13000,SUCCESS
A,beta,115,19900,SUCCESS
A,beta,116,19400,SUCCESS
A,beta,117,17200,SUCCESS
A,beta,118,15100,SUCCESS
A,beta,119,12900,SUCCESS
A,beta,120,19600,SUCCESS
A,beta,121,19500,SUCCESS
A,beta,122,17200,SUCCESS
A,beta,123,15100,SUCCESS
A,beta,124,13000,SUCCESS
A,beta,125,19600,SUCCESS
A,beta,126,16800,SUCCESS
A,beta,127,15000,SUCCESS
A,beta,128,12900,SUCCESS
A,beta,129,10300,SUCCESS
A,beta,130,56400,SUCCESS
A,beta,131,42000,SUCCESS
A,beta,132,66100,SUCCESS
A,beta,133,84300,SUCCESS
A,beta,134,105500,SUCCESS
A,beta,135,104300,SUCCESS
A,beta,136,22900,SUCCESS
A,beta,137,29700,SUCCESS
A,beta,138,26900,SUCCESS
A,beta,139,5300,SUCCESS
A,beta,140,19500,SUCCESS
A,beta,141,16100,SUCCESS
A,beta,142,56100,SUCCESS
A,beta,143,48500,SUCCESS
A,beta,144,17600,SUCCESS
A,beta,145,23700,SUCCESS
A,beta,146,21600,SUCCESS
A,beta,147,5200,SUCCESS
A,beta,148,21700,SUCCESS
A,beta,149,17700,SUCCESS
A,beta,150,56600,SUCCESS
A,beta,151,54300,SUCCESS
A,beta,152,18300,SUCCESS
A,beta,153,25300,SUCCESS
A,beta,154,22300,SUCCESS
A,beta,155,5200,SUCCESS
A,beta,156,19000,SUCCESS
A,beta,157,15600,SUCCESS
A,beta,158,55100,SUCCESS
A,beta,159,48700,SUCCESS
A,beta,160,17700,SUCCESS
A,beta,161,23900,SUCCESS
A,beta,162,21200,SUCCESS
A,beta,163,5200,SUCCESS
A,beta,164,19700,SUCCESS
A,beta,165,16300,SUCCESS
A,beta,166,55200,SUCCESS
A,beta,167,53800,SUCCESS
A,beta,168,40100,SUCCESS
A,beta,169,23100,SUCCESS
A,beta,170,47700,SUCCESS
A,beta,171,11500,SUCCESS
A,beta,172,11300,SUCCESS
A,beta,173,34200,SUCCESS
A,beta,174,49900,SUCCESS
A,beta,175,53800,SUCCESS
A,beta,176,65700,SUCCESS
A,beta,177,37500,SUCCESS
A,beta,178,37100,SUCCESS
A,beta,179,9300,SUCCESS
A,beta,180,21300,SUCCESS
A,beta,181,16400,SUCCESS
A,beta,182,34900,SUCCESS
A,beta,183,5200,SUCCESS
A,beta,184,24900,SUCCESS
A,beta,185,37300,SUCCESS
A,beta,186,18800,SUCCESS
A,beta,187,7200,SUCCESS
A,beta,188,97600,SUCCESS
A,beta,189,94500,SUCCESS
A,beta,190,131300,SUCCESS
A,beta,191,111000,SUCCESS
A,beta,192,133500,SUCCESS
A,beta,193,136400,SUCCESS
A,beta,194,141200,SUCCESS
A,beta,195,92700,SUCCESS
A,beta,196,25100,SUCCESS
A,beta,197,49100,SUCCESS
A,beta,198,33800,SUCCESS
A,beta,199,71200,SUCCESS
A,beta,200,68500,SUCCESS
A,beta,201,103400,SUCCESS
A,beta,202,101700,SUCCESS
A,beta,203,107900,SUCCESS
A,beta,204,93000,SUCCESS
A,beta,205,67800,SUCCESS
A,beta,206,23800,SUCCESS
A,beta,207,36600,SUCCESS
A,beta,208,21100,SUCCESS
A,beta,209,19300,SUCCESS
A,beta,210,19200,SUCCESS
A,beta,211,16500,SUCCESS
A,beta,212,14900,SUCCESS
A,beta,213,19200,SUCCESS
A,beta,214,19100,SUCCESS
A,beta,215,19100,SUCCESS
A,beta,216,18800,SUCCESS
A,beta,217,19000,SUCCESS
A,beta,218,14900,SUCCESS
A,beta,219,13200,SUCCESS
A,beta,220,19600,SUCCESS
A,beta,221,16400,SUCCESS
A,beta,222,14800,SUCCESS
A,beta,223,12900,SUCCESS
A,beta,224,19000,SUCCESS
A,beta,225,12800,SUCCESS
A,beta,226,21100,SUCCESS
A,beta,227,19700,SUCCESS
A,beta,228,5200,SUCCESS
A,beta,229,92400,SUCCESS
A,beta,230,89300,SUCCESS
A,beta,231,128400,SUCCESS
A,beta,232,125800,SUCCESS
A,beta,233,130400,SUCCESS
A,beta,234,129900,SUCCESS
A,beta,235,128400,SUCCESS
A,beta,236,22000,SUCCESS
A,beta,237,19000,SUCCESS
A,beta,238,10500,SUCCESS
A,beta,239,88700,SUCCESS
A,beta,240,86000,SUCCESS
A,beta,241,112600,SUCCESS
A,beta,242,89400,SUCCESS
A,beta,243,112300,SUCCESS
A,beta,244,110600,SUCCESS
A,beta,245,89800,SUCCESS
A,beta,246,81000,SUCCESS
A,beta,247,14900,SUCCESS
A,beta,248,46300,SUCCESS
A,beta,249,28800,SUCCESS
A,beta,250,49300,SUCCESS
A,beta,251,15300,SUCCESS
A,beta,252,25500,SUCCESS
A,beta,253,40000,SUCCESS
A,beta,254,20600,SUCCESS
A,beta,255,6500,SUCCESS
A,beta,256,81300,SUCCESS
A,beta,257,78300,SUCCESS
A,beta,258,109000,SUCCESS
A,beta,259,86600,SUCCESS
A,beta,260,111000,SUCCESS
A,beta,261,113800,SUCCESS
A,beta,262,98700,SUCCESS
A,beta,263,94800,SUCCESS
A,beta,264,24100,SUCCESS
A,beta,265,50600,SUCCESS
A,beta,266,34800,SUCCESS
A,beta,267,21100,SUCCESS
A,beta,268,16200,SUCCESS
A,beta,269,15300,SUCCESS
A,beta,270,15200,SUCCESS
A,beta,271,15200,SUCCESS
A,beta,272,15600,SUCCESS
A,beta,273,16900,SUCCESS
A,beta,274,15500,SUCCESS
A,beta,275,15600,SUCCESS
A,beta,276,15400,SUCCESS
A,beta,277,15100,SUCCESS
A,beta,278,15600,SUCCESS
A,beta,279,10200,SUCCESS
A,beta,280,15200,SUCCESS
A,beta,281,16900,SUCCESS
A,beta,282,15800,SUCCESS
A,beta,283,15100,SUCCESS
A,beta,284,15900,SUCCESS
A,beta,285,15100,SUCCESS
A,beta,286,15100,SUCCESS
A,beta,287,15100,SUCCESS
A,beta,288,15000,SUCCESS
A,beta,289,15200,SUCCESS
A,beta,290,16300,SUCCESS
A,beta,291,15200,SUCCESS
A,beta,292,16000,SUCCESS
A,beta,293,15500,SUCCESS
A,beta,294,15300,SUCCESS
A,beta,295,15400,SUCCESS
A,beta,296,15100,SUCCESS
A,beta,297,15400,SUCCESS
A,beta,298,16100,SUCCESS
A,beta,299,15800,SUCCESS
A,beta,300,14900,SUCCESS
A,beta,301,18400,SUCCESS
A,beta,302,16100,SUCCESS
A,beta,303,15100,SUCCESS
A,beta,304,15000,SUCCESS
A,beta,305,15100,SUCCESS
A,beta,306,16500,SUCCESS
A,beta,307,15900,SUCCESS
A,beta,308,15800,SUCCESS
A,beta,309,10100,SUCCESS
A,beta,310,15100,SUCCESS
A,beta,311,15700,SUCCESS
A,beta,312,15300,SUCCESS
A,beta,313,15500,SUCCESS
A,beta,314,14900,SUCCESS
A,beta,315,15000,SUCCESS
A,beta,316,15000,SUCCESS
A,beta,317,15200,SUCCESS
A,beta,318,18300,SUCCESS
A,beta,319,16200,SUCCESS
A,beta,320,15700,SUCCESS
A,beta,321,15200,SUCCESS
A,beta,322,15100,SUCCESS
A,beta,323,16400,SUCCESS
A,beta,324,15100,SUCCESS
A,beta,325,15900,SUCCESS
A,beta,326,15500,SUCCESS
A,beta,327,10200,SUCCESS
A,beta,328,15100,SUCCESS
A,beta,329,17800,SUCCESS
A,beta,330,16500,SUCCESS
A,beta,331,15800,SUCCESS
A,beta,332,15100,SUCCESS
A,beta,333,15100,SUCCESS
A,beta,334,16200,SUCCESS
A,beta,335,15100,SUCCESS
A,beta,336,15900,SUCCESS
A,beta,337,15300,SUCCESS
A,beta,338,16000,SUCCESS
A,beta,339,15500,SUCCESS
A,beta,340,15000,SUCCESS
A,beta,341,15300,SUCCESS
A,beta,342,16200,SUCCESS
A,beta,343,15400,SUCCESS
A,beta,344,15900,SUCCESS
A,beta,345,16500,SUCCESS
A,beta,346,15200,SUCCESS
A,beta,347,15600,SUCCESS
A,beta,348,15300,SUCCESS
A,beta,349,15900,SUCCESS
A,beta,350,10600,SUCCESS
A,beta,351,16200,SUCCESS
A,beta,352,15500,SUCCESS
A,beta,353,15200,SUCCESS
A,beta,354,15200,SUCCESS
A,beta,355,15300,SUCCESS
A,beta,356,15100,SUCCESS
A,beta,357,14900,SUCCESS
A,beta,358,15600,SUCCESS
A,beta,359,15300,SUCCESS
A,beta,360,15500,SUCCESS
A,beta,361,15300,SUCCESS
A,beta,362,15400,SUCCESS
A,beta,363,15500,SUCCESS
A,beta,364,15400,SUCCESS
A,beta,365,10200,SUCCESS
A,beta,366,16100,SUCCESS
A,beta,367,15200,SUCCESS
A,beta,368,14900,SUCCESS
A,beta,369,15200,SUCCESS
A,beta,370,14700,SUCCESS
A,beta,371,15000,SUCCESS
A,beta,372,15200,SUCCESS
A,beta,373,15000,SUCCESS
A,beta,374,15000,SUCCESS
A,beta,375,15000,SUCCESS
A,beta,376,15100,SUCCESS
A,beta,377,14900,SUCCESS
A,beta,378,14900,SUCCESS
A,beta,379,15600,SUCCESS
A,beta,380,15300,SUCCESS
A,beta,381,15100,SUCCESS
A,beta,382,69300,SUCCESS
A,beta,383,27300,SUCCESS
A,beta,384,24300,SUCCESS
A,beta,385,21000,SUCCESS
A,beta,386,89100,SUCCESS
A,beta,387,86500,SUCCESS
A,beta,388,89300,SUCCESS
A,beta,389,88800,SUCCESS
A,beta,390,85500,SUCCESS
A,beta,391,148300,SUCCESS
A,beta,392,147800,SUCCESS
A,beta,393,147500,SUCCESS
A,beta,394,144000,SUCCESS
A,beta,395,197400,SUCCESS
A,beta,396,197300,SUCCESS
A,beta,397,197500,SUCCESS
A,beta,398,192800,SUCCESS
A,beta,399,248500,SUCCESS
A,beta,400,245300,SUCCESS
A,beta,401,244500,SUCCESS
A,beta,402,244400,SUCCESS
A,beta,403,240800,SUCCESS
A,beta,404,306600,SUCCESS
A,beta,405,307100,SUCCESS
A,beta,406,303600,SUCCESS
A,beta,407,299900,SUCCESS
A,beta,408,352300,SUCCESS
A,beta,409,352700,SUCCESS
A,beta,410,349100,SUCCESS
A,beta,411,398100,SUCCESS
A,beta,412,398800,SUCCESS
A,beta,413,432000,SUCCESS
A,beta,414,431000,SUCCESS
A,beta,415,430200,SUCCESS
A,beta,416,477400,SUCCESS
A,beta,417,476700,SUCCESS
A,beta,418,478900,SUCCESS
A,beta,419,526400,SUCCESS
A,beta,420,531000,SUCCESS
A,beta,421,564700,SUCCESS
A,beta,422,564000,SUCCESS
A,beta,423,589900,SUCCESS
A,beta,424,587900,SUCCESS
A,beta,425,562700,SUCCESS
A,beta,426,540600,SUCCESS
A,beta,427,494300,SUCCESS
A,beta,428,444800,SUCCESS
A,beta,429,407300,SUCCESS
A,beta,430,384400,SUCCESS
A,beta,431,324500,SUCCESS
A,beta,432,331400,SUCCESS
A,beta,433,273500,SUCCESS
A,beta,434,208100,SUCCESS
A,beta,435,209900,SUCCESS
A,beta,436,189800,SUCCESS
A,beta,437,177600,SUCCESS
A,beta,438,150600,SUCCESS
A,beta,439,63100,SUCCESS
A,beta,440,52300,SUCCESS
A,beta,441,18700,SUCCESS
A,beta,442,21800,SUCCESS
A,beta,443,39400,SUCCESS
A,beta,444,17200,SUCCESS
A,beta,445,20300,SUCCESS
A,beta,446,19800,SUCCESS
A,beta,447,19700,SUCCESS
A,beta,448,19700,SUCCESS
A,beta,449,19500,SUCCESS
A,beta,450,17100,SUCCESS
A,beta,451,15100,SUCCESS
A,beta,452,13000,SUCCESS
A,beta,453,19200,SUCCESS
A,beta,454,19200,SUCCESS
A,beta,455,16800,SUCCESS
A,beta,456,15000,SUCCESS
A,beta,457,12900,SUCCESS
A,beta,458,19100,SUCCESS
A,beta,459,19200,SUCCESS
A,beta,460,15100,SUCCESS
A,beta,461,19300,SUCCESS
A,beta,462,19400,SUCCESS
A,beta,463,19300,SUCCESS
A,beta,464,19400,SUCCESS
A,beta,465,16600,SUCCESS
A,beta,466,15100,SUCCESS
A,beta,467,13100,SUCCESS
A,beta,468,19400,SUCCESS
A,beta,469,19300,SUCCESS
A,beta,470,16700,SUCCESS
A,beta,471,19100,SUCCESS
A,beta,472,39700,SUCCESS
A,beta,473,39500,SUCCESS
A,beta,474,6500,SUCCESS
A,beta,475,83800,SUCCESS
A,beta,476,80900,SUCCESS
A,beta,477,110700,SUCCESS
A,beta,478,106500,SUCCESS
A,beta,479,112200,SUCCESS
A,beta,480,92400,SUCCESS
A,beta,481,47700,SUCCESS
A,beta,482,6200,SUCCESS
A,beta,483,24100,SUCCESS
A,beta,484,19300,SUCCESS
A,beta,485,34900,SUCCESS
A,beta,486,15800,SUCCESS
A,beta,487,19500,SUCCESS
A,beta,488,15900,SUCCESS
A,beta,489,8000,SUCCESS
A,beta,490,88800,SUCCESS
A,beta,491,86000,SUCCESS
A,beta,492,123100,SUCCESS
A,beta,493,100200,SUCCESS
A,beta,494,123100,SUCCESS
A,beta,495,121700,SUCCESS
A,beta,496,118500,SUCCESS
A,beta,497,80900,SUCCESS
A,beta,498,27200,SUCCESS
A,beta,499,5200,SUCCESS
A,beta,500,24300,SUCCESS
A,beta,501,19200,SUCCESS
A,beta,502,43000,SUCCESS
A,beta,503,21500,SUCCESS
A,beta,504,13000,SUCCESS
A,beta,505,17500,SUCCESS
A,beta,506,15200,SUCCESS
A,beta,507,12900,SUCCESS
A,beta,508,19600,SUCCESS
A,beta,509,15100,SUCCESS
A,beta,510,13000,SUCCESS
A,beta,511,19300,SUCCESS
A,beta,512,19600,SUCCESS
A,beta,513,14900,SUCCESS
A,beta,514,12900,SUCCESS
A,beta,515,19600,SUCCESS
A,beta,516,15000,SUCCESS
A,beta,517,12900,SUCCESS
A,beta,518,17000,SUCCESS
A,beta,519,15100,SUCCESS
A,beta,520,13000,SUCCESS
A,beta,521,19600,SUCCESS
A,beta,522,17100,SUCCESS
A,beta,523,15000,SUCCESS
A,beta,524,12900,SUCCESS
A,beta,525,19600,SUCCESS
A,beta,526,17200,SUCCESS
A,beta,527,15000,SUCCESS
A,beta,528,12800,SUCCESS
A,beta,529,16900,SUCCESS
A,beta,530,15200,SUCCESS
A,beta,531,12900,SUCCESS
A,beta,532,19700,SUCCESS
A,beta,533,16900,SUCCESS
A,beta,534,14900,SUCCESS
A,beta,535,13000,SUCCESS
A,beta,536,17200,SUCCESS
A,beta,537,15100,SUCCESS
A,beta,538,12800,SUCCESS
A,beta,539,19400,SUCCESS
A,beta,540,23900,SUCCESS
A,beta,541,20500,SUCCESS
A,beta,542,36100,SUCCESS
A,beta,543,5200,SUCCESS
A,beta,544,20700,SUCCESS
A,beta,545,32600,SUCCESS
A,beta,546,10300,SUCCESS
A,beta,547,80600,SUCCESS
A,beta,548,77700,SUCCESS
A,beta,549,115100,SUCCESS
A,beta,550,114000,SUCCESS
A,beta,551,118400,SUCCESS
A,beta,552,101900,SUCCESS
A,beta,553,22400,SUCCESS
A,beta,554,21600,SUCCESS
A,beta,555,15900,SUCCESS
A,beta,556,7000,SUCCESS
A,beta,557,83600,SUCCESS
A,beta,558,80500,SUCCESS
A,beta,559,66900,SUCCESS
A,beta,560,89600,SUCCESS
A,beta,561,96400,SUCCESS
A,beta,562,97900,SUCCESS
A,beta,563,118200,SUCCESS
A,beta,564,22800,SUCCESS
A,beta,565,31400,SUCCESS
A,beta,566,39200,SUCCESS
A,beta,567,17800,SUCCESS
A,beta,568,20000,SUCCESS
A,beta,569,19200,SUCCESS
A,beta,570,19000,SUCCESS
A,beta,571,19000,SUCCESS
A,beta,572,16600,SUCCESS
A,beta,573,15000,SUCCESS
A,beta,574,13000,SUCCESS
A,beta,575,19300,SUCCESS
A,beta,576,19000,SUCCESS
A,beta,577,14900,SUCCESS
A,beta,578,12800,SUCCESS
A,beta,579,16400,SUCCESS
A,beta,580,15000,SUCCESS
A,beta,581,19300,SUCCESS
A,beta,582,19000,SUCCESS
A,beta,583,19000,SUCCESS
A,beta,584,16400,SUCCESS
A,beta,585,15100,SUCCESS
A,beta,586,12900,SUCCESS
A,beta,587,19100,SUCCESS
A,beta,588,16400,SUCCESS
A,beta,589,14900,SUCCESS
A,beta,590,12900,SUCCESS
A,beta,591,16300,SUCCESS
A,beta,592,15000,SUCCESS
A,beta,593,12900,SUCCESS
A,beta,594,19000,SUCCESS
A,beta,595,18900,SUCCESS
A,beta,596,37700,SUCCESS
A,beta,597,39100,SUCCESS
A,beta,598,83300,SUCCESS
A,beta,599,102800,SUCCESS
A,beta,600,98300,SUCCESS
A,beta,601,89800,SUCCESS
A,beta,602,70600,SUCCESS
A,beta,603,44800,SUCCESS
A,beta,604,5100,SUCCESS
A,beta,605,24900,SUCCESS
A,beta,606,28400,SUCCESS
A,beta,607,41700,SUCCESS
A,beta,608,27000,SUCCESS
A,beta,609,18400,SUCCESS
A,beta,610,10100,SUCCESS
A,beta,611,22000,SUCCESS
A,beta,612,16600,SUCCESS
A,beta,613,25200,SUCCESS
A,beta,614,20500,SUCCESS
A,beta,615,5200,SUCCESS
A,beta,616,84100,SUCCESS
A,beta,617,81800,SUCCESS
A,beta,618,121100,SUCCESS
A,beta,619,99400,SUCCESS
A,beta,620,113800,SUCCESS
A,beta,621,109900,SUCCESS
A,beta,622,111200,SUCCESS
A,beta,623,46400,SUCCESS
A,beta,624,22900,SUCCESS
A,beta,625,30700,SUCCESS
A,beta,626,38400,SUCCESS
A,beta,627,17900,SUCCESS
A,beta,628,20100,SUCCESS
A,beta,629,19300,SUCCESS
A,beta,630,19100,SUCCESS
A,beta,631,18900,SUCCESS
A,beta,632,15100,SUCCESS
A,beta,633,12900,SUCCESS
A,beta,634,19100,SUCCESS
A,beta,635,15200,SUCCESS
A,beta,636,12800,SUCCESS
A,beta,637,13000,SUCCESS
A,beta,638,16500,SUCCESS
A,beta,639,15000,SUCCESS
A,beta,640,12900,SUCCESS
A,beta,641,16700,SUCCESS
A,beta,642,15500,SUCCESS
A,beta,643,12800,SUCCESS
A,beta,644,19500,SUCCESS
A,beta,645,19500,SUCCESS
A,beta,646,15100,SUCCESS
A,beta,647,13100,SUCCESS
A,beta,648,19700,SUCCESS
A,beta,649,15000,SUCCESS
A,beta,650,12900,SUCCESS
A,beta,651,19700,SUCCESS
A,beta,652,17600,SUCCESS
A,beta,653,15000,SUCCESS
A,beta,654,12800,SUCCESS
A,beta,655,19400,SUCCESS
A,beta,656,15000,SUCCESS
A,beta,657,12900,SUCCESS
A,beta,658,19700,SUCCESS
A,beta,659,19300,SUCCESS
A,beta,660,14800,SUCCESS
A,beta,661,12900,SUCCESS
A,beta,662,19500,SUCCESS
A,beta,663,14900,SUCCESS
A,beta,664,12900,SUCCESS
A,beta,665,19600,SUCCESS
A,beta,666,19400,SUCCESS
A,beta,667,15000,SUCCESS
A,beta,668,19800,SUCCESS
A,beta,669,19400,SUCCESS
A,beta,670,19500,SUCCESS
A,beta,671,14900,SUCCESS
A,beta,672,13100,SUCCESS
A,beta,673,19500,SUCCESS
A,beta,674,16900,SUCCESS
A,beta,675,14900,SUCCESS
A,beta,676,12800,SUCCESS
A,beta,677,19500,SUCCESS
A,beta,678,17100,SUCCESS
A,beta,679,15200,SUCCESS
A,beta,680,12900,SUCCESS
A,beta,681,17000,SUCCESS
A,beta,682,15100,SUCCESS
A,beta,683,13000,SUCCESS
A,beta,684,19500,SUCCESS
A,beta,685,17000,SUCCESS
A,beta,686,15100,SUCCESS
A,beta,687,12900,SUCCESS
A,beta,688,19500,SUCCESS
A,beta,689,15200,SUCCESS
A,beta,690,12900,SUCCESS
A,beta,691,20300,SUCCESS
A,beta,692,17200,SUCCESS
A,beta,693,14900,SUCCESS
A,beta,694,12900,SUCCESS
A,beta,695,16900,SUCCESS
A,beta,696,15000,SUCCESS
A,beta,697,12900,SUCCESS
A,beta,698,19600,SUCCESS
A,beta,699,21300,SUCCESS
A,beta,700,41600,SUCCESS
A,beta,701,39400,SUCCESS
A,beta,702,24700,SUCCESS
A,beta,703,18700,SUCCESS
A,beta,704,5100,SUCCESS
A,beta,705,87300,SUCCESS
A,beta,706,84300,SUCCESS
A,beta,707,112000,SUCCESS
A,beta,708,107500,SUCCESS
A,beta,709,105200,SUCCESS
A,beta,710,99400,SUCCESS
A,beta,711,23200,SUCCESS
A,beta,712,24900,SUCCESS
A,beta,713,20300,SUCCESS
A,beta,714,33800,SUCCESS
A,beta,715,5300,SUCCESS
A,beta,716,22300,SUCCESS
A,beta,717,31400,SUCCESS
A,beta,718,18600,SUCCESS
A,beta,719,86900,SUCCESS
A,beta,720,84100,SUCCESS
A,beta,721,120400,SUCCESS
A,beta,722,99900,SUCCESS
A,beta,723,115100,SUCCESS
A,beta,724,112300,SUCCESS
A,beta,725,115000,SUCCESS
A,beta,726,50600,SUCCESS
A,beta,727,55400,SUCCESS
A,beta,728,27100,SUCCESS
A,beta,729,30500,SUCCESS
A,beta,730,56500,SUCCESS
A,beta,731,40200,SUCCESS
A,beta,732,73400,SUCCESS
A,beta,733,70800,SUCCESS
A,beta,734,105000,SUCCESS
A,beta,735,100200,SUCCESS
A,beta,736,106200,SUCCESS
A,beta,737,70200,SUCCESS
A,beta,738,45100,SUCCESS
A,beta,739,5200,SUCCESS
A,beta,740,23000,SUCCESS
A,beta,741,18200,SUCCESS
A,beta,742,57500,SUCCESS
A,beta,743,33500,SUCCESS
A,beta,744,74300,SUCCESS
A,beta,745,56100,SUCCESS
A,beta,746,85500,SUCCESS
A,beta,747,99500,SUCCESS
A,beta,748,108100,SUCCESS
A,beta,749,72600,SUCCESS
A,beta,750,45900,SUCCESS
A,beta,751,16900,SUCCESS
A,beta,752,27300,SUCCESS
A,beta,753,39400,SUCCESS
A,beta,754,18700,SUCCESS
A,beta,755,19500,SUCCESS
A,beta,756,18900,SUCCESS
A,beta,757,15000,SUCCESS
A,beta,758,13100,SUCCESS
A,beta,759,19700,SUCCESS
A,beta,760,14900,SUCCESS
A,beta,761,12600,SUCCESS
A,beta,762,19500,SUCCESS
A,beta,763,19300,SUCCESS
A,beta,764,14900,SUCCESS
A,beta,765,13000,SUCCESS
A,beta,766,19500,SUCCESS
A,beta,767,15000,SUCCESS
A,beta,768,12900,SUCCESS
A,beta,769,19500,SUCCESS
A,beta,770,19400,SUCCESS
A,beta,771,15000,SUCCESS
A,beta,772,12900,SUCCESS
A,beta,773,14400,SUCCESS
A,beta,774,31200,SUCCESS
A,beta,775,27800,SUCCESS
A,beta,776,27400,SUCCESS
A,beta,777,5200,SUCCESS
A,beta,778,17300,SUCCESS
A,beta,779,29700,SUCCESS
A,beta,780,15300,SUCCESS
A,beta,781,22900,SUCCESS
A,beta,782,17000,SUCCESS
A,beta,783,6800,SUCCESS
A,beta,784,14500,SUCCESS
A,beta,785,26300,SUCCESS
A,beta,786,10200,SUCCESS
A,beta,787,19600,SUCCESS
A,beta,788,50200,SUCCESS
A,beta,789,50700,SUCCESS
A,beta,790,7100,SUCCESS
A,beta,791,19900,SUCCESS
A,beta,792,48000,SUCCESS
A,beta,793,49100,SUCCESS
A,beta,794,6000,SUCCESS
A,beta,795,15100,SUCCESS
A,beta,796,26500,SUCCESS
A,beta,797,27700,SUCCESS
A,beta,798,21600,SUCCESS
A,beta,799,17600,SUCCESS
A,beta,800,35700,SUCCESS
A,beta,801,16000,SUCCESS
A,beta,802,27900,SUCCESS
A,beta,803,26500,SUCCESS
A,beta,804,5100,SUCCESS
A,beta,805,19400,SUCCESS
A,beta,806,17900,SUCCESS
A,beta,807,45000,SUCCESS
A,beta,808,18200,SUCCESS
A,beta,809,22000,SUCCESS
A,beta,810,19200,SUCCESS
A,beta,811,47500,SUCCESS
A,beta,812,54600,SUCCESS
A,beta,813,24300,SUCCESS
A,beta,814,27200,SUCCESS
A,beta,815,5600,SUCCESS
A,beta,816,22200,SUCCESS
A,beta,817,77100,SUCCESS
A,beta,818,62200,SUCCESS
A,beta,819,21200,SUCCESS
A,beta,820,19000,SUCCESS
A,beta,821,37800,SUCCESS
A,beta,822,5300,SUCCESS
A,beta,823,20000,SUCCESS
A,beta,824,38600,SUCCESS
A,beta,825,14600,SUCCESS
A,beta,826,6000,SUCCESS
A,beta,827,25000,SUCCESS
A,beta,828,20100,SUCCESS
A,beta,829,39100,SUCCESS
A,beta,830,16000,SUCCESS
A,beta,831,20000,SUCCESS
A,beta,832,84200,SUCCESS
A,beta,833,66600,SUCCESS
A,beta,834,96500,SUCCESS
A,beta,835,94100,SUCCESS
A,beta,836,94400,SUCCESS
A,beta,837,88400,SUCCESS
A,beta,838,24800,SUCCESS
A,beta,839,23100,SUCCESS
A,beta,840,31900,SUCCESS
A,beta,841,36500,SUCCESS
A,beta,842,18300,SUCCESS
A,beta,843,13600,SUCCESS
A,beta,844,20400,SUCCESS
A,beta,845,19800,SUCCESS
A,beta,846,19600,SUCCESS
A,beta,847,15000,SUCCESS
A,beta,848,13000,SUCCESS
A,beta,849,19600,SUCCESS
A,beta,850,14900,SUCCESS
A,beta,851,13100,SUCCESS
A,beta,852,19500,SUCCESS
A,beta,853,19300,SUCCESS
A,beta,854,14900,SUCCESS
A,beta,855,19600,SUCCESS
A,beta,856,19700,SUCCESS
A,beta,857,19200,SUCCESS
A,beta,858,19300,SUCCESS
A,beta,859,15000,SUCCESS
A,beta,860,12900,SUCCESS
A,beta,861,19400,SUCCESS
A,beta,862,15000,SUCCESS
A,beta,863,13000,SUCCESS
A,beta,864,19500,SUCCESS
A,beta,865,18500,SUCCESS
A,beta,866,37600,SUCCESS
A,beta,867,39700,SUCCESS
A,beta,868,74300,SUCCESS
A,beta,869,95100,SUCCESS
A,beta,870,92600,SUCCESS
A,beta,871,84400,SUCCESS
A,beta,872,65000,SUCCESS
A,beta,873,46400,SUCCESS
A,beta,874,5300,SUCCESS
A,beta,875,25900,SUCCESS
A,beta,876,20900,SUCCESS
A,beta,877,36400,SUCCESS
A,beta,878,15300,SUCCESS
A,beta,879,18500,SUCCESS
A,beta,880,10200,SUCCESS
A,beta,881,22000,SUCCESS
A,beta,882,16900,SUCCESS
A,beta,883,25000,SUCCESS
A,beta,884,20500,SUCCESS
A,beta,885,5200,SUCCESS
A,beta,886,101300,SUCCESS
A,beta,887,98500,SUCCESS
A,beta,888,130700,SUCCESS
A,beta,889,110800,SUCCESS
A,beta,890,125700,SUCCESS
A,beta,891,121900,SUCCESS
A,beta,892,126600,SUCCESS
A,beta,893,51600,SUCCESS
A,beta,894,15500,SUCCESS
A,beta,895,6500,SUCCESS
A,beta,896,25900,SUCCESS
A,beta,897,21200,SUCCESS
A,beta,898,40700,SUCCESS
A,beta,899,18100,SUCCESS
A,beta,900,13600,SUCCESS
A,beta,901,17700,SUCCESS
A,beta,902,15000,SUCCESS
A,beta,903,12900,SUCCESS
A,beta,904,19800,SUCCESS
A,beta,905,19600,SUCCESS
A,beta,906,15000,SUCCESS
A,beta,907,15200,SUCCESS
A,beta,908,15200,SUCCESS
A,beta,909,14800,SUCCESS
A,beta,910,16500,SUCCESS
A,beta,911,14900,SUCCESS
A,beta,912,20400,SUCCESS
A,beta,913,15700,SUCCESS
A,beta,914,31200,SUCCESS
A,beta,915,83300,SUCCESS
A,beta,916,104500,SUCCESS
A,beta,917,85800,SUCCESS
A,beta,918,95300,SUCCESS
A,beta,919,79100,SUCCESS
A,beta,920,46700,SUCCESS
A,beta,921,5700,SUCCESS
A,beta,922,30500,SUCCESS
A,beta,923,26100,SUCCESS
A,beta,924,5300,SUCCESS
A,beta,925,6500,SUCCESS
A,beta,926,89000,SUCCESS
A,beta,927,87800,SUCCESS
A,beta,928,122700,SUCCESS
A,beta,929,118500,SUCCESS
A,beta,930,124300,SUCCESS
A,beta,931,125900,SUCCESS
A,beta,932,127400,SUCCESS
A,beta,933,95200,SUCCESS
A,beta,934,91800,SUCCESS
A,beta,935,119700,SUCCESS
A,beta,936,102000,SUCCESS
A,beta,937,86300,SUCCESS
A,beta,938,69400,SUCCESS
A,beta,939,52900,SUCCESS
A,beta,940,64200,SUCCESS
A,beta,941,46300,SUCCESS
A,beta,942,68400,SUCCESS
A,beta,943,61500,SUCCESS
A,beta,944,39100,SUCCESS
A,beta,945,7300,SUCCESS
A,beta,946,6300,SUCCESS
A,beta,947,24200,SUCCESS
A,beta,948,47900,SUCCESS
A,beta,949,35100,SUCCESS
A,beta,950,48700,SUCCESS
A,beta,951,13800,SUCCESS
A,beta,952,23600,SUCCESS
A,beta,953,20700,SUCCESS
A,beta,954,5400,SUCCESS
A,beta,955,25300,SUCCESS
A,beta,956,20700,SUCCESS
A,beta,957,4900,SUCCESS
A,beta,958,19700,SUCCESS
A,beta,959,89000,SUCCESS
A,beta,960,85800,SUCCESS
A,beta,961,122000,SUCCESS
A,beta,962,97500,SUCCESS
A,beta,963,114700,SUCCESS
A,beta,964,96300,SUCCESS
A,beta,965,67500,SUCCESS
A,beta,966,22800,SUCCESS
A,beta,967,5200,SUCCESS
A,beta,968,33300,SUCCESS
A,beta,969,68100,SUCCESS
A,beta,970,79000,SUCCESS
A,beta,971,73500,SUCCESS
A,beta,972,67500,SUCCESS
A,beta,973,59200,SUCCESS
A,beta,974,45300,SUCCESS
A,beta,975,19300,SUCCESS
A,beta,976,21500,SUCCESS
A,beta,977,30700,SUCCESS
A,beta,978,8900,SUCCESS
A,beta,979,18600,SUCCESS
A,beta,980,15300,SUCCESS
A,beta,981,15400,SUCCESS
A,beta,982,15000,SUCCESS
A,beta,983,15000,SUCCESS
A,beta,984,16200,SUCCESS
A,beta,985,15000,SUCCESS
A,beta,986,19700,SUCCESS
A,beta,987,15100,SUCCESS
A,beta,988,30900,SUCCESS
A,beta,989,19300,SUCCESS
A,beta,990,5000,SUCCESS
A,beta,991,18900,SUCCESS
A,beta,992,18200,SUCCESS
A,beta,993,5100,SUCCESS
A,beta,994,29800,SUCCESS
A,beta,995,23500,SUCCESS
A,beta,996,63700,SUCCESS
A,beta,997,43900,SUCCESS
A,beta,998,95400,SUCCESS
A,beta,999,77100,SUCCESS
A,gamma,0,113600,SUCCESS
A,gamma,1,92400,SUCCESS
A,gamma,2,102600,SUCCESS
A,gamma,3,111100,SUCCESS
A,gamma,4,90500,SUCCESS
A,gamma,5,68200,SUCCESS
A,gamma,6,8700,SUCCESS
A,gamma,7,25800,SUCCESS
A,gamma,8,20800,SUCCESS
A,gamma,9,64500,SUCCESS
A,gamma,10,43600,SUCCESS
A,gamma,11,62900,SUCCESS
A,gamma,12,44700,SUCCESS
A,gamma,13,74500,SUCCESS
A,gamma,14,60000,SUCCESS
A,gamma,15,71200,SUCCESS
A,gamma,16,5200,SUCCESS
A,gamma,17,5300,SUCCESS
A,gamma,18,32100,SUCCESS
A,gamma,19,30000,SUCCESS
A,gamma,20,8100,SUCCESS
A,gamma,21,38000,SUCCESS
A,gamma,22,78900,SUCCESS
A,gamma,23,96200,SUCCESS
A,gamma,24,76300,SUCCESS
A,gamma,25,91300,SUCCESS
A,gamma,26,86500,SUCCESS
A,gamma,27,21600,SUCCESS
A,gamma,28,26100,SUCCESS
A,gamma,29,5300,SUCCESS
A,gamma,30,5200,SUCCESS
A,gamma,31,24700,SUCCESS
A,gamma,32,5400,SUCCESS
A,gamma,33,31700,SUCCESS
A,gamma,34,21200,SUCCESS
A,gamma,35,4900,SUCCESS
A,gamma,36,24800,SUCCESS
A,gamma,37,8500,SUCCESS
A,gamma,38,27000,SUCCESS
A,gamma,39,25200,SUCCESS
A,gamma,40,27600,SUCCESS
A,gamma,41,10300,SUCCESS
A,gamma,42,8600,SUCCESS
A,gamma,43,20300,SUCCESS
A,gamma,44,15400,SUCCESS
A,gamma,45,29000,SUCCESS
A,gamma,46,20200,SUCCESS
A,gamma,47,5000,SUCCESS
A,gamma,48,23800,SUCCESS
A,gamma,49,66900,SUCCESS
A,gamma,50,99300,SUCCESS
A,gamma,51,89900,SUCCESS
A,gamma,52,72300,SUCCESS
A,gamma,53,20900,SUCCESS
A,gamma,54,5100,SUCCESS
A,gamma,55,35100,SUCCESS
A,gamma,56,20300,SUCCESS
A,gamma,57,5100,SUCCESS
A,gamma,58,19400,SUCCESS
A,gamma,59,19800,SUCCESS
A,gamma,60,5000,SUCCESS
A,gamma,61,19200,SUCCESS
A,gamma,62,20000,SUCCESS
A,gamma,63,5100,SUCCESS
A,gamma,64,18500,SUCCESS
A,gamma,65,20000,SUCCESS
A,gamma,66,18400,SUCCESS
A,gamma,67,20000,SUCCESS
A,gamma,68,5000,SUCCESS
A,gamma,69,5300,SUCCESS
A,gamma,70,19600,SUCCESS
A,gamma,71,14600,SUCCESS
A,gamma,72,5000,SUCCESS
A,gamma,73,23400,SUCCESS
A,gamma,74,35300,SUCCESS
A,gamma,75,20700,SUCCESS
A,gamma,76,17400,SUCCESS
A,gamma,77,6000,SUCCESS
A,gamma,78,5300,SUCCESS
A,gamma,79,20000,SUCCESS
A,gamma,80,35900,SUCCESS
A,gamma,81,37100,SUCCESS
A,gamma,82,15200,SUCCESS
A,gamma,83,9900,SUCCESS
A,gamma,84,23700,SUCCESS
A,gamma,85,19700,SUCCESS
A,gamma,86,5100,SUCCESS
A,gamma,87,27700,SUCCESS
A,gamma,88,23100,SUCCESS
A,gamma,89,5000,SUCCESS
A,gamma,90,9800,SUCCESS
A,gamma,91,19700,SUCCESS
A,gamma,92,34900,SUCCESS
A,gamma,93,36900,SUCCESS
A,gamma,94,15000,SUCCESS
A,gamma,95,9000,SUCCESS
A,gamma,96,24200,SUCCESS
A,gamma,97,19300,SUCCESS
A,gamma,98,5400,SUCCESS
A,gamma,99,26100,SUCCESS
A,gamma,100,21500,SUCCESS
A,gamma,101,4900,SUCCESS
A,gamma,102,10400,SUCCESS
A,gamma,103,19600,SUCCESS
A,gamma,104,14400,SUCCESS
A,gamma,105,4900,SUCCESS
A,gamma,106,8600,SUCCESS
A,gamma,107,32200,SUCCESS
A,gamma,108,8200,SUCCESS
A,gamma,109,19700,SUCCESS
A,gamma,110,4900,SUCCESS
A,gamma,111,20400,SUCCESS
A,gamma,112,20100,SUCCESS
A,gamma,113,5000,SUCCESS
A,gamma,114,18600,SUCCESS
A,gamma,115,19800,SUCCESS
A,gamma,116,5000,SUCCESS
A,gamma,117,18500,SUCCESS
A,gamma,118,19700,SUCCESS
A,gamma,119,5000,SUCCESS
A,gamma,120,18700,SUCCESS
A,gamma,121,20100,SUCCESS
A,gamma,122,5000,SUCCESS
A,gamma,123,18900,SUCCESS
A,gamma,124,19900,SUCCESS
A,gamma,125,5100,SUCCESS
A,gamma,126,18600,SUCCESS
A,gamma,127,19900,SUCCESS
A,gamma,128,5100,SUCCESS
A,gamma,129,19000,SUCCESS
A,gamma,130,19900,SUCCESS
A,gamma,131,5000,SUCCESS
A,gamma,132,18300,SUCCESS
A,gamma,133,20100,SUCCESS
A,gamma,134,4900,SUCCESS
A,gamma,135,18700,SUCCESS
A,gamma,136,19800,SUCCESS
A,gamma,137,5000,SUCCESS
A,gamma,138,18900,SUCCESS
A,gamma,139,19800,SUCCESS
A,gamma,140,5000,SUCCESS
A,gamma,141,18800,SUCCESS
A,gamma,142,19800,SUCCESS
A,gamma,143,5200,SUCCESS
A,gamma,144,18800,SUCCESS
A,gamma,145,19900,SUCCESS
A,gamma,146,5100,SUCCESS
A,gamma,147,18900,SUCCESS
A,gamma,148,19900,SUCCESS
A,gamma,149,5900,SUCCESS
A,gamma,150,19300,SUCCESS
A,gamma,151,19800,SUCCESS
A,gamma,152,5000,SUCCESS
A,gamma,153,19400,SUCCESS
A,gamma,154,19900,SUCCESS
A,gamma,155,5000,SUCCESS
A,gamma,156,19300,SUCCESS
A,gamma,157,20000,SUCCESS
A,gamma,158,5000,SUCCESS
A,gamma,159,18800,SUCCESS
A,gamma,160,19900,SUCCESS
A,gamma,161,5100,SUCCESS
A,gamma,162,19300,SUCCESS
A,gamma,163,20000,SUCCESS
A,gamma,164,5100,SUCCESS
A,gamma,165,19100,SUCCESS
A,gamma,166,19700,SUCCESS
A,gamma,167,5100,SUCCESS
A,gamma,168,19200,SUCCESS
A,gamma,169,19900,SUCCESS
A,gamma,170,5000,SUCCESS
A,gamma,171,18800,SUCCESS
A,gamma,172,20200,SUCCESS
A,gamma,173,5100,SUCCESS
A,gamma,174,18300,SUCCESS
A,gamma,175,19800,SUCCESS
A,gamma,176,5000,SUCCESS
A,gamma,177,18100,SUCCESS
A,gamma,178,19800,SUCCESS
A,gamma,179,5100,SUCCESS
A,gamma,180,19500,SUCCESS
A,gamma,181,19900,SUCCESS
A,gamma,182,5000,SUCCESS
A,gamma,183,18800,SUCCESS
A,gamma,184,20000,SUCCESS
A,gamma,185,5000,SUCCESS
A,gamma,186,19000,SUCCESS
A,gamma,187,19900,SUCCESS
A,gamma,188,5000,SUCCESS
A,gamma,189,19300,SUCCESS
A,gamma,190,19700,SUCCESS
A,gamma,191,5100,SUCCESS
A,gamma,192,19100,SUCCESS
A,gamma,193,19800,SUCCESS
A,gamma,194,4900,SUCCESS
A,gamma,195,19600,SUCCESS
A,gamma,196,19800,SUCCESS
A,gamma,197,5000,SUCCESS
A,gamma,198,19900,SUCCESS
A,gamma,199,19900,SUCCESS
A,gamma,200,5600,SUCCESS
A,gamma,201,11100,SUCCESS
A,gamma,202,19600,SUCCESS
A,gamma,203,14400,SUCCESS
A,gamma,204,31300,SUCCESS
A,gamma,205,21200,SUCCESS
A,gamma,206,5000,SUCCESS
A,gamma,207,19500,SUCCESS
A,gamma,208,19700,SUCCESS
A,gamma,209,4900,SUCCESS
A,gamma,210,18400,SUCCESS
A,gamma,211,19500,SUCCESS
A,gamma,212,14500,SUCCESS
A,gamma,213,30100,SUCCESS
A,gamma,214,19300,SUCCESS
A,gamma,215,14800,SUCCESS
A,gamma,216,5200,SUCCESS
A,gamma,217,23800,SUCCESS
A,gamma,218,15500,SUCCESS
A,gamma,219,9300,SUCCESS
A,gamma,220,21600,SUCCESS
A,gamma,221,35400,SUCCESS
A,gamma,222,36100,SUCCESS
A,gamma,223,5300,SUCCESS
A,gamma,224,19600,SUCCESS
A,gamma,225,4900,SUCCESS
A,gamma,226,20000,SUCCESS
A,gamma,227,19600,SUCCESS
A,gamma,228,14600,SUCCESS
A,gamma,229,28500,SUCCESS
A,gamma,230,19200,SUCCESS
A,gamma,231,14400,SUCCESS
A,gamma,232,32600,SUCCESS
A,gamma,233,19600,SUCCESS
A,gamma,234,19400,SUCCESS
A,gamma,235,35100,SUCCESS
A,gamma,236,4900,SUCCESS
A,gamma,237,23700,SUCCESS
A,gamma,238,20000,SUCCESS
A,gamma,239,19000,SUCCESS
A,gamma,240,25800,SUCCESS
A,gamma,241,21800,SUCCESS
A,gamma,242,5300,SUCCESS
A,gamma,243,26800,SUCCESS
A,gamma,244,22400,SUCCESS
A,gamma,245,5100,SUCCESS
A,gamma,246,8500,SUCCESS
A,gamma,247,19900,SUCCESS
A,gamma,248,35600,SUCCESS
A,gamma,249,37700,SUCCESS
A,gamma,250,14900,SUCCESS
A,gamma,251,20000,SUCCESS
A,gamma,252,26200,SUCCESS
A,gamma,253,21600,SUCCESS
A,gamma,254,5300,SUCCESS
A,gamma,255,25800,SUCCESS
A,gamma,256,22000,SUCCESS
A,gamma,257,5000,SUCCESS
A,gamma,258,9400,SUCCESS
A,gamma,259,19600,SUCCESS
A,gamma,260,14700,SUCCESS
A,gamma,261,5100,SUCCESS
A,gamma,262,9200,SUCCESS
A,gamma,263,32600,SUCCESS
A,gamma,264,7500,SUCCESS
A,gamma,265,19800,SUCCESS
A,gamma,266,5000,SUCCESS
A,gamma,267,20200,SUCCESS
A,gamma,268,19600,SUCCESS
A,gamma,269,14800,SUCCESS
A,gamma,270,28900,SUCCESS
A,gamma,271,19700,SUCCESS
A,gamma,272,14800,SUCCESS
A,gamma,273,29400,SUCCESS
A,gamma,274,19600,SUCCESS
A,gamma,275,36200,SUCCESS
A,gamma,276,37900,SUCCESS
A,gamma,277,27000,SUCCESS
A,gamma,278,20600,SUCCESS
A,gamma,279,4900,SUCCESS
A,gamma,280,18100,SUCCESS
A,gamma,281,19600,SUCCESS
A,gamma,282,14600,SUCCESS
A,gamma,283,29200,SUCCESS
A,gamma,284,19600,SUCCESS
A,gamma,285,14800,SUCCESS
A,gamma,286,30000,SUCCESS
A,gamma,287,19500,SUCCESS
A,gamma,288,14800,SUCCESS
A,gamma,289,18100,SUCCESS
A,gamma,290,34700,SUCCESS
A,gamma,291,33300,SUCCESS
A,gamma,292,30400,SUCCESS
A,gamma,293,18400,SUCCESS
A,gamma,294,24600,SUCCESS
A,gamma,295,30500,SUCCESS
A,gamma,296,8700,SUCCESS
A,gamma,297,40800,SUCCESS
A,gamma,298,21100,SUCCESS
A,gamma,299,33200,SUCCESS
A,gamma,300,4900,SUCCESS
A,gamma,301,29900,SUCCESS
A,gamma,302,9300,SUCCESS
A,gamma,303,29800,SUCCESS
A,gamma,304,21200,SUCCESS
A,gamma,305,35200,SUCCESS
A,gamma,306,37400,SUCCESS
A,gamma,307,15200,SUCCESS
A,gamma,308,10900,SUCCESS
A,gamma,309,25000,SUCCESS
A,gamma,310,20400,SUCCESS
A,gamma,311,5200,SUCCESS
A,gamma,312,9600,SUCCESS
A,gamma,313,20300,SUCCESS
A,gamma,314,36700,SUCCESS
A,gamma,315,36200,SUCCESS
A,gamma,316,16700,SUCCESS
A,gamma,317,18100,SUCCESS
A,gamma,318,20500,SUCCESS
A,gamma,319,19200,SUCCESS
A,gamma,320,19700,SUCCESS
A,gamma,321,20300,SUCCESS
A,gamma,322,18800,SUCCESS
A,gamma,323,18500,SUCCESS
A,gamma,324,20100,SUCCESS
A,gamma,325,19000,SUCCESS
A,gamma,326,18100,SUCCESS
A,gamma,327,20000,SUCCESS
A,gamma,328,19400,SUCCESS
A,gamma,329,18500,SUCCESS
A,gamma,330,21000,SUCCESS
A,gamma,331,19300,SUCCESS
A,gamma,332,5000,SUCCESS
A,gamma,333,18300,SUCCESS
A,gamma,334,20000,SUCCESS
A,gamma,335,5100,SUCCESS
A,gamma,336,20900,SUCCESS
A,gamma,337,20000,SUCCESS
A,gamma,338,5000,SUCCESS
A,gamma,339,19900,SUCCESS
A,gamma,340,20100,SUCCESS
A,gamma,341,5000,SUCCESS
A,gamma,342,20000,SUCCESS
A,gamma,343,20200,SUCCESS
A,gamma,344,5000,SUCCESS
A,gamma,345,19200,SUCCESS
A,gamma,346,20100,SUCCESS
A,gamma,347,5100,SUCCESS
A,gamma,348,20900,SUCCESS
A,gamma,349,19900,SUCCESS
A,gamma,350,5000,SUCCESS
A,gamma,351,19000,SUCCESS
A,gamma,352,20200,SUCCESS
A,gamma,353,5000,SUCCESS
A,gamma,354,21400,SUCCESS
A,gamma,355,20300,SUCCESS
A,gamma,356,5000,SUCCESS
A,gamma,357,19100,SUCCESS
A,gamma,358,20200,SUCCESS
A,gamma,359,5000,SUCCESS
A,gamma,360,19500,SUCCESS
A,gamma,361,19800,SUCCESS
A,gamma,362,5000,SUCCESS
A,gamma,363,19500,SUCCESS
A,gamma,364,19900,SUCCESS
A,gamma,365,4900,SUCCESS
A,gamma,366,20400,SUCCESS
A,gamma,367,20100,SUCCESS
A,gamma,368,5000,SUCCESS
A,gamma,369,20000,SUCCESS
A,gamma,370,20200,SUCCESS
A,gamma,371,5100,SUCCESS
A,gamma,372,20100,SUCCESS
A,gamma,373,20100,SUCCESS
A,gamma,374,5000,SUCCESS
A,gamma,375,19800,SUCCESS
A,gamma,376,20400,SUCCESS
A,gamma,377,5000,SUCCESS
A,gamma,378,19800,SUCCESS
A,gamma,379,20100,SUCCESS
A,gamma,380,5000,SUCCESS
A,gamma,381,20600,SUCCESS
A,gamma,382,20400,SUCCESS
A,gamma,383,5000,SUCCESS
A,gamma,384,20400,SUCCESS
A,gamma,385,20300,SUCCESS
A,gamma,386,5200,SUCCESS
A,gamma,387,20700,SUCCESS
A,gamma,388,20200,SUCCESS
A,gamma,389,4900,SUCCESS
A,gamma,390,20800,SUCCESS
A,gamma,391,20100,SUCCESS
A,gamma,392,5100,SUCCESS
A,gamma,393,20700,SUCCESS
A,gamma,394,20300,SUCCESS
A,gamma,395,4900,SUCCESS
A,gamma,396,20100,SUCCESS
A,gamma,397,20200,SUCCESS
A,gamma,398,5100,SUCCESS
A,gamma,399,20500,SUCCESS
A,gamma,400,20100,SUCCESS
A,gamma,401,5000,SUCCESS
A,gamma,402,20300,SUCCESS
A,gamma,403,20600,SUCCESS
A,gamma,404,5100,SUCCESS
A,gamma,405,24100,SUCCESS
A,gamma,406,20200,SUCCESS
A,gamma,407,4900,SUCCESS
A,gamma,408,20500,SUCCESS
A,gamma,409,20300,SUCCESS
A,gamma,410,4900,SUCCESS
A,gamma,411,19500,SUCCESS
A,gamma,412,19900,SUCCESS
A,gamma,413,5100,SUCCESS
A,gamma,414,19800,SUCCESS
A,gamma,415,20100,SUCCESS
A,gamma,416,5000,SUCCESS
A,gamma,417,20200,SUCCESS
A,gamma,418,20200,SUCCESS
A,gamma,419,5000,SUCCESS
A,gamma,420,19900,SUCCESS
A,gamma,421,20100,SUCCESS
A,gamma,422,5000,SUCCESS
A,gamma,423,19500,SUCCESS
A,gamma,424,20000,SUCCESS
A,gamma,425,5000,SUCCESS
A,gamma,426,19500,SUCCESS
A,gamma,427,20000,SUCCESS
A,gamma,428,4900,SUCCESS
A,gamma,429,18700,SUCCESS
A,gamma,430,20200,SUCCESS
A,gamma,431,5000,SUCCESS
A,gamma,432,20400,SUCCESS
A,gamma,433,20100,SUCCESS
A,gamma,434,4900,SUCCESS
A,gamma,435,19800,SUCCESS
A,gamma,436,20100,SUCCESS
A,gamma,437,5000,SUCCESS
A,gamma,438,20200,SUCCESS
A,gamma,439,20000,SUCCESS
A,gamma,440,5000,SUCCESS
A,gamma,441,19000,SUCCESS
A,gamma,442,20100,SUCCESS
A,gamma,443,5000,SUCCESS
A,gamma,444,19600,SUCCESS
A,gamma,445,19800,SUCCESS
A,gamma,446,4900,SUCCESS
A,gamma,447,19800,SUCCESS
A,gamma,448,20200,SUCCESS
A,gamma,449,4900,SUCCESS
A,gamma,450,19900,SUCCESS
A,gamma,451,20000,SUCCESS
A,gamma,452,4900,SUCCESS
A,gamma,453,20000,SUCCESS
A,gamma,454,20100,SUCCESS
A,gamma,455,5000,SUCCESS
A,gamma,456,21800,SUCCESS
A,gamma,457,20300,SUCCESS
A,gamma,458,5000,SUCCESS
A,gamma,459,20000,SUCCESS
A,gamma,460,20100,SUCCESS
A,gamma,461,5000,SUCCESS
A,gamma,462,20600,SUCCESS
A,gamma,463,20200,SUCCESS
A,gamma,464,5000,SUCCESS
A,gamma,465,19100,SUCCESS
A,gamma,466,20200,SUCCESS
A,gamma,467,4900,SUCCESS
A,gamma,468,19800,SUCCESS
A,gamma,469,19700,SUCCESS
A,gamma,470,5000,SUCCESS
A,gamma,471,19200,SUCCESS
A,gamma,472,20100,SUCCESS
A,gamma,473,4900,SUCCESS
A,gamma,474,20000,SUCCESS
A,gamma,475,20000,SUCCESS
A,gamma,476,5000,SUCCESS
A,gamma,477,19700,SUCCESS
A,gamma,478,20000,SUCCESS
A,gamma,479,5000,SUCCESS
A,gamma,480,19300,SUCCESS
A,gamma,481,20400,SUCCESS
A,gamma,482,5000,SUCCESS
A,gamma,483,19200,SUCCESS
A,gamma,484,20000,SUCCESS
A,gamma,485,5100,SUCCESS
A,gamma,486,19800,SUCCESS
A,gamma,487,19900,SUCCESS
A,gamma,488,5000,SUCCESS
A,gamma,489,19900,SUCCESS
A,gamma,490,19800,SUCCESS
A,gamma,491,35600,SUCCESS
A,gamma,492,34200,SUCCESS
A,gamma,493,15400,SUCCESS
A,gamma,494,17500,SUCCESS
A,gamma,495,20400,SUCCESS
A,gamma,496,19600,SUCCESS
A,gamma,497,18500,SUCCESS
A,gamma,498,20000,SUCCESS
A,gamma,499,18200,SUCCESS
A,gamma,500,17400,SUCCESS
A,gamma,501,20200,SUCCESS
A,gamma,502,18900,SUCCESS
A,gamma,503,18000,SUCCESS
A,gamma,504,19900,SUCCESS
A,gamma,505,18100,SUCCESS
A,gamma,506,16800,SUCCESS
A,gamma,507,20000,SUCCESS
A,gamma,508,19000,SUCCESS
A,gamma,509,17900,SUCCESS
A,gamma,510,19900,SUCCESS
A,gamma,511,18000,SUCCESS
A,gamma,512,16800,SUCCESS
A,gamma,513,20700,SUCCESS
A,gamma,514,18900,SUCCESS
A,gamma,515,17700,SUCCESS
A,gamma,516,19900,SUCCESS
A,gamma,517,17900,SUCCESS
A,gamma,518,17700,SUCCESS
A,gamma,519,20000,SUCCESS
A,gamma,520,18600,SUCCESS
A,gamma,521,17400,SUCCESS
A,gamma,522,19900,SUCCESS
A,gamma,523,17500,SUCCESS
A,gamma,524,16400,SUCCESS
A,gamma,525,20200,SUCCESS
A,gamma,526,18500,SUCCESS
A,gamma,527,17200,SUCCESS
A,gamma,528,19800,SUCCESS
A,gamma,529,17900,SUCCESS
A,gamma,530,16700,SUCCESS
A,gamma,531,20000,SUCCESS
A,gamma,532,19100,SUCCESS
A,gamma,533,18000,SUCCESS
A,gamma,534,19900,SUCCESS
A,gamma,535,17500,SUCCESS
A,gamma,536,16600,SUCCESS
A,gamma,537,20100,SUCCESS
A,gamma,538,18900,SUCCESS
A,gamma,539,17900,SUCCESS
A,gamma,540,19900,SUCCESS
A,gamma,541,19000,SUCCESS
A,gamma,542,17600,SUCCESS
A,gamma,543,20100,SUCCESS
A,gamma,544,18300,SUCCESS
A,gamma,545,17100,SUCCESS
A,gamma,546,19900,SUCCESS
A,gamma,547,18300,SUCCESS
A,gamma,548,16900,SUCCESS
A,gamma,549,20100,SUCCESS
A,gamma,550,18800,SUCCESS
A,gamma,551,17600,SUCCESS
A,gamma,552,20000,SUCCESS
A,gamma,553,18200,SUCCESS
A,gamma,554,17600,SUCCESS
A,gamma,555,19900,SUCCESS
A,gamma,556,18100,SUCCESS
A,gamma,557,17400,SUCCESS
A,gamma,558,19900,SUCCESS
A,gamma,559,18500,SUCCESS
A,gamma,560,17400,SUCCESS
A,gamma,561,20000,SUCCESS
A,gamma,562,18500,SUCCESS
A,gamma,563,17500,SUCCESS
A,gamma,564,19800,SUCCESS
A,gamma,565,18000,SUCCESS
A,gamma,566,17200,SUCCESS
A,gamma,567,20100,SUCCESS
A,gamma,568,5100,SUCCESS
A,gamma,569,80900,SUCCESS
A,gamma,570,62200,SUCCESS
A,gamma,571,58400,SUCCESS
A,gamma,572,99900,SUCCESS
A,gamma,573,104500,SUCCESS
A,gamma,574,98000,SUCCESS
A,gamma,575,22300,SUCCESS
A,gamma,576,17300,SUCCESS
A,gamma,577,28100,SUCCESS
A,gamma,578,88000,SUCCESS
A,gamma,579,71000,SUCCESS
A,gamma,580,51600,SUCCESS
A,gamma,581,90800,SUCCESS
A,gamma,582,77300,SUCCESS
A,gamma,583,80200,SUCCESS
A,gamma,584,47600,SUCCESS
A,gamma,585,22500,SUCCESS
A,gamma,586,48900,SUCCESS
A,gamma,587,33300,SUCCESS
A,gamma,588,80500,SUCCESS
A,gamma,589,63400,SUCCESS
A,gamma,590,83900,SUCCESS
A,gamma,591,78300,SUCCESS
A,gamma,592,63400,SUCCESS
A,gamma,593,54800,SUCCESS
A,gamma,594,24200,SUCCESS
A,gamma,595,20400,SUCCESS
A,gamma,596,5000,SUCCESS
A,gamma,597,17600,SUCCESS
A,gamma,598,15500,SUCCESS
A,gamma,599,15900,SUCCESS
A,gamma,600,15200,SUCCESS
A,gamma,601,15400,SUCCESS
A,gamma,602,17100,SUCCESS
A,gamma,603,16800,SUCCESS
A,gamma,604,16900,SUCCESS
A,gamma,605,15200,SUCCESS
A,gamma,606,15200,SUCCESS
A,gamma,607,15300,SUCCESS
A,gamma,608,15000,SUCCESS
A,gamma,609,16200,SUCCESS
A,gamma,610,13000,SUCCESS
A,gamma,611,17100,SUCCESS
A,gamma,612,15300,SUCCESS
A,gamma,613,15500,SUCCESS
A,gamma,614,12900,SUCCESS
A,gamma,615,16700,SUCCESS
A,gamma,616,10000,SUCCESS
A,gamma,617,15000,SUCCESS
A,gamma,618,15100,SUCCESS
A,gamma,619,16200,SUCCESS
A,gamma,620,15000,SUCCESS
A,gamma,621,16500,SUCCESS
A,gamma,622,14900,SUCCESS
A,gamma,623,66600,SUCCESS
A,gamma,624,63500,SUCCESS
A,gamma,625,45600,SUCCESS
A,gamma,626,72500,SUCCESS
A,gamma,627,79000,SUCCESS
A,gamma,628,101000,SUCCESS
A,gamma,629,26900,SUCCESS
A,gamma,630,6800,SUCCESS
A,gamma,631,21900,SUCCESS
A,gamma,632,88200,SUCCESS
A,gamma,633,70100,SUCCESS
A,gamma,634,49100,SUCCESS
A,gamma,635,80200,SUCCESS
A,gamma,636,63700,SUCCESS
A,gamma,637,54500,SUCCESS
A,gamma,638,48900,SUCCESS
A,gamma,639,27700,SUCCESS
A,gamma,640,55300,SUCCESS
A,gamma,641,37400,SUCCESS
A,gamma,642,81800,SUCCESS
A,gamma,643,64700,SUCCESS
A,gamma,644,85100,SUCCESS
A,gamma,645,79500,SUCCESS
A,gamma,646,64500,SUCCESS
A,gamma,647,55700,SUCCESS
A,gamma,648,23900,SUCCESS
A,gamma,649,21400,SUCCESS
A,gamma,650,4900,SUCCESS
A,gamma,651,16500,SUCCESS
A,gamma,652,13100,SUCCESS
A,gamma,653,18100,SUCCESS
A,gamma,654,15200,SUCCESS
A,gamma,655,15700,SUCCESS
A,gamma,656,13000,SUCCESS
A,gamma,657,17600,SUCCESS
A,gamma,658,15200,SUCCESS
A,gamma,659,15800,SUCCESS
A,gamma,660,15000,SUCCESS
A,gamma,661,15800,SUCCESS
A,gamma,662,15100,SUCCESS
A,gamma,663,15200,SUCCESS
A,gamma,664,14800,SUCCESS
A,gamma,665,15200,SUCCESS
A,gamma,666,15000,SUCCESS
A,gamma,667,14800,SUCCESS
A,gamma,668,15200,SUCCESS
A,gamma,669,16800,SUCCESS
A,gamma,670,15000,SUCCESS
A,gamma,671,16600,SUCCESS
A,gamma,672,16000,SUCCESS
A,gamma,673,16500,SUCCESS
A,gamma,674,16900,SUCCESS
A,gamma,675,15200,SUCCESS
A,gamma,676,15200,SUCCESS
A,gamma,677,18900,SUCCESS
A,gamma,678,13100,SUCCESS
A,gamma,679,17100,SUCCESS
A,gamma,680,10300,SUCCESS
A,gamma,681,15300,SUCCESS
A,gamma,682,19400,SUCCESS
A,gamma,683,15000,SUCCESS
A,gamma,684,15200,SUCCESS
A,gamma,685,15000,SUCCESS
A,gamma,686,16400,SUCCESS
A,gamma,687,16800,SUCCESS
A,gamma,688,15100,SUCCESS
A,gamma,689,15400,SUCCESS
A,gamma,690,10100,SUCCESS
A,gamma,691,15000,SUCCESS
A,gamma,692,16900,SUCCESS
A,gamma,693,16900,SUCCESS
A,gamma,694,14900,SUCCESS
A,gamma,695,15700,SUCCESS
A,gamma,696,10200,SUCCESS
A,gamma,697,15000,SUCCESS
A,gamma,698,17100,SUCCESS
A,gamma,699,17000,SUCCESS
A,gamma,700,15000,SUCCESS
A,gamma,701,15600,SUCCESS
A,gamma,702,10100,SUCCESS
A,gamma,703,15000,SUCCESS
A,gamma,704,17100,SUCCESS
A,gamma,705,17000,SUCCESS
A,gamma,706,15200,SUCCESS
A,gamma,707,15600,SUCCESS
A,gamma,708,15500,SUCCESS
A,gamma,709,15100,SUCCESS
A,gamma,710,17000,SUCCESS
A,gamma,711,17000,SUCCESS
A,gamma,712,15000,SUCCESS
A,gamma,713,15400,SUCCESS
A,gamma,714,10000,SUCCESS
A,gamma,715,15000,SUCCESS
A,gamma,716,17100,SUCCESS
A,gamma,717,17100,SUCCESS
A,gamma,718,14900,SUCCESS
A,gamma,719,15400,SUCCESS
A,gamma,720,10000,SUCCESS
A,gamma,721,15200,SUCCESS
A,gamma,722,17000,SUCCESS
A,gamma,723,16800,SUCCESS
A,gamma,724,15100,SUCCESS
A,gamma,725,15400,SUCCESS
A,gamma,726,10100,SUCCESS
A,gamma,727,15100,SUCCESS
A,gamma,728,16900,SUCCESS
A,gamma,729,17000,SUCCESS
A,gamma,730,15100,SUCCESS
A,gamma,731,15500,SUCCESS
A,gamma,732,15600,SUCCESS
A,gamma,733,14900,SUCCESS
A,gamma,734,16500,SUCCESS
A,gamma,735,17000,SUCCESS
A,gamma,736,14900,SUCCESS
A,gamma,737,15600,SUCCESS
A,gamma,738,15000,SUCCESS
A,gamma,739,14900,SUCCESS
A,gamma,740,13000,SUCCESS
A,gamma,741,16900,SUCCESS
A,gamma,742,15700,SUCCESS
A,gamma,743,14900,SUCCESS
A,gamma,744,15100,SUCCESS
A,gamma,745,16700,SUCCESS
A,gamma,746,14700,SUCCESS
A,gamma,747,19200,SUCCESS
A,gamma,748,65700,SUCCESS
A,gamma,749,62600,SUCCESS
A,gamma,750,83800,SUCCESS
A,gamma,751,56900,SUCCESS
A,gamma,752,35800,SUCCESS
A,gamma,753,5000,SUCCESS
A,gamma,754,22000,SUCCESS
A,gamma,755,23900,SUCCESS
A,gamma,756,19500,SUCCESS
A,gamma,757,35900,SUCCESS
A,gamma,758,5000,SUCCESS
A,gamma,759,20900,SUCCESS
A,gamma,760,82400,SUCCESS
A,gamma,761,79200,SUCCESS
A,gamma,762,61800,SUCCESS
A,gamma,763,95100,SUCCESS
A,gamma,764,95300,SUCCESS
A,gamma,765,92000,SUCCESS
A,gamma,766,20600,SUCCESS
A,gamma,767,24700,SUCCESS
A,gamma,768,20200,SUCCESS
A,gamma,769,47500,SUCCESS
A,gamma,770,23700,SUCCESS
A,gamma,771,23600,SUCCESS
A,gamma,772,21300,SUCCESS
A,gamma,773,5100,SUCCESS
A,gamma,774,5400,SUCCESS
A,gamma,775,24500,SUCCESS
A,gamma,776,38700,SUCCESS
A,gamma,777,26200,SUCCESS
A,gamma,778,31000,SUCCESS
A,gamma,779,9600,SUCCESS
A,gamma,780,21200,SUCCESS
A,gamma,781,18300,SUCCESS
A,gamma,782,5100,SUCCESS
A,gamma,783,66000,SUCCESS
A,gamma,784,48600,SUCCESS
A,gamma,785,78700,SUCCESS
A,gamma,786,59200,SUCCESS
A,gamma,787,74400,SUCCESS
A,gamma,788,20600,SUCCESS
A,gamma,789,5000,SUCCESS
A,gamma,790,17900,SUCCESS
A,gamma,791,66000,SUCCESS
A,gamma,792,63100,SUCCESS
A,gamma,793,46100,SUCCESS
A,gamma,794,88500,SUCCESS
A,gamma,795,73300,SUCCESS
A,gamma,796,66800,SUCCESS
A,gamma,797,18700,SUCCESS
A,gamma,798,50000,SUCCESS
A,gamma,799,30200,SUCCESS
A,gamma,800,55800,SUCCESS
A,gamma,801,35700,SUCCESS
A,gamma,802,74600,SUCCESS
A,gamma,803,57200,SUCCESS
A,gamma,804,36400,SUCCESS
A,gamma,805,97600,SUCCESS
A,gamma,806,101700,SUCCESS
A,gamma,807,50700,SUCCESS
A,gamma,808,23500,SUCCESS
A,gamma,809,5200,SUCCESS
A,gamma,810,5300,SUCCESS
A,gamma,811,28900,SUCCESS
A,gamma,812,54600,SUCCESS
A,gamma,813,44700,SUCCESS
A,gamma,814,60500,SUCCESS
A,gamma,815,50600,SUCCESS
A,gamma,816,72400,SUCCESS
A,gamma,817,80400,SUCCESS
A,gamma,818,26400,SUCCESS
A,gamma,819,20200,SUCCESS
A,gamma,820,30600,SUCCESS
A,gamma,821,52100,SUCCESS
A,gamma,822,61500,SUCCESS
A,gamma,823,40100,SUCCESS
A,gamma,824,19000,SUCCESS
A,gamma,825,25600,SUCCESS
A,gamma,826,31500,SUCCESS
A,gamma,827,10400,SUCCESS
A,gamma,828,17700,SUCCESS
A,gamma,829,18900,SUCCESS
A,gamma,830,15200,SUCCESS
A,gamma,831,42900,SUCCESS
A,gamma,832,19900,SUCCESS
A,gamma,833,16200,SUCCESS
A,gamma,834,5000,SUCCESS
A,gamma,835,4900,SUCCESS
A,gamma,836,41200,SUCCESS
A,gamma,837,5000,SUCCESS
A,gamma,838,10100,SUCCESS
A,gamma,839,30500,SUCCESS
A,gamma,840,26800,SUCCESS
A,gamma,841,65600,SUCCESS
A,gamma,842,45400,SUCCESS
A,gamma,843,24900,SUCCESS
A,gamma,844,30300,SUCCESS
A,gamma,845,47800,SUCCESS
A,gamma,846,25600,SUCCESS
A,gamma,847,28100,SUCCESS
A,gamma,848,63700,SUCCESS
A,gamma,849,54100,SUCCESS
A,gamma,850,62400,SUCCESS
A,gamma,851,15900,SUCCESS
A,gamma,852,5200,SUCCESS
A,gamma,853,39800,SUCCESS
A,gamma,854,35800,SUCCESS
A,gamma,855,71300,SUCCESS
A,gamma,856,70800,SUCCESS
A,gamma,857,74200,SUCCESS
A,gamma,858,22000,SUCCESS
A,gamma,859,20900,SUCCESS
A,gamma,860,5000,SUCCESS
A,gamma,861,5300,SUCCESS
A,gamma,862,20500,SUCCESS
A,gamma,863,34400,SUCCESS
A,gamma,864,44100,SUCCESS
A,gamma,865,40100,SUCCESS
A,gamma,866,20000,SUCCESS
A,gamma,867,5100,SUCCESS
A,gamma,868,19200,SUCCESS
A,gamma,869,20300,SUCCESS
A,gamma,870,5000,SUCCESS
A,gamma,871,20900,SUCCESS
A,gamma,872,20500,SUCCESS
A,gamma,873,5000,SUCCESS
A,gamma,874,20100,SUCCESS
A,gamma,875,20500,SUCCESS
A,gamma,876,5000,SUCCESS
A,gamma,877,20400,SUCCESS
A,gamma,878,20300,SUCCESS
A,gamma,879,5000,SUCCESS
A,gamma,880,20300,SUCCESS
A,gamma,881,20600,SUCCESS
A,gamma,882,5000,SUCCESS
A,gamma,883,20300,SUCCESS
A,gamma,884,19900,SUCCESS
A,gamma,885,5000,SUCCESS
A,gamma,886,19600,SUCCESS
A,gamma,887,20200,SUCCESS
A,gamma,888,5100,SUCCESS
A,gamma,889,20900,SUCCESS
A,gamma,890,19900,SUCCESS
A,gamma,891,5100,SUCCESS
A,gamma,892,20600,SUCCESS
A,gamma,893,20600,SUCCESS
A,gamma,894,5100,SUCCESS
A,gamma,895,20400,SUCCESS
A,gamma,896,19800,SUCCESS
A,gamma,897,5100,SUCCESS
A,gamma,898,20600,SUCCESS
A,gamma,899,20100,SUCCESS
A,gamma,900,5000,SUCCESS
A,gamma,901,20300,SUCCESS
A,gamma,902,20000,SUCCESS
A,gamma,903,5000,SUCCESS
A,gamma,904,20500,SUCCESS
A,gamma,905,20000,SUCCESS
A,gamma,906,5100,SUCCESS
A,gamma,907,20700,SUCCESS
A,gamma,908,19800,SUCCESS
A,gamma,909,4900,SUCCESS
A,gamma,910,19900,SUCCESS
A,gamma,911,20100,SUCCESS
A,gamma,912,5000,SUCCESS
A,gamma,913,20900,SUCCESS
A,gamma,914,20000,SUCCESS
A,gamma,915,5100,SUCCESS
A,gamma,916,20600,SUCCESS
A,gamma,917,20300,SUCCESS
A,gamma,918,5000,SUCCESS
A,gamma,919,20300,SUCCESS
A,gamma,920,20100,SUCCESS
A,gamma,921,5000,SUCCESS
A,gamma,922,20000,SUCCESS
A,gamma,923,20100,SUCCESS
A,gamma,924,5000,SUCCESS
A,gamma,925,19900,SUCCESS
A,gamma,926,19900,SUCCESS
A,gamma,927,4900,SUCCESS
A,gamma,928,19500,SUCCESS
A,gamma,929,20100,SUCCESS
A,gamma,930,5000,SUCCESS
A,gamma,931,20700,SUCCESS
A,gamma,932,20400,SUCCESS
A,gamma,933,4900,SUCCESS
A,gamma,934,20500,SUCCESS
A,gamma,935,20300,SUCCESS
A,gamma,936,5000,SUCCESS
A,gamma,937,20100,SUCCESS
A,gamma,938,20200,SUCCESS
A,gamma,939,5000,SUCCESS
A,gamma,940,19600,SUCCESS
A,gamma,941,20000,SUCCESS
A,gamma,942,5000,SUCCESS
A,gamma,943,19600,SUCCESS
A,gamma,944,20000,SUCCESS
A,gamma,945,5000,SUCCESS
A,gamma,946,19300,SUCCESS
A,gamma,947,20200,SUCCESS
A,gamma,948,5100,SUCCESS
A,gamma,949,19200,SUCCESS
A,gamma,950,20100,SUCCESS
A,gamma,951,5000,SUCCESS
A,gamma,952,19500,SUCCESS
A,gamma,953,20000,SUCCESS
A,gamma,954,5000,SUCCESS
A,gamma,955,20500,SUCCESS
A,gamma,956,19900,SUCCESS
A,gamma,957,4900,SUCCESS
A,gamma,958,19900,SUCCESS
A,gamma,959,20400,SUCCESS
A,gamma,960,5000,SUCCESS
A,gamma,961,19400,SUCCESS
A,gamma,962,20000,SUCCESS
A,gamma,963,5000,SUCCESS
A,gamma,964,20400,SUCCESS
A,gamma,965,20300,SUCCESS
A,gamma,966,5000,SUCCESS
A,gamma,967,20800,SUCCESS
A,gamma,968,20100,SUCCESS
A,gamma,969,4900,SUCCESS
A,gamma,970,19500,SUCCESS
A,gamma,971,20200,SUCCESS
A,gamma,972,5100,SUCCESS
A,gamma,973,19800,SUCCESS
A,gamma,974,19900,SUCCESS
A,gamma,975,5000,SUCCESS
A,gamma,976,19300,SUCCESS
A,gamma,977,20100,SUCCESS
A,gamma,978,5000,SUCCESS
A,gamma,979,20600,SUCCESS
A,gamma,980,19800,SUCCESS
A,gamma,981,5000,SUCCESS
A,gamma,982,19400,SUCCESS
A,gamma,983,20200,SUCCESS
A,gamma,984,5100,SUCCESS
A,gamma,985,19600,SUCCESS
A,gamma,986,19900,SUCCESS
A,gamma,987,5100,SUCCESS
A,gamma,988,20100,SUCCESS
A,gamma,989,20000,SUCCESS
A,gamma,990,5200,SUCCESS
A,gamma,991,20800,SUCCESS
A,gamma,992,20100,SUCCESS
A,gamma,993,4900,SUCCESS
A,gamma,994,19800,SUCCESS
A,gamma,995,20200,SUCCESS
A,gamma,996,5100,SUCCESS
A,gamma,997,20000,SUCCESS
A,gamma,998,19900,SUCCESS
A,gamma,999,30100,SUCCESS
A,delta,0,20200,SUCCESS
A,delta,1,5100,SUCCESS
A,delta,2,5200,SUCCESS
A,delta,3,22100,SUCCESS
A,delta,4,5000,SUCCESS
A,delta,5,40300,SUCCESS
A,delta,6,44500,SUCCESS
A,delta,7,20100,SUCCESS
A,delta,8,20300,SUCCESS
A,delta,9,23900,SUCCESS
A,delta,10,7400,SUCCESS
A,delta,11,26200,SUCCESS
A,delta,12,7000,SUCCESS
A,delta,13,27900,SUCCESS
A,delta,14,27800,SUCCESS
A,delta,15,9300,SUCCESS
A,delta,16,20200,SUCCESS
A,delta,17,18800,SUCCESS
A,delta,18,22100,SUCCESS
A,delta,19,5600,SUCCESS
A,delta,20,24100,SUCCESS
A,delta,21,4900,SUCCESS
A,delta,22,24600,SUCCESS
A,delta,23,24700,SUCCESS
A,delta,24,6800,SUCCESS
A,delta,25,23000,SUCCESS
A,delta,26,21000,SUCCESS
A,delta,27,24000,SUCCESS
A,delta,28,7100,SUCCESS
A,delta,29,26000,SUCCESS
A,delta,30,6600,SUCCESS
A,delta,31,9100,SUCCESS
A,delta,32,24300,SUCCESS
A,delta,33,26400,SUCCESS
A,delta,34,22900,SUCCESS
A,delta,35,33600,SUCCESS
A,delta,36,6200,SUCCESS
A,delta,37,19800,SUCCESS
A,delta,38,18800,SUCCESS
A,delta,39,21700,SUCCESS
A,delta,40,5700,SUCCESS
A,delta,41,23800,SUCCESS
A,delta,42,4600,SUCCESS
A,delta,43,24800,SUCCESS
A,delta,44,25200,SUCCESS
A,delta,45,9900,SUCCESS
A,delta,46,27300,SUCCESS
A,delta,47,25800,SUCCESS
A,delta,48,6900,SUCCESS
A,delta,49,26100,SUCCESS
A,delta,50,24900,SUCCESS
A,delta,51,9700,SUCCESS
A,delta,52,5300,SUCCESS
A,delta,53,19800,SUCCESS
A,delta,54,37500,SUCCESS
A,delta,55,37600,SUCCESS
A,delta,56,25800,SUCCESS
A,delta,57,5900,SUCCESS
A,delta,58,19400,SUCCESS
A,delta,59,9000,SUCCESS
A,delta,60,9900,SUCCESS
A,delta,61,9400,SUCCESS
A,delta,62,20900,SUCCESS
A,delta,63,23000,SUCCESS
A,delta,64,33600,SUCCESS
A,delta,65,27900,SUCCESS
A,delta,66,5200,SUCCESS
A,delta,67,19600,SUCCESS
A,delta,68,18500,SUCCESS
A,delta,69,22200,SUCCESS
A,delta,70,6100,SUCCESS
A,delta,71,23900,SUCCESS
A,delta,72,5000,SUCCESS
A,delta,73,27000,SUCCESS
A,delta,74,26900,SUCCESS
A,delta,75,9400,SUCCESS
A,delta,76,20000,SUCCESS
A,delta,77,19600,SUCCESS
A,delta,78,22300,SUCCESS
A,delta,79,5800,SUCCESS
A,delta,80,24100,SUCCESS
A,delta,81,4900,SUCCESS
A,delta,82,24200,SUCCESS
A,delta,83,23900,SUCCESS
A,delta,84,8800,SUCCESS
A,delta,85,26300,SUCCESS
A,delta,86,25100,SUCCESS
A,delta,87,10000,SUCCESS
A,delta,88,9900,SUCCESS
A,delta,89,22300,SUCCESS
A,delta,90,37800,SUCCESS
A,delta,91,45300,SUCCESS
A,delta,92,44200,SUCCESS
A,delta,93,20000,SUCCESS
A,delta,94,5100,SUCCESS
A,delta,95,24800,SUCCESS
A,delta,96,9000,SUCCESS
A,delta,97,8900,SUCCESS
A,delta,98,21900,SUCCESS
A,delta,99,37200,SUCCESS
A,delta,100,45200,SUCCESS
A,delta,101,44000,SUCCESS
A,delta,102,19800,SUCCESS
A,delta,103,5000,SUCCESS
A,delta,104,26900,SUCCESS
A,delta,105,10700,SUCCESS
A,delta,106,10100,SUCCESS
A,delta,107,22300,SUCCESS
A,delta,108,38200,SUCCESS
A,delta,109,25400,SUCCESS
A,delta,110,32200,SUCCESS
A,delta,111,5500,SUCCESS
A,delta,112,19800,SUCCESS
A,delta,113,18400,SUCCESS
A,delta,114,21800,SUCCESS
A,delta,115,5700,SUCCESS
A,delta,116,24000,SUCCESS
A,delta,117,4500,SUCCESS
A,delta,118,24500,SUCCESS
A,delta,119,24800,SUCCESS
A,delta,120,9800,SUCCESS
A,delta,121,27200,SUCCESS
A,delta,122,26000,SUCCESS
A,delta,123,6400,SUCCESS
A,delta,124,26200,SUCCESS
A,delta,125,25300,SUCCESS
A,delta,126,9800,SUCCESS
A,delta,127,9900,SUCCESS
A,delta,128,22500,SUCCESS
A,delta,129,38400,SUCCESS
A,delta,130,26000,SUCCESS
A,delta,131,31000,SUCCESS
A,delta,132,5600,SUCCESS
A,delta,133,20100,SUCCESS
A,delta,134,18600,SUCCESS
A,delta,135,21900,SUCCESS
A,delta,136,5800,SUCCESS
A,delta,137,24600,SUCCESS
A,delta,138,5000,SUCCESS
A,delta,139,24600,SUCCESS
A,delta,140,24000,SUCCESS
A,delta,141,8800,SUCCESS
A,delta,142,26100,SUCCESS
A,delta,143,24600,SUCCESS
A,delta,144,8800,SUCCESS
A,delta,145,8800,SUCCESS
A,delta,146,21700,SUCCESS
A,delta,147,37400,SUCCESS
A,delta,148,50400,SUCCESS
A,delta,149,49800,SUCCESS
A,delta,150,20000,SUCCESS
A,delta,151,5000,SUCCESS
A,delta,152,23900,SUCCESS
A,delta,153,6400,SUCCESS
A,delta,154,24000,SUCCESS
A,delta,155,21500,SUCCESS
A,delta,156,23600,SUCCESS
A,delta,157,6200,SUCCESS
A,delta,158,23600,SUCCESS
A,delta,159,5100,SUCCESS
A,delta,160,23900,SUCCESS
A,delta,161,23100,SUCCESS
A,delta,162,26700,SUCCESS
A,delta,163,6500,SUCCESS
A,delta,164,24600,SUCCESS
A,delta,165,8100,SUCCESS
A,delta,166,27100,SUCCESS
A,delta,167,24200,SUCCESS
A,delta,168,27800,SUCCESS
A,delta,169,10500,SUCCESS
A,delta,170,9500,SUCCESS
A,delta,171,21700,SUCCESS
A,delta,172,17500,SUCCESS
A,delta,173,36600,SUCCESS
A,delta,174,13100,SUCCESS
A,delta,175,17600,SUCCESS
A,delta,176,20800,SUCCESS
A,delta,177,5100,SUCCESS
A,delta,178,21900,SUCCESS
A,delta,179,19600,SUCCESS
A,delta,180,20700,SUCCESS
A,delta,181,5000,SUCCESS
A,delta,182,22100,SUCCESS
A,delta,183,5000,SUCCESS
A,delta,184,20700,SUCCESS
A,delta,185,18800,SUCCESS
A,delta,186,20400,SUCCESS
A,delta,187,23400,SUCCESS
A,delta,188,19900,SUCCESS
A,delta,189,5100,SUCCESS
A,delta,190,5000,SUCCESS
A,delta,191,24000,SUCCESS
A,delta,192,5200,SUCCESS
A,delta,193,20000,SUCCESS
A,delta,194,26500,SUCCESS
A,delta,195,21400,SUCCESS
A,delta,196,29700,SUCCESS
A,delta,197,20100,SUCCESS
A,delta,198,5000,SUCCESS
A,delta,199,19700,SUCCESS
A,delta,200,20000,SUCCESS
A,delta,201,22200,SUCCESS
A,delta,202,5000,SUCCESS
A,delta,203,23700,SUCCESS
A,delta,204,7000,SUCCESS
A,delta,205,24600,SUCCESS
A,delta,206,22600,SUCCESS
A,delta,207,24300,SUCCESS
A,delta,208,7200,SUCCESS
A,delta,209,24700,SUCCESS
A,delta,210,4700,SUCCESS
A,delta,211,23400,SUCCESS
A,delta,212,23100,SUCCESS
A,delta,213,26300,SUCCESS
A,delta,214,5900,SUCCESS
A,delta,215,24600,SUCCESS
A,delta,216,7000,SUCCESS
A,delta,217,24500,SUCCESS
A,delta,218,22300,SUCCESS
A,delta,219,24400,SUCCESS
A,delta,220,7400,SUCCESS
A,delta,221,24700,SUCCESS
A,delta,222,4800,SUCCESS
A,delta,223,23900,SUCCESS
A,delta,224,23100,SUCCESS
A,delta,225,27000,SUCCESS
A,delta,226,6800,SUCCESS
A,delta,227,26000,SUCCESS
A,delta,228,9600,SUCCESS
A,delta,229,27900,SUCCESS
A,delta,230,25600,SUCCESS
A,delta,231,9600,SUCCESS
A,delta,232,8600,SUCCESS
A,delta,233,20900,SUCCESS
A,delta,234,15900,SUCCESS
A,delta,235,5000,SUCCESS
A,delta,236,9100,SUCCESS
A,delta,237,39000,SUCCESS
A,delta,238,24500,SUCCESS
A,delta,239,9500,SUCCESS
A,delta,240,19900,SUCCESS
A,delta,241,15000,SUCCESS
A,delta,242,31800,SUCCESS
A,delta,243,19900,SUCCESS
A,delta,244,5100,SUCCESS
A,delta,245,4800,SUCCESS
A,delta,246,40200,SUCCESS
A,delta,247,21900,SUCCESS
A,delta,248,9300,SUCCESS
A,delta,249,19700,SUCCESS
A,delta,250,15000,SUCCESS
A,delta,251,31500,SUCCESS
A,delta,252,19700,SUCCESS
A,delta,253,5200,SUCCESS
A,delta,254,4800,SUCCESS
A,delta,255,39800,SUCCESS
A,delta,256,21800,SUCCESS
A,delta,257,9200,SUCCESS
A,delta,258,19800,SUCCESS
A,delta,259,15000,SUCCESS
A,delta,260,31500,SUCCESS
A,delta,261,19800,SUCCESS
A,delta,262,5100,SUCCESS
A,delta,263,4700,SUCCESS
A,delta,264,39800,SUCCESS
A,delta,265,22100,SUCCESS
A,delta,266,6000,SUCCESS
A,delta,267,19000,SUCCESS
A,delta,268,14200,SUCCESS
A,delta,269,27600,SUCCESS
A,delta,270,19600,SUCCESS
A,delta,271,5100,SUCCESS
A,delta,272,4800,SUCCESS
A,delta,273,39300,SUCCESS
A,delta,274,21500,SUCCESS
A,delta,275,18400,SUCCESS
A,delta,276,19900,SUCCESS
A,delta,277,15100,SUCCESS
A,delta,278,31400,SUCCESS
A,delta,279,19700,SUCCESS
A,delta,280,5100,SUCCESS
A,delta,281,4700,SUCCESS
A,delta,282,39400,SUCCESS
A,delta,283,22600,SUCCESS
A,delta,284,9300,SUCCESS
A,delta,285,19600,SUCCESS
A,delta,286,14900,SUCCESS
A,delta,287,29400,SUCCESS
A,delta,288,19700,SUCCESS
A,delta,289,5000,SUCCESS
A,delta,290,4900,SUCCESS
A,delta,291,39100,SUCCESS
A,delta,292,22000,SUCCESS
A,delta,293,9400,SUCCESS
A,delta,294,19400,SUCCESS
A,delta,295,14800,SUCCESS
A,delta,296,28100,SUCCESS
A,delta,297,19700,SUCCESS
A,delta,298,5000,SUCCESS
A,delta,299,4900,SUCCESS
A,delta,300,39700,SUCCESS
A,delta,301,21700,SUCCESS
A,delta,302,5500,SUCCESS
A,delta,303,19600,SUCCESS
A,delta,304,14600,SUCCESS
A,delta,305,29400,SUCCESS
A,delta,306,19800,SUCCESS
A,delta,307,5100,SUCCESS
A,delta,308,4800,SUCCESS
A,delta,309,38900,SUCCESS
A,delta,310,22300,SUCCESS
A,delta,311,9400,SUCCESS
A,delta,312,17900,SUCCESS
A,delta,313,13000,SUCCESS
A,delta,314,28900,SUCCESS
A,delta,315,119100,SUCCESS
A,delta,316,28400,SUCCESS
A,delta,317,29000,SUCCESS
A,delta,318,42100,SUCCESS
A,delta,319,32300,SUCCESS
A,delta,320,80300,SUCCESS
A,delta,321,20700,SUCCESS
A,delta,322,81100,SUCCESS
A,delta,323,50200,SUCCESS
A,delta,324,8400,SUCCESS
A,delta,325,75100,SUCCESS
A,delta,326,56100,SUCCESS
A,delta,327,82000,SUCCESS
A,delta,328,65600,SUCCESS
A,delta,329,77000,SUCCESS
A,delta,330,20600,SUCCESS
A,delta,331,23000,SUCCESS
A,delta,332,22400,SUCCESS
A,delta,333,21900,SUCCESS
A,delta,334,6600,SUCCESS
A,delta,335,22500,SUCCESS
A,delta,336,5100,SUCCESS
A,delta,337,19700,SUCCESS
A,delta,338,5200,SUCCESS
A,delta,339,76900,SUCCESS
A,delta,340,73900,SUCCESS
A,delta,341,65900,SUCCESS
A,delta,342,103000,SUCCESS
A,delta,343,94200,SUCCESS
A,delta,344,70000,SUCCESS
A,delta,345,37200,SUCCESS
A,delta,346,27500,SUCCESS
A,delta,347,25300,SUCCESS
A,delta,348,38300,SUCCESS
A,delta,349,25300,SUCCESS
A,delta,350,29300,SUCCESS
A,delta,351,8300,SUCCESS
A,delta,352,9500,SUCCESS
A,delta,353,19700,SUCCESS
A,delta,354,14900,SUCCESS
A,delta,355,30400,SUCCESS
A,delta,356,82400,SUCCESS
A,delta,357,64100,SUCCESS
A,delta,358,60300,SUCCESS
A,delta,359,97700,SUCCESS
A,delta,360,95300,SUCCESS
A,delta,361,101600,SUCCESS
A,delta,362,43900,SUCCESS
A,delta,363,29500,SUCCESS
A,delta,364,9400,SUCCESS
A,delta,365,21300,SUCCESS
A,delta,366,7200,SUCCESS
A,delta,367,61000,SUCCESS
A,delta,368,42800,SUCCESS
A,delta,369,60100,SUCCESS
A,delta,370,45000,SUCCESS
A,delta,371,75900,SUCCESS
A,delta,372,5400,SUCCESS
A,delta,373,27400,SUCCESS
A,delta,374,25400,SUCCESS
A,delta,375,9100,SUCCESS
A,delta,376,8500,SUCCESS
A,delta,377,20300,SUCCESS
A,delta,378,15600,SUCCESS
A,delta,379,33600,SUCCESS
A,delta,380,68600,SUCCESS
A,delta,381,50600,SUCCESS
A,delta,382,69100,SUCCESS
A,delta,383,78600,SUCCESS
A,delta,384,30400,SUCCESS
A,delta,385,22100,SUCCESS
A,delta,386,20700,SUCCESS
A,delta,387,19900,SUCCESS
A,delta,388,5100,SUCCESS
A,delta,389,19300,SUCCESS
A,delta,390,5000,SUCCESS
A,delta,391,20000,SUCCESS
A,delta,392,20300,SUCCESS
A,delta,393,19700,SUCCESS
A,delta,394,5100,SUCCESS
A,delta,395,19800,SUCCESS
A,delta,396,4900,SUCCESS
A,delta,397,18900,SUCCESS
A,delta,398,18700,SUCCESS
A,delta,399,19600,SUCCESS
A,delta,400,5000,SUCCESS
A,delta,401,19500,SUCCESS
A,delta,402,5000,SUCCESS
A,delta,403,19600,SUCCESS
A,delta,404,19100,SUCCESS
A,delta,405,18700,SUCCESS
A,delta,406,5000,SUCCESS
A,delta,407,19400,SUCCESS
A,delta,408,5100,SUCCESS
A,delta,409,19100,SUCCESS
A,delta,410,18800,SUCCESS
A,delta,411,17600,SUCCESS
A,delta,412,23700,SUCCESS
A,delta,413,77500,SUCCESS
A,delta,414,74700,SUCCESS
A,delta,415,56700,SUCCESS
A,delta,416,91700,SUCCESS
A,delta,417,88800,SUCCESS
A,delta,418,89100,SUCCESS
A,delta,419,18500,SUCCESS
A,delta,420,25800,SUCCESS
A,delta,421,21300,SUCCESS
A,delta,422,44300,SUCCESS
A,delta,423,24800,SUCCESS
A,delta,424,18200,SUCCESS
A,delta,425,21200,SUCCESS
A,delta,426,16400,SUCCESS
A,delta,427,15300,SUCCESS
A,delta,428,15400,SUCCESS
A,delta,429,15200,SUCCESS
A,delta,430,15000,SUCCESS
A,delta,431,15700,SUCCESS
A,delta,432,16600,SUCCESS
A,delta,433,15300,SUCCESS
A,delta,434,15700,SUCCESS
A,delta,435,15100,SUCCESS
A,delta,436,15200,SUCCESS
A,delta,437,120700,SUCCESS
A,delta,438,64200,SUCCESS
A,delta,439,55400,SUCCESS
A,delta,440,105900,SUCCESS
A,delta,441,107500,SUCCESS
A,delta,442,107800,SUCCESS
A,delta,443,150400,SUCCESS
A,delta,444,150900,SUCCESS
A,delta,445,182600,SUCCESS
A,delta,446,181600,SUCCESS
A,delta,447,204000,SUCCESS
A,delta,448,204400,SUCCESS
A,delta,449,205400,SUCCESS
A,delta,450,255700,SUCCESS
A,delta,451,254700,SUCCESS
A,delta,452,253400,SUCCESS
A,delta,453,300600,SUCCESS
A,delta,454,213800,SUCCESS
A,delta,455,214100,SUCCESS
A,delta,456,199400,SUCCESS
A,delta,457,32200,SUCCESS
A,delta,458,65700,SUCCESS
A,delta,459,49100,SUCCESS
A,delta,460,80900,SUCCESS
A,delta,461,67400,SUCCESS
A,delta,462,18600,SUCCESS
A,delta,463,76100,SUCCESS
A,delta,464,58400,SUCCESS
A,delta,465,86300,SUCCESS
A,delta,466,72500,SUCCESS
A,delta,467,84200,SUCCESS
A,delta,468,126400,SUCCESS
A,delta,469,108900,SUCCESS
A,delta,470,76800,SUCCESS
A,delta,471,111000,SUCCESS
A,delta,472,93900,SUCCESS
A,delta,473,96800,SUCCESS
A,delta,474,92400,SUCCESS
A,delta,475,5100,SUCCESS
A,delta,476,20100,SUCCESS
A,delta,477,5100,SUCCESS
A,delta,478,7700,SUCCESS
A,delta,479,75800,SUCCESS
A,delta,480,56900,SUCCESS
A,delta,481,89000,SUCCESS
A,delta,482,77500,SUCCESS
A,delta,483,69700,SUCCESS
A,delta,484,98100,SUCCESS
A,delta,485,44400,SUCCESS
A,delta,486,28200,SUCCESS
A,delta,487,24200,SUCCESS
A,delta,488,20700,SUCCESS
A,delta,489,26400,SUCCESS
A,delta,490,10200,SUCCESS
A,delta,491,15900,SUCCESS
A,delta,492,45700,SUCCESS
A,delta,493,25600,SUCCESS
A,delta,494,16000,SUCCESS
A,delta,495,102800,SUCCESS
A,delta,496,16200,SUCCESS
A,delta,497,15600,SUCCESS
A,delta,498,17700,SUCCESS
A,delta,499,15800,SUCCESS
A,delta,500,36200,SUCCESS
A,delta,501,28400,SUCCESS
A,delta,502,79800,SUCCESS
A,delta,503,69100,SUCCESS
A,delta,504,64100,SUCCESS
A,delta,505,99500,SUCCESS
A,delta,506,90700,SUCCESS
A,delta,507,109300,SUCCESS
A,delta,508,118300,SUCCESS
A,delta,509,136600,SUCCESS
A,delta,510,153800,SUCCESS
A,delta,511,88400,SUCCESS
A,delta,512,70600,SUCCESS
A,delta,513,109900,SUCCESS
A,delta,514,92100,SUCCESS
A,delta,515,75700,SUCCESS
A,delta,516,52900,SUCCESS
A,delta,517,68500,SUCCESS
A,delta,518,47900,SUCCESS
A,delta,519,60300,SUCCESS
A,delta,520,55600,SUCCESS
A,delta,521,23200,SUCCESS
A,delta,522,62600,SUCCESS
A,delta,523,44300,SUCCESS
A,delta,524,40500,SUCCESS
A,delta,525,67000,SUCCESS
A,delta,526,47900,SUCCESS
A,delta,527,68000,SUCCESS
A,delta,528,25400,SUCCESS
A,delta,529,5300,SUCCESS
A,delta,530,24400,SUCCESS
A,delta,531,11100,SUCCESS
A,delta,532,6200,SUCCESS
A,delta,533,20100,SUCCESS
A,delta,534,37000,SUCCESS
A,delta,535,38900,SUCCESS
A,delta,536,19400,SUCCESS
A,delta,537,77400,SUCCESS
A,delta,538,59500,SUCCESS
A,delta,539,84500,SUCCESS
A,delta,540,91900,SUCCESS
A,delta,541,94100,SUCCESS
A,delta,542,24200,SUCCESS
A,delta,543,6100,SUCCESS
A,delta,544,25400,SUCCESS
A,delta,545,26000,SUCCESS
A,delta,546,5900,SUCCESS
A,delta,547,20200,SUCCESS
A,delta,548,18700,SUCCESS
A,delta,549,18800,SUCCESS
A,delta,550,5100,SUCCESS
A,delta,551,20400,SUCCESS
A,delta,552,5000,SUCCESS
A,delta,553,20400,SUCCESS
A,delta,554,20400,SUCCESS
A,delta,555,19900,SUCCESS
A,delta,556,5100,SUCCESS
A,delta,557,20300,SUCCESS
A,delta,558,4600,SUCCESS
A,delta,559,19700,SUCCESS
A,delta,560,18700,SUCCESS
A,delta,561,18800,SUCCESS
A,delta,562,5000,SUCCESS
A,delta,563,19700,SUCCESS
A,delta,564,5000,SUCCESS
A,delta,565,20400,SUCCESS
A,delta,566,20800,SUCCESS
A,delta,567,21900,SUCCESS
A,delta,568,5000,SUCCESS
A,delta,569,20400,SUCCESS
A,delta,570,4600,SUCCESS
A,delta,571,19700,SUCCESS
A,delta,572,18200,SUCCESS
A,delta,573,18800,SUCCESS
A,delta,574,8300,SUCCESS
A,delta,575,78700,SUCCESS
A,delta,576,61100,SUCCESS
A,delta,577,41300,SUCCESS
A,delta,578,69600,SUCCESS
A,delta,579,77400,SUCCESS
A,delta,580,98000,SUCCESS
A,delta,581,23800,SUCCESS
A,delta,582,5100,SUCCESS
A,delta,583,22500,SUCCESS
A,delta,584,90700,SUCCESS
A,delta,585,72700,SUCCESS
A,delta,586,52000,SUCCESS
A,delta,587,92500,SUCCESS
A,delta,588,90700,SUCCESS
A,delta,589,70900,SUCCESS
A,delta,590,15400,SUCCESS
A,delta,591,5300,SUCCESS
A,delta,592,23500,SUCCESS
A,delta,593,35800,SUCCESS
A,delta,594,18100,SUCCESS
A,delta,595,15400,SUCCESS
A,delta,596,15800,SUCCESS
A,delta,597,9900,SUCCESS
A,delta,598,15500,SUCCESS
A,delta,599,19600,SUCCESS
A,delta,600,15000,SUCCESS
A,delta,601,16100,SUCCESS
A,delta,602,15100,SUCCESS
A,delta,603,16100,SUCCESS
A,delta,604,12800,SUCCESS
A,delta,605,23700,SUCCESS
A,delta,606,37400,SUCCESS
A,delta,607,41000,SUCCESS
A,delta,608,39300,SUCCESS
A,delta,609,74700,SUCCESS
A,delta,610,56400,SUCCESS
A,delta,611,83100,SUCCESS
A,delta,612,82900,SUCCESS
A,delta,613,89800,SUCCESS
A,delta,614,46700,SUCCESS
A,delta,615,23400,SUCCESS
A,delta,616,5100,SUCCESS
A,delta,617,22600,SUCCESS
A,delta,618,5000,SUCCESS
A,delta,619,19400,SUCCESS
A,delta,620,16000,SUCCESS
A,delta,621,17800,SUCCESS
A,delta,622,25400,SUCCESS
A,delta,623,82000,SUCCESS
A,delta,624,63900,SUCCESS
A,delta,625,43400,SUCCESS
A,delta,626,83800,SUCCESS
A,delta,627,81800,SUCCESS
A,delta,628,77300,SUCCESS
A,delta,629,15000,SUCCESS
A,delta,630,5400,SUCCESS
A,delta,631,24000,SUCCESS
A,delta,632,21500,SUCCESS
A,delta,633,4900,SUCCESS
A,delta,634,5300,SUCCESS
A,delta,635,21400,SUCCESS
A,delta,636,4900,SUCCESS
A,delta,637,31600,SUCCESS
A,delta,638,80700,SUCCESS
A,delta,639,62500,SUCCESS
A,delta,640,42200,SUCCESS
A,delta,641,70200,SUCCESS
A,delta,642,77800,SUCCESS
A,delta,643,99200,SUCCESS
A,delta,644,24000,SUCCESS
A,delta,645,5100,SUCCESS
A,delta,646,25200,SUCCESS
A,delta,647,22500,SUCCESS
A,delta,648,23600,SUCCESS
A,delta,649,5100,SUCCESS
A,delta,650,20300,SUCCESS
A,delta,651,5100,SUCCESS
A,delta,652,19900,SUCCESS
A,delta,653,16900,SUCCESS
A,delta,654,19200,SUCCESS
A,delta,655,5000,SUCCESS
A,delta,656,20100,SUCCESS
A,delta,657,5100,SUCCESS
A,delta,658,20000,SUCCESS
A,delta,659,17000,SUCCESS
A,delta,660,18800,SUCCESS
A,delta,661,4900,SUCCESS
A,delta,662,20200,SUCCESS
A,delta,663,5000,SUCCESS
A,delta,664,20000,SUCCESS
A,delta,665,16500,SUCCESS
A,delta,666,18900,SUCCESS
A,delta,667,5000,SUCCESS
A,delta,668,19700,SUCCESS
A,delta,669,5000,SUCCESS
A,delta,670,20000,SUCCESS
A,delta,671,16800,SUCCESS
A,delta,672,18800,SUCCESS
A,delta,673,5000,SUCCESS
A,delta,674,19800,SUCCESS
A,delta,675,5000,SUCCESS
A,delta,676,19800,SUCCESS
A,delta,677,16800,SUCCESS
A,delta,678,18400,SUCCESS
A,delta,679,5000,SUCCESS
A,delta,680,19900,SUCCESS
A,delta,681,4900,SUCCESS
A,delta,682,19600,SUCCESS
A,delta,683,15800,SUCCESS
A,delta,684,18000,SUCCESS
A,delta,685,5000,SUCCESS
A,delta,686,20000,SUCCESS
A,delta,687,5000,SUCCESS
A,delta,688,19800,SUCCESS
A,delta,689,16500,SUCCESS
A,delta,690,18800,SUCCESS
A,delta,691,5000,SUCCESS
A,delta,692,19900,SUCCESS
A,delta,693,5000,SUCCESS
A,delta,694,20000,SUCCESS
A,delta,695,17100,SUCCESS
A,delta,696,18800,SUCCESS
A,delta,697,5000,SUCCESS
A,delta,698,18100,SUCCESS
A,delta,699,5100,SUCCESS
A,delta,700,20100,SUCCESS
A,delta,701,17100,SUCCESS
A,delta,702,18500,SUCCESS
A,delta,703,5000,SUCCESS
A,delta,704,20200,SUCCESS
A,delta,705,5000,SUCCESS
A,delta,706,19700,SUCCESS
A,delta,707,16300,SUCCESS
A,delta,708,17700,SUCCESS
A,delta,709,25200,SUCCESS
A,delta,710,83800,SUCCESS
A,delta,711,80900,SUCCESS
A,delta,712,116100,SUCCESS
A,delta,713,98600,SUCCESS
A,delta,714,102300,SUCCESS
A,delta,715,97900,SUCCESS
A,delta,716,74900,SUCCESS
A,delta,717,43900,SUCCESS
A,delta,718,20900,SUCCESS
A,delta,719,65300,SUCCESS
A,delta,720,48100,SUCCESS
A,delta,721,75300,SUCCESS
A,delta,722,55800,SUCCESS
A,delta,723,73100,SUCCESS
A,delta,724,64800,SUCCESS
A,delta,725,47500,SUCCESS
A,delta,726,73600,SUCCESS
A,delta,727,54100,SUCCESS
A,delta,728,74600,SUCCESS
A,delta,729,20900,SUCCESS
A,delta,730,5300,SUCCESS
A,delta,731,23200,SUCCESS
A,delta,732,46400,SUCCESS
A,delta,733,34300,SUCCESS
A,delta,734,35700,SUCCESS
A,delta,735,18100,SUCCESS
A,delta,736,16100,SUCCESS
A,delta,737,10300,SUCCESS
A,delta,738,13400,SUCCESS
A,delta,739,16200,SUCCESS
A,delta,740,15100,SUCCESS
A,delta,741,16100,SUCCESS
A,delta,742,19100,SUCCESS
A,delta,743,22900,SUCCESS
A,delta,744,36300,SUCCESS
A,delta,745,33400,SUCCESS
A,delta,746,24500,SUCCESS
A,delta,747,5000,SUCCESS
A,delta,748,18700,SUCCESS
A,delta,749,66700,SUCCESS
A,delta,750,63200,SUCCESS
A,delta,751,47300,SUCCESS
A,delta,752,84700,SUCCESS
A,delta,753,81500,SUCCESS
A,delta,754,76900,SUCCESS
A,delta,755,25900,SUCCESS
A,delta,756,63000,SUCCESS
A,delta,757,60100,SUCCESS
A,delta,758,88000,SUCCESS
A,delta,759,84200,SUCCESS
A,delta,760,89000,SUCCESS
A,delta,761,38800,SUCCESS
A,delta,762,17600,SUCCESS
A,delta,763,23200,SUCCESS
A,delta,764,49600,SUCCESS
A,delta,765,31800,SUCCESS
A,delta,766,62000,SUCCESS
A,delta,767,42800,SUCCESS
A,delta,768,51200,SUCCESS
A,delta,769,33700,SUCCESS
A,delta,770,7300,SUCCESS
A,delta,771,20600,SUCCESS
A,delta,772,16100,SUCCESS
A,delta,773,32200,SUCCESS
A,delta,774,5500,SUCCESS
A,delta,775,24200,SUCCESS
A,delta,776,17100,SUCCESS
A,delta,777,16200,SUCCESS
A,delta,778,15600,SUCCESS
A,delta,779,13800,SUCCESS
A,delta,780,16500,SUCCESS
A,delta,781,13400,SUCCESS
A,delta,782,16200,SUCCESS
A,delta,783,15100,SUCCESS
A,delta,784,16300,SUCCESS
A,delta,785,15300,SUCCESS
A,delta,786,16600,SUCCESS
A,delta,787,16700,SUCCESS
A,delta,788,15200,SUCCESS
A,delta,789,16100,SUCCESS
A,delta,790,18800,SUCCESS
A,delta,791,116500,SUCCESS
A,delta,792,113300,SUCCESS
A,delta,793,96400,SUCCESS
A,delta,794,132400,SUCCESS
A,delta,795,114200,SUCCESS
A,delta,796,94000,SUCCESS
A,delta,797,107900,SUCCESS
A,delta,798,99200,SUCCESS
A,delta,799,5100,SUCCESS
A,delta,800,5300,SUCCESS
A,delta,801,24500,SUCCESS
A,delta,802,4900,SUCCESS
A,delta,803,31100,SUCCESS
A,delta,804,77300,SUCCESS
A,delta,805,55800,SUCCESS
A,delta,806,79400,SUCCESS
A,delta,807,82100,SUCCESS
A,delta,808,86100,SUCCESS
A,delta,809,22800,SUCCESS
A,delta,810,5100,SUCCESS
A,delta,811,20900,SUCCESS
A,delta,812,77100,SUCCESS
A,delta,813,58300,SUCCESS
A,delta,814,84200,SUCCESS
A,delta,815,66100,SUCCESS
A,delta,816,68700,SUCCESS
A,delta,817,5000,SUCCESS
A,delta,818,26600,SUCCESS
A,delta,819,6900,SUCCESS
A,delta,820,23800,SUCCESS
A,delta,821,19700,SUCCESS
A,delta,822,20200,SUCCESS
A,delta,823,5000,SUCCESS
A,delta,824,19600,SUCCESS
A,delta,825,5000,SUCCESS
A,delta,826,20000,SUCCESS
A,delta,827,16500,SUCCESS
A,delta,828,19200,SUCCESS
A,delta,829,5000,SUCCESS
A,delta,830,20100,SUCCESS
A,delta,831,5000,SUCCESS
A,delta,832,19800,SUCCESS
A,delta,833,15900,SUCCESS
A,delta,834,18200,SUCCESS
A,delta,835,5100,SUCCESS
A,delta,836,20100,SUCCESS
A,delta,837,5000,SUCCESS
A,delta,838,19100,SUCCESS
A,delta,839,15200,SUCCESS
A,delta,840,22300,SUCCESS
A,delta,841,5000,SUCCESS
A,delta,842,19700,SUCCESS
A,delta,843,5000,SUCCESS
A,delta,844,19800,SUCCESS
A,delta,845,15300,SUCCESS
A,delta,846,23300,SUCCESS
A,delta,847,5000,SUCCESS
A,delta,848,19900,SUCCESS
A,delta,849,5000,SUCCESS
A,delta,850,19800,SUCCESS
A,delta,851,15500,SUCCESS
A,delta,852,17800,SUCCESS
A,delta,853,26900,SUCCESS
A,delta,854,74600,SUCCESS
A,delta,855,55100,SUCCESS
A,delta,856,80900,SUCCESS
A,delta,857,62800,SUCCESS
A,delta,858,66000,SUCCESS
A,delta,859,5500,SUCCESS
A,delta,860,20900,SUCCESS
A,delta,861,16600,SUCCESS
A,delta,862,5300,SUCCESS
A,delta,863,29600,SUCCESS
A,delta,864,77100,SUCCESS
A,delta,865,58300,SUCCESS
A,delta,866,84300,SUCCESS
A,delta,867,86600,SUCCESS
A,delta,868,91600,SUCCESS
A,delta,869,21100,SUCCESS
A,delta,870,5100,SUCCESS
A,delta,871,24700,SUCCESS
A,delta,872,20500,SUCCESS
A,delta,873,20200,SUCCESS
A,delta,874,4900,SUCCESS
A,delta,875,20200,SUCCESS
A,delta,876,4900,SUCCESS
A,delta,877,20000,SUCCESS
A,delta,878,15900,SUCCESS
A,delta,879,17900,SUCCESS
A,delta,880,24800,SUCCESS
A,delta,881,19000,SUCCESS
A,delta,882,4900,SUCCESS
A,delta,883,5000,SUCCESS
A,delta,884,21100,SUCCESS
A,delta,885,5100,SUCCESS
A,delta,886,19500,SUCCESS
A,delta,887,15100,SUCCESS
A,delta,888,18500,SUCCESS
A,delta,889,24100,SUCCESS
A,delta,890,19400,SUCCESS
A,delta,891,5000,SUCCESS
A,delta,892,69300,SUCCESS
A,delta,893,51200,SUCCESS
A,delta,894,80300,SUCCESS
A,delta,895,78300,SUCCESS
A,delta,896,96300,SUCCESS
A,delta,897,90500,SUCCESS
A,delta,898,6000,SUCCESS
A,delta,899,9600,SUCCESS
A,delta,900,18400,SUCCESS
A,delta,901,13600,SUCCESS
A,delta,902,28700,SUCCESS
A,delta,903,18600,SUCCESS
A,delta,904,21700,SUCCESS
A,delta,905,18600,SUCCESS
A,delta,906,63500,SUCCESS
A,delta,907,60200,SUCCESS
A,delta,908,32000,SUCCESS
A,delta,909,75900,SUCCESS
A,delta,910,54900,SUCCESS
A,delta,911,34600,SUCCESS
A,delta,912,27300,SUCCESS
A,delta,913,18500,SUCCESS
A,delta,914,5900,SUCCESS
A,delta,915,4900,SUCCESS
A,delta,916,21600,SUCCESS
A,delta,917,18900,SUCCESS
A,delta,918,20400,SUCCESS
A,delta,919,15300,SUCCESS
A,delta,920,29500,SUCCESS
A,delta,921,18400,SUCCESS
A,delta,922,20300,SUCCESS
A,delta,923,18400,SUCCESS
A,delta,924,5700,SUCCESS
A,delta,925,4900,SUCCESS
A,delta,926,21900,SUCCESS
A,delta,927,18500,SUCCESS
A,delta,928,19100,SUCCESS
A,delta,929,18400,SUCCESS
A,delta,930,6000,SUCCESS
A,delta,931,67200,SUCCESS
A,delta,932,40200,SUCCESS
A,delta,933,72300,SUCCESS
A,delta,934,63800,SUCCESS
A,delta,935,98000,SUCCESS
A,delta,936,76100,SUCCESS
A,delta,937,69700,SUCCESS
A,delta,938,42900,SUCCESS
A,delta,939,18400,SUCCESS
A,delta,940,29800,SUCCESS
A,delta,941,18800,SUCCESS
A,delta,942,5300,SUCCESS
A,delta,943,11200,SUCCESS
A,delta,944,27300,SUCCESS
A,delta,945,18700,SUCCESS
A,delta,946,21600,SUCCESS
A,delta,947,18500,SUCCESS
A,delta,948,5500,SUCCESS
A,delta,949,71000,SUCCESS
A,delta,950,52400,SUCCESS
A,delta,951,30200,SUCCESS
A,delta,952,80500,SUCCESS
A,delta,953,66400,SUCCESS
A,delta,954,75900,SUCCESS
A,delta,955,5300,SUCCESS
A,delta,956,18400,SUCCESS
A,delta,957,13600,SUCCESS
A,delta,958,30500,SUCCESS
A,delta,959,18500,SUCCESS
A,delta,960,5000,SUCCESS
A,delta,961,14100,SUCCESS
A,delta,962,22300,SUCCESS
A,delta,963,17300,SUCCESS
A,delta,964,5000,SUCCESS
A,delta,965,4800,SUCCESS
A,delta,966,4900,SUCCESS
A,delta,967,48900,SUCCESS
A,delta,968,55200,SUCCESS
A,delta,969,18600,SUCCESS
A,delta,970,69700,SUCCESS
A,delta,971,66400,SUCCESS
A,delta,972,87300,SUCCESS
A,delta,973,82500,SUCCESS
A,delta,974,61700,SUCCESS
A,delta,975,41600,SUCCESS
A,delta,976,28200,SUCCESS
A,delta,977,18300,SUCCESS
A,delta,978,13600,SUCCESS
A,delta,979,25600,SUCCESS
A,delta,980,18500,SUCCESS
A,delta,981,6000,SUCCESS
A,delta,982,4800,SUCCESS
A,delta,983,22700,SUCCESS
A,delta,984,18500,SUCCESS
A,delta,985,5000,SUCCESS
A,delta,986,14300,SUCCESS
A,delta,987,22800,SUCCESS
A,delta,988,19400,SUCCESS
A,delta,989,5100,SUCCESS
A,delta,990,47100,SUCCESS
A,delta,991,49400,SUCCESS
A,delta,992,18600,SUCCESS
A,delta,993,21500,SUCCESS
A,delta,994,18500,SUCCESS
A,delta,995,4900,SUCCESS
A,delta,996,10700,SUCCESS
A,delta,997,22800,SUCCESS
A,delta,998,18100,SUCCESS
A,delta,999,27900,SUCCESS
A,epsilon,0,17900,SUCCESS
A,epsilon,1,4900,SUCCESS
A,epsilon,2,13900,SUCCESS
A,epsilon,3,29600,SUCCESS
A,epsilon,4,18700,SUCCESS
A,epsilon,5,5000,SUCCESS
A,epsilon,6,10400,SUCCESS
A,epsilon,7,16100,SUCCESS
A,epsilon,8,18600,SUCCESS
A,epsilon,9,4900,SUCCESS
A,epsilon,10,69500,SUCCESS
A,epsilon,11,56300,SUCCESS
A,epsilon,12,33800,SUCCESS
A,epsilon,13,86100,SUCCESS
A,epsilon,14,74400,SUCCESS
A,epsilon,15,85400,SUCCESS
A,epsilon,16,4900,SUCCESS
A,epsilon,17,5200,SUCCESS
A,epsilon,18,18400,SUCCESS
A,epsilon,19,4800,SUCCESS
A,epsilon,20,5000,SUCCESS
A,epsilon,21,17400,SUCCESS
A,epsilon,22,12500,SUCCESS
A,epsilon,23,52400,SUCCESS
A,epsilon,24,18500,SUCCESS
A,epsilon,25,5000,SUCCESS
A,epsilon,26,14300,SUCCESS
A,epsilon,27,29000,SUCCESS
A,epsilon,28,18700,SUCCESS
A,epsilon,29,70700,SUCCESS
A,epsilon,30,67300,SUCCESS
A,epsilon,31,98300,SUCCESS
A,epsilon,32,80100,SUCCESS
A,epsilon,33,83400,SUCCESS
A,epsilon,34,77000,SUCCESS
A,epsilon,35,4500,SUCCESS
A,epsilon,36,5200,SUCCESS
A,epsilon,37,5400,SUCCESS
A,epsilon,38,18300,SUCCESS
A,epsilon,39,39000,SUCCESS
A,epsilon,40,39700,SUCCESS
A,epsilon,41,18400,SUCCESS
A,epsilon,42,20800,SUCCESS
A,epsilon,43,18300,SUCCESS
A,epsilon,44,5000,SUCCESS
A,epsilon,45,10500,SUCCESS
A,epsilon,46,21400,SUCCESS
A,epsilon,47,16400,SUCCESS
A,epsilon,48,40300,SUCCESS
A,epsilon,49,18600,SUCCESS
A,epsilon,50,21300,SUCCESS
A,epsilon,51,16400,SUCCESS
A,epsilon,52,13100,SUCCESS
A,epsilon,53,18400,SUCCESS
A,epsilon,54,19200,SUCCESS
A,epsilon,55,14300,SUCCESS
A,epsilon,56,6000,SUCCESS
A,epsilon,57,40700,SUCCESS
A,epsilon,58,18500,SUCCESS
A,epsilon,59,5000,SUCCESS
A,epsilon,60,10600,SUCCESS
A,epsilon,61,22900,SUCCESS
A,epsilon,62,17800,SUCCESS
A,epsilon,63,4900,SUCCESS
A,epsilon,64,4900,SUCCESS
A,epsilon,65,4800,SUCCESS
A,epsilon,66,43800,SUCCESS
A,epsilon,67,51200,SUCCESS
A,epsilon,68,18400,SUCCESS
A,epsilon,69,5000,SUCCESS
A,epsilon,70,4900,SUCCESS
A,epsilon,71,17700,SUCCESS
A,epsilon,72,12900,SUCCESS
A,epsilon,73,41700,SUCCESS
A,epsilon,74,18400,SUCCESS
A,epsilon,75,65300,SUCCESS
A,epsilon,76,62000,SUCCESS
A,epsilon,77,45800,SUCCESS
A,epsilon,78,86400,SUCCESS
A,epsilon,79,67000,SUCCESS
A,epsilon,80,75500,SUCCESS
A,epsilon,81,28000,SUCCESS
A,epsilon,82,18400,SUCCESS
A,epsilon,83,74500,SUCCESS
A,epsilon,84,71200,SUCCESS
A,epsilon,85,53300,SUCCESS
A,epsilon,86,91700,SUCCESS
A,epsilon,87,72500,SUCCESS
A,epsilon,88,83300,SUCCESS
A,epsilon,89,28000,SUCCESS
A,epsilon,90,18400,SUCCESS
A,epsilon,91,5100,SUCCESS
A,epsilon,92,14100,SUCCESS
A,epsilon,93,28600,SUCCESS
A,epsilon,94,18500,SUCCESS
A,epsilon,95,5000,SUCCESS
A,epsilon,96,17800,SUCCESS
A,epsilon,97,35500,SUCCESS
A,epsilon,98,18800,SUCCESS
A,epsilon,99,9100,SUCCESS
A,epsilon,100,36200,SUCCESS
A,epsilon,101,18900,SUCCESS
A,epsilon,102,5700,SUCCESS
A,epsilon,103,68300,SUCCESS
A,epsilon,104,55200,SUCCESS
A,epsilon,105,32300,SUCCESS
A,epsilon,106,84600,SUCCESS
A,epsilon,107,87700,SUCCESS
A,epsilon,108,72100,SUCCESS
A,epsilon,109,97000,SUCCESS
A,epsilon,110,33800,SUCCESS
A,epsilon,111,18200,SUCCESS
A,epsilon,112,13500,SUCCESS
A,epsilon,113,22100,SUCCESS
A,epsilon,114,17200,SUCCESS
A,epsilon,115,4900,SUCCESS
A,epsilon,116,4800,SUCCESS
A,epsilon,117,4900,SUCCESS
A,epsilon,118,57500,SUCCESS
A,epsilon,119,41200,SUCCESS
A,epsilon,120,5800,SUCCESS
A,epsilon,121,18400,SUCCESS
A,epsilon,122,13600,SUCCESS
A,epsilon,123,8700,SUCCESS
A,epsilon,124,9400,SUCCESS
A,epsilon,125,47400,SUCCESS
A,epsilon,126,18500,SUCCESS
A,epsilon,127,67500,SUCCESS
A,epsilon,128,64200,SUCCESS
A,epsilon,129,51700,SUCCESS
A,epsilon,130,47700,SUCCESS
A,epsilon,131,90900,SUCCESS
A,epsilon,132,72900,SUCCESS
A,epsilon,133,50100,SUCCESS
A,epsilon,134,30500,SUCCESS
A,epsilon,135,22600,SUCCESS
A,epsilon,136,5000,SUCCESS
A,epsilon,137,17800,SUCCESS
A,epsilon,138,13000,SUCCESS
A,epsilon,139,9100,SUCCESS
A,epsilon,140,4800,SUCCESS
A,epsilon,141,5100,SUCCESS
A,epsilon,142,44000,SUCCESS
A,epsilon,143,30900,SUCCESS
A,epsilon,144,18400,SUCCESS
A,epsilon,145,13800,SUCCESS
A,epsilon,146,5000,SUCCESS
A,epsilon,147,48800,SUCCESS
A,epsilon,148,29700,SUCCESS
A,epsilon,149,5700,SUCCESS
A,epsilon,150,18500,SUCCESS
A,epsilon,151,13800,SUCCESS
A,epsilon,152,4900,SUCCESS
A,epsilon,153,4900,SUCCESS
A,epsilon,154,4800,SUCCESS
A,epsilon,155,70600,SUCCESS
A,epsilon,156,63700,SUCCESS
A,epsilon,157,60400,SUCCESS
A,epsilon,158,110200,SUCCESS
A,epsilon,159,108300,SUCCESS
A,epsilon,160,96800,SUCCESS
A,epsilon,161,122200,SUCCESS
A,epsilon,162,100700,SUCCESS
A,epsilon,163,35300,SUCCESS
A,epsilon,164,5000,SUCCESS
A,epsilon,165,26100,SUCCESS
A,epsilon,166,18500,SUCCESS
A,epsilon,167,13900,SUCCESS
A,epsilon,168,9100,SUCCESS
A,epsilon,169,4600,SUCCESS
A,epsilon,170,9900,SUCCESS
A,epsilon,171,20500,SUCCESS
A,epsilon,172,4900,SUCCESS
A,epsilon,173,17900,SUCCESS
A,epsilon,174,13100,SUCCESS
A,epsilon,175,9400,SUCCESS
A,epsilon,176,5600,SUCCESS
A,epsilon,177,41600,SUCCESS
A,epsilon,178,18200,SUCCESS
A,epsilon,179,5600,SUCCESS
A,epsilon,180,4800,SUCCESS
A,epsilon,181,17900,SUCCESS
A,epsilon,182,12900,SUCCESS
A,epsilon,183,5100,SUCCESS
A,epsilon,184,4900,SUCCESS
A,epsilon,185,4900,SUCCESS
A,epsilon,186,67300,SUCCESS
A,epsilon,187,62200,SUCCESS
A,epsilon,188,58600,SUCCESS
A,epsilon,189,55000,SUCCESS
A,epsilon,190,125200,SUCCESS
A,epsilon,191,129100,SUCCESS
A,epsilon,192,107700,SUCCESS
A,epsilon,193,135800,SUCCESS
A,epsilon,194,116700,SUCCESS
A,epsilon,195,41900,SUCCESS
A,epsilon,196,31200,SUCCESS
A,epsilon,197,55900,SUCCESS
A,epsilon,198,50800,SUCCESS
A,epsilon,199,75600,SUCCESS
A,epsilon,200,54500,SUCCESS
A,epsilon,201,36400,SUCCESS
A,epsilon,202,18800,SUCCESS
A,epsilon,203,4900,SUCCESS
A,epsilon,204,14500,SUCCESS
A,epsilon,205,38300,SUCCESS
A,epsilon,206,20200,SUCCESS
A,epsilon,207,6200,SUCCESS
A,epsilon,208,6000,SUCCESS
A,epsilon,209,24400,SUCCESS
A,epsilon,210,18200,SUCCESS
A,epsilon,211,9200,SUCCESS
A,epsilon,212,46800,SUCCESS
A,epsilon,213,41700,SUCCESS
A,epsilon,214,18900,SUCCESS
A,epsilon,215,14100,SUCCESS
A,epsilon,216,23300,SUCCESS
A,epsilon,217,18800,SUCCESS
A,epsilon,218,5000,SUCCESS
A,epsilon,219,4900,SUCCESS
A,epsilon,220,5000,SUCCESS
A,epsilon,221,4900,SUCCESS
A,epsilon,222,47500,SUCCESS
A,epsilon,223,18600,SUCCESS
A,epsilon,224,21800,SUCCESS
A,epsilon,225,17000,SUCCESS
A,epsilon,226,8600,SUCCESS
A,epsilon,227,9200,SUCCESS
A,epsilon,228,23300,SUCCESS
A,epsilon,229,18400,SUCCESS
A,epsilon,230,14700,SUCCESS
A,epsilon,231,10900,SUCCESS
A,epsilon,232,53800,SUCCESS
A,epsilon,233,18200,SUCCESS
A,epsilon,234,63600,SUCCESS
A,epsilon,235,60300,SUCCESS
A,epsilon,236,42500,SUCCESS
A,epsilon,237,69600,SUCCESS
A,epsilon,238,71400,SUCCESS
A,epsilon,239,55200,SUCCESS
A,epsilon,240,98800,SUCCESS
A,epsilon,241,28300,SUCCESS
A,epsilon,242,18500,SUCCESS
A,epsilon,243,13800,SUCCESS
A,epsilon,244,22800,SUCCESS
A,epsilon,245,19900,SUCCESS
A,epsilon,246,4900,SUCCESS
A,epsilon,247,47700,SUCCESS
A,epsilon,248,34400,SUCCESS
A,epsilon,249,18800,SUCCESS
A,epsilon,250,14000,SUCCESS
A,epsilon,251,9500,SUCCESS
A,epsilon,252,5100,SUCCESS
A,epsilon,253,19000,SUCCESS
A,epsilon,254,14300,SUCCESS
A,epsilon,255,10400,SUCCESS
A,epsilon,256,6700,SUCCESS
A,epsilon,257,52000,SUCCESS
A,epsilon,258,44900,SUCCESS
A,epsilon,259,24300,SUCCESS
A,epsilon,260,5000,SUCCESS
A,epsilon,261,4900,SUCCESS
A,epsilon,262,17900,SUCCESS
A,epsilon,263,13100,SUCCESS
A,epsilon,264,8700,SUCCESS
A,epsilon,265,5000,SUCCESS
A,epsilon,266,18100,SUCCESS
A,epsilon,267,13400,SUCCESS
A,epsilon,268,49000,SUCCESS
A,epsilon,269,49800,SUCCESS
A,epsilon,270,48200,SUCCESS
A,epsilon,271,86800,SUCCESS
A,epsilon,272,78500,SUCCESS
A,epsilon,273,5100,SUCCESS
A,epsilon,274,16300,SUCCESS
A,epsilon,275,18600,SUCCESS
A,epsilon,276,5600,SUCCESS
A,epsilon,277,68000,SUCCESS
A,epsilon,278,55000,SUCCESS
A,epsilon,279,32500,SUCCESS
A,epsilon,280,28700,SUCCESS
A,epsilon,281,89600,SUCCESS
A,epsilon,282,80600,SUCCESS
A,epsilon,283,59300,SUCCESS
A,epsilon,284,32300,SUCCESS
A,epsilon,285,18200,SUCCESS
A,epsilon,286,13600,SUCCESS
A,epsilon,287,23500,SUCCESS
A,epsilon,288,19800,SUCCESS
A,epsilon,289,37400,SUCCESS
A,epsilon,290,37500,SUCCESS
A,epsilon,291,17000,SUCCESS
A,epsilon,292,30000,SUCCESS
A,epsilon,293,18500,SUCCESS
A,epsilon,294,13900,SUCCESS
A,epsilon,295,29900,SUCCESS
A,epsilon,296,18600,SUCCESS
A,epsilon,297,67000,SUCCESS
A,epsilon,298,64400,SUCCESS
A,epsilon,299,68200,SUCCESS
A,epsilon,300,53200,SUCCESS
A,epsilon,301,96400,SUCCESS
A,epsilon,302,76900,SUCCESS
A,epsilon,303,54900,SUCCESS
A,epsilon,304,29700,SUCCESS
A,epsilon,305,18500,SUCCESS
A,epsilon,306,13800,SUCCESS
A,epsilon,307,23200,SUCCESS
A,epsilon,308,20200,SUCCESS
A,epsilon,309,43000,SUCCESS
A,epsilon,310,43400,SUCCESS
A,epsilon,311,23500,SUCCESS
A,epsilon,312,28900,SUCCESS
A,epsilon,313,18700,SUCCESS
A,epsilon,314,13900,SUCCESS
A,epsilon,315,29800,SUCCESS
A,epsilon,316,18500,SUCCESS
A,epsilon,317,63600,SUCCESS
A,epsilon,318,60300,SUCCESS
A,epsilon,319,56700,SUCCESS
A,epsilon,320,44600,SUCCESS
A,epsilon,321,76700,SUCCESS
A,epsilon,322,57800,SUCCESS
A,epsilon,323,53900,SUCCESS
A,epsilon,324,28300,SUCCESS
A,epsilon,325,18200,SUCCESS
A,epsilon,326,13600,SUCCESS
A,epsilon,327,22400,SUCCESS
A,epsilon,328,17600,SUCCESS
A,epsilon,329,5000,SUCCESS
A,epsilon,330,4900,SUCCESS
A,epsilon,331,4800,SUCCESS
A,epsilon,332,4900,SUCCESS
A,epsilon,333,48500,SUCCESS
A,epsilon,334,36800,SUCCESS
A,epsilon,335,16600,SUCCESS
A,epsilon,336,18600,SUCCESS
A,epsilon,337,13800,SUCCESS
A,epsilon,338,9100,SUCCESS
A,epsilon,339,4800,SUCCESS
A,epsilon,340,6600,SUCCESS
A,epsilon,341,17900,SUCCESS
A,epsilon,342,9800,SUCCESS
A,epsilon,343,5500,SUCCESS
A,epsilon,344,18700,SUCCESS
A,epsilon,345,14000,SUCCESS
A,epsilon,346,10300,SUCCESS
A,epsilon,347,48900,SUCCESS
A,epsilon,348,38200,SUCCESS
A,epsilon,349,18400,SUCCESS
A,epsilon,350,13700,SUCCESS
A,epsilon,351,4800,SUCCESS
A,epsilon,352,4800,SUCCESS
A,epsilon,353,18100,SUCCESS
A,epsilon,354,13300,SUCCESS
A,epsilon,355,5000,SUCCESS
A,epsilon,356,4700,SUCCESS
A,epsilon,357,50100,SUCCESS
A,epsilon,358,47300,SUCCESS
A,epsilon,359,18700,SUCCESS
A,epsilon,360,64500,SUCCESS
A,epsilon,361,61400,SUCCESS
A,epsilon,362,123700,SUCCESS
A,epsilon,363,73100,SUCCESS
A,epsilon,364,22500,SUCCESS
A,epsilon,365,18500,SUCCESS
A,epsilon,366,5000,SUCCESS
A,epsilon,367,18700,SUCCESS
A,epsilon,368,13900,SUCCESS
A,epsilon,369,42200,SUCCESS
A,epsilon,370,39100,SUCCESS
A,epsilon,371,33200,SUCCESS
A,epsilon,372,30400,SUCCESS
A,epsilon,373,18700,SUCCESS
A,epsilon,374,5000,SUCCESS
A,epsilon,375,4800,SUCCESS
A,epsilon,376,4900,SUCCESS
A,epsilon,377,17900,SUCCESS
A,epsilon,378,13000,SUCCESS
A,epsilon,379,37700,SUCCESS
A,epsilon,380,34500,SUCCESS
A,epsilon,381,30600,SUCCESS
A,epsilon,382,31200,SUCCESS
A,epsilon,383,23100,SUCCESS
A,epsilon,384,5000,SUCCESS
A,epsilon,385,20000,SUCCESS
A,epsilon,386,4900,SUCCESS
A,epsilon,387,17800,SUCCESS
A,epsilon,388,13200,SUCCESS
A,epsilon,389,4900,SUCCESS
A,epsilon,390,18400,SUCCESS
A,epsilon,391,18600,SUCCESS
A,epsilon,392,14100,SUCCESS
A,epsilon,393,9000,SUCCESS
A,epsilon,394,4600,SUCCESS
A,epsilon,395,10000,SUCCESS
A,epsilon,396,22200,SUCCESS
A,epsilon,397,4900,SUCCESS
A,epsilon,398,18100,SUCCESS
A,epsilon,399,13300,SUCCESS
A,epsilon,400,9400,SUCCESS
A,epsilon,401,5700,SUCCESS
A,epsilon,402,46500,SUCCESS
A,epsilon,403,18500,SUCCESS
A,epsilon,404,68500,SUCCESS
A,epsilon,405,65200,SUCCESS
A,epsilon,406,47300,SUCCESS
A,epsilon,407,91100,SUCCESS
A,epsilon,408,89300,SUCCESS
A,epsilon,409,101900,SUCCESS
A,epsilon,410,83100,SUCCESS
A,epsilon,411,5500,SUCCESS
A,epsilon,412,27900,SUCCESS
A,epsilon,413,18500,SUCCESS
A,epsilon,414,5700,SUCCESS
A,epsilon,415,75600,SUCCESS
A,epsilon,416,63900,SUCCESS
A,epsilon,417,59800,SUCCESS
A,epsilon,418,56100,SUCCESS
A,epsilon,419,96800,SUCCESS
A,epsilon,420,72900,SUCCESS
A,epsilon,421,46100,SUCCESS
A,epsilon,422,35800,SUCCESS
A,epsilon,423,18400,SUCCESS
A,epsilon,424,4900,SUCCESS
A,epsilon,425,4900,SUCCESS
A,epsilon,426,17600,SUCCESS
A,epsilon,427,13000,SUCCESS
A,epsilon,428,5000,SUCCESS
A,epsilon,429,4900,SUCCESS
A,epsilon,430,4900,SUCCESS
A,epsilon,431,66800,SUCCESS
A,epsilon,432,60000,SUCCESS
A,epsilon,433,56500,SUCCESS
A,epsilon,434,52900,SUCCESS
A,epsilon,435,106600,SUCCESS
A,epsilon,436,105200,SUCCESS
A,epsilon,437,84000,SUCCESS
A,epsilon,438,116000,SUCCESS
A,epsilon,439,119800,SUCCESS
A,epsilon,440,28400,SUCCESS
A,epsilon,441,29300,SUCCESS
A,epsilon,442,18500,SUCCESS
A,epsilon,443,6200,SUCCESS
A,epsilon,444,10200,SUCCESS
A,epsilon,445,4900,SUCCESS
A,epsilon,446,34600,SUCCESS
A,epsilon,447,18400,SUCCESS
A,epsilon,448,5400,SUCCESS
A,epsilon,449,14600,SUCCESS
A,epsilon,450,42800,SUCCESS
A,epsilon,451,20000,SUCCESS
A,epsilon,452,6000,SUCCESS
A,epsilon,453,6100,SUCCESS
A,epsilon,454,21400,SUCCESS
A,epsilon,455,15200,SUCCESS
A,epsilon,456,6200,SUCCESS
A,epsilon,457,44000,SUCCESS
A,epsilon,458,38800,SUCCESS
A,epsilon,459,18500,SUCCESS
A,epsilon,460,13900,SUCCESS
A,epsilon,461,9500,SUCCESS
A,epsilon,462,5100,SUCCESS
A,epsilon,463,19000,SUCCESS
A,epsilon,464,14100,SUCCESS
A,epsilon,465,10200,SUCCESS
A,epsilon,466,6200,SUCCESS
A,epsilon,467,51500,SUCCESS
A,epsilon,468,45200,SUCCESS
A,epsilon,469,24200,SUCCESS
A,epsilon,470,4900,SUCCESS
A,epsilon,471,4900,SUCCESS
A,epsilon,472,18000,SUCCESS
A,epsilon,473,13200,SUCCESS
A,epsilon,474,9400,SUCCESS
A,epsilon,475,9200,SUCCESS
A,epsilon,476,23000,SUCCESS
A,epsilon,477,18200,SUCCESS
A,epsilon,478,54400,SUCCESS
A,epsilon,479,53900,SUCCESS
A,epsilon,480,54600,SUCCESS
A,epsilon,481,94700,SUCCESS
A,epsilon,482,83000,SUCCESS
A,epsilon,483,5000,SUCCESS
A,epsilon,484,26500,SUCCESS
A,epsilon,485,18500,SUCCESS
A,epsilon,486,5000,SUCCESS
A,epsilon,487,14300,SUCCESS
A,epsilon,488,21800,SUCCESS
A,epsilon,489,16800,SUCCESS
A,epsilon,490,5000,SUCCESS
A,epsilon,491,4800,SUCCESS
A,epsilon,492,4900,SUCCESS
A,epsilon,493,4900,SUCCESS
A,epsilon,494,46000,SUCCESS
A,epsilon,495,42800,SUCCESS
A,epsilon,496,39300,SUCCESS
A,epsilon,497,29300,SUCCESS
A,epsilon,498,18400,SUCCESS
A,epsilon,499,5000,SUCCESS
A,epsilon,500,4800,SUCCESS
A,epsilon,501,17600,SUCCESS
A,epsilon,502,12700,SUCCESS
A,epsilon,503,5000,SUCCESS
A,epsilon,504,5600,SUCCESS
A,epsilon,505,10000,SUCCESS
A,epsilon,506,4800,SUCCESS
A,epsilon,507,4900,SUCCESS
A,epsilon,508,13800,SUCCESS
A,epsilon,509,5300,SUCCESS
A,epsilon,510,5000,SUCCESS
A,epsilon,511,4900,SUCCESS
A,epsilon,512,4700,SUCCESS
A,epsilon,513,41100,SUCCESS
A,epsilon,514,40300,SUCCESS
A,epsilon,515,38000,SUCCESS
A,epsilon,516,74400,SUCCESS
A,epsilon,517,73300,SUCCESS
A,epsilon,518,26400,SUCCESS
A,epsilon,519,18600,SUCCESS
A,epsilon,520,5400,SUCCESS
A,epsilon,521,4900,SUCCESS
A,epsilon,522,30900,SUCCESS
A,epsilon,523,21000,SUCCESS
A,epsilon,524,16100,SUCCESS
A,epsilon,525,5000,SUCCESS
A,epsilon,526,4900,SUCCESS
A,epsilon,527,32800,SUCCESS
A,epsilon,528,9100,SUCCESS
A,epsilon,529,19300,SUCCESS
A,epsilon,530,14300,SUCCESS
A,epsilon,531,6300,SUCCESS
A,epsilon,532,4900,SUCCESS
A,epsilon,533,14200,SUCCESS
A,epsilon,534,5500,SUCCESS
A,epsilon,535,8600,SUCCESS
A,epsilon,536,4800,SUCCESS
A,epsilon,537,49300,SUCCESS
A,epsilon,538,18700,SUCCESS
A,epsilon,539,5600,SUCCESS
A,epsilon,540,10500,SUCCESS
A,epsilon,541,22000,SUCCESS
A,epsilon,542,17000,SUCCESS
A,epsilon,543,5000,SUCCESS
A,epsilon,544,10700,SUCCESS
A,epsilon,545,4900,SUCCESS
A,epsilon,546,38300,SUCCESS
A,epsilon,547,37400,SUCCESS
A,epsilon,548,34100,SUCCESS
A,epsilon,549,72800,SUCCESS
A,epsilon,550,4900,SUCCESS
A,epsilon,551,18400,SUCCESS
A,epsilon,552,13500,SUCCESS
A,epsilon,553,5000,SUCCESS
A,epsilon,554,18000,SUCCESS
A,epsilon,555,18100,SUCCESS
A,epsilon,556,14300,SUCCESS
A,epsilon,557,11000,SUCCESS
A,epsilon,558,51000,SUCCESS
A,epsilon,559,49900,SUCCESS
A,epsilon,560,18400,SUCCESS
A,epsilon,561,13700,SUCCESS
A,epsilon,562,8900,SUCCESS
A,epsilon,563,4500,SUCCESS
A,epsilon,564,18400,SUCCESS
A,epsilon,565,13600,SUCCESS
A,epsilon,566,47300,SUCCESS
A,epsilon,567,46700,SUCCESS
A,epsilon,568,47300,SUCCESS
A,epsilon,569,82900,SUCCESS
A,epsilon,570,4900,SUCCESS
A,epsilon,571,18600,SUCCESS
A,epsilon,572,13800,SUCCESS
A,epsilon,573,5700,SUCCESS
A,epsilon,574,63900,SUCCESS
A,epsilon,575,60400,SUCCESS
A,epsilon,576,41000,SUCCESS
A,epsilon,577,79200,SUCCESS
A,epsilon,578,77300,SUCCESS
A,epsilon,579,104900,SUCCESS
A,epsilon,580,93300,SUCCESS
A,epsilon,581,6500,SUCCESS
A,epsilon,582,28900,SUCCESS
A,epsilon,583,18300,SUCCESS
A,epsilon,584,10100,SUCCESS
A,epsilon,585,5400,SUCCESS
A,epsilon,586,18600,SUCCESS
A,epsilon,587,13800,SUCCESS
A,epsilon,588,5500,SUCCESS
A,epsilon,589,5000,SUCCESS
A,epsilon,590,49700,SUCCESS
A,epsilon,591,18400,SUCCESS
A,epsilon,592,5500,SUCCESS
A,epsilon,593,73500,SUCCESS
A,epsilon,594,60300,SUCCESS
A,epsilon,595,37800,SUCCESS
A,epsilon,596,89700,SUCCESS
A,epsilon,597,93100,SUCCESS
A,epsilon,598,76900,SUCCESS
A,epsilon,599,100500,SUCCESS
A,epsilon,600,33100,SUCCESS
A,epsilon,601,18300,SUCCESS
A,epsilon,602,13600,SUCCESS
A,epsilon,603,23200,SUCCESS
A,epsilon,604,20500,SUCCESS
A,epsilon,605,5000,SUCCESS
A,epsilon,606,4900,SUCCESS
A,epsilon,607,53600,SUCCESS
A,epsilon,608,18500,SUCCESS
A,epsilon,609,5100,SUCCESS
A,epsilon,610,14300,SUCCESS
A,epsilon,611,22500,SUCCESS
A,epsilon,612,17800,SUCCESS
A,epsilon,613,4900,SUCCESS
A,epsilon,614,5000,SUCCESS
A,epsilon,615,4900,SUCCESS
A,epsilon,616,4900,SUCCESS
A,epsilon,617,4700,SUCCESS
A,epsilon,618,49500,SUCCESS
A,epsilon,619,42500,SUCCESS
A,epsilon,620,8900,SUCCESS
A,epsilon,621,17800,SUCCESS
A,epsilon,622,9800,SUCCESS
A,epsilon,623,5400,SUCCESS
A,epsilon,624,17900,SUCCESS
A,epsilon,625,13100,SUCCESS
A,epsilon,626,9900,SUCCESS
A,epsilon,627,6500,SUCCESS
A,epsilon,628,43000,SUCCESS
A,epsilon,629,42600,SUCCESS
A,epsilon,630,42200,SUCCESS
A,epsilon,631,80900,SUCCESS
A,epsilon,632,73700,SUCCESS
A,epsilon,633,4900,SUCCESS
A,epsilon,634,26400,SUCCESS
A,epsilon,635,18700,SUCCESS
A,epsilon,636,5600,SUCCESS
A,epsilon,637,10700,SUCCESS
A,epsilon,638,22500,SUCCESS
A,epsilon,639,17600,SUCCESS
A,epsilon,640,49700,SUCCESS
A,epsilon,641,18600,SUCCESS
A,epsilon,642,21100,SUCCESS
A,epsilon,643,15400,SUCCESS
A,epsilon,644,64900,SUCCESS
A,epsilon,645,61500,SUCCESS
A,epsilon,646,54200,SUCCESS
A,epsilon,647,50400,SUCCESS
A,epsilon,648,103300,SUCCESS
A,epsilon,649,82500,SUCCESS
A,epsilon,650,61700,SUCCESS
A,epsilon,651,110700,SUCCESS
A,epsilon,652,30700,SUCCESS
A,epsilon,653,18500,SUCCESS
A,epsilon,654,13300,SUCCESS
A,epsilon,655,29600,SUCCESS
A,epsilon,656,23100,SUCCESS
A,epsilon,657,4900,SUCCESS
A,epsilon,658,17800,SUCCESS
A,epsilon,659,12900,SUCCESS
A,epsilon,660,38400,SUCCESS
A,epsilon,661,18500,SUCCESS
A,epsilon,662,67700,SUCCESS
A,epsilon,663,64400,SUCCESS
A,epsilon,664,48200,SUCCESS
A,epsilon,665,44300,SUCCESS
A,epsilon,666,90800,SUCCESS
A,epsilon,667,72600,SUCCESS
A,epsilon,668,50100,SUCCESS
A,epsilon,669,29100,SUCCESS
A,epsilon,670,22500,SUCCESS
A,epsilon,671,5000,SUCCESS
A,epsilon,672,17700,SUCCESS
A,epsilon,673,12800,SUCCESS
A,epsilon,674,9400,SUCCESS
A,epsilon,675,5200,SUCCESS
A,epsilon,676,4900,SUCCESS
A,epsilon,677,43700,SUCCESS
A,epsilon,678,30500,SUCCESS
A,epsilon,679,18500,SUCCESS
A,epsilon,680,13700,SUCCESS
A,epsilon,681,8900,SUCCESS
A,epsilon,682,4600,SUCCESS
A,epsilon,683,18000,SUCCESS
A,epsilon,684,13300,SUCCESS
A,epsilon,685,9400,SUCCESS
A,epsilon,686,5500,SUCCESS
A,epsilon,687,50400,SUCCESS
A,epsilon,688,43800,SUCCESS
A,epsilon,689,24400,SUCCESS
A,epsilon,690,4900,SUCCESS
A,epsilon,691,4900,SUCCESS
A,epsilon,692,18100,SUCCESS
A,epsilon,693,13400,SUCCESS
A,epsilon,694,8700,SUCCESS
A,epsilon,695,5200,SUCCESS
A,epsilon,696,18600,SUCCESS
A,epsilon,697,13600,SUCCESS
A,epsilon,698,44700,SUCCESS
A,epsilon,699,44400,SUCCESS
A,epsilon,700,44400,SUCCESS
A,epsilon,701,83900,SUCCESS
A,epsilon,702,79800,SUCCESS
A,epsilon,703,4900,SUCCESS
A,epsilon,704,26900,SUCCESS
A,epsilon,705,18600,SUCCESS
A,epsilon,706,5300,SUCCESS
A,epsilon,707,10600,SUCCESS
A,epsilon,708,21700,SUCCESS
A,epsilon,709,21800,SUCCESS
A,epsilon,710,4800,SUCCESS
A,epsilon,711,5000,SUCCESS
A,epsilon,712,5000,SUCCESS
A,epsilon,713,4800,SUCCESS
A,epsilon,714,45900,SUCCESS
A,epsilon,715,42500,SUCCESS
A,epsilon,716,36400,SUCCESS
A,epsilon,717,29700,SUCCESS
A,epsilon,718,18600,SUCCESS
A,epsilon,719,5000,SUCCESS
A,epsilon,720,4800,SUCCESS
A,epsilon,721,4900,SUCCESS
A,epsilon,722,17300,SUCCESS
A,epsilon,723,12500,SUCCESS
A,epsilon,724,37500,SUCCESS
A,epsilon,725,34300,SUCCESS
A,epsilon,726,30800,SUCCESS
A,epsilon,727,30900,SUCCESS
A,epsilon,728,23300,SUCCESS
A,epsilon,729,5000,SUCCESS
A,epsilon,730,20900,SUCCESS
A,epsilon,731,5000,SUCCESS
A,epsilon,732,17900,SUCCESS
A,epsilon,733,13200,SUCCESS
A,epsilon,734,5200,SUCCESS
A,epsilon,735,18700,SUCCESS
A,epsilon,736,18400,SUCCESS
A,epsilon,737,13700,SUCCESS
A,epsilon,738,8800,SUCCESS
A,epsilon,739,4900,SUCCESS
A,epsilon,740,10200,SUCCESS
A,epsilon,741,20400,SUCCESS
A,epsilon,742,4900,SUCCESS
A,epsilon,743,18000,SUCCESS
A,epsilon,744,13300,SUCCESS
A,epsilon,745,9400,SUCCESS
A,epsilon,746,5600,SUCCESS
A,epsilon,747,41100,SUCCESS
A,epsilon,748,18200,SUCCESS
A,epsilon,749,68500,SUCCESS
A,epsilon,750,65100,SUCCESS
A,epsilon,751,47700,SUCCESS
A,epsilon,752,90300,SUCCESS
A,epsilon,753,88500,SUCCESS
A,epsilon,754,101200,SUCCESS
A,epsilon,755,82600,SUCCESS
A,epsilon,756,6000,SUCCESS
A,epsilon,757,27800,SUCCESS
A,epsilon,758,18500,SUCCESS
A,epsilon,759,5600,SUCCESS
A,epsilon,760,9300,SUCCESS
A,epsilon,761,17800,SUCCESS
A,epsilon,762,13000,SUCCESS
A,epsilon,763,9000,SUCCESS
A,epsilon,764,5300,SUCCESS
A,epsilon,765,44900,SUCCESS
A,epsilon,766,18400,SUCCESS
A,epsilon,767,66700,SUCCESS
A,epsilon,768,63900,SUCCESS
A,epsilon,769,46700,SUCCESS
A,epsilon,770,26500,SUCCESS
A,epsilon,771,88400,SUCCESS
A,epsilon,772,71300,SUCCESS
A,epsilon,773,48300,SUCCESS
A,epsilon,774,29200,SUCCESS
A,epsilon,775,22600,SUCCESS
A,epsilon,776,5000,SUCCESS
A,epsilon,777,17600,SUCCESS
A,epsilon,778,12800,SUCCESS
A,epsilon,779,9800,SUCCESS
A,epsilon,780,5300,SUCCESS
A,epsilon,781,4800,SUCCESS
A,epsilon,782,43600,SUCCESS
A,epsilon,783,30300,SUCCESS
A,epsilon,784,18900,SUCCESS
A,epsilon,785,14300,SUCCESS
A,epsilon,786,9100,SUCCESS
A,epsilon,787,4600,SUCCESS
A,epsilon,788,18100,SUCCESS
A,epsilon,789,13300,SUCCESS
A,epsilon,790,5200,SUCCESS
A,epsilon,791,4900,SUCCESS
A,epsilon,792,49800,SUCCESS
A,epsilon,793,46400,SUCCESS
A,epsilon,794,5000,SUCCESS
A,epsilon,795,5400,SUCCESS
A,epsilon,796,18500,SUCCESS
A,epsilon,797,13800,SUCCESS
A,epsilon,798,5700,SUCCESS
A,epsilon,799,4900,SUCCESS
A,epsilon,800,23100,SUCCESS
A,epsilon,801,5000,SUCCESS
A,epsilon,802,17800,SUCCESS
A,epsilon,803,13100,SUCCESS
A,epsilon,804,9200,SUCCESS
A,epsilon,805,18900,SUCCESS
A,epsilon,806,18300,SUCCESS
A,epsilon,807,13700,SUCCESS
A,epsilon,808,23200,SUCCESS
A,epsilon,809,19400,SUCCESS
A,epsilon,810,4800,SUCCESS
A,epsilon,811,5500,SUCCESS
A,epsilon,812,38100,SUCCESS
A,epsilon,813,18700,SUCCESS
A,epsilon,814,4900,SUCCESS
A,epsilon,815,14400,SUCCESS
A,epsilon,816,22600,SUCCESS
A,epsilon,817,17600,SUCCESS
A,epsilon,818,5000,SUCCESS
A,epsilon,819,4900,SUCCESS
A,epsilon,820,4900,SUCCESS
A,epsilon,821,36900,SUCCESS
A,epsilon,822,33600,SUCCESS
A,epsilon,823,29300,SUCCESS
A,epsilon,824,50500,SUCCESS
A,epsilon,825,26600,SUCCESS
A,epsilon,826,18500,SUCCESS
A,epsilon,827,13700,SUCCESS
A,epsilon,828,5000,SUCCESS
A,epsilon,829,4800,SUCCESS
A,epsilon,830,38800,SUCCESS
A,epsilon,831,18300,SUCCESS
A,epsilon,832,63800,SUCCESS
A,epsilon,833,60300,SUCCESS
A,epsilon,834,44100,SUCCESS
A,epsilon,835,40300,SUCCESS
A,epsilon,836,75500,SUCCESS
A,epsilon,837,57300,SUCCESS
A,epsilon,838,53300,SUCCESS
A,epsilon,839,28400,SUCCESS
A,epsilon,840,22700,SUCCESS
A,epsilon,841,5000,SUCCESS
A,epsilon,842,17900,SUCCESS
A,epsilon,843,13000,SUCCESS
A,epsilon,844,9000,SUCCESS
A,epsilon,845,9200,SUCCESS
A,epsilon,846,4900,SUCCESS
A,epsilon,847,43300,SUCCESS
A,epsilon,848,39000,SUCCESS
A,epsilon,849,18500,SUCCESS
A,epsilon,850,13800,SUCCESS
A,epsilon,851,9100,SUCCESS
A,epsilon,852,4700,SUCCESS
A,epsilon,853,18200,SUCCESS
A,epsilon,854,13300,SUCCESS
A,epsilon,855,9500,SUCCESS
A,epsilon,856,5600,SUCCESS
A,epsilon,857,50500,SUCCESS
A,epsilon,858,43400,SUCCESS
A,epsilon,859,24200,SUCCESS
A,epsilon,860,4900,SUCCESS
A,epsilon,861,4900,SUCCESS
A,epsilon,862,17800,SUCCESS
A,epsilon,863,17500,SUCCESS
A,epsilon,864,66200,SUCCESS
A,epsilon,865,63000,SUCCESS
A,epsilon,866,50200,SUCCESS
A,epsilon,867,46300,SUCCESS
A,epsilon,868,43200,SUCCESS
A,epsilon,869,104400,SUCCESS
A,epsilon,870,89300,SUCCESS
A,epsilon,871,67900,SUCCESS
A,epsilon,872,115500,SUCCESS
A,epsilon,873,29700,SUCCESS
A,epsilon,874,5100,SUCCESS
A,epsilon,875,18400,SUCCESS
A,epsilon,876,13600,SUCCESS
A,epsilon,877,22600,SUCCESS
A,epsilon,878,18000,SUCCESS
A,epsilon,879,37500,SUCCESS
A,epsilon,880,36900,SUCCESS
A,epsilon,881,37300,SUCCESS
A,epsilon,882,27400,SUCCESS
A,epsilon,883,23500,SUCCESS
A,epsilon,884,5000,SUCCESS
A,epsilon,885,20000,SUCCESS
A,epsilon,886,5000,SUCCESS
A,epsilon,887,18600,SUCCESS
A,epsilon,888,14000,SUCCESS
A,epsilon,889,10100,SUCCESS
A,epsilon,890,34400,SUCCESS
A,epsilon,891,18300,SUCCESS
A,epsilon,892,13600,SUCCESS
A,epsilon,893,8600,SUCCESS
A,epsilon,894,4900,SUCCESS
A,epsilon,895,6000,SUCCESS
A,epsilon,896,18300,SUCCESS
A,epsilon,897,64900,SUCCESS
A,epsilon,898,61900,SUCCESS
A,epsilon,899,45700,SUCCESS
A,epsilon,900,42000,SUCCESS
A,epsilon,901,77000,SUCCESS
A,epsilon,902,58600,SUCCESS
A,epsilon,903,54700,SUCCESS
A,epsilon,904,28500,SUCCESS
A,epsilon,905,22600,SUCCESS
A,epsilon,906,5000,SUCCESS
A,epsilon,907,17700,SUCCESS
A,epsilon,908,12600,SUCCESS
A,epsilon,909,9300,SUCCESS
A,epsilon,910,9300,SUCCESS
A,epsilon,911,4800,SUCCESS
A,epsilon,912,43000,SUCCESS
A,epsilon,913,39200,SUCCESS
A,epsilon,914,18800,SUCCESS
A,epsilon,915,14100,SUCCESS
A,epsilon,916,9500,SUCCESS
A,epsilon,917,5200,SUCCESS
A,epsilon,918,19100,SUCCESS
A,epsilon,919,14300,SUCCESS
A,epsilon,920,10400,SUCCESS
A,epsilon,921,6500,SUCCESS
A,epsilon,922,51200,SUCCESS
A,epsilon,923,44600,SUCCESS
A,epsilon,924,24300,SUCCESS
A,epsilon,925,4900,SUCCESS
A,epsilon,926,4900,SUCCESS
A,epsilon,927,17900,SUCCESS
A,epsilon,928,13200,SUCCESS
A,epsilon,929,8800,SUCCESS
A,epsilon,930,5100,SUCCESS
A,epsilon,931,18300,SUCCESS
A,epsilon,932,13600,SUCCESS
A,epsilon,933,49000,SUCCESS
A,epsilon,934,48600,SUCCESS
A,epsilon,935,48600,SUCCESS
A,epsilon,936,87700,SUCCESS
A,epsilon,937,80500,SUCCESS
A,epsilon,938,4900,SUCCESS
A,epsilon,939,25800,SUCCESS
A,epsilon,940,18500,SUCCESS
A,epsilon,941,67800,SUCCESS
A,epsilon,942,64500,SUCCESS
A,epsilon,943,102600,SUCCESS
A,epsilon,944,82400,SUCCESS
A,epsilon,945,78900,SUCCESS
A,epsilon,946,99700,SUCCESS
A,epsilon,947,80700,SUCCESS
A,epsilon,948,8600,SUCCESS
A,epsilon,949,29300,SUCCESS
A,epsilon,950,18300,SUCCESS
A,epsilon,951,13700,SUCCESS
A,epsilon,952,8800,SUCCESS
A,epsilon,953,4700,SUCCESS
A,epsilon,954,17900,SUCCESS
A,epsilon,955,13100,SUCCESS
A,epsilon,956,5000,SUCCESS
A,epsilon,957,43100,SUCCESS
A,epsilon,958,39300,SUCCESS
A,epsilon,959,18400,SUCCESS
A,epsilon,960,13700,SUCCESS
A,epsilon,961,8800,SUCCESS
A,epsilon,962,4800,SUCCESS
A,epsilon,963,18100,SUCCESS
A,epsilon,964,13400,SUCCESS
A,epsilon,965,14700,SUCCESS
A,epsilon,966,10800,SUCCESS
A,epsilon,967,55900,SUCCESS
A,epsilon,968,48200,SUCCESS
A,epsilon,969,24300,SUCCESS
A,epsilon,970,5000,SUCCESS
A,epsilon,971,4900,SUCCESS
A,epsilon,972,18000,SUCCESS
A,epsilon,973,13300,SUCCESS
A,epsilon,974,12700,SUCCESS
A,epsilon,975,9100,SUCCESS
A,epsilon,976,8600,SUCCESS
A,epsilon,977,4800,SUCCESS
A,epsilon,978,4900,SUCCESS
A,epsilon,979,4800,SUCCESS
A,epsilon,980,5000,SUCCESS
A,epsilon,981,4700,SUCCESS
A,epsilon,982,4800,SUCCESS
A,epsilon,983,50000,SUCCESS
A,epsilon,984,49700,SUCCESS
A,epsilon,985,49800,SUCCESS
A,epsilon,986,94100,SUCCESS
A,epsilon,987,31000,SUCCESS
A,epsilon,988,18400,SUCCESS
A,epsilon,989,13800,SUCCESS
A,epsilon,990,38600,SUCCESS
A,epsilon,991,18300,SUCCESS
A,epsilon,992,5800,SUCCESS
A,epsilon,993,4900,SUCCESS
A,epsilon,994,4900,SUCCESS
A,epsilon,995,9500,SUCCESS
A,epsilon,996,18300,SUCCESS
A,epsilon,997,13400,SUCCESS
A,epsilon,998,30500,SUCCESS
A,epsilon,999,26000,SUCCESS
A,alpha,0,32600,SUCCESS
A,alpha,1,34900,SUCCESS
A,alpha,2,66500,SUCCESS
A,alpha,3,70400,SUCCESS
A,alpha,4,68900,SUCCESS
A,alpha,5,75300,SUCCESS
A,alpha,6,77300,SUCCESS
A,alpha,7,77200,SUCCESS
A,alpha,8,27500,SUCCESS
A,alpha,9,20100,SUCCESS
A,alpha,10,10300,SUCCESS
A,alpha,11,15200,SUCCESS
A,alpha,12,20300,SUCCESS
A,alpha,13,15400,SUCCESS
A,alpha,14,15800,SUCCESS
A,alpha,15,16000,SUCCESS
A,alpha,16,12900,SUCCESS
A,alpha,17,12900,SUCCESS
A,alpha,18,13100,SUCCESS
A,alpha,19,20200,SUCCESS
A,alpha,20,12800,SUCCESS
A,alpha,21,67400,SUCCESS
A,alpha,22,64700,SUCCESS
A,alpha,23,98000,SUCCESS
A,alpha,24,97400,SUCCESS
A,alpha,25,101500,SUCCESS
A,alpha,26,104200,SUCCESS
A,alpha,27,48800,SUCCESS
A,alpha,28,20700,SUCCESS
A,alpha,29,25200,SUCCESS
A,alpha,30,10200,SUCCESS
A,alpha,31,21700,SUCCESS
A,alpha,32,4700,SUCCESS
A,alpha,33,46800,SUCCESS
A,alpha,34,46300,SUCCESS
A,alpha,35,70200,SUCCESS
A,alpha,36,69500,SUCCESS
A,alpha,37,73500,SUCCESS
A,alpha,38,95200,SUCCESS
A,alpha,39,141500,SUCCESS
A,alpha,40,130600,SUCCESS
A,alpha,41,114800,SUCCESS
A,alpha,42,103800,SUCCESS
A,alpha,43,90200,SUCCESS
A,alpha,44,75100,SUCCESS
A,alpha,45,66000,SUCCESS
A,alpha,46,92400,SUCCESS
A,alpha,47,76700,SUCCESS
A,alpha,48,59800,SUCCESS
A,alpha,49,48900,SUCCESS
A,alpha,50,23100,SUCCESS
A,alpha,51,16600,SUCCESS
A,alpha,52,15800,SUCCESS
A,alpha,53,20400,SUCCESS
A,alpha,54,12700,SUCCESS
A,alpha,55,17600,SUCCESS
A,alpha,56,13000,SUCCESS
A,alpha,57,12800,SUCCESS
A,alpha,58,13000,SUCCESS
A,alpha,59,13000,SUCCESS
A,alpha,60,20500,SUCCESS
A,alpha,61,16500,SUCCESS
A,alpha,62,15800,SUCCESS
A,alpha,63,18800,SUCCESS
A,alpha,64,17900,SUCCESS
A,alpha,65,21500,SUCCESS
A,alpha,66,13300,SUCCESS
A,alpha,67,89400,SUCCESS
A,alpha,68,65000,SUCCESS
A,alpha,69,98900,SUCCESS
A,alpha,70,113600,SUCCESS
A,alpha,71,122400,SUCCESS
A,alpha,72,118000,SUCCESS
A,alpha,73,124500,SUCCESS
A,alpha,74,101000,SUCCESS
A,alpha,75,72000,SUCCESS
A,alpha,76,78400,SUCCESS
A,alpha,77,50900,SUCCESS
A,alpha,78,25100,SUCCESS
A,alpha,79,56100,SUCCESS
A,alpha,80,40900,SUCCESS
A,alpha,81,75300,SUCCESS
A,alpha,82,101700,SUCCESS
A,alpha,83,119300,SUCCESS
A,alpha,84,116500,SUCCESS
A,alpha,85,134500,SUCCESS
A,alpha,86,145600,SUCCESS
A,alpha,87,154100,SUCCESS
A,alpha,88,127100,SUCCESS
A,alpha,89,25200,SUCCESS
A,alpha,90,51700,SUCCESS
A,alpha,91,36900,SUCCESS
A,alpha,92,63200,SUCCESS
A,alpha,93,47100,SUCCESS
A,alpha,94,95200,SUCCESS
A,alpha,95,103000,SUCCESS
A,alpha,96,113300,SUCCESS
A,alpha,97,114300,SUCCESS
A,alpha,98,26600,SUCCESS
A,alpha,99,60200,SUCCESS
A,alpha,100,46600,SUCCESS
A,alpha,101,82200,SUCCESS
A,alpha,102,105800,SUCCESS
A,alpha,103,122300,SUCCESS
A,alpha,104,129700,SUCCESS
A,alpha,105,141000,SUCCESS
A,alpha,106,144800,SUCCESS
A,alpha,107,149400,SUCCESS
A,alpha,108,126900,SUCCESS
A,alpha,109,20700,SUCCESS
A,alpha,110,40100,SUCCESS
A,alpha,111,21600,SUCCESS
A,alpha,112,12900,SUCCESS
A,alpha,113,19400,SUCCESS
A,alpha,114,14700,SUCCESS
A,alpha,115,13000,SUCCESS
A,alpha,116,12900,SUCCESS
A,alpha,117,19200,SUCCESS
A,alpha,118,13100,SUCCESS
A,alpha,119,19900,SUCCESS
A,alpha,120,12700,SUCCESS
A,alpha,121,13100,SUCCESS
A,alpha,122,16700,SUCCESS
A,alpha,123,12900,SUCCESS
A,alpha,124,16000,SUCCESS
A,alpha,125,15100,SUCCESS
A,alpha,126,12900,SUCCESS
A,alpha,127,19500,SUCCESS
A,alpha,128,12800,SUCCESS
A,alpha,129,16400,SUCCESS
A,alpha,130,14500,SUCCESS
A,alpha,131,12800,SUCCESS
A,alpha,132,19200,SUCCESS
A,alpha,133,12900,SUCCESS
A,alpha,134,16500,SUCCESS
A,alpha,135,14400,SUCCESS
A,alpha,136,12800,SUCCESS
A,alpha,137,19100,SUCCESS
A,alpha,138,12900,SUCCESS
A,alpha,139,16800,SUCCESS
A,alpha,140,13000,SUCCESS
A,alpha,141,144300,SUCCESS
A,alpha,142,129000,SUCCESS
A,alpha,143,162600,SUCCESS
A,alpha,144,168800,SUCCESS
A,alpha,145,179400,SUCCESS
A,alpha,146,183000,SUCCESS
A,alpha,147,189600,SUCCESS
A,alpha,148,197100,SUCCESS
A,alpha,149,205300,SUCCESS
A,alpha,150,21200,SUCCESS
A,alpha,151,39700,SUCCESS
A,alpha,152,20700,SUCCESS
A,alpha,153,12800,SUCCESS
A,alpha,154,18900,SUCCESS
A,alpha,155,14500,SUCCESS
A,alpha,156,12800,SUCCESS
A,alpha,157,18300,SUCCESS
A,alpha,158,14600,SUCCESS
A,alpha,159,14400,SUCCESS
A,alpha,160,47100,SUCCESS
A,alpha,161,33800,SUCCESS
A,alpha,162,37700,SUCCESS
A,alpha,163,36000,SUCCESS
A,alpha,164,32500,SUCCESS
A,alpha,165,47600,SUCCESS
A,alpha,166,28700,SUCCESS
A,alpha,167,61200,SUCCESS
A,alpha,168,69600,SUCCESS
A,alpha,169,77800,SUCCESS
A,alpha,170,68600,SUCCESS
A,alpha,171,80600,SUCCESS
A,alpha,172,96600,SUCCESS
A,alpha,173,55500,SUCCESS
A,alpha,174,61500,SUCCESS
A,alpha,175,47400,SUCCESS
A,alpha,176,38300,SUCCESS
A,alpha,177,51500,SUCCESS
A,alpha,178,21300,SUCCESS
A,alpha,179,69400,SUCCESS
A,alpha,180,39300,SUCCESS
A,alpha,181,20100,SUCCESS
A,alpha,182,62000,SUCCESS
A,alpha,183,78500,SUCCESS
A,alpha,184,74300,SUCCESS
A,alpha,185,96400,SUCCESS
A,alpha,186,20000,SUCCESS
A,alpha,187,24400,SUCCESS
A,alpha,188,20700,SUCCESS
A,alpha,189,21700,SUCCESS
A,alpha,190,18600,SUCCESS
A,alpha,191,20100,SUCCESS
A,alpha,192,20300,SUCCESS
A,alpha,193,18200,SUCCESS
A,alpha,194,20000,SUCCESS
A,alpha,195,4800,SUCCESS
A,alpha,196,18200,SUCCESS
A,alpha,197,24800,SUCCESS
A,alpha,198,51700,SUCCESS
A,alpha,199,18600,SUCCESS
A,alpha,200,21400,SUCCESS
A,alpha,201,4900,SUCCESS
A,alpha,202,18200,SUCCESS
A,alpha,203,4700,SUCCESS
A,alpha,204,38800,SUCCESS
A,alpha,205,43700,SUCCESS
A,alpha,206,18200,SUCCESS
A,alpha,207,21100,SUCCESS
A,alpha,208,4900,SUCCESS
A,alpha,209,18200,SUCCESS
A,alpha,210,20600,SUCCESS
A,alpha,211,17500,SUCCESS
A,alpha,212,22200,SUCCESS
A,alpha,213,18200,SUCCESS
A,alpha,214,21600,SUCCESS
A,alpha,215,19100,SUCCESS
A,alpha,216,21700,SUCCESS
A,alpha,217,18300,SUCCESS
A,alpha,218,20900,SUCCESS
A,alpha,219,16900,SUCCESS
A,alpha,220,22400,SUCCESS
A,alpha,221,18300,SUCCESS
A,alpha,222,20300,SUCCESS
A,alpha,223,17600,SUCCESS
A,alpha,224,21500,SUCCESS
A,alpha,225,18500,SUCCESS
A,alpha,226,21200,SUCCESS
A,alpha,227,17400,SUCCESS
A,alpha,228,20800,SUCCESS
A,alpha,229,18300,SUCCESS
A,alpha,230,21800,SUCCESS
A,alpha,231,17900,SUCCESS
A,alpha,232,21600,SUCCESS
A,alpha,233,18300,SUCCESS
A,alpha,234,20700,SUCCESS
A,alpha,235,17700,SUCCESS
A,alpha,236,21900,SUCCESS
A,alpha,237,18400,SUCCESS
A,alpha,238,21800,SUCCESS
A,alpha,239,18100,SUCCESS
A,alpha,240,20600,SUCCESS
A,alpha,241,18500,SUCCESS
A,alpha,242,21300,SUCCESS
A,alpha,243,17900,SUCCESS
A,alpha,244,21100,SUCCESS
A,alpha,245,18300,SUCCESS
A,alpha,246,20800,SUCCESS
A,alpha,247,17400,SUCCESS
A,alpha,248,16500,SUCCESS
A,alpha,249,18300,SUCCESS
A,alpha,250,21400,SUCCESS
A,alpha,251,17500,SUCCESS
A,alpha,252,21500,SUCCESS
A,alpha,253,18300,SUCCESS
A,alpha,254,21000,SUCCESS
A,alpha,255,17900,SUCCESS
A,alpha,256,21500,SUCCESS
A,alpha,257,52300,SUCCESS
A,alpha,258,48600,SUCCESS
A,alpha,259,10600,SUCCESS
A,alpha,260,9300,SUCCESS
A,alpha,261,17800,SUCCESS
A,alpha,262,9000,SUCCESS
A,alpha,263,8900,SUCCESS
A,alpha,264,9300,SUCCESS
A,alpha,265,11000,SUCCESS
A,alpha,266,7100,SUCCESS
A,alpha,267,9200,SUCCESS
A,alpha,268,9300,SUCCESS
A,alpha,269,14600,SUCCESS
A,alpha,270,23600,SUCCESS
A,alpha,271,9100,SUCCESS
A,alpha,272,9100,SUCCESS
A,alpha,273,13800,SUCCESS
A,alpha,274,8900,SUCCESS
A,alpha,275,9000,SUCCESS
A,alpha,276,9600,SUCCESS
A,alpha,277,10900,SUCCESS
A,alpha,278,7400,SUCCESS
A,alpha,279,9200,SUCCESS
A,alpha,280,9200,SUCCESS
A,alpha,281,9700,SUCCESS
A,alpha,282,6200,SUCCESS
A,alpha,283,9100,SUCCESS
A,alpha,284,9200,SUCCESS
A,alpha,285,9200,SUCCESS
A,alpha,286,6000,SUCCESS
A,alpha,287,8800,SUCCESS
A,alpha,288,8800,SUCCESS
A,alpha,289,8800,SUCCESS
A,alpha,290,5500,SUCCESS
A,alpha,291,9200,SUCCESS
A,alpha,292,9100,SUCCESS
A,alpha,293,8600,SUCCESS
A,alpha,294,4600,SUCCESS
A,alpha,295,9000,SUCCESS
A,alpha,296,8900,SUCCESS
A,alpha,297,9300,SUCCESS
A,alpha,298,5500,SUCCESS
A,alpha,299,21000,SUCCESS
A,alpha,300,4700,SUCCESS
A,alpha,301,46400,SUCCESS
A,alpha,302,49300,SUCCESS
A,alpha,303,18500,SUCCESS
A,alpha,304,17700,SUCCESS
A,alpha,305,35300,SUCCESS
A,alpha,306,11100,SUCCESS
A,alpha,307,18300,SUCCESS
A,alpha,308,17900,SUCCESS
A,alpha,309,13300,SUCCESS
A,alpha,310,50500,SUCCESS
A,alpha,311,21500,SUCCESS
A,alpha,312,18600,SUCCESS
A,alpha,313,17700,SUCCESS
A,alpha,314,33900,SUCCESS
A,alpha,315,19300,SUCCESS
A,alpha,316,4700,SUCCESS
A,alpha,317,18300,SUCCESS
A,alpha,318,32600,SUCCESS
A,alpha,319,5000,SUCCESS
A,alpha,320,18300,SUCCESS
A,alpha,321,4800,SUCCESS
A,alpha,322,45300,SUCCESS
A,alpha,323,48000,SUCCESS
A,alpha,324,18200,SUCCESS
A,alpha,325,21200,SUCCESS
A,alpha,326,4800,SUCCESS
A,alpha,327,18500,SUCCESS
A,alpha,328,4800,SUCCESS
A,alpha,329,45300,SUCCESS
A,alpha,330,50100,SUCCESS
A,alpha,331,18600,SUCCESS
A,alpha,332,21700,SUCCESS
A,alpha,333,5300,SUCCESS
A,alpha,334,18100,SUCCESS
A,alpha,335,26100,SUCCESS
A,alpha,336,44400,SUCCESS
A,alpha,337,18800,SUCCESS
A,alpha,338,21200,SUCCESS
A,alpha,339,4600,SUCCESS
A,alpha,340,18200,SUCCESS
A,alpha,341,25900,SUCCESS
A,alpha,342,44300,SUCCESS
A,alpha,343,18600,SUCCESS
A,alpha,344,20600,SUCCESS
A,alpha,345,5200,SUCCESS
A,alpha,346,18500,SUCCESS
A,alpha,347,4800,SUCCESS
A,alpha,348,45600,SUCCESS
A,alpha,349,50500,SUCCESS
A,alpha,350,18400,SUCCESS
A,alpha,351,21600,SUCCESS
A,alpha,352,5700,SUCCESS
A,alpha,353,18500,SUCCESS
A,alpha,354,4700,SUCCESS
A,alpha,355,44600,SUCCESS
A,alpha,356,50400,SUCCESS
A,alpha,357,18300,SUCCESS
A,alpha,358,20800,SUCCESS
A,alpha,359,4700,SUCCESS
A,alpha,360,18200,SUCCESS
A,alpha,361,4800,SUCCESS
A,alpha,362,44300,SUCCESS
A,alpha,363,49800,SUCCESS
A,alpha,364,18400,SUCCESS
A,alpha,365,21200,SUCCESS
A,alpha,366,4900,SUCCESS
A,alpha,367,18100,SUCCESS
A,alpha,368,4700,SUCCESS
A,alpha,369,44300,SUCCESS
A,alpha,370,49000,SUCCESS
A,alpha,371,18600,SUCCESS
A,alpha,372,24700,SUCCESS
A,alpha,373,7200,SUCCESS
A,alpha,374,18300,SUCCESS
A,alpha,375,4700,SUCCESS
A,alpha,376,44900,SUCCESS
A,alpha,377,49600,SUCCESS
A,alpha,378,18700,SUCCESS
A,alpha,379,20800,SUCCESS
A,alpha,380,4600,SUCCESS
A,alpha,381,18600,SUCCESS
A,alpha,382,4700,SUCCESS
A,alpha,383,44900,SUCCESS
A,alpha,384,49200,SUCCESS
A,alpha,385,18400,SUCCESS
A,alpha,386,4800,SUCCESS
A,alpha,387,25500,SUCCESS
A,alpha,388,18400,SUCCESS
A,alpha,389,4700,SUCCESS
A,alpha,390,25600,SUCCESS
A,alpha,391,18300,SUCCESS
A,alpha,392,4800,SUCCESS
A,alpha,393,25900,SUCCESS
A,alpha,394,18200,SUCCESS
A,alpha,395,4700,SUCCESS
A,alpha,396,25200,SUCCESS
A,alpha,397,18200,SUCCESS
A,alpha,398,4700,SUCCESS
A,alpha,399,25200,SUCCESS
A,alpha,400,18600,SUCCESS
A,alpha,401,4700,SUCCESS
A,alpha,402,26200,SUCCESS
A,alpha,403,18500,SUCCESS
A,alpha,404,4700,SUCCESS
A,alpha,405,25800,SUCCESS
A,alpha,406,18500,SUCCESS
A,alpha,407,4800,SUCCESS
A,alpha,408,25900,SUCCESS
A,alpha,409,18700,SUCCESS
A,alpha,410,4700,SUCCESS
A,alpha,411,24800,SUCCESS
A,alpha,412,18600,SUCCESS
A,alpha,413,4800,SUCCESS
A,alpha,414,24400,SUCCESS
A,alpha,415,18900,SUCCESS
A,alpha,416,4800,SUCCESS
A,alpha,417,25300,SUCCESS
A,alpha,418,18500,SUCCESS
A,alpha,419,4700,SUCCESS
A,alpha,420,26300,SUCCESS
A,alpha,421,19200,SUCCESS
A,alpha,422,4700,SUCCESS
A,alpha,423,28400,SUCCESS
A,alpha,424,18500,SUCCESS
A,alpha,425,4800,SUCCESS
A,alpha,426,25700,SUCCESS
A,alpha,427,19000,SUCCESS
A,alpha,428,4800,SUCCESS
A,alpha,429,25200,SUCCESS
A,alpha,430,18400,SUCCESS
A,alpha,431,4800,SUCCESS
A,alpha,432,25400,SUCCESS
A,alpha,433,18600,SUCCESS
A,alpha,434,4800,SUCCESS
A,alpha,435,25700,SUCCESS
A,alpha,436,18900,SUCCESS
A,alpha,437,4700,SUCCESS
A,alpha,438,25700,SUCCESS
A,alpha,439,18600,SUCCESS
A,alpha,440,4900,SUCCESS
A,alpha,441,27100,SUCCESS
A,alpha,442,18500,SUCCESS
A,alpha,443,4600,SUCCESS
A,alpha,444,25400,SUCCESS
A,alpha,445,18700,SUCCESS
A,alpha,446,4700,SUCCESS
A,alpha,447,26800,SUCCESS
A,alpha,448,18200,SUCCESS
A,alpha,449,4700,SUCCESS
A,alpha,450,25200,SUCCESS
A,alpha,451,18500,SUCCESS
A,alpha,452,4800,SUCCESS
A,alpha,453,26100,SUCCESS
A,alpha,454,18900,SUCCESS
A,alpha,455,4700,SUCCESS
A,alpha,456,26900,SUCCESS
A,alpha,457,18300,SUCCESS
A,alpha,458,4800,SUCCESS
A,alpha,459,25700,SUCCESS
A,alpha,460,18500,SUCCESS
A,alpha,461,4800,SUCCESS
A,alpha,462,25500,SUCCESS
A,alpha,463,18300,SUCCESS
A,alpha,464,4800,SUCCESS
A,alpha,465,25100,SUCCESS
A,alpha,466,18300,SUCCESS
A,alpha,467,4800,SUCCESS
A,alpha,468,25400,SUCCESS
A,alpha,469,18700,SUCCESS
A,alpha,470,4700,SUCCESS
A,alpha,471,25000,SUCCESS
A,alpha,472,18300,SUCCESS
A,alpha,473,4700,SUCCESS
A,alpha,474,25600,SUCCESS
A,alpha,475,18400,SUCCESS
A,alpha,476,4800,SUCCESS
A,alpha,477,25600,SUCCESS
A,alpha,478,18500,SUCCESS
A,alpha,479,4700,SUCCESS
A,alpha,480,25600,SUCCESS
A,alpha,481,18200,SUCCESS
A,alpha,482,4700,SUCCESS
A,alpha,483,25700,SUCCESS
A,alpha,484,18200,SUCCESS
A,alpha,485,4700,SUCCESS
A,alpha,486,25300,SUCCESS
A,alpha,487,18600,SUCCESS
A,alpha,488,4700,SUCCESS
A,alpha,489,25000,SUCCESS
A,alpha,490,18500,SUCCESS
A,alpha,491,4800,SUCCESS
A,alpha,492,24600,SUCCESS
A,alpha,493,19700,SUCCESS
A,alpha,494,4800,SUCCESS
A,alpha,495,24900,SUCCESS
A,alpha,496,18500,SUCCESS
A,alpha,497,4700,SUCCESS
A,alpha,498,25000,SUCCESS
A,alpha,499,19300,SUCCESS
A,alpha,500,4800,SUCCESS
A,alpha,501,24900,SUCCESS
A,alpha,502,18800,SUCCESS
A,alpha,503,4700,SUCCESS
A,alpha,504,24600,SUCCESS
A,alpha,505,18700,SUCCESS
A,alpha,506,4700,SUCCESS
A,alpha,507,25400,SUCCESS
A,alpha,508,18900,SUCCESS
A,alpha,509,4700,SUCCESS
A,alpha,510,25800,SUCCESS
A,alpha,511,18900,SUCCESS
A,alpha,512,4900,SUCCESS
A,alpha,513,70700,SUCCESS
A,alpha,514,90600,SUCCESS
A,alpha,515,77500,SUCCESS
A,alpha,516,9700,SUCCESS
A,alpha,517,16800,SUCCESS
A,alpha,518,13800,SUCCESS
A,alpha,519,20900,SUCCESS
A,alpha,520,12800,SUCCESS
A,alpha,521,12800,SUCCESS
A,alpha,522,17000,SUCCESS
A,alpha,523,16400,SUCCESS
A,alpha,524,17200,SUCCESS
A,alpha,525,10000,SUCCESS
A,alpha,526,15200,SUCCESS
A,alpha,527,12900,SUCCESS
A,alpha,528,17400,SUCCESS
A,alpha,529,16500,SUCCESS
A,alpha,530,13000,SUCCESS
A,alpha,531,20100,SUCCESS
A,alpha,532,16800,SUCCESS
A,alpha,533,10300,SUCCESS
A,alpha,534,12900,SUCCESS
A,alpha,535,20100,SUCCESS
A,alpha,536,15500,SUCCESS
A,alpha,537,12900,SUCCESS
A,alpha,538,13100,SUCCESS
A,alpha,539,17000,SUCCESS
A,alpha,540,16700,SUCCESS
A,alpha,541,12800,SUCCESS
A,alpha,542,15800,SUCCESS
A,alpha,543,14600,SUCCESS
A,alpha,544,12800,SUCCESS
A,alpha,545,20200,SUCCESS
A,alpha,546,16600,SUCCESS
A,alpha,547,12900,SUCCESS
A,alpha,548,12800,SUCCESS
A,alpha,549,17900,SUCCESS
A,alpha,550,10200,SUCCESS
A,alpha,551,12900,SUCCESS
A,alpha,552,19400,SUCCESS
A,alpha,553,16000,SUCCESS
A,alpha,554,16900,SUCCESS
A,alpha,555,13200,SUCCESS
A,alpha,556,19700,SUCCESS
A,alpha,557,13000,SUCCESS
A,alpha,558,20300,SUCCESS
A,alpha,559,14800,SUCCESS
A,alpha,560,12900,SUCCESS
A,alpha,561,18800,SUCCESS
A,alpha,562,14500,SUCCESS
A,alpha,563,16000,SUCCESS
A,alpha,564,13200,SUCCESS
A,alpha,565,18700,SUCCESS
A,alpha,566,12700,SUCCESS
A,alpha,567,18600,SUCCESS
A,alpha,568,14500,SUCCESS
A,alpha,569,13000,SUCCESS
A,alpha,570,19300,SUCCESS
A,alpha,571,15100,SUCCESS
A,alpha,572,12900,SUCCESS
A,alpha,573,18300,SUCCESS
A,alpha,574,14400,SUCCESS
A,alpha,575,16400,SUCCESS
A,alpha,576,13200,SUCCESS
A,alpha,577,12600,SUCCESS
A,alpha,578,18700,SUCCESS
A,alpha,579,14500,SUCCESS
A,alpha,580,12900,SUCCESS
A,alpha,581,19100,SUCCESS
A,alpha,582,15000,SUCCESS
A,alpha,583,12800,SUCCESS
A,alpha,584,18400,SUCCESS
A,alpha,585,14800,SUCCESS
A,alpha,586,15700,SUCCESS
A,alpha,587,14900,SUCCESS
A,alpha,588,14500,SUCCESS
A,alpha,589,14700,SUCCESS
A,alpha,590,15200,SUCCESS
A,alpha,591,14300,SUCCESS
A,alpha,592,15300,SUCCESS
A,alpha,593,15000,SUCCESS
A,alpha,594,15200,SUCCESS
A,alpha,595,15000,SUCCESS
A,alpha,596,14900,SUCCESS
A,alpha,597,14400,SUCCESS
A,alpha,598,12600,SUCCESS
A,alpha,599,16700,SUCCESS
A,alpha,600,14700,SUCCESS
A,alpha,601,15100,SUCCESS
A,alpha,602,14700,SUCCESS
A,alpha,603,14400,SUCCESS
A,alpha,604,15000,SUCCESS
A,alpha,605,15500,SUCCESS
A,alpha,606,14500,SUCCESS
A,alpha,607,14800,SUCCESS
A,alpha,608,14600,SUCCESS
A,alpha,609,14400,SUCCESS
A,alpha,610,15100,SUCCESS
A,alpha,611,15500,SUCCESS
A,alpha,612,14500,SUCCESS
A,alpha,613,16000,SUCCESS
A,alpha,614,10300,SUCCESS
A,alpha,615,15400,SUCCESS
A,alpha,616,21100,SUCCESS
A,alpha,617,12800,SUCCESS
A,alpha,618,15100,SUCCESS
A,alpha,619,15700,SUCCESS
A,alpha,620,15000,SUCCESS
A,alpha,621,15300,SUCCESS
A,alpha,622,16200,SUCCESS
A,alpha,623,14600,SUCCESS
A,alpha,624,14700,SUCCESS
A,alpha,625,26800,SUCCESS
A,alpha,626,14600,SUCCESS
A,alpha,627,15200,SUCCESS
A,alpha,628,15800,SUCCESS
A,alpha,629,12900,SUCCESS
A,alpha,630,12800,SUCCESS
A,alpha,631,18400,SUCCESS
A,alpha,632,14300,SUCCESS
A,alpha,633,13100,SUCCESS
A,alpha,634,62600,SUCCESS
A,alpha,635,16500,SUCCESS
A,alpha,636,56800,SUCCESS
A,alpha,637,69900,SUCCESS
A,alpha,638,86800,SUCCESS
A,alpha,639,99600,SUCCESS
A,alpha,640,87800,SUCCESS
A,alpha,641,52600,SUCCESS
A,alpha,642,18200,SUCCESS
A,alpha,643,18700,SUCCESS
A,alpha,644,18600,SUCCESS
A,alpha,645,4700,SUCCESS
A,alpha,646,21800,SUCCESS
A,alpha,647,17900,SUCCESS
A,alpha,648,23900,SUCCESS
A,alpha,649,5700,SUCCESS
A,alpha,650,18000,SUCCESS
A,alpha,651,7900,SUCCESS
A,alpha,652,17900,SUCCESS
A,alpha,653,4600,SUCCESS
A,alpha,654,17900,SUCCESS
A,alpha,655,7000,SUCCESS
A,alpha,656,18100,SUCCESS
A,alpha,657,4600,SUCCESS
A,alpha,658,4900,SUCCESS
A,alpha,659,28600,SUCCESS
A,alpha,660,28600,SUCCESS
A,alpha,661,36800,SUCCESS
A,alpha,662,42700,SUCCESS
A,alpha,663,10200,SUCCESS
A,alpha,664,19700,SUCCESS
A,alpha,665,30500,SUCCESS
A,alpha,666,10900,SUCCESS
A,alpha,667,54100,SUCCESS
A,alpha,668,67700,SUCCESS
A,alpha,669,77000,SUCCESS
A,alpha,670,94300,SUCCESS
A,alpha,671,110200,SUCCESS
A,alpha,672,24300,SUCCESS
A,alpha,673,17100,SUCCESS
A,alpha,674,13100,SUCCESS
A,alpha,675,12800,SUCCESS
A,alpha,676,20700,SUCCESS
A,alpha,677,12800,SUCCESS
A,alpha,678,12700,SUCCESS
A,alpha,679,19800,SUCCESS
A,alpha,680,15900,SUCCESS
A,alpha,681,12900,SUCCESS
A,alpha,682,19400,SUCCESS
A,alpha,683,15700,SUCCESS
A,alpha,684,16600,SUCCESS
A,alpha,685,12900,SUCCESS
A,alpha,686,13000,SUCCESS
A,alpha,687,19700,SUCCESS
A,alpha,688,15700,SUCCESS
A,alpha,689,16300,SUCCESS
A,alpha,690,12900,SUCCESS
A,alpha,691,13000,SUCCESS
A,alpha,692,19400,SUCCESS
A,alpha,693,15700,SUCCESS
A,alpha,694,17000,SUCCESS
A,alpha,695,16100,SUCCESS
A,alpha,696,14700,SUCCESS
A,alpha,697,12800,SUCCESS
A,alpha,698,16900,SUCCESS
A,alpha,699,13000,SUCCESS
A,alpha,700,19400,SUCCESS
A,alpha,701,15800,SUCCESS
A,alpha,702,16200,SUCCESS
A,alpha,703,12900,SUCCESS
A,alpha,704,19900,SUCCESS
A,alpha,705,12800,SUCCESS
A,alpha,706,12900,SUCCESS
A,alpha,707,16400,SUCCESS
A,alpha,708,15600,SUCCESS
A,alpha,709,13100,SUCCESS
A,alpha,710,19400,SUCCESS
A,alpha,711,15500,SUCCESS
A,alpha,712,15900,SUCCESS
A,alpha,713,13100,SUCCESS
A,alpha,714,19300,SUCCESS
A,alpha,715,12800,SUCCESS
A,alpha,716,12700,SUCCESS
A,alpha,717,17200,SUCCESS
A,alpha,718,12900,SUCCESS
A,alpha,719,20000,SUCCESS
A,alpha,720,15800,SUCCESS
A,alpha,721,13100,SUCCESS
A,alpha,722,19600,SUCCESS
A,alpha,723,16400,SUCCESS
A,alpha,724,10100,SUCCESS
A,alpha,725,12900,SUCCESS
A,alpha,726,19300,SUCCESS
A,alpha,727,15900,SUCCESS
A,alpha,728,16600,SUCCESS
A,alpha,729,13200,SUCCESS
A,alpha,730,19500,SUCCESS
A,alpha,731,12700,SUCCESS
A,alpha,732,12800,SUCCESS
A,alpha,733,16900,SUCCESS
A,alpha,734,13000,SUCCESS
A,alpha,735,19800,SUCCESS
A,alpha,736,15700,SUCCESS
A,alpha,737,13200,SUCCESS
A,alpha,738,19500,SUCCESS
A,alpha,739,15900,SUCCESS
A,alpha,740,13000,SUCCESS
A,alpha,741,19400,SUCCESS
A,alpha,742,16500,SUCCESS
A,alpha,743,10300,SUCCESS
A,alpha,744,16100,SUCCESS
A,alpha,745,13000,SUCCESS
A,alpha,746,19900,SUCCESS
A,alpha,747,12900,SUCCESS
A,alpha,748,12900,SUCCESS
A,alpha,749,19500,SUCCESS
A,alpha,750,55700,SUCCESS
A,alpha,751,39000,SUCCESS
A,alpha,752,42000,SUCCESS
A,alpha,753,35200,SUCCESS
A,alpha,754,21500,SUCCESS
A,alpha,755,52100,SUCCESS
A,alpha,756,27400,SUCCESS
A,alpha,757,81000,SUCCESS
A,alpha,758,102500,SUCCESS
A,alpha,759,127900,SUCCESS
A,alpha,760,150400,SUCCESS
A,alpha,761,174300,SUCCESS
A,alpha,762,173000,SUCCESS
A,alpha,763,76900,SUCCESS
A,alpha,764,64600,SUCCESS
A,alpha,765,140100,SUCCESS
A,alpha,766,134500,SUCCESS
A,alpha,767,101000,SUCCESS
A,alpha,768,97300,SUCCESS
A,alpha,769,25400,SUCCESS
A,alpha,770,81100,SUCCESS
A,alpha,771,64000,SUCCESS
A,alpha,772,118200,SUCCESS
A,alpha,773,115100,SUCCESS
A,alpha,774,107700,SUCCESS
A,alpha,775,143500,SUCCESS
A,alpha,776,159600,SUCCESS
A,alpha,777,174200,SUCCESS
A,alpha,778,193400,SUCCESS
A,alpha,779,200300,SUCCESS
A,alpha,780,82800,SUCCESS
A,alpha,781,100600,SUCCESS
A,alpha,782,137200,SUCCESS
A,alpha,783,159700,SUCCESS
A,alpha,784,110800,SUCCESS
A,alpha,785,88900,SUCCESS
A,alpha,786,68900,SUCCESS
A,alpha,787,59800,SUCCESS
A,alpha,788,126400,SUCCESS
A,alpha,789,163000,SUCCESS
A,alpha,790,159500,SUCCESS
A,alpha,791,155500,SUCCESS
A,alpha,792,149500,SUCCESS
A,alpha,793,126500,SUCCESS
A,alpha,794,84300,SUCCESS
A,alpha,795,64200,SUCCESS
A,alpha,796,119900,SUCCESS
A,alpha,797,117000,SUCCESS
A,alpha,798,111000,SUCCESS
A,alpha,799,97800,SUCCESS
A,alpha,800,54700,SUCCESS
A,alpha,801,78400,SUCCESS
A,alpha,802,110400,SUCCESS
A,alpha,803,107100,SUCCESS
A,alpha,804,100400,SUCCESS
A,alpha,805,93400,SUCCESS
A,alpha,806,31500,SUCCESS
A,alpha,807,25200,SUCCESS
A,alpha,808,18800,SUCCESS
A,alpha,809,16400,SUCCESS
A,alpha,810,13300,SUCCESS
A,alpha,811,13400,SUCCESS
A,alpha,812,12800,SUCCESS
A,alpha,813,98100,SUCCESS
A,alpha,814,117600,SUCCESS
A,alpha,815,127000,SUCCESS
A,alpha,816,105300,SUCCESS
A,alpha,817,94200,SUCCESS
A,alpha,818,59800,SUCCESS
A,alpha,819,37700,SUCCESS
A,alpha,820,91900,SUCCESS
A,alpha,821,110300,SUCCESS
A,alpha,822,57100,SUCCESS
A,alpha,823,47500,SUCCESS
A,alpha,824,89500,SUCCESS
A,alpha,825,102300,SUCCESS
A,alpha,826,126600,SUCCESS
A,alpha,827,64200,SUCCESS
A,alpha,828,48300,SUCCESS
A,alpha,829,41000,SUCCESS
A,alpha,830,29800,SUCCESS
A,alpha,831,21300,SUCCESS
A,alpha,832,116900,SUCCESS
A,alpha,833,109700,SUCCESS
A,alpha,834,132800,SUCCESS
A,alpha,835,158600,SUCCESS
A,alpha,836,197200,SUCCESS
A,alpha,837,230400,SUCCESS
A,alpha,838,108400,SUCCESS
A,alpha,839,9400,SUCCESS
A,alpha,840,30800,SUCCESS
A,alpha,841,21600,SUCCESS
A,alpha,842,19700,SUCCESS
A,alpha,843,21800,SUCCESS
A,alpha,844,9600,SUCCESS
A,alpha,845,9900,SUCCESS
A,alpha,846,25200,SUCCESS
A,alpha,847,24000,SUCCESS
A,alpha,848,17300,SUCCESS
A,alpha,849,9100,SUCCESS
A,alpha,850,10000,SUCCESS
A,alpha,851,10200,SUCCESS
A,alpha,852,10500,SUCCESS
A,alpha,853,21100,SUCCESS
A,alpha,854,14300,SUCCESS
A,alpha,855,7700,SUCCESS
A,alpha,856,41600,SUCCESS
A,alpha,857,32100,SUCCESS
A,alpha,858,19600,SUCCESS
A,alpha,859,24700,SUCCESS
A,alpha,860,19200,SUCCESS
A,alpha,861,4700,SUCCESS
A,alpha,862,25500,SUCCESS
A,alpha,863,19000,SUCCESS
A,alpha,864,4700,SUCCESS
A,alpha,865,25100,SUCCESS
A,alpha,866,29400,SUCCESS
A,alpha,867,37100,SUCCESS
A,alpha,868,45100,SUCCESS
A,alpha,869,18700,SUCCESS
A,alpha,870,10200,SUCCESS
A,alpha,871,19900,SUCCESS
A,alpha,872,17300,SUCCESS
A,alpha,873,19800,SUCCESS
A,alpha,874,17100,SUCCESS
A,alpha,875,17000,SUCCESS
A,alpha,876,16800,SUCCESS
A,alpha,877,17000,SUCCESS
A,alpha,878,17400,SUCCESS
A,alpha,879,19800,SUCCESS
A,alpha,880,17300,SUCCESS
A,alpha,881,20100,SUCCESS
A,alpha,882,17100,SUCCESS
A,alpha,883,76800,SUCCESS
A,alpha,884,100800,SUCCESS
A,alpha,885,48200,SUCCESS
A,alpha,886,47900,SUCCESS
A,alpha,887,60900,SUCCESS
A,alpha,888,85200,SUCCESS
A,alpha,889,104300,SUCCESS
A,alpha,890,74900,SUCCESS
A,alpha,891,24500,SUCCESS
A,alpha,892,6700,SUCCESS
A,alpha,893,38200,SUCCESS
A,alpha,894,22000,SUCCESS
A,alpha,895,17000,SUCCESS
A,alpha,896,16000,SUCCESS
A,alpha,897,16600,SUCCESS
A,alpha,898,16100,SUCCESS
A,alpha,899,15900,SUCCESS
A,alpha,900,16600,SUCCESS
A,alpha,901,15600,SUCCESS
A,alpha,902,15900,SUCCESS
A,alpha,903,17400,SUCCESS
A,alpha,904,12300,SUCCESS
A,alpha,905,15800,SUCCESS
A,alpha,906,15900,SUCCESS
A,alpha,907,15500,SUCCESS
A,alpha,908,13600,SUCCESS
A,alpha,909,17200,SUCCESS
A,alpha,910,15700,SUCCESS
A,alpha,911,16500,SUCCESS
A,alpha,912,15700,SUCCESS
A,alpha,913,19600,SUCCESS
A,alpha,914,19500,SUCCESS
A,alpha,915,15900,SUCCESS
A,alpha,916,16200,SUCCESS
A,alpha,917,15900,SUCCESS
A,alpha,918,15700,SUCCESS
A,alpha,919,16000,SUCCESS
A,alpha,920,16800,SUCCESS
A,alpha,921,15800,SUCCESS
A,alpha,922,17700,SUCCESS
A,alpha,923,12400,SUCCESS
A,alpha,924,15700,SUCCESS
A,alpha,925,17300,SUCCESS
A,alpha,926,15900,SUCCESS
A,alpha,927,16200,SUCCESS
A,alpha,928,15800,SUCCESS
A,alpha,929,16000,SUCCESS
A,alpha,930,15900,SUCCESS
A,alpha,931,16100,SUCCESS
A,alpha,932,15600,SUCCESS
A,alpha,933,16900,SUCCESS
A,alpha,934,17100,SUCCESS
A,alpha,935,16000,SUCCESS
A,alpha,936,10500,SUCCESS
A,alpha,937,17200,SUCCESS
A,alpha,938,15800,SUCCESS
A,alpha,939,16900,SUCCESS
A,alpha,940,16100,SUCCESS
A,alpha,941,15800,SUCCESS
A,alpha,942,16000,SUCCESS
A,alpha,943,15800,SUCCESS
A,alpha,944,16200,SUCCESS
A,alpha,945,16100,SUCCESS
A,alpha,946,15900,SUCCESS
A,alpha,947,16400,SUCCESS
A,alpha,948,15800,SUCCESS
A,alpha,949,15700,SUCCESS
A,alpha,950,15700,SUCCESS
A,alpha,951,15300,SUCCESS
A,alpha,952,16000,SUCCESS
A,alpha,953,15900,SUCCESS
A,alpha,954,15700,SUCCESS
A,alpha,955,16700,SUCCESS
A,alpha,956,16000,SUCCESS
A,alpha,957,16000,SUCCESS
A,alpha,958,34800,SUCCESS
A,alpha,959,22000,SUCCESS
A,alpha,960,13300,SUCCESS
A,alpha,961,10600,SUCCESS
A,alpha,962,96200,SUCCESS
A,alpha,963,87500,SUCCESS
A,alpha,964,82400,SUCCESS
A,alpha,965,75000,SUCCESS
A,alpha,966,62900,SUCCESS
A,alpha,967,122600,SUCCESS
A,alpha,968,117100,SUCCESS
A,alpha,969,107800,SUCCESS
A,alpha,970,162100,SUCCESS
A,alpha,971,163700,SUCCESS
A,alpha,972,159300,SUCCESS
A,alpha,973,211400,SUCCESS
A,alpha,974,206400,SUCCESS
A,alpha,975,201100,SUCCESS
A,alpha,976,250700,SUCCESS
A,alpha,977,244300,SUCCESS
A,alpha,978,233900,SUCCESS
A,alpha,979,277500,SUCCESS
A,alpha,980,268600,SUCCESS
A,alpha,981,306300,SUCCESS
A,alpha,982,297500,SUCCESS
A,alpha,983,289300,SUCCESS
A,alpha,984,338600,SUCCESS
A,alpha,985,333000,SUCCESS
A,alpha,986,327800,SUCCESS
A,alpha,987,375800,SUCCESS
A,alpha,988,363800,SUCCESS
A,alpha,989,392100,SUCCESS
A,alpha,990,388000,SUCCESS
A,alpha,991,395400,SUCCESS
A,alpha,992,389900,SUCCESS
A,alpha,993,433100,SUCCESS
A,alpha,994,451700,SUCCESS
A,alpha,995,473800,SUCCESS
A,alpha,996,484500,SUCCESS
A,alpha,997,410600,SUCCESS
A,alpha,998,353600,SUCCESS
A,alpha,999,284200,SUCCESS
A,beta,0,258600,SUCCESS
A,beta,1,25200,SUCCESS
A,beta,2,92300,SUCCESS
A,beta,3,83100,SUCCESS
A,beta,4,129900,SUCCESS
A,beta,5,116200,SUCCESS
A,beta,6,98200,SUCCESS
A,beta,7,89900,SUCCESS
A,beta,8,41400,SUCCESS
A,beta,9,61600,SUCCESS
A,beta,10,91600,SUCCESS
A,beta,11,76400,SUCCESS
A,beta,12,45500,SUCCESS
A,beta,13,63200,SUCCESS
A,beta,14,43000,SUCCESS
A,beta,15,82500,SUCCESS
A,beta,16,19800,SUCCESS
A,beta,17,21500,SUCCESS
A,beta,18,15000,SUCCESS
A,beta,19,54900,SUCCESS
A,beta,20,55300,SUCCESS
A,beta,21,69100,SUCCESS
A,beta,22,82700,SUCCESS
A,beta,23,21100,SUCCESS
A,beta,24,4700,SUCCESS
A,beta,25,31600,SUCCESS
A,beta,26,20400,SUCCESS
A,beta,27,13600,SUCCESS
A,beta,28,18000,SUCCESS
A,beta,29,13000,SUCCESS
A,beta,30,19400,SUCCESS
A,beta,31,19600,SUCCESS
A,beta,32,20500,SUCCESS
A,beta,33,17800,SUCCESS
A,beta,34,18600,SUCCESS
A,beta,35,15400,SUCCESS
A,beta,36,17500,SUCCESS
A,beta,37,4700,SUCCESS
A,beta,38,17900,SUCCESS
A,beta,39,48700,SUCCESS
A,beta,40,53400,SUCCESS
A,beta,41,18300,SUCCESS
A,beta,42,20300,SUCCESS
A,beta,43,4900,SUCCESS
A,beta,44,18100,SUCCESS
A,beta,45,4700,SUCCESS
A,beta,46,4700,SUCCESS
A,beta,47,38500,SUCCESS
A,beta,48,48800,SUCCESS
A,beta,49,18500,SUCCESS
A,beta,50,19500,SUCCESS
A,beta,51,4900,SUCCESS
A,beta,52,18300,SUCCESS
A,beta,53,23100,SUCCESS
A,beta,54,40500,SUCCESS
A,beta,55,18200,SUCCESS
A,beta,56,18900,SUCCESS
A,beta,57,5000,SUCCESS
A,beta,58,17800,SUCCESS
A,beta,59,4600,SUCCESS
A,beta,60,4600,SUCCESS
A,beta,61,36900,SUCCESS
A,beta,62,40200,SUCCESS
A,beta,63,18200,SUCCESS
A,beta,64,19100,SUCCESS
A,beta,65,4900,SUCCESS
A,beta,66,18000,SUCCESS
A,beta,67,24600,SUCCESS
A,beta,68,42800,SUCCESS
A,beta,69,18100,SUCCESS
A,beta,70,20300,SUCCESS
A,beta,71,17500,SUCCESS
A,beta,72,48500,SUCCESS
A,beta,73,53500,SUCCESS
A,beta,74,18000,SUCCESS
A,beta,75,19000,SUCCESS
A,beta,76,4900,SUCCESS
A,beta,77,18100,SUCCESS
A,beta,78,20400,SUCCESS
A,beta,79,38000,SUCCESS
A,beta,80,52800,SUCCESS
A,beta,81,58600,SUCCESS
A,beta,82,33100,SUCCESS
A,beta,83,43000,SUCCESS
A,beta,84,4900,SUCCESS
A,beta,85,18100,SUCCESS
A,beta,86,36100,SUCCESS
A,beta,87,43400,SUCCESS
A,beta,88,18300,SUCCESS
A,beta,89,19900,SUCCESS
A,beta,90,4900,SUCCESS
A,beta,91,18100,SUCCESS
A,beta,92,5100,SUCCESS
A,beta,93,4500,SUCCESS
A,beta,94,36800,SUCCESS
A,beta,95,40700,SUCCESS
A,beta,96,18200,SUCCESS
A,beta,97,18900,SUCCESS
A,beta,98,4900,SUCCESS
A,beta,99,18500,SUCCESS
A,beta,100,22500,SUCCESS
A,beta,101,39800,SUCCESS
A,beta,102,18100,SUCCESS
A,beta,103,4700,SUCCESS
A,beta,104,20800,SUCCESS
A,beta,105,15300,SUCCESS
A,beta,106,17800,SUCCESS
A,beta,107,8700,SUCCESS
A,beta,108,21100,SUCCESS
A,beta,109,23600,SUCCESS
A,beta,110,18500,SUCCESS
A,beta,111,4900,SUCCESS
A,beta,112,18200,SUCCESS
A,beta,113,24000,SUCCESS
A,beta,114,41000,SUCCESS
A,beta,115,18300,SUCCESS
A,beta,116,19200,SUCCESS
A,beta,117,4900,SUCCESS
A,beta,118,17800,SUCCESS
A,beta,119,5500,SUCCESS
A,beta,120,4600,SUCCESS
A,beta,121,37000,SUCCESS
A,beta,122,39700,SUCCESS
A,beta,123,18100,SUCCESS
A,beta,124,24200,SUCCESS
A,beta,125,5000,SUCCESS
A,beta,126,17700,SUCCESS
A,beta,127,22400,SUCCESS
A,beta,128,40000,SUCCESS
A,beta,129,18300,SUCCESS
A,beta,130,19000,SUCCESS
A,beta,131,5000,SUCCESS
A,beta,132,17900,SUCCESS
A,beta,133,23000,SUCCESS
A,beta,134,40800,SUCCESS
A,beta,135,18100,SUCCESS
A,beta,136,19300,SUCCESS
A,beta,137,4900,SUCCESS
A,beta,138,18000,SUCCESS
A,beta,139,18800,SUCCESS
A,beta,140,14100,SUCCESS
A,beta,141,44500,SUCCESS
A,beta,142,53400,SUCCESS
A,beta,143,18000,SUCCESS
A,beta,144,5200,SUCCESS
A,beta,145,20600,SUCCESS
A,beta,146,14000,SUCCESS
A,beta,147,18000,SUCCESS
A,beta,148,4700,SUCCESS
A,beta,149,17400,SUCCESS
A,beta,150,23300,SUCCESS
A,beta,151,21200,SUCCESS
A,beta,152,5000,SUCCESS
A,beta,153,17800,SUCCESS
A,beta,154,23100,SUCCESS
A,beta,155,40900,SUCCESS
A,beta,156,18100,SUCCESS
A,beta,157,5900,SUCCESS
A,beta,158,20800,SUCCESS
A,beta,159,14200,SUCCESS
A,beta,160,18100,SUCCESS
A,beta,161,4700,SUCCESS
A,beta,162,17200,SUCCESS
A,beta,163,20600,SUCCESS
A,beta,164,18600,SUCCESS
A,beta,165,4900,SUCCESS
A,beta,166,18000,SUCCESS
A,beta,167,6300,SUCCESS
A,beta,168,4700,SUCCESS
A,beta,169,36800,SUCCESS
A,beta,170,39900,SUCCESS
A,beta,171,18400,SUCCESS
A,beta,172,4700,SUCCESS
A,beta,173,20700,SUCCESS
A,beta,174,14400,SUCCESS
A,beta,175,17900,SUCCESS
A,beta,176,19700,SUCCESS
A,beta,177,19600,SUCCESS
A,beta,178,18700,SUCCESS
A,beta,179,4800,SUCCESS
A,beta,180,19100,SUCCESS
A,beta,181,5500,SUCCESS
A,beta,182,4700,SUCCESS
A,beta,183,36400,SUCCESS
A,beta,184,38500,SUCCESS
A,beta,185,18200,SUCCESS
A,beta,186,19000,SUCCESS
A,beta,187,38800,SUCCESS
A,beta,188,40400,SUCCESS
A,beta,189,17900,SUCCESS
A,beta,190,19300,SUCCESS
A,beta,191,39200,SUCCESS
A,beta,192,40800,SUCCESS
A,beta,193,17800,SUCCESS
A,beta,194,18900,SUCCESS
A,beta,195,39200,SUCCESS
A,beta,196,41500,SUCCESS
A,beta,197,18200,SUCCESS
A,beta,198,19700,SUCCESS
A,beta,199,5800,SUCCESS
A,beta,200,17400,SUCCESS
A,beta,201,9000,SUCCESS
A,beta,202,5000,SUCCESS
A,beta,203,37100,SUCCESS
A,beta,204,40300,SUCCESS
A,beta,205,18300,SUCCESS
A,beta,206,19600,SUCCESS
A,beta,207,4900,SUCCESS
A,beta,208,17900,SUCCESS
A,beta,209,9400,SUCCESS
A,beta,210,5200,SUCCESS
A,beta,211,37100,SUCCESS
A,beta,212,40400,SUCCESS
A,beta,213,18800,SUCCESS
A,beta,214,18500,SUCCESS
A,beta,215,4900,SUCCESS
A,beta,216,18500,SUCCESS
A,beta,217,22500,SUCCESS
A,beta,218,41100,SUCCESS
A,beta,219,18400,SUCCESS
A,beta,220,19600,SUCCESS
A,beta,221,4900,SUCCESS
A,beta,222,17800,SUCCESS
A,beta,223,9500,SUCCESS
A,beta,224,5300,SUCCESS
A,beta,225,37400,SUCCESS
A,beta,226,39900,SUCCESS
A,beta,227,18000,SUCCESS
A,beta,228,34800,SUCCESS
A,beta,229,40600,SUCCESS
A,beta,230,18100,SUCCESS
A,beta,231,19000,SUCCESS
A,beta,232,38600,SUCCESS
A,beta,233,40600,SUCCESS
A,beta,234,18000,SUCCESS
A,beta,235,18800,SUCCESS
A,beta,236,38200,SUCCESS
A,beta,237,40200,SUCCESS
A,beta,238,17900,SUCCESS
A,beta,239,19000,SUCCESS
A,beta,240,39500,SUCCESS
A,beta,241,41900,SUCCESS
A,beta,242,17800,SUCCESS
A,beta,243,18700,SUCCESS
A,beta,244,38300,SUCCESS
A,beta,245,39400,SUCCESS
A,beta,246,17800,SUCCESS
A,beta,247,5200,SUCCESS
A,beta,248,20400,SUCCESS
A,beta,249,14600,SUCCESS
A,beta,250,18100,SUCCESS
A,beta,251,18400,SUCCESS
A,beta,252,35100,SUCCESS
A,beta,253,41100,SUCCESS
A,beta,254,18100,SUCCESS
A,beta,255,4800,SUCCESS
A,beta,256,20200,SUCCESS
A,beta,257,18200,SUCCESS
A,beta,258,18100,SUCCESS
A,beta,259,18700,SUCCESS
A,beta,260,39000,SUCCESS
A,beta,261,40400,SUCCESS
A,beta,262,17900,SUCCESS
A,beta,263,18300,SUCCESS
A,beta,264,38500,SUCCESS
A,beta,265,40800,SUCCESS
A,beta,266,17800,SUCCESS
A,beta,267,18700,SUCCESS
A,beta,268,37900,SUCCESS
A,beta,269,38900,SUCCESS
A,beta,270,17800,SUCCESS
A,beta,271,9600,SUCCESS
A,beta,272,24600,SUCCESS
A,beta,273,19600,SUCCESS
A,beta,274,18000,SUCCESS
A,beta,275,5500,SUCCESS
A,beta,276,17500,SUCCESS
A,beta,277,22200,SUCCESS
A,beta,278,20000,SUCCESS
A,beta,279,15100,SUCCESS
A,beta,280,30900,SUCCESS
A,beta,281,11000,SUCCESS
A,beta,282,28000,SUCCESS
A,beta,283,27300,SUCCESS
A,beta,284,23400,SUCCESS
A,beta,285,54100,SUCCESS
A,beta,286,53600,SUCCESS
A,beta,287,4800,SUCCESS
A,beta,288,17100,SUCCESS
A,beta,289,4500,SUCCESS
A,beta,290,4600,SUCCESS
A,beta,291,52700,SUCCESS
A,beta,292,54500,SUCCESS
A,beta,293,39500,SUCCESS
A,beta,294,16400,SUCCESS
A,beta,295,50200,SUCCESS
A,beta,296,41000,SUCCESS
A,beta,297,55200,SUCCESS
A,beta,298,56100,SUCCESS
A,beta,299,65400,SUCCESS
A,beta,300,35600,SUCCESS
A,beta,301,44400,SUCCESS
A,beta,302,76700,SUCCESS
A,beta,303,75800,SUCCESS
A,beta,304,48700,SUCCESS
A,beta,305,14700,SUCCESS
A,beta,306,64500,SUCCESS
A,beta,307,88500,SUCCESS
A,beta,308,103700,SUCCESS
A,beta,309,98900,SUCCESS
A,beta,310,75100,SUCCESS
A,beta,311,96900,SUCCESS
A,beta,312,87600,SUCCESS
A,beta,313,115000,SUCCESS
A,beta,314,114500,SUCCESS
A,beta,315,113900,SUCCESS
A,beta,316,95900,SUCCESS
A,beta,317,11200,SUCCESS
A,beta,318,23000,SUCCESS
A,beta,319,16500,SUCCESS
A,beta,320,13800,SUCCESS
A,beta,321,95700,SUCCESS
A,beta,322,79600,SUCCESS
A,beta,323,70500,SUCCESS
A,beta,324,139900,SUCCESS
A,beta,325,136300,SUCCESS
A,beta,326,129000,SUCCESS
A,beta,327,138000,SUCCESS
A,beta,328,100400,SUCCESS
A,beta,329,49400,SUCCESS
A,beta,330,46000,SUCCESS
A,beta,331,37400,SUCCESS
A,beta,332,50800,SUCCESS
A,beta,333,58800,SUCCESS
A,beta,334,50400,SUCCESS
A,beta,335,35400,SUCCESS
A,beta,336,15500,SUCCESS
A,beta,337,48600,SUCCESS
A,beta,338,61500,SUCCESS
A,beta,339,77800,SUCCESS
A,beta,340,77000,SUCCESS
A,beta,341,11000,SUCCESS
A,beta,342,11700,SUCCESS
A,beta,343,8800,SUCCESS
A,beta,344,8700,SUCCESS
A,beta,345,14100,SUCCESS
A,beta,346,20400,SUCCESS
A,beta,347,9100,SUCCESS
A,beta,348,8700,SUCCESS
A,beta,349,10200,SUCCESS
A,beta,350,5600,SUCCESS
A,beta,351,8700,SUCCESS
A,beta,352,8600,SUCCESS
A,beta,353,9800,SUCCESS
A,beta,354,5300,SUCCESS
A,beta,355,8600,SUCCESS
A,beta,356,8700,SUCCESS
A,beta,357,9400,SUCCESS
A,beta,358,5400,SUCCESS
A,beta,359,8800,SUCCESS
A,beta,360,8600,SUCCESS
A,beta,361,9700,SUCCESS
A,beta,362,5400,SUCCESS
A,beta,363,8800,SUCCESS
A,beta,364,8500,SUCCESS
A,beta,365,9600,SUCCESS
A,beta,366,4600,SUCCESS
A,beta,367,8600,SUCCESS
A,beta,368,8500,SUCCESS
A,beta,369,9800,SUCCESS
A,beta,370,5400,SUCCESS
A,beta,371,8700,SUCCESS
A,beta,372,8600,SUCCESS
A,beta,373,9500,SUCCESS
A,beta,374,4600,SUCCESS
A,beta,375,8800,SUCCESS
A,beta,376,8500,SUCCESS
A,beta,377,9600,SUCCESS
A,beta,378,4500,SUCCESS
A,beta,379,8900,SUCCESS
A,beta,380,8600,SUCCESS
A,beta,381,9500,SUCCESS
A,beta,382,5200,SUCCESS
A,beta,383,18200,SUCCESS
A,beta,384,19000,SUCCESS
A,beta,385,4800,SUCCESS
A,beta,386,19400,SUCCESS
A,beta,387,4500,SUCCESS
A,beta,388,37100,SUCCESS
A,beta,389,38800,SUCCESS
A,beta,390,18100,SUCCESS
A,beta,391,18500,SUCCESS
A,beta,392,4900,SUCCESS
A,beta,393,19200,SUCCESS
A,beta,394,4600,SUCCESS
A,beta,395,37000,SUCCESS
A,beta,396,39500,SUCCESS
A,beta,397,18300,SUCCESS
A,beta,398,19000,SUCCESS
A,beta,399,5000,SUCCESS
A,beta,400,18300,SUCCESS
A,beta,401,24000,SUCCESS
A,beta,402,35600,SUCCESS
A,beta,403,18300,SUCCESS
A,beta,404,22500,SUCCESS
A,beta,405,17600,SUCCESS
A,beta,406,48900,SUCCESS
A,beta,407,50200,SUCCESS
A,beta,408,18100,SUCCESS
A,beta,409,18800,SUCCESS
A,beta,410,4800,SUCCESS
A,beta,411,19200,SUCCESS
A,beta,412,4600,SUCCESS
A,beta,413,35800,SUCCESS
A,beta,414,37400,SUCCESS
A,beta,415,18200,SUCCESS
A,beta,416,19100,SUCCESS
A,beta,417,5000,SUCCESS
A,beta,418,17600,SUCCESS
A,beta,419,21500,SUCCESS
A,beta,420,38100,SUCCESS
A,beta,421,18100,SUCCESS
A,beta,422,18500,SUCCESS
A,beta,423,4900,SUCCESS
A,beta,424,18300,SUCCESS
A,beta,425,22700,SUCCESS
A,beta,426,39300,SUCCESS
A,beta,427,18100,SUCCESS
A,beta,428,18700,SUCCESS
A,beta,429,4800,SUCCESS
A,beta,430,18100,SUCCESS
A,beta,431,23000,SUCCESS
A,beta,432,41600,SUCCESS
A,beta,433,20200,SUCCESS
A,beta,434,18300,SUCCESS
A,beta,435,20000,SUCCESS
A,beta,436,17300,SUCCESS
A,beta,437,18000,SUCCESS
A,beta,438,18200,SUCCESS
A,beta,439,4900,SUCCESS
A,beta,440,18900,SUCCESS
A,beta,441,22800,SUCCESS
A,beta,442,39200,SUCCESS
A,beta,443,18200,SUCCESS
A,beta,444,18600,SUCCESS
A,beta,445,4900,SUCCESS
A,beta,446,18000,SUCCESS
A,beta,447,21700,SUCCESS
A,beta,448,38200,SUCCESS
A,beta,449,18100,SUCCESS
A,beta,450,18800,SUCCESS
A,beta,451,4900,SUCCESS
A,beta,452,18300,SUCCESS
A,beta,453,22800,SUCCESS
A,beta,454,40200,SUCCESS
A,beta,455,18200,SUCCESS
A,beta,456,18900,SUCCESS
A,beta,457,5000,SUCCESS
A,beta,458,18600,SUCCESS
A,beta,459,23300,SUCCESS
A,beta,460,39600,SUCCESS
A,beta,461,18500,SUCCESS
A,beta,462,18500,SUCCESS
A,beta,463,4800,SUCCESS
A,beta,464,17800,SUCCESS
A,beta,465,21900,SUCCESS
A,beta,466,38500,SUCCESS
A,beta,467,18200,SUCCESS
A,beta,468,18600,SUCCESS
A,beta,469,5000,SUCCESS
A,beta,470,18200,SUCCESS
A,beta,471,22300,SUCCESS
A,beta,472,38900,SUCCESS
A,beta,473,18100,SUCCESS
A,beta,474,18700,SUCCESS
A,beta,475,4800,SUCCESS
A,beta,476,18500,SUCCESS
A,beta,477,22500,SUCCESS
A,beta,478,38900,SUCCESS
A,beta,479,18000,SUCCESS
A,beta,480,18600,SUCCESS
A,beta,481,4900,SUCCESS
A,beta,482,18600,SUCCESS
A,beta,483,4400,SUCCESS
A,beta,484,30300,SUCCESS
A,beta,485,13900,SUCCESS
A,beta,486,18100,SUCCESS
A,beta,487,18900,SUCCESS
A,beta,488,4800,SUCCESS
A,beta,489,19100,SUCCESS
A,beta,490,23600,SUCCESS
A,beta,491,40200,SUCCESS
A,beta,492,18300,SUCCESS
A,beta,493,18700,SUCCESS
A,beta,494,5000,SUCCESS
A,beta,495,18300,SUCCESS
A,beta,496,23400,SUCCESS
A,beta,497,40000,SUCCESS
A,beta,498,18100,SUCCESS
A,beta,499,19100,SUCCESS
A,beta,500,4900,SUCCESS
A,beta,501,18700,SUCCESS
A,beta,502,22900,SUCCESS
A,beta,503,39500,SUCCESS
A,beta,504,18100,SUCCESS
A,beta,505,18900,SUCCESS
A,beta,506,4900,SUCCESS
A,beta,507,18700,SUCCESS
A,beta,508,22900,SUCCESS
A,beta,509,39700,SUCCESS
A,beta,510,18300,SUCCESS
A,beta,511,19000,SUCCESS
A,beta,512,4900,SUCCESS
A,beta,513,18200,SUCCESS
A,beta,514,23400,SUCCESS
A,beta,515,40500,SUCCESS
A,beta,516,18100,SUCCESS
A,beta,517,18800,SUCCESS
A,beta,518,4900,SUCCESS
A,beta,519,18300,SUCCESS
A,beta,520,22700,SUCCESS
A,beta,521,39200,SUCCESS
A,beta,522,18100,SUCCESS
A,beta,523,18800,SUCCESS
A,beta,524,4900,SUCCESS
A,beta,525,17900,SUCCESS
A,beta,526,21900,SUCCESS
A,beta,527,38300,SUCCESS
A,beta,528,18100,SUCCESS
A,beta,529,18800,SUCCESS
A,beta,530,4900,SUCCESS
A,beta,531,18000,SUCCESS
A,beta,532,22200,SUCCESS
A,beta,533,33900,SUCCESS
A,beta,534,18200,SUCCESS
A,beta,535,8200,SUCCESS
A,beta,536,5000,SUCCESS
A,beta,537,31900,SUCCESS
A,beta,538,26200,SUCCESS
A,beta,539,18200,SUCCESS
A,beta,540,4600,SUCCESS
A,beta,541,19800,SUCCESS
A,beta,542,14500,SUCCESS
A,beta,543,10300,SUCCESS
A,beta,544,18000,SUCCESS
A,beta,545,37100,SUCCESS
A,beta,546,39900,SUCCESS
A,beta,547,18100,SUCCESS
A,beta,548,18900,SUCCESS
A,beta,549,10000,SUCCESS
A,beta,550,17900,SUCCESS
A,beta,551,22100,SUCCESS
A,beta,552,38600,SUCCESS
A,beta,553,18200,SUCCESS
A,beta,554,19000,SUCCESS
A,beta,555,16700,SUCCESS
A,beta,556,18000,SUCCESS
A,beta,557,18800,SUCCESS
A,beta,558,5000,SUCCESS
A,beta,559,19200,SUCCESS
A,beta,560,4700,SUCCESS
A,beta,561,36600,SUCCESS
A,beta,562,37700,SUCCESS
A,beta,563,18000,SUCCESS
A,beta,564,18700,SUCCESS
A,beta,565,4700,SUCCESS
A,beta,566,18700,SUCCESS
A,beta,567,4700,SUCCESS
A,beta,568,4600,SUCCESS
A,beta,569,31900,SUCCESS
A,beta,570,16500,SUCCESS
A,beta,571,10100,SUCCESS
A,beta,572,17800,SUCCESS
A,beta,573,36900,SUCCESS
A,beta,574,39300,SUCCESS
A,beta,575,17900,SUCCESS
A,beta,576,18900,SUCCESS
A,beta,577,16500,SUCCESS
A,beta,578,18200,SUCCESS
A,beta,579,19000,SUCCESS
A,beta,580,5000,SUCCESS
A,beta,581,18500,SUCCESS
A,beta,582,22800,SUCCESS
A,beta,583,39000,SUCCESS
A,beta,584,18200,SUCCESS
A,beta,585,22900,SUCCESS
A,beta,586,4900,SUCCESS
A,beta,587,18600,SUCCESS
A,beta,588,23000,SUCCESS
A,beta,589,39500,SUCCESS
A,beta,590,18200,SUCCESS
A,beta,591,18300,SUCCESS
A,beta,592,4900,SUCCESS
A,beta,593,19100,SUCCESS
A,beta,594,4700,SUCCESS
A,beta,595,36000,SUCCESS
A,beta,596,37200,SUCCESS
A,beta,597,18100,SUCCESS
A,beta,598,19300,SUCCESS
A,beta,599,4900,SUCCESS
A,beta,600,18300,SUCCESS
A,beta,601,22400,SUCCESS
A,beta,602,38700,SUCCESS
A,beta,603,18100,SUCCESS
A,beta,604,17700,SUCCESS
A,beta,605,4900,SUCCESS
A,beta,606,17700,SUCCESS
A,beta,607,22300,SUCCESS
A,beta,608,38900,SUCCESS
A,beta,609,18000,SUCCESS
A,beta,610,18800,SUCCESS
A,beta,611,4900,SUCCESS
A,beta,612,18700,SUCCESS
A,beta,613,23400,SUCCESS
A,beta,614,40400,SUCCESS
A,beta,615,18000,SUCCESS
A,beta,616,17900,SUCCESS
A,beta,617,5000,SUCCESS
A,beta,618,18800,SUCCESS
A,beta,619,23100,SUCCESS
A,beta,620,39300,SUCCESS
A,beta,621,18400,SUCCESS
A,beta,622,18300,SUCCESS
A,beta,623,4900,SUCCESS
A,beta,624,18800,SUCCESS
A,beta,625,23400,SUCCESS
A,beta,626,40000,SUCCESS
A,beta,627,18200,SUCCESS
A,beta,628,18300,SUCCESS
A,beta,629,4900,SUCCESS
A,beta,630,18800,SUCCESS
A,beta,631,23600,SUCCESS
A,beta,632,40000,SUCCESS
A,beta,633,18000,SUCCESS
A,beta,634,18600,SUCCESS
A,beta,635,4800,SUCCESS
A,beta,636,19700,SUCCESS
A,beta,637,4600,SUCCESS
A,beta,638,36600,SUCCESS
A,beta,639,38500,SUCCESS
A,beta,640,18100,SUCCESS
A,beta,641,18200,SUCCESS
A,beta,642,5000,SUCCESS
A,beta,643,18100,SUCCESS
A,beta,644,16800,SUCCESS
A,beta,645,12100,SUCCESS
A,beta,646,43300,SUCCESS
A,beta,647,36700,SUCCESS
A,beta,648,18500,SUCCESS
A,beta,649,19000,SUCCESS
A,beta,650,9300,SUCCESS
A,beta,651,18800,SUCCESS
A,beta,652,22800,SUCCESS
A,beta,653,39200,SUCCESS
A,beta,654,18300,SUCCESS
A,beta,655,19400,SUCCESS
A,beta,656,9500,SUCCESS
A,beta,657,18000,SUCCESS
A,beta,658,4600,SUCCESS
A,beta,659,4700,SUCCESS
A,beta,660,36700,SUCCESS
A,beta,661,38700,SUCCESS
A,beta,662,18200,SUCCESS
A,beta,663,18400,SUCCESS
A,beta,664,4900,SUCCESS
A,beta,665,19900,SUCCESS
A,beta,666,22900,SUCCESS
A,beta,667,39500,SUCCESS
A,beta,668,18100,SUCCESS
A,beta,669,18500,SUCCESS
A,beta,670,4900,SUCCESS
A,beta,671,18100,SUCCESS
A,beta,672,21600,SUCCESS
A,beta,673,38000,SUCCESS
A,beta,674,18200,SUCCESS
A,beta,675,18300,SUCCESS
A,beta,676,6000,SUCCESS
A,beta,677,17700,SUCCESS
A,beta,678,4500,SUCCESS
A,beta,679,4700,SUCCESS
A,beta,680,31100,SUCCESS
A,beta,681,17400,SUCCESS
A,beta,682,9200,SUCCESS
A,beta,683,18100,SUCCESS
A,beta,684,37200,SUCCESS
A,beta,685,38900,SUCCESS
A,beta,686,18300,SUCCESS
A,beta,687,18000,SUCCESS
A,beta,688,15500,SUCCESS
A,beta,689,9600,SUCCESS
A,beta,690,18100,SUCCESS
A,beta,691,37300,SUCCESS
A,beta,692,38400,SUCCESS
A,beta,693,18100,SUCCESS
A,beta,694,19000,SUCCESS
A,beta,695,9300,SUCCESS
A,beta,696,17900,SUCCESS
A,beta,697,5500,SUCCESS
A,beta,698,4500,SUCCESS
A,beta,699,36200,SUCCESS
A,beta,700,37900,SUCCESS
A,beta,701,18200,SUCCESS
A,beta,702,18700,SUCCESS
A,beta,703,4900,SUCCESS
A,beta,704,19000,SUCCESS
A,beta,705,22700,SUCCESS
A,beta,706,39300,SUCCESS
A,beta,707,18100,SUCCESS
A,beta,708,18000,SUCCESS
A,beta,709,5600,SUCCESS
A,beta,710,19500,SUCCESS
A,beta,711,22700,SUCCESS
A,beta,712,39100,SUCCESS
A,beta,713,18100,SUCCESS
A,beta,714,18500,SUCCESS
A,beta,715,62200,SUCCESS
A,beta,716,69800,SUCCESS
A,beta,717,64900,SUCCESS
A,beta,718,45000,SUCCESS
A,beta,719,39500,SUCCESS
A,beta,720,27200,SUCCESS
A,beta,721,4900,SUCCESS
A,beta,722,18100,SUCCESS
A,beta,723,36900,SUCCESS
A,beta,724,38800,SUCCESS
A,beta,725,18100,SUCCESS
A,beta,726,18400,SUCCESS
A,beta,727,62500,SUCCESS
A,beta,728,70300,SUCCESS
A,beta,729,66200,SUCCESS
A,beta,730,46000,SUCCESS
A,beta,731,52200,SUCCESS
A,beta,732,44800,SUCCESS
A,beta,733,5000,SUCCESS
A,beta,734,18200,SUCCESS
A,beta,735,37300,SUCCESS
A,beta,736,38700,SUCCESS
A,beta,737,19000,SUCCESS
A,beta,738,18800,SUCCESS
A,beta,739,4900,SUCCESS
A,beta,740,18100,SUCCESS
A,beta,741,5000,SUCCESS
A,beta,742,4700,SUCCESS
A,beta,743,31100,SUCCESS
A,beta,744,18300,SUCCESS
A,beta,745,10200,SUCCESS
A,beta,746,17900,SUCCESS
A,beta,747,30700,SUCCESS
A,beta,748,26700,SUCCESS
A,beta,749,4900,SUCCESS
A,beta,750,17900,SUCCESS
A,beta,751,37100,SUCCESS
A,beta,752,38300,SUCCESS
A,beta,753,18700,SUCCESS
A,beta,754,19700,SUCCESS
A,beta,755,4800,SUCCESS
A,beta,756,18600,SUCCESS
A,beta,757,4700,SUCCESS
A,beta,758,5300,SUCCESS
A,beta,759,30600,SUCCESS
A,beta,760,18500,SUCCESS
A,beta,761,10700,SUCCESS
A,beta,762,18100,SUCCESS
A,beta,763,37500,SUCCESS
A,beta,764,40000,SUCCESS
A,beta,765,18000,SUCCESS
A,beta,766,4700,SUCCESS
A,beta,767,19600,SUCCESS
A,beta,768,5000,SUCCESS
A,beta,769,18000,SUCCESS
A,beta,770,4600,SUCCESS
A,beta,771,4600,SUCCESS
A,beta,772,30300,SUCCESS
A,beta,773,17300,SUCCESS
A,beta,774,9300,SUCCESS
A,beta,775,18100,SUCCESS
A,beta,776,37200,SUCCESS
A,beta,777,38000,SUCCESS
A,beta,778,18200,SUCCESS
A,beta,779,4600,SUCCESS
A,beta,780,19400,SUCCESS
A,beta,781,4900,SUCCESS
A,beta,782,17800,SUCCESS
A,beta,783,4600,SUCCESS
A,beta,784,4600,SUCCESS
A,beta,785,30200,SUCCESS
A,beta,786,17000,SUCCESS
A,beta,787,9900,SUCCESS
A,beta,788,18000,SUCCESS
A,beta,789,36800,SUCCESS
A,beta,790,38500,SUCCESS
A,beta,791,10800,SUCCESS
A,beta,792,18200,SUCCESS
A,beta,793,37800,SUCCESS
A,beta,794,39600,SUCCESS
A,beta,795,18100,SUCCESS
A,beta,796,4600,SUCCESS
A,beta,797,20300,SUCCESS
A,beta,798,19400,SUCCESS
A,beta,799,18000,SUCCESS
A,beta,800,4500,SUCCESS
A,beta,801,19600,SUCCESS
A,beta,802,17500,SUCCESS
A,beta,803,18200,SUCCESS
A,beta,804,4700,SUCCESS
A,beta,805,20400,SUCCESS
A,beta,806,19000,SUCCESS
A,beta,807,18100,SUCCESS
A,beta,808,4700,SUCCESS
A,beta,809,20400,SUCCESS
A,beta,810,18300,SUCCESS
A,beta,811,22000,SUCCESS
A,beta,812,24500,SUCCESS
A,beta,813,21100,SUCCESS
A,beta,814,53600,SUCCESS
A,beta,815,45200,SUCCESS
A,beta,816,21000,SUCCESS
A,beta,817,15500,SUCCESS
A,beta,818,16000,SUCCESS
A,beta,819,19200,SUCCESS
A,beta,820,18900,SUCCESS
A,beta,821,16800,SUCCESS
A,beta,822,15600,SUCCESS
A,beta,823,44500,SUCCESS
A,beta,824,63700,SUCCESS
A,beta,825,74600,SUCCESS
A,beta,826,82000,SUCCESS
A,beta,827,97000,SUCCESS
A,beta,828,46700,SUCCESS
A,beta,829,23700,SUCCESS
A,beta,830,23800,SUCCESS
A,beta,831,5200,SUCCESS
A,beta,832,18500,SUCCESS
A,beta,833,23200,SUCCESS
A,beta,834,40100,SUCCESS
A,beta,835,18100,SUCCESS
A,beta,836,4700,SUCCESS
A,beta,837,20000,SUCCESS
A,beta,838,17200,SUCCESS
A,beta,839,18200,SUCCESS
A,beta,840,5300,SUCCESS
A,beta,841,27500,SUCCESS
A,beta,842,17200,SUCCESS
A,beta,843,10000,SUCCESS
A,beta,844,18300,SUCCESS
A,beta,845,32100,SUCCESS
A,beta,846,26900,SUCCESS
A,beta,847,62300,SUCCESS
A,beta,848,41600,SUCCESS
A,beta,849,66500,SUCCESS
A,beta,850,60900,SUCCESS
A,beta,851,22400,SUCCESS
A,beta,852,24300,SUCCESS
A,beta,853,32700,SUCCESS
A,beta,854,25500,SUCCESS
A,beta,855,23900,SUCCESS
A,beta,856,22000,SUCCESS
A,beta,857,42500,SUCCESS
A,beta,858,44500,SUCCESS
A,beta,859,18900,SUCCESS
A,beta,860,19900,SUCCESS
A,beta,861,10900,SUCCESS
A,beta,862,18400,SUCCESS
A,beta,863,4600,SUCCESS
A,beta,864,4500,SUCCESS
A,beta,865,36000,SUCCESS
A,beta,866,37800,SUCCESS
A,beta,867,18100,SUCCESS
A,beta,868,4600,SUCCESS
A,beta,869,20000,SUCCESS
A,beta,870,17900,SUCCESS
A,beta,871,18200,SUCCESS
A,beta,872,4700,SUCCESS
A,beta,873,19900,SUCCESS
A,beta,874,18000,SUCCESS
A,beta,875,18100,SUCCESS
A,beta,876,4600,SUCCESS
A,beta,877,19900,SUCCESS
A,beta,878,19400,SUCCESS
A,beta,879,18200,SUCCESS
A,beta,880,4600,SUCCESS
A,beta,881,19500,SUCCESS
A,beta,882,17800,SUCCESS
A,beta,883,18000,SUCCESS
A,beta,884,4700,SUCCESS
A,beta,885,19700,SUCCESS
A,beta,886,19400,SUCCESS
A,beta,887,18100,SUCCESS
A,beta,888,4600,SUCCESS
A,beta,889,20100,SUCCESS
A,beta,890,18300,SUCCESS
A,beta,891,18000,SUCCESS
A,beta,892,22800,SUCCESS
A,beta,893,4900,SUCCESS
A,beta,894,17600,SUCCESS
A,beta,895,62000,SUCCESS
A,beta,896,58700,SUCCESS
A,beta,897,101400,SUCCESS
A,beta,898,88300,SUCCESS
A,beta,899,91600,SUCCESS
A,beta,900,70800,SUCCESS
A,beta,901,30400,SUCCESS
A,beta,902,5000,SUCCESS
A,beta,903,17800,SUCCESS
A,beta,904,13200,SUCCESS
A,beta,905,27500,SUCCESS
A,beta,906,18000,SUCCESS
A,beta,907,4600,SUCCESS
A,beta,908,6100,SUCCESS
A,beta,909,22300,SUCCESS
A,beta,910,17900,SUCCESS
A,beta,911,19400,SUCCESS
A,beta,912,18100,SUCCESS
A,beta,913,4500,SUCCESS
A,beta,914,4500,SUCCESS
A,beta,915,4700,SUCCESS
A,beta,916,18100,SUCCESS
A,beta,917,4600,SUCCESS
A,beta,918,36900,SUCCESS
A,beta,919,38000,SUCCESS
A,beta,920,18100,SUCCESS
A,beta,921,5500,SUCCESS
A,beta,922,6700,SUCCESS
A,beta,923,23500,SUCCESS
A,beta,924,18100,SUCCESS
A,beta,925,4700,SUCCESS
A,beta,926,4600,SUCCESS
A,beta,927,20800,SUCCESS
A,beta,928,18000,SUCCESS
A,beta,929,19800,SUCCESS
A,beta,930,18100,SUCCESS
A,beta,931,4700,SUCCESS
A,beta,932,4600,SUCCESS
A,beta,933,4900,SUCCESS
A,beta,934,18200,SUCCESS
A,beta,935,12000,SUCCESS
A,beta,936,18700,SUCCESS
A,beta,937,14100,SUCCESS
A,beta,938,26000,SUCCESS
A,beta,939,18200,SUCCESS
A,beta,940,4700,SUCCESS
A,beta,941,4600,SUCCESS
A,beta,942,19700,SUCCESS
A,beta,943,18200,SUCCESS
A,beta,944,4700,SUCCESS
A,beta,945,4800,SUCCESS
A,beta,946,19500,SUCCESS
A,beta,947,4500,SUCCESS
A,beta,948,4700,SUCCESS
A,beta,949,30200,SUCCESS
A,beta,950,4900,SUCCESS
A,beta,951,18400,SUCCESS
A,beta,952,4900,SUCCESS
A,beta,953,4600,SUCCESS
A,beta,954,4800,SUCCESS
A,beta,955,17900,SUCCESS
A,beta,956,30800,SUCCESS
A,beta,957,18000,SUCCESS
A,beta,958,4800,SUCCESS
A,beta,959,4600,SUCCESS
A,beta,960,21300,SUCCESS
A,beta,961,18100,SUCCESS
A,beta,962,20300,SUCCESS
A,beta,963,17900,SUCCESS
A,beta,964,5400,SUCCESS
A,beta,965,5200,SUCCESS
A,beta,966,5100,SUCCESS
A,beta,967,17900,SUCCESS
A,beta,968,30400,SUCCESS
A,beta,969,18000,SUCCESS
A,beta,970,4700,SUCCESS
A,beta,971,4500,SUCCESS
A,beta,972,21200,SUCCESS
A,beta,973,18000,SUCCESS
A,beta,974,19200,SUCCESS
A,beta,975,18000,SUCCESS
A,beta,976,4700,SUCCESS
A,beta,977,4600,SUCCESS
A,beta,978,4800,SUCCESS
A,beta,979,17800,SUCCESS
A,beta,980,29800,SUCCESS
A,beta,981,17900,SUCCESS
A,beta,982,4700,SUCCESS
A,beta,983,4800,SUCCESS
A,beta,984,18100,SUCCESS
A,beta,985,5700,SUCCESS
A,beta,986,4600,SUCCESS
A,beta,987,30600,SUCCESS
A,beta,988,4800,SUCCESS
A,beta,989,4900,SUCCESS
A,beta,990,17800,SUCCESS
A,beta,991,13100,SUCCESS
A,beta,992,29100,SUCCESS
A,beta,993,18000,SUCCESS
A,beta,994,4800,SUCCESS
A,beta,995,5400,SUCCESS
A,beta,996,4800,SUCCESS
A,beta,997,18100,SUCCESS
A,beta,998,30600,SUCCESS
A,beta,999,19200,SUCCESS
A,gamma,0,20200,SUCCESS
A,gamma,1,16800,SUCCESS
A,gamma,2,8700,SUCCESS
A,gamma,3,19900,SUCCESS
A,gamma,4,15300,SUCCESS
A,gamma,5,9000,SUCCESS
A,gamma,6,4900,SUCCESS
A,gamma,7,18000,SUCCESS
A,gamma,8,13400,SUCCESS
A,gamma,9,27400,SUCCESS
A,gamma,10,19100,SUCCESS
A,gamma,11,4700,SUCCESS
A,gamma,12,5000,SUCCESS
A,gamma,13,17800,SUCCESS
A,gamma,14,13200,SUCCESS
A,gamma,15,27500,SUCCESS
A,gamma,16,18000,SUCCESS
A,gamma,17,9300,SUCCESS
A,gamma,18,4900,SUCCESS
A,gamma,19,23500,SUCCESS
A,gamma,20,18000,SUCCESS
A,gamma,21,19500,SUCCESS
A,gamma,22,18200,SUCCESS
A,gamma,23,4600,SUCCESS
A,gamma,24,4700,SUCCESS
A,gamma,25,19800,SUCCESS
A,gamma,26,19000,SUCCESS
A,gamma,27,4700,SUCCESS
A,gamma,28,17500,SUCCESS
A,gamma,29,18000,SUCCESS
A,gamma,30,19300,SUCCESS
A,gamma,31,18100,SUCCESS
A,gamma,32,4600,SUCCESS
A,gamma,33,4500,SUCCESS
A,gamma,34,19000,SUCCESS
A,gamma,35,18000,SUCCESS
A,gamma,36,19600,SUCCESS
A,gamma,37,18100,SUCCESS
A,gamma,38,5000,SUCCESS
A,gamma,39,4600,SUCCESS
A,gamma,40,20100,SUCCESS
A,gamma,41,18000,SUCCESS
A,gamma,42,19800,SUCCESS
A,gamma,43,18000,SUCCESS
A,gamma,44,4600,SUCCESS
A,gamma,45,4600,SUCCESS
A,gamma,46,19900,SUCCESS
A,gamma,47,18100,SUCCESS
A,gamma,48,19600,SUCCESS
A,gamma,49,18400,SUCCESS
A,gamma,50,13900,SUCCESS
A,gamma,51,28400,SUCCESS
A,gamma,52,17900,SUCCESS
A,gamma,53,4800,SUCCESS
A,gamma,54,5300,SUCCESS
A,gamma,55,4800,SUCCESS
A,gamma,56,18000,SUCCESS
A,gamma,57,13500,SUCCESS
A,gamma,58,27800,SUCCESS
A,gamma,59,18000,SUCCESS
A,gamma,60,19800,SUCCESS
A,gamma,61,18200,SUCCESS
A,gamma,62,4700,SUCCESS
A,gamma,63,4500,SUCCESS
A,gamma,64,19700,SUCCESS
A,gamma,65,18100,SUCCESS
A,gamma,66,18400,SUCCESS
A,gamma,67,18100,SUCCESS
A,gamma,68,4600,SUCCESS
A,gamma,69,6000,SUCCESS
A,gamma,70,22500,SUCCESS
A,gamma,71,18100,SUCCESS
A,gamma,72,19900,SUCCESS
A,gamma,73,18100,SUCCESS
A,gamma,74,5400,SUCCESS
A,gamma,75,5300,SUCCESS
A,gamma,76,4900,SUCCESS
A,gamma,77,18000,SUCCESS
A,gamma,78,11300,SUCCESS
A,gamma,79,18000,SUCCESS
A,gamma,80,13400,SUCCESS
A,gamma,81,27700,SUCCESS
A,gamma,82,18100,SUCCESS
A,gamma,83,4700,SUCCESS
A,gamma,84,4600,SUCCESS
A,gamma,85,20700,SUCCESS
A,gamma,86,18300,SUCCESS
A,gamma,87,19800,SUCCESS
A,gamma,88,18100,SUCCESS
A,gamma,89,4600,SUCCESS
A,gamma,90,4600,SUCCESS
A,gamma,91,5100,SUCCESS
A,gamma,92,18000,SUCCESS
A,gamma,93,30100,SUCCESS
A,gamma,94,18100,SUCCESS
A,gamma,95,4700,SUCCESS
A,gamma,96,4500,SUCCESS
A,gamma,97,23900,SUCCESS
A,gamma,98,18200,SUCCESS
A,gamma,99,19900,SUCCESS
A,gamma,100,18100,SUCCESS
A,gamma,101,4800,SUCCESS
A,gamma,102,4600,SUCCESS
A,gamma,103,5000,SUCCESS
A,gamma,104,18000,SUCCESS
A,gamma,105,30500,SUCCESS
A,gamma,106,18100,SUCCESS
A,gamma,107,4700,SUCCESS
A,gamma,108,4500,SUCCESS
A,gamma,109,20500,SUCCESS
A,gamma,110,20200,SUCCESS
A,gamma,111,4700,SUCCESS
A,gamma,112,4900,SUCCESS
A,gamma,113,18000,SUCCESS
A,gamma,114,30600,SUCCESS
A,gamma,115,17900,SUCCESS
A,gamma,116,5500,SUCCESS
A,gamma,117,4600,SUCCESS
A,gamma,118,21000,SUCCESS
A,gamma,119,18100,SUCCESS
A,gamma,120,19500,SUCCESS
A,gamma,121,18100,SUCCESS
A,gamma,122,4600,SUCCESS
A,gamma,123,4600,SUCCESS
A,gamma,124,5000,SUCCESS
A,gamma,125,17900,SUCCESS
A,gamma,126,30300,SUCCESS
A,gamma,127,17900,SUCCESS
A,gamma,128,4800,SUCCESS
A,gamma,129,4500,SUCCESS
A,gamma,130,20800,SUCCESS
A,gamma,131,18900,SUCCESS
A,gamma,132,20500,SUCCESS
A,gamma,133,18200,SUCCESS
A,gamma,134,4700,SUCCESS
A,gamma,135,4500,SUCCESS
A,gamma,136,4900,SUCCESS
A,gamma,137,17900,SUCCESS
A,gamma,138,30200,SUCCESS
A,gamma,139,18100,SUCCESS
A,gamma,140,4600,SUCCESS
A,gamma,141,4500,SUCCESS
A,gamma,142,21200,SUCCESS
A,gamma,143,18000,SUCCESS
A,gamma,144,19800,SUCCESS
A,gamma,145,18300,SUCCESS
A,gamma,146,4700,SUCCESS
A,gamma,147,4600,SUCCESS
A,gamma,148,5100,SUCCESS
A,gamma,149,18000,SUCCESS
A,gamma,150,30300,SUCCESS
A,gamma,151,18100,SUCCESS
A,gamma,152,4600,SUCCESS
A,gamma,153,4600,SUCCESS
A,gamma,154,20800,SUCCESS
A,gamma,155,18100,SUCCESS
A,gamma,156,19500,SUCCESS
A,gamma,157,18300,SUCCESS
A,gamma,158,4700,SUCCESS
A,gamma,159,4600,SUCCESS
A,gamma,160,5000,SUCCESS
A,gamma,161,17800,SUCCESS
A,gamma,162,30200,SUCCESS
A,gamma,163,18000,SUCCESS
A,gamma,164,4700,SUCCESS
A,gamma,165,4600,SUCCESS
A,gamma,166,21000,SUCCESS
A,gamma,167,18200,SUCCESS
A,gamma,168,19700,SUCCESS
A,gamma,169,18100,SUCCESS
A,gamma,170,4700,SUCCESS
A,gamma,171,4700,SUCCESS
A,gamma,172,4900,SUCCESS
A,gamma,173,17900,SUCCESS
A,gamma,174,29900,SUCCESS
A,gamma,175,18200,SUCCESS
A,gamma,176,4600,SUCCESS
A,gamma,177,4500,SUCCESS
A,gamma,178,21100,SUCCESS
A,gamma,179,18100,SUCCESS
A,gamma,180,19900,SUCCESS
A,gamma,181,18100,SUCCESS
A,gamma,182,4700,SUCCESS
A,gamma,183,4700,SUCCESS
A,gamma,184,4900,SUCCESS
A,gamma,185,18000,SUCCESS
A,gamma,186,30200,SUCCESS
A,gamma,187,17900,SUCCESS
A,gamma,188,4600,SUCCESS
A,gamma,189,4600,SUCCESS
A,gamma,190,20800,SUCCESS
A,gamma,191,18100,SUCCESS
A,gamma,192,19100,SUCCESS
A,gamma,193,18100,SUCCESS
A,gamma,194,4700,SUCCESS
A,gamma,195,4600,SUCCESS
A,gamma,196,4800,SUCCESS
A,gamma,197,17900,SUCCESS
A,gamma,198,29700,SUCCESS
A,gamma,199,18000,SUCCESS
A,gamma,200,4700,SUCCESS
A,gamma,201,5000,SUCCESS
A,gamma,202,20000,SUCCESS
A,gamma,203,4600,SUCCESS
A,gamma,204,4600,SUCCESS
A,gamma,205,30300,SUCCESS
A,gamma,206,4900,SUCCESS
A,gamma,207,22600,SUCCESS
A,gamma,208,4800,SUCCESS
A,gamma,209,4600,SUCCESS
A,gamma,210,4800,SUCCESS
A,gamma,211,18400,SUCCESS
A,gamma,212,4700,SUCCESS
A,gamma,213,4600,SUCCESS
A,gamma,214,30600,SUCCESS
A,gamma,215,4700,SUCCESS
A,gamma,216,4900,SUCCESS
A,gamma,217,17900,SUCCESS
A,gamma,218,13300,SUCCESS
A,gamma,219,29200,SUCCESS
A,gamma,220,18100,SUCCESS
A,gamma,221,4600,SUCCESS
A,gamma,222,4500,SUCCESS
A,gamma,223,5000,SUCCESS
A,gamma,224,17800,SUCCESS
A,gamma,225,30500,SUCCESS
A,gamma,226,18300,SUCCESS
A,gamma,227,4700,SUCCESS
A,gamma,228,4600,SUCCESS
A,gamma,229,19900,SUCCESS
A,gamma,230,18200,SUCCESS
A,gamma,231,19400,SUCCESS
A,gamma,232,18300,SUCCESS
A,gamma,233,4600,SUCCESS
A,gamma,234,4600,SUCCESS
A,gamma,235,5000,SUCCESS
A,gamma,236,18100,SUCCESS
A,gamma,237,30600,SUCCESS
A,gamma,238,18100,SUCCESS
A,gamma,239,4600,SUCCESS
A,gamma,240,4600,SUCCESS
A,gamma,241,21000,SUCCESS
A,gamma,242,18000,SUCCESS
A,gamma,243,19700,SUCCESS
A,gamma,244,18200,SUCCESS
A,gamma,245,4700,SUCCESS
A,gamma,246,4600,SUCCESS
A,gamma,247,4700,SUCCESS
A,gamma,248,18100,SUCCESS
A,gamma,249,30000,SUCCESS
A,gamma,250,18100,SUCCESS
A,gamma,251,4600,SUCCESS
A,gamma,252,5000,SUCCESS
A,gamma,253,19300,SUCCESS
A,gamma,254,4600,SUCCESS
A,gamma,255,4600,SUCCESS
A,gamma,256,30100,SUCCESS
A,gamma,257,4800,SUCCESS
A,gamma,258,8600,SUCCESS
A,gamma,259,17400,SUCCESS
A,gamma,260,12800,SUCCESS
A,gamma,261,27600,SUCCESS
A,gamma,262,18100,SUCCESS
A,gamma,263,5000,SUCCESS
A,gamma,264,5300,SUCCESS
A,gamma,265,4900,SUCCESS
A,gamma,266,17900,SUCCESS
A,gamma,267,30600,SUCCESS
A,gamma,268,18100,SUCCESS
A,gamma,269,4600,SUCCESS
A,gamma,270,4600,SUCCESS
A,gamma,271,21000,SUCCESS
A,gamma,272,18600,SUCCESS
A,gamma,273,20400,SUCCESS
A,gamma,274,18000,SUCCESS
A,gamma,275,4700,SUCCESS
A,gamma,276,4500,SUCCESS
A,gamma,277,5000,SUCCESS
A,gamma,278,18000,SUCCESS
A,gamma,279,30000,SUCCESS
A,gamma,280,18100,SUCCESS
A,gamma,281,4700,SUCCESS
A,gamma,282,4500,SUCCESS
A,gamma,283,21000,SUCCESS
A,gamma,284,18000,SUCCESS
A,gamma,285,19300,SUCCESS
A,gamma,286,18100,SUCCESS
A,gamma,287,4600,SUCCESS
A,gamma,288,5300,SUCCESS
A,gamma,289,5100,SUCCESS
A,gamma,290,17900,SUCCESS
A,gamma,291,30500,SUCCESS
A,gamma,292,18100,SUCCESS
A,gamma,293,4600,SUCCESS
A,gamma,294,4600,SUCCESS
A,gamma,295,20800,SUCCESS
A,gamma,296,18200,SUCCESS
A,gamma,297,19500,SUCCESS
A,gamma,298,18000,SUCCESS
A,gamma,299,4600,SUCCESS
A,gamma,300,4600,SUCCESS
A,gamma,301,5000,SUCCESS
A,gamma,302,18100,SUCCESS
A,gamma,303,30800,SUCCESS
A,gamma,304,18300,SUCCESS
A,gamma,305,52900,SUCCESS
A,gamma,306,49500,SUCCESS
A,gamma,307,46000,SUCCESS
A,gamma,308,97600,SUCCESS
A,gamma,309,83000,SUCCESS
A,gamma,310,68800,SUCCESS
A,gamma,311,5100,SUCCESS
A,gamma,312,6100,SUCCESS
A,gamma,313,29300,SUCCESS
A,gamma,314,9600,SUCCESS
A,gamma,315,42600,SUCCESS
A,gamma,316,25000,SUCCESS
A,gamma,317,23200,SUCCESS
A,gamma,318,20300,SUCCESS
A,gamma,319,30700,SUCCESS
A,gamma,320,7100,SUCCESS
A,gamma,321,66200,SUCCESS
A,gamma,322,47700,SUCCESS
A,gamma,323,83100,SUCCESS
A,gamma,324,90400,SUCCESS
A,gamma,325,82500,SUCCESS
A,gamma,326,60100,SUCCESS
A,gamma,327,41900,SUCCESS
A,gamma,328,20600,SUCCESS
A,gamma,329,48200,SUCCESS
A,gamma,330,46200,SUCCESS
A,gamma,331,27200,SUCCESS
A,gamma,332,6300,SUCCESS
A,gamma,333,25500,SUCCESS
A,gamma,334,22600,SUCCESS
A,gamma,335,111100,SUCCESS
A,gamma,336,86600,SUCCESS
A,gamma,337,63500,SUCCESS
A,gamma,338,86200,SUCCESS
A,gamma,339,86100,SUCCESS
A,gamma,340,85600,SUCCESS
A,gamma,341,113400,SUCCESS
A,gamma,342,95900,SUCCESS
A,gamma,343,74000,SUCCESS
A,gamma,344,109200,SUCCESS
A,gamma,345,112300,SUCCESS
A,gamma,346,115500,SUCCESS
A,gamma,347,97700,SUCCESS
A,gamma,348,38600,SUCCESS
A,gamma,349,21800,SUCCESS
A,gamma,350,13000,SUCCESS
A,gamma,351,65600,SUCCESS
A,gamma,352,35100,SUCCESS
A,gamma,353,11500,SUCCESS
A,gamma,354,21400,SUCCESS
A,gamma,355,9500,SUCCESS
A,gamma,356,7500,SUCCESS
A,gamma,357,9200,SUCCESS
A,gamma,358,8700,SUCCESS
A,gamma,359,9000,SUCCESS
A,gamma,360,12000,SUCCESS
A,gamma,361,9000,SUCCESS
A,gamma,362,7100,SUCCESS
A,gamma,363,8900,SUCCESS
A,gamma,364,8800,SUCCESS
A,gamma,365,8800,SUCCESS
A,gamma,366,4500,SUCCESS
A,gamma,367,5400,SUCCESS
A,gamma,368,8800,SUCCESS
A,gamma,369,8600,SUCCESS
A,gamma,370,8700,SUCCESS
A,gamma,371,7200,SUCCESS
A,gamma,372,8600,SUCCESS
A,gamma,373,8900,SUCCESS
A,gamma,374,9100,SUCCESS
A,gamma,375,4600,SUCCESS
A,gamma,376,13200,SUCCESS
A,gamma,377,8400,SUCCESS
A,gamma,378,8500,SUCCESS
A,gamma,379,8600,SUCCESS
A,gamma,380,85500,SUCCESS
A,gamma,381,69000,SUCCESS
A,gamma,382,48700,SUCCESS
A,gamma,383,97100,SUCCESS
A,gamma,384,78800,SUCCESS
A,gamma,385,67700,SUCCESS
A,gamma,386,30700,SUCCESS
A,gamma,387,25200,SUCCESS
A,gamma,388,26500,SUCCESS
A,gamma,389,7000,SUCCESS
A,gamma,390,5600,SUCCESS
A,gamma,391,17800,SUCCESS
A,gamma,392,13200,SUCCESS
A,gamma,393,31000,SUCCESS
A,gamma,394,83400,SUCCESS
A,gamma,395,66500,SUCCESS
A,gamma,396,46600,SUCCESS
A,gamma,397,97800,SUCCESS
A,gamma,398,96100,SUCCESS
A,gamma,399,68400,SUCCESS
A,gamma,400,27100,SUCCESS
A,gamma,401,6100,SUCCESS
A,gamma,402,4900,SUCCESS
A,gamma,403,28400,SUCCESS
A,gamma,404,43300,SUCCESS
A,gamma,405,38700,SUCCESS
A,gamma,406,21000,SUCCESS
A,gamma,407,15500,SUCCESS
A,gamma,408,14900,SUCCESS
A,gamma,409,14600,SUCCESS
A,gamma,410,14400,SUCCESS
A,gamma,411,15400,SUCCESS
A,gamma,412,15700,SUCCESS
A,gamma,413,15000,SUCCESS
A,gamma,414,16600,SUCCESS
A,gamma,415,10200,SUCCESS
A,gamma,416,15100,SUCCESS
A,gamma,417,14900,SUCCESS
A,gamma,418,15200,SUCCESS
A,gamma,419,14900,SUCCESS
A,gamma,420,14400,SUCCESS
A,gamma,421,15000,SUCCESS
A,gamma,422,15500,SUCCESS
A,gamma,423,14900,SUCCESS
A,gamma,424,15500,SUCCESS
A,gamma,425,14600,SUCCESS
A,gamma,426,14500,SUCCESS
A,gamma,427,14500,SUCCESS
A,gamma,428,15100,SUCCESS
A,gamma,429,14600,SUCCESS
A,gamma,430,14300,SUCCESS
A,gamma,431,13100,SUCCESS
A,gamma,432,15800,SUCCESS
A,gamma,433,15000,SUCCESS
A,gamma,434,15600,SUCCESS
A,gamma,435,14900,SUCCESS
A,gamma,436,15600,SUCCESS
A,gamma,437,15000,SUCCESS
A,gamma,438,10600,SUCCESS
A,gamma,439,12800,SUCCESS
A,gamma,440,18500,SUCCESS
A,gamma,441,18400,SUCCESS
A,gamma,442,18300,SUCCESS
A,gamma,443,14700,SUCCESS
A,gamma,444,14700,SUCCESS
A,gamma,445,14400,SUCCESS
A,gamma,446,12800,SUCCESS
A,gamma,447,16100,SUCCESS
A,gamma,448,14700,SUCCESS
A,gamma,449,14700,SUCCESS
A,gamma,450,14900,SUCCESS
A,gamma,451,15600,SUCCESS
A,gamma,452,15200,SUCCESS
A,gamma,453,15600,SUCCESS
A,gamma,454,15100,SUCCESS
A,gamma,455,62200,SUCCESS
A,gamma,456,67800,SUCCESS
A,gamma,457,47000,SUCCESS
A,gamma,458,96800,SUCCESS
A,gamma,459,75000,SUCCESS
A,gamma,460,76000,SUCCESS
A,gamma,461,29100,SUCCESS
A,gamma,462,23800,SUCCESS
A,gamma,463,22700,SUCCESS
A,gamma,464,19200,SUCCESS
A,gamma,465,84800,SUCCESS
A,gamma,466,65700,SUCCESS
A,gamma,467,43400,SUCCESS
A,gamma,468,73100,SUCCESS
A,gamma,469,52600,SUCCESS
A,gamma,470,99400,SUCCESS
A,gamma,471,49000,SUCCESS
A,gamma,472,23600,SUCCESS
A,gamma,473,4800,SUCCESS
A,gamma,474,21000,SUCCESS
A,gamma,475,15300,SUCCESS
A,gamma,476,15700,SUCCESS
A,gamma,477,16300,SUCCESS
A,gamma,478,14800,SUCCESS
A,gamma,479,15200,SUCCESS
A,gamma,480,15900,SUCCESS
A,gamma,481,15000,SUCCESS
A,gamma,482,16500,SUCCESS
A,gamma,483,14600,SUCCESS
A,gamma,484,14900,SUCCESS
A,gamma,485,12700,SUCCESS
A,gamma,486,17100,SUCCESS
A,gamma,487,14500,SUCCESS
A,gamma,488,15300,SUCCESS
A,gamma,489,14500,SUCCESS
A,gamma,490,14900,SUCCESS
A,gamma,491,14700,SUCCESS
A,gamma,492,14700,SUCCESS
A,gamma,493,14500,SUCCESS
A,gamma,494,14600,SUCCESS
A,gamma,495,14400,SUCCESS
A,gamma,496,14200,SUCCESS
A,gamma,497,15000,SUCCESS
A,gamma,498,15900,SUCCESS
A,gamma,499,15000,SUCCESS
A,gamma,500,16400,SUCCESS
A,gamma,501,14600,SUCCESS
A,gamma,502,15600,SUCCESS
A,gamma,503,14900,SUCCESS
A,gamma,504,15600,SUCCESS
A,gamma,505,14800,SUCCESS
A,gamma,506,14500,SUCCESS
A,gamma,507,14600,SUCCESS
A,gamma,508,16000,SUCCESS
A,gamma,509,13000,SUCCESS
A,gamma,510,16100,SUCCESS
A,gamma,511,13000,SUCCESS
A,gamma,512,16200,SUCCESS
A,gamma,513,15000,SUCCESS
A,gamma,514,16200,SUCCESS
A,gamma,515,12900,SUCCESS
A,gamma,516,16000,SUCCESS
A,gamma,517,15300,SUCCESS
A,gamma,518,13100,SUCCESS
A,gamma,519,18900,SUCCESS
A,gamma,520,13100,SUCCESS
A,gamma,521,16300,SUCCESS
A,gamma,522,16400,SUCCESS
A,gamma,523,14600,SUCCESS
A,gamma,524,15300,SUCCESS
A,gamma,525,14600,SUCCESS
A,gamma,526,15500,SUCCESS
A,gamma,527,12700,SUCCESS
A,gamma,528,16600,SUCCESS
A,gamma,529,14500,SUCCESS
A,gamma,530,14600,SUCCESS
A,gamma,531,15000,SUCCESS
A,gamma,532,16000,SUCCESS
A,gamma,533,15300,SUCCESS
A,gamma,534,16200,SUCCESS
A,gamma,535,14900,SUCCESS
A,gamma,536,62100,SUCCESS
A,gamma,537,59700,SUCCESS
A,gamma,538,91000,SUCCESS
A,gamma,539,93500,SUCCESS
A,gamma,540,98000,SUCCESS
A,gamma,541,22900,SUCCESS
A,gamma,542,4900,SUCCESS
A,gamma,543,4900,SUCCESS
A,gamma,544,22100,SUCCESS
A,gamma,545,18600,SUCCESS
A,gamma,546,30200,SUCCESS
A,gamma,547,20200,SUCCESS
A,gamma,548,88500,SUCCESS
A,gamma,549,69900,SUCCESS
A,gamma,550,47900,SUCCESS
A,gamma,551,93500,SUCCESS
A,gamma,552,72600,SUCCESS
A,gamma,553,75900,SUCCESS
A,gamma,554,29400,SUCCESS
A,gamma,555,25100,SUCCESS
A,gamma,556,58500,SUCCESS
A,gamma,557,40200,SUCCESS
A,gamma,558,68800,SUCCESS
A,gamma,559,50900,SUCCESS
A,gamma,560,83000,SUCCESS
A,gamma,561,65500,SUCCESS
A,gamma,562,62200,SUCCESS
A,gamma,563,10900,SUCCESS
A,gamma,564,27300,SUCCESS
A,gamma,565,24900,SUCCESS
A,gamma,566,5700,SUCCESS
A,gamma,567,20400,SUCCESS
A,gamma,568,15600,SUCCESS
A,gamma,569,15200,SUCCESS
A,gamma,570,14500,SUCCESS
A,gamma,571,15200,SUCCESS
A,gamma,572,14500,SUCCESS
A,gamma,573,14400,SUCCESS
A,gamma,574,14700,SUCCESS
A,gamma,575,14200,SUCCESS
A,gamma,576,15400,SUCCESS
A,gamma,577,14400,SUCCESS
A,gamma,578,14500,SUCCESS
A,gamma,579,14500,SUCCESS
A,gamma,580,14200,SUCCESS
A,gamma,581,15500,SUCCESS
A,gamma,582,14300,SUCCESS
A,gamma,583,14300,SUCCESS
A,gamma,584,15000,SUCCESS
A,gamma,585,14500,SUCCESS
A,gamma,586,14600,SUCCESS
A,gamma,587,14200,SUCCESS
A,gamma,588,15500,SUCCESS
A,gamma,589,15600,SUCCESS
A,gamma,590,15000,SUCCESS
A,gamma,591,16100,SUCCESS
A,gamma,592,14700,SUCCESS
A,gamma,593,14900,SUCCESS
A,gamma,594,14400,SUCCESS
A,gamma,595,15700,SUCCESS
A,gamma,596,14700,SUCCESS
A,gamma,597,15500,SUCCESS
A,gamma,598,14700,SUCCESS
A,gamma,599,15500,SUCCESS
A,gamma,600,15000,SUCCESS
A,gamma,601,15200,SUCCESS
A,gamma,602,14500,SUCCESS
A,gamma,603,15200,SUCCESS
A,gamma,604,14600,SUCCESS
A,gamma,605,14200,SUCCESS
A,gamma,606,14500,SUCCESS
A,gamma,607,14300,SUCCESS
A,gamma,608,14500,SUCCESS
A,gamma,609,10200,SUCCESS
A,gamma,610,15200,SUCCESS
A,gamma,611,15300,SUCCESS
A,gamma,612,15000,SUCCESS
A,gamma,613,14400,SUCCESS
A,gamma,614,14900,SUCCESS
A,gamma,615,10400,SUCCESS
A,gamma,616,15500,SUCCESS
A,gamma,617,14700,SUCCESS
A,gamma,618,14500,SUCCESS
A,gamma,619,14700,SUCCESS
A,gamma,620,14600,SUCCESS
A,gamma,621,14700,SUCCESS
A,gamma,622,14400,SUCCESS
A,gamma,623,14700,SUCCESS
A,gamma,624,14400,SUCCESS
A,gamma,625,15300,SUCCESS
A,gamma,626,14700,SUCCESS
A,gamma,627,14800,SUCCESS
A,gamma,628,14500,SUCCESS
A,gamma,629,14900,SUCCESS
A,gamma,630,14300,SUCCESS
A,gamma,631,14900,SUCCESS
A,gamma,632,14200,SUCCESS
A,gamma,633,14600,SUCCESS
A,gamma,634,14500,SUCCESS
A,gamma,635,14500,SUCCESS
A,gamma,636,9700,SUCCESS
A,gamma,637,15400,SUCCESS
A,gamma,638,14900,SUCCESS
A,gamma,639,14400,SUCCESS
A,gamma,640,14500,SUCCESS
A,gamma,641,14700,SUCCESS
A,gamma,642,14400,SUCCESS
A,gamma,643,15100,SUCCESS
A,gamma,644,15300,SUCCESS
A,gamma,645,14200,SUCCESS
A,gamma,646,15100,SUCCESS
A,gamma,647,14800,SUCCESS
A,gamma,648,14500,SUCCESS
A,gamma,649,15200,SUCCESS
A,gamma,650,15000,SUCCESS
A,gamma,651,14900,SUCCESS
A,gamma,652,14300,SUCCESS
A,gamma,653,14600,SUCCESS
A,gamma,654,14600,SUCCESS
A,gamma,655,14500,SUCCESS
A,gamma,656,15400,SUCCESS
A,gamma,657,14900,SUCCESS
A,gamma,658,15400,SUCCESS
A,gamma,659,15500,SUCCESS
A,gamma,660,14300,SUCCESS
A,gamma,661,15000,SUCCESS
A,gamma,662,15200,SUCCESS
A,gamma,663,15100,SUCCESS
A,gamma,664,14300,SUCCESS
A,gamma,665,15300,SUCCESS
A,gamma,666,14300,SUCCESS
A,gamma,667,15400,SUCCESS
A,gamma,668,14300,SUCCESS
A,gamma,669,15600,SUCCESS
A,gamma,670,14500,SUCCESS
A,gamma,671,15000,SUCCESS
A,gamma,672,15600,SUCCESS
A,gamma,673,14200,SUCCESS
A,gamma,674,14800,SUCCESS
A,gamma,675,14200,SUCCESS
A,gamma,676,14500,SUCCESS
A,gamma,677,14300,SUCCESS
A,gamma,678,15100,SUCCESS
A,gamma,679,14400,SUCCESS
A,gamma,680,14500,SUCCESS
A,gamma,681,14900,SUCCESS
A,gamma,682,14700,SUCCESS
A,gamma,683,14200,SUCCESS
A,gamma,684,15300,SUCCESS
A,gamma,685,14400,SUCCESS
A,gamma,686,14900,SUCCESS
A,gamma,687,14900,SUCCESS
A,gamma,688,15300,SUCCESS
A,gamma,689,15000,SUCCESS
A,gamma,690,91100,SUCCESS
A,gamma,691,59100,SUCCESS
A,gamma,692,56200,SUCCESS
A,gamma,693,53200,SUCCESS
A,gamma,694,49700,SUCCESS
A,gamma,695,46300,SUCCESS
A,gamma,696,43400,SUCCESS
A,gamma,697,39600,SUCCESS
A,gamma,698,130000,SUCCESS
A,gamma,699,127400,SUCCESS
A,gamma,700,129700,SUCCESS
A,gamma,701,127500,SUCCESS
A,gamma,702,126700,SUCCESS
A,gamma,703,123000,SUCCESS
A,gamma,704,119400,SUCCESS
A,gamma,705,196900,SUCCESS
A,gamma,706,197100,SUCCESS
A,gamma,707,197200,SUCCESS
A,gamma,708,193700,SUCCESS
A,gamma,709,189900,SUCCESS
A,gamma,710,257000,SUCCESS
A,gamma,711,255600,SUCCESS
A,gamma,712,256300,SUCCESS
A,gamma,713,253000,SUCCESS
A,gamma,714,257600,SUCCESS
A,gamma,715,322700,SUCCESS
A,gamma,716,322200,SUCCESS
A,gamma,717,323100,SUCCESS
A,gamma,718,324000,SUCCESS
A,gamma,719,320400,SUCCESS
A,gamma,720,392200,SUCCESS
A,gamma,721,389000,SUCCESS
A,gamma,722,388600,SUCCESS
A,gamma,723,389400,SUCCESS
A,gamma,724,386000,SUCCESS
A,gamma,725,382300,SUCCESS
A,gamma,726,445800,SUCCESS
A,gamma,727,445300,SUCCESS
A,gamma,728,443400,SUCCESS
A,gamma,729,445100,SUCCESS
A,gamma,730,501100,SUCCESS
A,gamma,731,500800,SUCCESS
A,gamma,732,502200,SUCCESS
A,gamma,733,500800,SUCCESS
A,gamma,734,558000,SUCCESS
A,gamma,735,556700,SUCCESS
A,gamma,736,556200,SUCCESS
A,gamma,737,555100,SUCCESS
A,gamma,738,612000,SUCCESS
A,gamma,739,612100,SUCCESS
A,gamma,740,608900,SUCCESS
A,gamma,741,608900,SUCCESS
A,gamma,742,669100,SUCCESS
A,gamma,743,703500,SUCCESS
A,gamma,744,700400,SUCCESS
A,gamma,745,699700,SUCCESS
A,gamma,746,700500,SUCCESS
A,gamma,747,749000,SUCCESS
A,gamma,748,749100,SUCCESS
A,gamma,749,746700,SUCCESS
A,gamma,750,784500,SUCCESS
A,gamma,751,786800,SUCCESS
A,gamma,752,784600,SUCCESS
A,gamma,753,829900,SUCCESS
A,gamma,754,827000,SUCCESS
A,gamma,755,808600,SUCCESS
A,gamma,756,767000,SUCCESS
A,gamma,757,686700,SUCCESS
A,gamma,758,617300,SUCCESS
A,gamma,759,647300,SUCCESS
A,gamma,760,557500,SUCCESS
A,gamma,761,501600,SUCCESS
A,gamma,762,468400,SUCCESS
A,gamma,763,394500,SUCCESS
A,gamma,764,306800,SUCCESS
A,gamma,765,323300,SUCCESS
A,gamma,766,266500,SUCCESS
A,gamma,767,218400,SUCCESS
A,gamma,768,237100,SUCCESS
A,gamma,769,179900,SUCCESS
A,gamma,770,181400,SUCCESS
A,gamma,771,162000,SUCCESS
A,gamma,772,91700,SUCCESS
A,gamma,773,92000,SUCCESS
A,gamma,774,26000,SUCCESS
A,gamma,775,58600,SUCCESS
A,gamma,776,41100,SUCCESS
A,gamma,777,70200,SUCCESS
A,gamma,778,52700,SUCCESS
A,gamma,779,50700,SUCCESS
A,gamma,780,31000,SUCCESS
A,gamma,781,43800,SUCCESS
A,gamma,782,44400,SUCCESS
A,gamma,783,21700,SUCCESS
A,gamma,784,16500,SUCCESS
A,gamma,785,15700,SUCCESS
A,gamma,786,15500,SUCCESS
A,gamma,787,16900,SUCCESS
A,gamma,788,15000,SUCCESS
A,gamma,789,17100,SUCCESS
A,gamma,790,22600,SUCCESS
A,gamma,791,16200,SUCCESS
A,gamma,792,15700,SUCCESS
A,gamma,793,15400,SUCCESS
A,gamma,794,15500,SUCCESS
A,gamma,795,15400,SUCCESS
A,gamma,796,13400,SUCCESS
A,gamma,797,16300,SUCCESS
A,gamma,798,15000,SUCCESS
A,gamma,799,16600,SUCCESS
A,gamma,800,15800,SUCCESS
A,gamma,801,17500,SUCCESS
A,gamma,802,10400,SUCCESS
A,gamma,803,12900,SUCCESS
A,gamma,804,19500,SUCCESS
A,gamma,805,12900,SUCCESS
A,gamma,806,19600,SUCCESS
A,gamma,807,17000,SUCCESS
A,gamma,808,15400,SUCCESS
A,gamma,809,16100,SUCCESS
A,gamma,810,15400,SUCCESS
A,gamma,811,15100,SUCCESS
A,gamma,812,16500,SUCCESS
A,gamma,813,16700,SUCCESS
A,gamma,814,15300,SUCCESS
A,gamma,815,15800,SUCCESS
A,gamma,816,15500,SUCCESS
A,gamma,817,15000,SUCCESS
A,gamma,818,16400,SUCCESS
A,gamma,819,14800,SUCCESS
A,gamma,820,66800,SUCCESS
A,gamma,821,65800,SUCCESS
A,gamma,822,45400,SUCCESS
A,gamma,823,95400,SUCCESS
A,gamma,824,91900,SUCCESS
A,gamma,825,64500,SUCCESS
A,gamma,826,28700,SUCCESS
A,gamma,827,24000,SUCCESS
A,gamma,828,4900,SUCCESS
A,gamma,829,4900,SUCCESS
A,gamma,830,21700,SUCCESS
A,gamma,831,4700,SUCCESS
A,gamma,832,31500,SUCCESS
A,gamma,833,11600,SUCCESS
A,gamma,834,85200,SUCCESS
A,gamma,835,61900,SUCCESS
A,gamma,836,87100,SUCCESS
A,gamma,837,64700,SUCCESS
A,gamma,838,59000,SUCCESS
A,gamma,839,9600,SUCCESS
A,gamma,840,24300,SUCCESS
A,gamma,841,24500,SUCCESS
A,gamma,842,5300,SUCCESS
A,gamma,843,5000,SUCCESS
A,gamma,844,22200,SUCCESS
A,gamma,845,19800,SUCCESS
A,gamma,846,38100,SUCCESS
A,gamma,847,40200,SUCCESS
A,gamma,848,86100,SUCCESS
A,gamma,849,68100,SUCCESS
A,gamma,850,47300,SUCCESS
A,gamma,851,90300,SUCCESS
A,gamma,852,70900,SUCCESS
A,gamma,853,76400,SUCCESS
A,gamma,854,26500,SUCCESS
A,gamma,855,23600,SUCCESS
A,gamma,856,34700,SUCCESS
A,gamma,857,10600,SUCCESS
A,gamma,858,21300,SUCCESS
A,gamma,859,15700,SUCCESS
A,gamma,860,14700,SUCCESS
A,gamma,861,14700,SUCCESS
A,gamma,862,14700,SUCCESS
A,gamma,863,14700,SUCCESS
A,gamma,864,14600,SUCCESS
A,gamma,865,15600,SUCCESS
A,gamma,866,15800,SUCCESS
A,gamma,867,15100,SUCCESS
A,gamma,868,15500,SUCCESS
A,gamma,869,14600,SUCCESS
A,gamma,870,14700,SUCCESS
A,gamma,871,14700,SUCCESS
A,gamma,872,15300,SUCCESS
A,gamma,873,15200,SUCCESS
A,gamma,874,14300,SUCCESS
A,gamma,875,14700,SUCCESS
A,gamma,876,15700,SUCCESS
A,gamma,877,12900,SUCCESS
A,gamma,878,15900,SUCCESS
A,gamma,879,14600,SUCCESS
A,gamma,880,14400,SUCCESS
A,gamma,881,14700,SUCCESS
A,gamma,882,14700,SUCCESS
A,gamma,883,14700,SUCCESS
A,gamma,884,14600,SUCCESS
A,gamma,885,15000,SUCCESS
A,gamma,886,15600,SUCCESS
A,gamma,887,15000,SUCCESS
A,gamma,888,15600,SUCCESS
A,gamma,889,14800,SUCCESS
A,gamma,890,15600,SUCCESS
A,gamma,891,15100,SUCCESS
A,gamma,892,15600,SUCCESS
A,gamma,893,12900,SUCCESS
A,gamma,894,15600,SUCCESS
A,gamma,895,15000,SUCCESS
A,gamma,896,18400,SUCCESS
A,gamma,897,18600,SUCCESS
A,gamma,898,12800,SUCCESS
A,gamma,899,16300,SUCCESS
A,gamma,900,15400,SUCCESS
A,gamma,901,14400,SUCCESS
A,gamma,902,15200,SUCCESS
A,gamma,903,14700,SUCCESS
A,gamma,904,14400,SUCCESS
A,gamma,905,12800,SUCCESS
A,gamma,906,15900,SUCCESS
A,gamma,907,14600,SUCCESS
A,gamma,908,14600,SUCCESS
A,gamma,909,14900,SUCCESS
A,gamma,910,15800,SUCCESS
A,gamma,911,15200,SUCCESS
A,gamma,912,15800,SUCCESS
A,gamma,913,16000,SUCCESS
A,gamma,914,14600,SUCCESS
A,gamma,915,15100,SUCCESS
A,gamma,916,13100,SUCCESS
A,gamma,917,15700,SUCCESS
A,gamma,918,20600,SUCCESS
A,gamma,919,61500,SUCCESS
A,gamma,920,59000,SUCCESS
A,gamma,921,90000,SUCCESS
A,gamma,922,69500,SUCCESS
A,gamma,923,65500,SUCCESS
A,gamma,924,8100,SUCCESS
A,gamma,925,22300,SUCCESS
A,gamma,926,22000,SUCCESS
A,gamma,927,4800,SUCCESS
A,gamma,928,4900,SUCCESS
A,gamma,929,22300,SUCCESS
A,gamma,930,4600,SUCCESS
A,gamma,931,4600,SUCCESS
A,gamma,932,31600,SUCCESS
A,gamma,933,4600,SUCCESS
A,gamma,934,89900,SUCCESS
A,gamma,935,70500,SUCCESS
A,gamma,936,93000,SUCCESS
A,gamma,937,90000,SUCCESS
A,gamma,938,92000,SUCCESS
A,gamma,939,86800,SUCCESS
A,gamma,940,76400,SUCCESS
A,gamma,941,38800,SUCCESS
A,gamma,942,5000,SUCCESS
A,gamma,943,23400,SUCCESS
A,gamma,944,51200,SUCCESS
A,gamma,945,36700,SUCCESS
A,gamma,946,20300,SUCCESS
A,gamma,947,15300,SUCCESS
A,gamma,948,14700,SUCCESS
A,gamma,949,15000,SUCCESS
A,gamma,950,14500,SUCCESS
A,gamma,951,15500,SUCCESS
A,gamma,952,15800,SUCCESS
A,gamma,953,15000,SUCCESS
A,gamma,954,15500,SUCCESS
A,gamma,955,15000,SUCCESS
A,gamma,956,12900,SUCCESS
A,gamma,957,18800,SUCCESS
A,gamma,958,12900,SUCCESS
A,gamma,959,15800,SUCCESS
A,gamma,960,15700,SUCCESS
A,gamma,961,14500,SUCCESS
A,gamma,962,15200,SUCCESS
A,gamma,963,14600,SUCCESS
A,gamma,964,15200,SUCCESS
A,gamma,965,12800,SUCCESS
A,gamma,966,16200,SUCCESS
A,gamma,967,14600,SUCCESS
A,gamma,968,14400,SUCCESS
A,gamma,969,15200,SUCCESS
A,gamma,970,16300,SUCCESS
A,gamma,971,15100,SUCCESS
A,gamma,972,15700,SUCCESS
A,gamma,973,16200,SUCCESS
A,gamma,974,14700,SUCCESS
A,gamma,975,15100,SUCCESS
A,gamma,976,13000,SUCCESS
A,gamma,977,15600,SUCCESS
A,gamma,978,14900,SUCCESS
A,gamma,979,19100,SUCCESS
A,gamma,980,15000,SUCCESS
A,gamma,981,29800,SUCCESS
A,gamma,982,82100,SUCCESS
A,gamma,983,62700,SUCCESS
A,gamma,984,90700,SUCCESS
A,gamma,985,70400,SUCCESS
A,gamma,986,67100,SUCCESS
A,gamma,987,6500,SUCCESS
A,gamma,988,21500,SUCCESS
A,gamma,989,17000,SUCCESS
A,gamma,990,33300,SUCCESS
A,gamma,991,18600,SUCCESS
A,gamma,992,5600,SUCCESS
A,gamma,993,4600,SUCCESS
A,gamma,994,21100,SUCCESS
A,gamma,995,18400,SUCCESS
A,gamma,996,19600,SUCCESS
A,gamma,997,18400,SUCCESS
A,gamma,998,4700,SUCCESS
A,gamma,999,30400,SUCCESS
A,delta,0,18200,SUCCESS
A,delta,1,21300,SUCCESS
A,delta,2,18000,SUCCESS
A,delta,3,4800,SUCCESS
A,delta,4,6000,SUCCESS
A,delta,5,23800,SUCCESS
A,delta,6,30900,SUCCESS
A,delta,7,22600,SUCCESS
A,delta,8,61200,SUCCESS
A,delta,9,56200,SUCCESS
A,delta,10,6600,SUCCESS
A,delta,11,62000,SUCCESS
A,delta,12,5100,SUCCESS
A,delta,13,45400,SUCCESS
A,delta,14,73900,SUCCESS
A,delta,15,55700,SUCCESS
A,delta,16,46500,SUCCESS
A,delta,17,104100,SUCCESS
A,delta,18,95900,SUCCESS
A,delta,19,111400,SUCCESS
A,delta,20,102800,SUCCESS
A,delta,21,117000,SUCCESS
A,delta,22,131800,SUCCESS
A,delta,23,10900,SUCCESS
A,delta,24,44800,SUCCESS
A,delta,25,54700,SUCCESS
A,delta,26,70200,SUCCESS
A,delta,27,22000,SUCCESS
A,delta,28,4700,SUCCESS
A,delta,29,21300,SUCCESS
A,delta,30,16700,SUCCESS
A,delta,31,13600,SUCCESS
A,delta,32,16200,SUCCESS
A,delta,33,14600,SUCCESS
A,delta,34,14600,SUCCESS
A,delta,35,15200,SUCCESS
A,delta,36,15700,SUCCESS
A,delta,37,15000,SUCCESS
A,delta,38,15900,SUCCESS
A,delta,39,40100,SUCCESS
A,delta,40,25000,SUCCESS
A,delta,41,20500,SUCCESS
A,delta,42,15200,SUCCESS
A,delta,43,15600,SUCCESS
A,delta,44,16500,SUCCESS
A,delta,45,14900,SUCCESS
A,delta,46,16100,SUCCESS
A,delta,47,14800,SUCCESS
A,delta,48,22300,SUCCESS
A,delta,49,19700,SUCCESS
A,delta,50,41700,SUCCESS
A,delta,51,88500,SUCCESS
A,delta,52,71800,SUCCESS
A,delta,53,105900,SUCCESS
A,delta,54,90000,SUCCESS
A,delta,55,108000,SUCCESS
A,delta,56,105300,SUCCESS
A,delta,57,77200,SUCCESS
A,delta,58,22200,SUCCESS
A,delta,59,33400,SUCCESS
A,delta,60,22300,SUCCESS
A,delta,61,16400,SUCCESS
A,delta,62,15800,SUCCESS
A,delta,63,16800,SUCCESS
A,delta,64,15000,SUCCESS
A,delta,65,16900,SUCCESS
A,delta,66,13000,SUCCESS
A,delta,67,16700,SUCCESS
A,delta,68,15400,SUCCESS
A,delta,69,15200,SUCCESS
A,delta,70,15800,SUCCESS
A,delta,71,15000,SUCCESS
A,delta,72,15200,SUCCESS
A,delta,73,19100,SUCCESS
A,delta,74,19100,SUCCESS
A,delta,75,19500,SUCCESS
A,delta,76,15100,SUCCESS
A,delta,77,15000,SUCCESS
A,delta,78,16300,SUCCESS
A,delta,79,14900,SUCCESS
A,delta,80,60900,SUCCESS
A,delta,81,58400,SUCCESS
A,delta,82,72200,SUCCESS
A,delta,83,51600,SUCCESS
A,delta,84,37100,SUCCESS
A,delta,85,26800,SUCCESS
A,delta,86,100300,SUCCESS
A,delta,87,81000,SUCCESS
A,delta,88,115700,SUCCESS
A,delta,89,99500,SUCCESS
A,delta,90,108700,SUCCESS
A,delta,91,84100,SUCCESS
A,delta,92,25200,SUCCESS
A,delta,93,91500,SUCCESS
A,delta,94,72200,SUCCESS
A,delta,95,102200,SUCCESS
A,delta,96,82800,SUCCESS
A,delta,97,63800,SUCCESS
A,delta,98,44700,SUCCESS
A,delta,99,76400,SUCCESS
A,delta,100,94000,SUCCESS
A,delta,101,75200,SUCCESS
A,delta,102,98700,SUCCESS
A,delta,103,100500,SUCCESS
A,delta,104,69500,SUCCESS
A,delta,105,20900,SUCCESS
A,delta,106,4900,SUCCESS
A,delta,107,32400,SUCCESS
A,delta,108,19700,SUCCESS
A,delta,109,4700,SUCCESS
A,delta,110,4800,SUCCESS
A,delta,111,18200,SUCCESS
A,delta,112,32300,SUCCESS
A,delta,113,18100,SUCCESS
A,delta,114,13600,SUCCESS
A,delta,115,31900,SUCCESS
A,delta,116,18100,SUCCESS
A,delta,117,4900,SUCCESS
A,delta,118,4500,SUCCESS
A,delta,119,20600,SUCCESS
A,delta,120,18300,SUCCESS
A,delta,121,4600,SUCCESS
A,delta,122,4900,SUCCESS
A,delta,123,18000,SUCCESS
A,delta,124,29600,SUCCESS
A,delta,125,18200,SUCCESS
A,delta,126,4700,SUCCESS
A,delta,127,4900,SUCCESS
A,delta,128,17900,SUCCESS
A,delta,129,6300,SUCCESS
A,delta,130,4600,SUCCESS
A,delta,131,36400,SUCCESS
A,delta,132,6100,SUCCESS
A,delta,133,6800,SUCCESS
A,delta,134,18200,SUCCESS
A,delta,135,13500,SUCCESS
A,delta,136,10900,SUCCESS
A,delta,137,18800,SUCCESS
A,delta,138,5600,SUCCESS
A,delta,139,4600,SUCCESS
A,delta,140,35400,SUCCESS
A,delta,141,8000,SUCCESS
A,delta,142,16300,SUCCESS
A,delta,143,18200,SUCCESS
A,delta,144,4700,SUCCESS
A,delta,145,19700,SUCCESS
A,delta,146,17800,SUCCESS
A,delta,147,4700,SUCCESS
A,delta,148,4800,SUCCESS
A,delta,149,18000,SUCCESS
A,delta,150,4600,SUCCESS
A,delta,151,4700,SUCCESS
A,delta,152,35700,SUCCESS
A,delta,153,7300,SUCCESS
A,delta,154,16300,SUCCESS
A,delta,155,18200,SUCCESS
A,delta,156,4700,SUCCESS
A,delta,157,19400,SUCCESS
A,delta,158,18000,SUCCESS
A,delta,159,4600,SUCCESS
A,delta,160,4900,SUCCESS
A,delta,161,18100,SUCCESS
A,delta,162,4600,SUCCESS
A,delta,163,4800,SUCCESS
A,delta,164,36700,SUCCESS
A,delta,165,7900,SUCCESS
A,delta,166,16300,SUCCESS
A,delta,167,18100,SUCCESS
A,delta,168,4700,SUCCESS
A,delta,169,18900,SUCCESS
A,delta,170,17900,SUCCESS
A,delta,171,4700,SUCCESS
A,delta,172,4800,SUCCESS
A,delta,173,18000,SUCCESS
A,delta,174,62700,SUCCESS
A,delta,175,59600,SUCCESS
A,delta,176,107500,SUCCESS
A,delta,177,98700,SUCCESS
A,delta,178,118800,SUCCESS
A,delta,179,123700,SUCCESS
A,delta,180,78400,SUCCESS
A,delta,181,17600,SUCCESS
A,delta,182,4700,SUCCESS
A,delta,183,4600,SUCCESS
A,delta,184,4800,SUCCESS
A,delta,185,17900,SUCCESS
A,delta,186,4700,SUCCESS
A,delta,187,4600,SUCCESS
A,delta,188,35000,SUCCESS
A,delta,189,6100,SUCCESS
A,delta,190,16500,SUCCESS
A,delta,191,18400,SUCCESS
A,delta,192,4700,SUCCESS
A,delta,193,19100,SUCCESS
A,delta,194,17900,SUCCESS
A,delta,195,4800,SUCCESS
A,delta,196,4800,SUCCESS
A,delta,197,18000,SUCCESS
A,delta,198,4500,SUCCESS
A,delta,199,4600,SUCCESS
A,delta,200,34400,SUCCESS
A,delta,201,4800,SUCCESS
A,delta,202,24300,SUCCESS
A,delta,203,22800,SUCCESS
A,delta,204,4800,SUCCESS
A,delta,205,19500,SUCCESS
A,delta,206,18300,SUCCESS
A,delta,207,4600,SUCCESS
A,delta,208,18400,SUCCESS
A,delta,209,18100,SUCCESS
A,delta,210,4800,SUCCESS
A,delta,211,4900,SUCCESS
A,delta,212,17900,SUCCESS
A,delta,213,59400,SUCCESS
A,delta,214,56300,SUCCESS
A,delta,215,105500,SUCCESS
A,delta,216,96100,SUCCESS
A,delta,217,116000,SUCCESS
A,delta,218,120300,SUCCESS
A,delta,219,77500,SUCCESS
A,delta,220,18100,SUCCESS
A,delta,221,4600,SUCCESS
A,delta,222,4700,SUCCESS
A,delta,223,20400,SUCCESS
A,delta,224,18000,SUCCESS
A,delta,225,4700,SUCCESS
A,delta,226,4900,SUCCESS
A,delta,227,18100,SUCCESS
A,delta,228,4700,SUCCESS
A,delta,229,4500,SUCCESS
A,delta,230,33700,SUCCESS
A,delta,231,5000,SUCCESS
A,delta,232,24300,SUCCESS
A,delta,233,22700,SUCCESS
A,delta,234,4600,SUCCESS
A,delta,235,19500,SUCCESS
A,delta,236,18400,SUCCESS
A,delta,237,4700,SUCCESS
A,delta,238,19900,SUCCESS
A,delta,239,18200,SUCCESS
A,delta,240,4800,SUCCESS
A,delta,241,5000,SUCCESS
A,delta,242,18000,SUCCESS
A,delta,243,4600,SUCCESS
A,delta,244,4600,SUCCESS
A,delta,245,36500,SUCCESS
A,delta,246,6800,SUCCESS
A,delta,247,9900,SUCCESS
A,delta,248,18200,SUCCESS
A,delta,249,13500,SUCCESS
A,delta,250,29100,SUCCESS
A,delta,251,17800,SUCCESS
A,delta,252,4700,SUCCESS
A,delta,253,19500,SUCCESS
A,delta,254,18000,SUCCESS
A,delta,255,4800,SUCCESS
A,delta,256,5000,SUCCESS
A,delta,257,17700,SUCCESS
A,delta,258,4600,SUCCESS
A,delta,259,4500,SUCCESS
A,delta,260,35700,SUCCESS
A,delta,261,6200,SUCCESS
A,delta,262,16000,SUCCESS
A,delta,263,18000,SUCCESS
A,delta,264,4800,SUCCESS
A,delta,265,20500,SUCCESS
A,delta,266,18000,SUCCESS
A,delta,267,4800,SUCCESS
A,delta,268,4900,SUCCESS
A,delta,269,17900,SUCCESS
A,delta,270,4700,SUCCESS
A,delta,271,4500,SUCCESS
A,delta,272,35900,SUCCESS
A,delta,273,4500,SUCCESS
A,delta,274,5200,SUCCESS
A,delta,275,17900,SUCCESS
A,delta,276,13300,SUCCESS
A,delta,277,9200,SUCCESS
A,delta,278,17800,SUCCESS
A,delta,279,9700,SUCCESS
A,delta,280,5500,SUCCESS
A,delta,281,36200,SUCCESS
A,delta,282,8600,SUCCESS
A,delta,283,16800,SUCCESS
A,delta,284,18200,SUCCESS
A,delta,285,4700,SUCCESS
A,delta,286,19500,SUCCESS
A,delta,287,18100,SUCCESS
A,delta,288,4600,SUCCESS
A,delta,289,4900,SUCCESS
A,delta,290,17900,SUCCESS
A,delta,291,4600,SUCCESS
A,delta,292,4600,SUCCESS
A,delta,293,33900,SUCCESS
A,delta,294,4800,SUCCESS
A,delta,295,23900,SUCCESS
A,delta,296,22300,SUCCESS
A,delta,297,4600,SUCCESS
A,delta,298,19800,SUCCESS
A,delta,299,18300,SUCCESS
A,delta,300,4600,SUCCESS
A,delta,301,19900,SUCCESS
A,delta,302,18000,SUCCESS
A,delta,303,4800,SUCCESS
A,delta,304,4800,SUCCESS
A,delta,305,17900,SUCCESS
A,delta,306,4600,SUCCESS
A,delta,307,5400,SUCCESS
A,delta,308,35300,SUCCESS
A,delta,309,7300,SUCCESS
A,delta,310,16700,SUCCESS
A,delta,311,18000,SUCCESS
A,delta,312,4600,SUCCESS
A,delta,313,19300,SUCCESS
A,delta,314,18100,SUCCESS
A,delta,315,4700,SUCCESS
A,delta,316,4900,SUCCESS
A,delta,317,17700,SUCCESS
A,delta,318,4800,SUCCESS
A,delta,319,4500,SUCCESS
A,delta,320,34400,SUCCESS
A,delta,321,4800,SUCCESS
A,delta,322,23700,SUCCESS
A,delta,323,22300,SUCCESS
A,delta,324,4800,SUCCESS
A,delta,325,18500,SUCCESS
A,delta,326,18300,SUCCESS
A,delta,327,4700,SUCCESS
A,delta,328,18600,SUCCESS
A,delta,329,17900,SUCCESS
A,delta,330,4600,SUCCESS
A,delta,331,4600,SUCCESS
A,delta,332,20800,SUCCESS
A,delta,333,18100,SUCCESS
A,delta,334,4800,SUCCESS
A,delta,335,4900,SUCCESS
A,delta,336,18000,SUCCESS
A,delta,337,30700,SUCCESS
A,delta,338,18000,SUCCESS
A,delta,339,4800,SUCCESS
A,delta,340,4900,SUCCESS
A,delta,341,18100,SUCCESS
A,delta,342,4700,SUCCESS
A,delta,343,4500,SUCCESS
A,delta,344,35700,SUCCESS
A,delta,345,6100,SUCCESS
A,delta,346,16100,SUCCESS
A,delta,347,17900,SUCCESS
A,delta,348,4700,SUCCESS
A,delta,349,4600,SUCCESS
A,delta,350,4900,SUCCESS
A,delta,351,18700,SUCCESS
A,delta,352,4500,SUCCESS
A,delta,353,4600,SUCCESS
A,delta,354,33600,SUCCESS
A,delta,355,5100,SUCCESS
A,delta,356,17900,SUCCESS
A,delta,357,5500,SUCCESS
A,delta,358,4600,SUCCESS
A,delta,359,5000,SUCCESS
A,delta,360,18500,SUCCESS
A,delta,361,30600,SUCCESS
A,delta,362,17900,SUCCESS
A,delta,363,4600,SUCCESS
A,delta,364,4900,SUCCESS
A,delta,365,18000,SUCCESS
A,delta,366,5500,SUCCESS
A,delta,367,4600,SUCCESS
A,delta,368,36300,SUCCESS
A,delta,369,7600,SUCCESS
A,delta,370,16800,SUCCESS
A,delta,371,17900,SUCCESS
A,delta,372,4700,SUCCESS
A,delta,373,19200,SUCCESS
A,delta,374,17900,SUCCESS
A,delta,375,4700,SUCCESS
A,delta,376,5000,SUCCESS
A,delta,377,17900,SUCCESS
A,delta,378,4600,SUCCESS
A,delta,379,4600,SUCCESS
A,delta,380,36100,SUCCESS
A,delta,381,8000,SUCCESS
A,delta,382,16300,SUCCESS
A,delta,383,17800,SUCCESS
A,delta,384,4800,SUCCESS
A,delta,385,6200,SUCCESS
A,delta,386,5100,SUCCESS
A,delta,387,18000,SUCCESS
A,delta,388,4700,SUCCESS
A,delta,389,4500,SUCCESS
A,delta,390,33600,SUCCESS
A,delta,391,5200,SUCCESS
A,delta,392,17700,SUCCESS
A,delta,393,5400,SUCCESS
A,delta,394,4500,SUCCESS
A,delta,395,5800,SUCCESS
A,delta,396,17900,SUCCESS
A,delta,397,29600,SUCCESS
A,delta,398,17900,SUCCESS
A,delta,399,4700,SUCCESS
A,delta,400,4900,SUCCESS
A,delta,401,18000,SUCCESS
A,delta,402,4600,SUCCESS
A,delta,403,4600,SUCCESS
A,delta,404,34100,SUCCESS
A,delta,405,4900,SUCCESS
A,delta,406,23800,SUCCESS
A,delta,407,22300,SUCCESS
A,delta,408,4700,SUCCESS
A,delta,409,19600,SUCCESS
A,delta,410,18200,SUCCESS
A,delta,411,4600,SUCCESS
A,delta,412,18800,SUCCESS
A,delta,413,18100,SUCCESS
A,delta,414,4800,SUCCESS
A,delta,415,4900,SUCCESS
A,delta,416,17900,SUCCESS
A,delta,417,4700,SUCCESS
A,delta,418,4600,SUCCESS
A,delta,419,35800,SUCCESS
A,delta,420,4800,SUCCESS
A,delta,421,6700,SUCCESS
A,delta,422,17800,SUCCESS
A,delta,423,13300,SUCCESS
A,delta,424,16200,SUCCESS
A,delta,425,17700,SUCCESS
A,delta,426,4800,SUCCESS
A,delta,427,20100,SUCCESS
A,delta,428,18100,SUCCESS
A,delta,429,4700,SUCCESS
A,delta,430,4400,SUCCESS
A,delta,431,34300,SUCCESS
A,delta,432,4700,SUCCESS
A,delta,433,16800,SUCCESS
A,delta,434,18100,SUCCESS
A,delta,435,4600,SUCCESS
A,delta,436,18400,SUCCESS
A,delta,437,18100,SUCCESS
A,delta,438,4800,SUCCESS
A,delta,439,4900,SUCCESS
A,delta,440,18000,SUCCESS
A,delta,441,4700,SUCCESS
A,delta,442,4600,SUCCESS
A,delta,443,34800,SUCCESS
A,delta,444,6000,SUCCESS
A,delta,445,10000,SUCCESS
A,delta,446,17800,SUCCESS
A,delta,447,13300,SUCCESS
A,delta,448,29700,SUCCESS
A,delta,449,17900,SUCCESS
A,delta,450,4700,SUCCESS
A,delta,451,19100,SUCCESS
A,delta,452,18000,SUCCESS
A,delta,453,4700,SUCCESS
A,delta,454,4900,SUCCESS
A,delta,455,17900,SUCCESS
A,delta,456,4500,SUCCESS
A,delta,457,4600,SUCCESS
A,delta,458,35300,SUCCESS
A,delta,459,7200,SUCCESS
A,delta,460,10600,SUCCESS
A,delta,461,17800,SUCCESS
A,delta,462,13400,SUCCESS
A,delta,463,29200,SUCCESS
A,delta,464,18100,SUCCESS
A,delta,465,4700,SUCCESS
A,delta,466,18800,SUCCESS
A,delta,467,18000,SUCCESS
A,delta,468,4700,SUCCESS
A,delta,469,5000,SUCCESS
A,delta,470,17800,SUCCESS
A,delta,471,69900,SUCCESS
A,delta,472,66900,SUCCESS
A,delta,473,63300,SUCCESS
A,delta,474,111500,SUCCESS
A,delta,475,114200,SUCCESS
A,delta,476,120100,SUCCESS
A,delta,477,115100,SUCCESS
A,delta,478,17700,SUCCESS
A,delta,479,5200,SUCCESS
A,delta,480,5700,SUCCESS
A,delta,481,4900,SUCCESS
A,delta,482,17600,SUCCESS
A,delta,483,63400,SUCCESS
A,delta,484,60600,SUCCESS
A,delta,485,110100,SUCCESS
A,delta,486,100300,SUCCESS
A,delta,487,119900,SUCCESS
A,delta,488,124000,SUCCESS
A,delta,489,76600,SUCCESS
A,delta,490,17500,SUCCESS
A,delta,491,4700,SUCCESS
A,delta,492,4600,SUCCESS
A,delta,493,21800,SUCCESS
A,delta,494,17100,SUCCESS
A,delta,495,15900,SUCCESS
A,delta,496,14900,SUCCESS
A,delta,497,17100,SUCCESS
A,delta,498,13100,SUCCESS
A,delta,499,16900,SUCCESS
A,delta,500,15100,SUCCESS
A,delta,501,16500,SUCCESS
A,delta,502,17100,SUCCESS
A,delta,503,15600,SUCCESS
A,delta,504,15600,SUCCESS
A,delta,505,15400,SUCCESS
A,delta,506,14900,SUCCESS
A,delta,507,16700,SUCCESS
A,delta,508,15100,SUCCESS
A,delta,509,18300,SUCCESS
A,delta,510,13900,SUCCESS
A,delta,511,28600,SUCCESS
A,delta,512,18000,SUCCESS
A,delta,513,4900,SUCCESS
A,delta,514,4500,SUCCESS
A,delta,515,4900,SUCCESS
A,delta,516,18000,SUCCESS
A,delta,517,28600,SUCCESS
A,delta,518,17900,SUCCESS
A,delta,519,70000,SUCCESS
A,delta,520,68100,SUCCESS
A,delta,521,96000,SUCCESS
A,delta,522,78100,SUCCESS
A,delta,523,85800,SUCCESS
A,delta,524,59100,SUCCESS
A,delta,525,28100,SUCCESS
A,delta,526,17600,SUCCESS
A,delta,527,6300,SUCCESS
A,delta,528,4500,SUCCESS
A,delta,529,23000,SUCCESS
A,delta,530,17900,SUCCESS
A,delta,531,4900,SUCCESS
A,delta,532,4900,SUCCESS
A,delta,533,18200,SUCCESS
A,delta,534,4700,SUCCESS
A,delta,535,4600,SUCCESS
A,delta,536,35900,SUCCESS
A,delta,537,7500,SUCCESS
A,delta,538,17000,SUCCESS
A,delta,539,18200,SUCCESS
A,delta,540,4700,SUCCESS
A,delta,541,4600,SUCCESS
A,delta,542,4800,SUCCESS
A,delta,543,17700,SUCCESS
A,delta,544,30000,SUCCESS
A,delta,545,18000,SUCCESS
A,delta,546,4700,SUCCESS
A,delta,547,5400,SUCCESS
A,delta,548,21900,SUCCESS
A,delta,549,17800,SUCCESS
A,delta,550,20600,SUCCESS
A,delta,551,17900,SUCCESS
A,delta,552,5600,SUCCESS
A,delta,553,4600,SUCCESS
A,delta,554,4800,SUCCESS
A,delta,555,17800,SUCCESS
A,delta,556,29700,SUCCESS
A,delta,557,17800,SUCCESS
A,delta,558,5700,SUCCESS
A,delta,559,6000,SUCCESS
A,delta,560,22500,SUCCESS
A,delta,561,18000,SUCCESS
A,delta,562,20400,SUCCESS
A,delta,563,18000,SUCCESS
A,delta,564,4600,SUCCESS
A,delta,565,4600,SUCCESS
A,delta,566,5000,SUCCESS
A,delta,567,18000,SUCCESS
A,delta,568,12600,SUCCESS
A,delta,569,18000,SUCCESS
A,delta,570,13400,SUCCESS
A,delta,571,28800,SUCCESS
A,delta,572,18000,SUCCESS
A,delta,573,4800,SUCCESS
A,delta,574,4600,SUCCESS
A,delta,575,17800,SUCCESS
A,delta,576,4600,SUCCESS
A,delta,577,4500,SUCCESS
A,delta,578,19900,SUCCESS
A,delta,579,17700,SUCCESS
A,delta,580,20200,SUCCESS
A,delta,581,18400,SUCCESS
A,delta,582,4800,SUCCESS
A,delta,583,9900,SUCCESS
A,delta,584,17900,SUCCESS
A,delta,585,4700,SUCCESS
A,delta,586,6000,SUCCESS
A,delta,587,39600,SUCCESS
A,delta,588,42800,SUCCESS
A,delta,589,17800,SUCCESS
A,delta,590,4800,SUCCESS
A,delta,591,4500,SUCCESS
A,delta,592,19500,SUCCESS
A,delta,593,22700,SUCCESS
A,delta,594,17800,SUCCESS
A,delta,595,16000,SUCCESS
A,delta,596,16300,SUCCESS
A,delta,597,16200,SUCCESS
A,delta,598,16600,SUCCESS
A,delta,599,16900,SUCCESS
A,delta,600,16500,SUCCESS
A,delta,601,15500,SUCCESS
A,delta,602,15900,SUCCESS
A,delta,603,16000,SUCCESS
A,delta,604,25700,SUCCESS
A,delta,605,10100,SUCCESS
A,delta,606,16200,SUCCESS
A,delta,607,15800,SUCCESS
A,delta,608,16900,SUCCESS
A,delta,609,15900,SUCCESS
A,delta,610,15000,SUCCESS
A,delta,611,16900,SUCCESS
A,delta,612,15600,SUCCESS
A,delta,613,16600,SUCCESS
A,delta,614,17200,SUCCESS
A,delta,615,16400,SUCCESS
A,delta,616,15800,SUCCESS
A,delta,617,15500,SUCCESS
A,delta,618,15000,SUCCESS
A,delta,619,16400,SUCCESS
A,delta,620,15000,SUCCESS
A,delta,621,16600,SUCCESS
A,delta,622,14900,SUCCESS
A,delta,623,16300,SUCCESS
A,delta,624,15700,SUCCESS
A,delta,625,15900,SUCCESS
A,delta,626,15800,SUCCESS
A,delta,627,16100,SUCCESS
A,delta,628,15500,SUCCESS
A,delta,629,17200,SUCCESS
A,delta,630,16700,SUCCESS
A,delta,631,15100,SUCCESS
A,delta,632,16600,SUCCESS
A,delta,633,15100,SUCCESS
A,delta,634,16700,SUCCESS
A,delta,635,15100,SUCCESS
A,delta,636,16800,SUCCESS
A,delta,637,13100,SUCCESS
A,delta,638,16500,SUCCESS
A,delta,639,15100,SUCCESS
A,delta,640,16500,SUCCESS
A,delta,641,15200,SUCCESS
A,delta,642,16400,SUCCESS
A,delta,643,13200,SUCCESS
A,delta,644,16700,SUCCESS
A,delta,645,15100,SUCCESS
A,delta,646,16900,SUCCESS
A,delta,647,15100,SUCCESS
A,delta,648,16600,SUCCESS
A,delta,649,15000,SUCCESS
A,delta,650,16700,SUCCESS
A,delta,651,15200,SUCCESS
A,delta,652,16700,SUCCESS
A,delta,653,15300,SUCCESS
A,delta,654,19300,SUCCESS
A,delta,655,12900,SUCCESS
A,delta,656,19600,SUCCESS
A,delta,657,19600,SUCCESS
A,delta,658,22900,SUCCESS
A,delta,659,47700,SUCCESS
A,delta,660,20800,SUCCESS
A,delta,661,62400,SUCCESS
A,delta,662,59500,SUCCESS
A,delta,663,56300,SUCCESS
A,delta,664,84500,SUCCESS
A,delta,665,88300,SUCCESS
A,delta,666,77300,SUCCESS
A,delta,667,20000,SUCCESS
A,delta,668,15900,SUCCESS
A,delta,669,24000,SUCCESS
A,delta,670,4700,SUCCESS
A,delta,671,4800,SUCCESS
A,delta,672,17900,SUCCESS
A,delta,673,13300,SUCCESS
A,delta,674,26300,SUCCESS
A,delta,675,18200,SUCCESS
A,delta,676,19400,SUCCESS
A,delta,677,18100,SUCCESS
A,delta,678,4800,SUCCESS
A,delta,679,4500,SUCCESS
A,delta,680,4900,SUCCESS
A,delta,681,17900,SUCCESS
A,delta,682,30200,SUCCESS
A,delta,683,18000,SUCCESS
A,delta,684,6700,SUCCESS
A,delta,685,62000,SUCCESS
A,delta,686,43800,SUCCESS
A,delta,687,61800,SUCCESS
A,delta,688,40300,SUCCESS
A,delta,689,30100,SUCCESS
A,delta,690,6000,SUCCESS
A,delta,691,18900,SUCCESS
A,delta,692,15300,SUCCESS
A,delta,693,64200,SUCCESS
A,delta,694,45700,SUCCESS
A,delta,695,63400,SUCCESS
A,delta,696,64800,SUCCESS
A,delta,697,51000,SUCCESS
A,delta,698,47100,SUCCESS
A,delta,699,18100,SUCCESS
A,delta,700,4700,SUCCESS
A,delta,701,18300,SUCCESS
A,delta,702,18300,SUCCESS
A,delta,703,4700,SUCCESS
A,delta,704,4900,SUCCESS
A,delta,705,17800,SUCCESS
A,delta,706,4700,SUCCESS
A,delta,707,4600,SUCCESS
A,delta,708,32400,SUCCESS
A,delta,709,5000,SUCCESS
A,delta,710,18100,SUCCESS
A,delta,711,4800,SUCCESS
A,delta,712,19200,SUCCESS
A,delta,713,18300,SUCCESS
A,delta,714,4600,SUCCESS
A,delta,715,4900,SUCCESS
A,delta,716,17900,SUCCESS
A,delta,717,4600,SUCCESS
A,delta,718,4500,SUCCESS
A,delta,719,33200,SUCCESS
A,delta,720,4900,SUCCESS
A,delta,721,24100,SUCCESS
A,delta,722,20400,SUCCESS
A,delta,723,19100,SUCCESS
A,delta,724,18300,SUCCESS
A,delta,725,16400,SUCCESS
A,delta,726,5800,SUCCESS
A,delta,727,5000,SUCCESS
A,delta,728,18000,SUCCESS
A,delta,729,13600,SUCCESS
A,delta,730,30200,SUCCESS
A,delta,731,18000,SUCCESS
A,delta,732,4800,SUCCESS
A,delta,733,18500,SUCCESS
A,delta,734,18100,SUCCESS
A,delta,735,4700,SUCCESS
A,delta,736,5900,SUCCESS
A,delta,737,18400,SUCCESS
A,delta,738,18000,SUCCESS
A,delta,739,30800,SUCCESS
A,delta,740,18100,SUCCESS
A,delta,741,4800,SUCCESS
A,delta,742,4600,SUCCESS
A,delta,743,5000,SUCCESS
A,delta,744,17700,SUCCESS
A,delta,745,29100,SUCCESS
A,delta,746,18000,SUCCESS
A,delta,747,4700,SUCCESS
A,delta,748,4500,SUCCESS
A,delta,749,19400,SUCCESS
A,delta,750,18200,SUCCESS
A,delta,751,20800,SUCCESS
A,delta,752,17900,SUCCESS
A,delta,753,5400,SUCCESS
A,delta,754,5300,SUCCESS
A,delta,755,4900,SUCCESS
A,delta,756,18000,SUCCESS
A,delta,757,29600,SUCCESS
A,delta,758,17900,SUCCESS
A,delta,759,13300,SUCCESS
A,delta,760,28600,SUCCESS
A,delta,761,17800,SUCCESS
A,delta,762,4900,SUCCESS
A,delta,763,4600,SUCCESS
A,delta,764,20000,SUCCESS
A,delta,765,18200,SUCCESS
A,delta,766,20600,SUCCESS
A,delta,767,18100,SUCCESS
A,delta,768,4600,SUCCESS
A,delta,769,4700,SUCCESS
A,delta,770,4900,SUCCESS
A,delta,771,17900,SUCCESS
A,delta,772,30100,SUCCESS
A,delta,773,18000,SUCCESS
A,delta,774,4700,SUCCESS
A,delta,775,6000,SUCCESS
A,delta,776,22200,SUCCESS
A,delta,777,18000,SUCCESS
A,delta,778,20300,SUCCESS
A,delta,779,18000,SUCCESS
A,delta,780,4700,SUCCESS
A,delta,781,4500,SUCCESS
A,delta,782,4900,SUCCESS
A,delta,783,17600,SUCCESS
A,delta,784,29400,SUCCESS
A,delta,785,18000,SUCCESS
A,delta,786,4800,SUCCESS
A,delta,787,6000,SUCCESS
A,delta,788,19300,SUCCESS
A,delta,789,18000,SUCCESS
A,delta,790,21200,SUCCESS
A,delta,791,18000,SUCCESS
A,delta,792,4700,SUCCESS
A,delta,793,5200,SUCCESS
A,delta,794,4800,SUCCESS
A,delta,795,17900,SUCCESS
A,delta,796,29300,SUCCESS
A,delta,797,18000,SUCCESS
A,delta,798,4700,SUCCESS
A,delta,799,6000,SUCCESS
A,delta,800,22000,SUCCESS
A,delta,801,18100,SUCCESS
A,delta,802,20200,SUCCESS
A,delta,803,18100,SUCCESS
A,delta,804,4800,SUCCESS
A,delta,805,4500,SUCCESS
A,delta,806,4900,SUCCESS
A,delta,807,17700,SUCCESS
A,delta,808,30600,SUCCESS
A,delta,809,17900,SUCCESS
A,delta,810,4700,SUCCESS
A,delta,811,4500,SUCCESS
A,delta,812,20500,SUCCESS
A,delta,813,17900,SUCCESS
A,delta,814,20900,SUCCESS
A,delta,815,18100,SUCCESS
A,delta,816,8800,SUCCESS
A,delta,817,4700,SUCCESS
A,delta,818,5000,SUCCESS
A,delta,819,18100,SUCCESS
A,delta,820,4600,SUCCESS
A,delta,821,4500,SUCCESS
A,delta,822,33300,SUCCESS
A,delta,823,4700,SUCCESS
A,delta,824,17700,SUCCESS
A,delta,825,4800,SUCCESS
A,delta,826,20500,SUCCESS
A,delta,827,18100,SUCCESS
A,delta,828,4700,SUCCESS
A,delta,829,4800,SUCCESS
A,delta,830,18000,SUCCESS
A,delta,831,4700,SUCCESS
A,delta,832,4500,SUCCESS
A,delta,833,33600,SUCCESS
A,delta,834,6800,SUCCESS
A,delta,835,23700,SUCCESS
A,delta,836,20200,SUCCESS
A,delta,837,19100,SUCCESS
A,delta,838,18100,SUCCESS
A,delta,839,4800,SUCCESS
A,delta,840,5900,SUCCESS
A,delta,841,20600,SUCCESS
A,delta,842,18100,SUCCESS
A,delta,843,4700,SUCCESS
A,delta,844,4900,SUCCESS
A,delta,845,17900,SUCCESS
A,delta,846,4600,SUCCESS
A,delta,847,4600,SUCCESS
A,delta,848,32800,SUCCESS
A,delta,849,4600,SUCCESS
A,delta,850,23500,SUCCESS
A,delta,851,19400,SUCCESS
A,delta,852,17000,SUCCESS
A,delta,853,18400,SUCCESS
A,delta,854,15600,SUCCESS
A,delta,855,8600,SUCCESS
A,delta,856,4900,SUCCESS
A,delta,857,18000,SUCCESS
A,delta,858,13400,SUCCESS
A,delta,859,28400,SUCCESS
A,delta,860,18100,SUCCESS
A,delta,861,4800,SUCCESS
A,delta,862,18800,SUCCESS
A,delta,863,18100,SUCCESS
A,delta,864,4700,SUCCESS
A,delta,865,4900,SUCCESS
A,delta,866,20200,SUCCESS
A,delta,867,18000,SUCCESS
A,delta,868,4800,SUCCESS
A,delta,869,4800,SUCCESS
A,delta,870,18100,SUCCESS
A,delta,871,4600,SUCCESS
A,delta,872,4500,SUCCESS
A,delta,873,33400,SUCCESS
A,delta,874,4900,SUCCESS
A,delta,875,17900,SUCCESS
A,delta,876,4700,SUCCESS
A,delta,877,20200,SUCCESS
A,delta,878,18200,SUCCESS
A,delta,879,4500,SUCCESS
A,delta,880,4900,SUCCESS
A,delta,881,17900,SUCCESS
A,delta,882,4800,SUCCESS
A,delta,883,4500,SUCCESS
A,delta,884,33100,SUCCESS
A,delta,885,4600,SUCCESS
A,delta,886,17000,SUCCESS
A,delta,887,18000,SUCCESS
A,delta,888,4700,SUCCESS
A,delta,889,5400,SUCCESS
A,delta,890,4800,SUCCESS
A,delta,891,18000,SUCCESS
A,delta,892,4700,SUCCESS
A,delta,893,4400,SUCCESS
A,delta,894,33000,SUCCESS
A,delta,895,5100,SUCCESS
A,delta,896,17800,SUCCESS
A,delta,897,5700,SUCCESS
A,delta,898,4500,SUCCESS
A,delta,899,4600,SUCCESS
A,delta,900,17900,SUCCESS
A,delta,901,4700,SUCCESS
A,delta,902,4500,SUCCESS
A,delta,903,33200,SUCCESS
A,delta,904,5100,SUCCESS
A,delta,905,18000,SUCCESS
A,delta,906,4700,SUCCESS
A,delta,907,20000,SUCCESS
A,delta,908,18300,SUCCESS
A,delta,909,4800,SUCCESS
A,delta,910,4900,SUCCESS
A,delta,911,17800,SUCCESS
A,delta,912,4600,SUCCESS
A,delta,913,4800,SUCCESS
A,delta,914,33900,SUCCESS
A,delta,915,4600,SUCCESS
A,delta,916,9700,SUCCESS
A,delta,917,18300,SUCCESS
A,delta,918,13600,SUCCESS
A,delta,919,28900,SUCCESS
A,delta,920,18100,SUCCESS
A,delta,921,4800,SUCCESS
A,delta,922,18500,SUCCESS
A,delta,923,18100,SUCCESS
A,delta,924,4700,SUCCESS
A,delta,925,4900,SUCCESS
A,delta,926,17900,SUCCESS
A,delta,927,4800,SUCCESS
A,delta,928,4500,SUCCESS
A,delta,929,33800,SUCCESS
A,delta,930,4600,SUCCESS
A,delta,931,17100,SUCCESS
A,delta,932,18400,SUCCESS
A,delta,933,4500,SUCCESS
A,delta,934,18600,SUCCESS
A,delta,935,18000,SUCCESS
A,delta,936,4700,SUCCESS
A,delta,937,4800,SUCCESS
A,delta,938,18600,SUCCESS
A,delta,939,4500,SUCCESS
A,delta,940,5000,SUCCESS
A,delta,941,4600,SUCCESS
A,delta,942,5400,SUCCESS
A,delta,943,18100,SUCCESS
A,delta,944,4800,SUCCESS
A,delta,945,4600,SUCCESS
A,delta,946,4800,SUCCESS
A,delta,947,18000,SUCCESS
A,delta,948,4700,SUCCESS
A,delta,949,20300,SUCCESS
A,delta,950,31400,SUCCESS
A,delta,951,4600,SUCCESS
A,delta,952,18500,SUCCESS
A,delta,953,18300,SUCCESS
A,delta,954,4500,SUCCESS
A,delta,955,17600,SUCCESS
A,delta,956,18200,SUCCESS
A,delta,957,15800,SUCCESS
A,delta,958,9700,SUCCESS
A,delta,959,18200,SUCCESS
A,delta,960,4700,SUCCESS
A,delta,961,4600,SUCCESS
A,delta,962,32400,SUCCESS
A,delta,963,4900,SUCCESS
A,delta,964,18000,SUCCESS
A,delta,965,4700,SUCCESS
A,delta,966,19900,SUCCESS
A,delta,967,18000,SUCCESS
A,delta,968,4800,SUCCESS
A,delta,969,17400,SUCCESS
A,delta,970,13100,SUCCESS
A,delta,971,9400,SUCCESS
A,delta,972,28700,SUCCESS
A,delta,973,18100,SUCCESS
A,delta,974,4700,SUCCESS
A,delta,975,4900,SUCCESS
A,delta,976,17800,SUCCESS
A,delta,977,65300,SUCCESS
A,delta,978,62200,SUCCESS
A,delta,979,58700,SUCCESS
A,delta,980,91300,SUCCESS
A,delta,981,95600,SUCCESS
A,delta,982,101200,SUCCESS
A,delta,983,126400,SUCCESS
A,delta,984,17700,SUCCESS
A,delta,985,4700,SUCCESS
A,delta,986,4800,SUCCESS
A,delta,987,18100,SUCCESS
A,delta,988,4500,SUCCESS
A,delta,989,21300,SUCCESS
A,delta,990,33300,SUCCESS
A,delta,991,5100,SUCCESS
A,delta,992,18000,SUCCESS
A,delta,993,4700,SUCCESS
A,delta,994,4500,SUCCESS
A,delta,995,4900,SUCCESS
A,delta,996,18000,SUCCESS
A,delta,997,20400,SUCCESS
A,delta,998,38000,SUCCESS
A,delta,999,18900,SUCCESS
A,epsilon,0,18300,SUCCESS
A,epsilon,1,38300,SUCCESS
A,epsilon,2,41800,SUCCESS
A,epsilon,3,18000,SUCCESS
A,epsilon,4,4700,SUCCESS
A,epsilon,5,4900,SUCCESS
A,epsilon,6,18600,SUCCESS
A,epsilon,7,4600,SUCCESS
A,epsilon,8,18300,SUCCESS
A,epsilon,9,30000,SUCCESS
A,epsilon,10,5000,SUCCESS
A,epsilon,11,18100,SUCCESS
A,epsilon,12,4800,SUCCESS
A,epsilon,13,17300,SUCCESS
A,epsilon,14,13100,SUCCESS
A,epsilon,15,7900,SUCCESS
A,epsilon,16,52200,SUCCESS
A,epsilon,17,51000,SUCCESS
A,epsilon,18,18200,SUCCESS
A,epsilon,19,4800,SUCCESS
A,epsilon,20,19200,SUCCESS
A,epsilon,21,18300,SUCCESS
A,epsilon,22,4700,SUCCESS
A,epsilon,23,17800,SUCCESS
A,epsilon,24,13500,SUCCESS
A,epsilon,25,9900,SUCCESS
A,epsilon,26,35200,SUCCESS
A,epsilon,27,18300,SUCCESS
A,epsilon,28,4700,SUCCESS
A,epsilon,29,4800,SUCCESS
A,epsilon,30,18000,SUCCESS
A,epsilon,31,23300,SUCCESS
A,epsilon,32,41700,SUCCESS
A,epsilon,33,18300,SUCCESS
A,epsilon,34,4700,SUCCESS
A,epsilon,35,4800,SUCCESS
A,epsilon,36,18200,SUCCESS
A,epsilon,37,4600,SUCCESS
A,epsilon,38,17300,SUCCESS
A,epsilon,39,28500,SUCCESS
A,epsilon,40,4900,SUCCESS
A,epsilon,41,18000,SUCCESS
A,epsilon,42,4500,SUCCESS
A,epsilon,43,5300,SUCCESS
A,epsilon,44,4900,SUCCESS
A,epsilon,45,18000,SUCCESS
A,epsilon,46,4700,SUCCESS
A,epsilon,47,4700,SUCCESS
A,epsilon,48,4600,SUCCESS
A,epsilon,49,23300,SUCCESS
A,epsilon,50,18200,SUCCESS
A,epsilon,51,20600,SUCCESS
A,epsilon,52,17700,SUCCESS
A,epsilon,53,18100,SUCCESS
A,epsilon,54,4800,SUCCESS
A,epsilon,55,4900,SUCCESS
A,epsilon,56,18100,SUCCESS
A,epsilon,57,4700,SUCCESS
A,epsilon,58,17000,SUCCESS
A,epsilon,59,28800,SUCCESS
A,epsilon,60,4600,SUCCESS
A,epsilon,61,5200,SUCCESS
A,epsilon,62,17900,SUCCESS
A,epsilon,63,13300,SUCCESS
A,epsilon,64,30000,SUCCESS
A,epsilon,65,18000,SUCCESS
A,epsilon,66,20000,SUCCESS
A,epsilon,67,16400,SUCCESS
A,epsilon,68,18000,SUCCESS
A,epsilon,69,4800,SUCCESS
A,epsilon,70,4800,SUCCESS
A,epsilon,71,18500,SUCCESS
A,epsilon,72,4600,SUCCESS
A,epsilon,73,17300,SUCCESS
A,epsilon,74,29200,SUCCESS
A,epsilon,75,4900,SUCCESS
A,epsilon,76,17800,SUCCESS
A,epsilon,77,75000,SUCCESS
A,epsilon,78,72200,SUCCESS
A,epsilon,79,55200,SUCCESS
A,epsilon,80,116300,SUCCESS
A,epsilon,81,125800,SUCCESS
A,epsilon,82,116500,SUCCESS
A,epsilon,83,85500,SUCCESS
A,epsilon,84,12000,SUCCESS
A,epsilon,85,17900,SUCCESS
A,epsilon,86,71900,SUCCESS
A,epsilon,87,68600,SUCCESS
A,epsilon,88,50700,SUCCESS
A,epsilon,89,91200,SUCCESS
A,epsilon,90,116700,SUCCESS
A,epsilon,91,119300,SUCCESS
A,epsilon,92,118400,SUCCESS
A,epsilon,93,17600,SUCCESS
A,epsilon,94,19800,SUCCESS
A,epsilon,95,18000,SUCCESS
A,epsilon,96,4800,SUCCESS
A,epsilon,97,288600,SUCCESS
A,epsilon,98,262900,SUCCESS
A,epsilon,99,264600,SUCCESS
A,epsilon,100,239800,SUCCESS
A,epsilon,101,237700,SUCCESS
A,epsilon,102,251200,SUCCESS
A,epsilon,103,214300,SUCCESS
A,epsilon,104,208300,SUCCESS
A,epsilon,105,177100,SUCCESS
A,epsilon,106,119500,SUCCESS
A,epsilon,107,92300,SUCCESS
A,epsilon,108,36400,SUCCESS
A,epsilon,109,9500,SUCCESS
A,epsilon,110,4900,SUCCESS
A,epsilon,111,30700,SUCCESS
A,epsilon,112,21700,SUCCESS
A,epsilon,113,16400,SUCCESS
A,epsilon,114,15400,SUCCESS
A,epsilon,115,15800,SUCCESS
A,epsilon,116,15400,SUCCESS
A,epsilon,117,15400,SUCCESS
A,epsilon,118,15500,SUCCESS
A,epsilon,119,19100,SUCCESS
A,epsilon,120,19200,SUCCESS
A,epsilon,121,16200,SUCCESS
A,epsilon,122,15700,SUCCESS
A,epsilon,123,15700,SUCCESS
A,epsilon,124,15800,SUCCESS
A,epsilon,125,15400,SUCCESS
A,epsilon,126,16200,SUCCESS
A,epsilon,127,15700,SUCCESS
A,epsilon,128,16300,SUCCESS
A,epsilon,129,15300,SUCCESS
A,epsilon,130,15500,SUCCESS
A,epsilon,131,15600,SUCCESS
A,epsilon,132,15400,SUCCESS
A,epsilon,133,15400,SUCCESS
A,epsilon,134,15400,SUCCESS
A,epsilon,135,15600,SUCCESS
A,epsilon,136,15300,SUCCESS
A,epsilon,137,15700,SUCCESS
A,epsilon,138,15200,SUCCESS
A,epsilon,139,15500,SUCCESS
A,epsilon,140,15400,SUCCESS
A,epsilon,141,15700,SUCCESS
A,epsilon,142,15200,SUCCESS
A,epsilon,143,15800,SUCCESS
A,epsilon,144,15300,SUCCESS
A,epsilon,145,16000,SUCCESS
A,epsilon,146,15600,SUCCESS
A,epsilon,147,15400,SUCCESS
A,epsilon,148,15300,SUCCESS
A,epsilon,149,15400,SUCCESS
A,epsilon,150,15400,SUCCESS
A,epsilon,151,15100,SUCCESS
A,epsilon,152,15600,SUCCESS
A,epsilon,153,15300,SUCCESS
A,epsilon,154,15600,SUCCESS
A,epsilon,155,15300,SUCCESS
A,epsilon,156,15500,SUCCESS
A,epsilon,157,15200,SUCCESS
A,epsilon,158,15600,SUCCESS
A,epsilon,159,15200,SUCCESS
A,epsilon,160,15700,SUCCESS
A,epsilon,161,15900,SUCCESS
A,epsilon,162,15600,SUCCESS
A,epsilon,163,15500,SUCCESS
A,epsilon,164,15600,SUCCESS
A,epsilon,165,15500,SUCCESS
A,epsilon,166,15900,SUCCESS
A,epsilon,167,15200,SUCCESS
A,epsilon,168,15900,SUCCESS
A,epsilon,169,15400,SUCCESS
A,epsilon,170,15800,SUCCESS
A,epsilon,171,15500,SUCCESS
A,epsilon,172,15600,SUCCESS
A,epsilon,173,15200,SUCCESS
A,epsilon,174,15700,SUCCESS
A,epsilon,175,15100,SUCCESS
A,epsilon,176,16000,SUCCESS
A,epsilon,177,15100,SUCCESS
A,epsilon,178,15400,SUCCESS
A,epsilon,179,15300,SUCCESS
A,epsilon,180,15800,SUCCESS
A,epsilon,181,15100,SUCCESS
A,epsilon,182,15900,SUCCESS
A,epsilon,183,15500,SUCCESS
A,epsilon,184,15900,SUCCESS
A,epsilon,185,9800,SUCCESS
A,epsilon,186,15900,SUCCESS
A,epsilon,187,16400,SUCCESS
A,epsilon,188,15100,SUCCESS
A,epsilon,189,15900,SUCCESS
A,epsilon,190,15200,SUCCESS
A,epsilon,191,15400,SUCCESS
A,epsilon,192,15600,SUCCESS
A,epsilon,193,15400,SUCCESS
A,epsilon,194,15500,SUCCESS
A,epsilon,195,19600,SUCCESS
A,epsilon,196,10700,SUCCESS
A,epsilon,197,17200,SUCCESS
A,epsilon,198,16000,SUCCESS
A,epsilon,199,17600,SUCCESS
A,epsilon,200,10500,SUCCESS
A,epsilon,201,16500,SUCCESS
A,epsilon,202,17000,SUCCESS
A,epsilon,203,15700,SUCCESS
A,epsilon,204,16000,SUCCESS
A,epsilon,205,15600,SUCCESS
A,epsilon,206,16100,SUCCESS
A,epsilon,207,16100,SUCCESS
A,epsilon,208,17300,SUCCESS
A,epsilon,209,10200,SUCCESS
A,epsilon,210,17000,SUCCESS
A,epsilon,211,15900,SUCCESS
A,epsilon,212,15700,SUCCESS
A,epsilon,213,17800,SUCCESS
A,epsilon,214,15500,SUCCESS
A,epsilon,215,15800,SUCCESS
A,epsilon,216,15700,SUCCESS
A,epsilon,217,16500,SUCCESS
A,epsilon,218,15400,SUCCESS
A,epsilon,219,15900,SUCCESS
A,epsilon,220,15500,SUCCESS
A,epsilon,221,15700,SUCCESS
A,epsilon,222,15500,SUCCESS
A,epsilon,223,15800,SUCCESS
A,epsilon,224,15500,SUCCESS
A,epsilon,225,15700,SUCCESS
A,epsilon,226,15600,SUCCESS
A,epsilon,227,15600,SUCCESS
A,epsilon,228,15400,SUCCESS
A,epsilon,229,15900,SUCCESS
A,epsilon,230,15500,SUCCESS
A,epsilon,231,15800,SUCCESS
A,epsilon,232,15600,SUCCESS
A,epsilon,233,16000,SUCCESS
A,epsilon,234,56200,SUCCESS
A,epsilon,235,22400,SUCCESS
A,epsilon,236,19100,SUCCESS
A,epsilon,237,15600,SUCCESS
A,epsilon,238,12100,SUCCESS
A,epsilon,239,8700,SUCCESS
A,epsilon,240,5100,SUCCESS
A,epsilon,241,103300,SUCCESS
A,epsilon,242,100300,SUCCESS
A,epsilon,243,97500,SUCCESS
A,epsilon,244,93900,SUCCESS
A,epsilon,245,89400,SUCCESS
A,epsilon,246,91200,SUCCESS
A,epsilon,247,88600,SUCCESS
A,epsilon,248,85100,SUCCESS
A,epsilon,249,160000,SUCCESS
A,epsilon,250,159600,SUCCESS
A,epsilon,251,157600,SUCCESS
A,epsilon,252,154100,SUCCESS
A,epsilon,253,152700,SUCCESS
A,epsilon,254,221400,SUCCESS
A,epsilon,255,218600,SUCCESS
A,epsilon,256,218700,SUCCESS
A,epsilon,257,216500,SUCCESS
A,epsilon,258,217600,SUCCESS
A,epsilon,259,216500,SUCCESS
A,epsilon,260,280500,SUCCESS
A,epsilon,261,277400,SUCCESS
A,epsilon,262,279600,SUCCESS
A,epsilon,263,280700,SUCCESS
A,epsilon,264,279700,SUCCESS
A,epsilon,265,276200,SUCCESS
A,epsilon,266,342300,SUCCESS
A,epsilon,267,342100,SUCCESS
A,epsilon,268,339900,SUCCESS
A,epsilon,269,339200,SUCCESS
A,epsilon,270,338100,SUCCESS
A,epsilon,271,408600,SUCCESS
A,epsilon,272,408600,SUCCESS
A,epsilon,273,409300,SUCCESS
A,epsilon,274,407800,SUCCESS
A,epsilon,275,467100,SUCCESS
A,epsilon,276,465400,SUCCESS
A,epsilon,277,467400,SUCCESS
A,epsilon,278,466800,SUCCESS
A,epsilon,279,527600,SUCCESS
A,epsilon,280,526800,SUCCESS
A,epsilon,281,528100,SUCCESS
A,epsilon,282,524500,SUCCESS
A,epsilon,283,590500,SUCCESS
A,epsilon,284,591200,SUCCESS
A,epsilon,285,592900,SUCCESS
A,epsilon,286,589200,SUCCESS
A,epsilon,287,643600,SUCCESS
A,epsilon,288,643800,SUCCESS
A,epsilon,289,645300,SUCCESS
A,epsilon,290,682600,SUCCESS
A,epsilon,291,715800,SUCCESS
A,epsilon,292,715600,SUCCESS
A,epsilon,293,716200,SUCCESS
A,epsilon,294,700700,SUCCESS
A,epsilon,295,674200,SUCCESS
A,epsilon,296,617900,SUCCESS
A,epsilon,297,622600,SUCCESS
A,epsilon,298,530300,SUCCESS
A,epsilon,299,436300,SUCCESS
A,epsilon,300,429200,SUCCESS
A,epsilon,301,333400,SUCCESS
A,epsilon,302,276300,SUCCESS
A,epsilon,303,210600,SUCCESS
A,epsilon,304,178800,SUCCESS
A,epsilon,305,145600,SUCCESS
A,epsilon,306,65200,SUCCESS
A,epsilon,307,101900,SUCCESS
A,epsilon,308,71600,SUCCESS
A,epsilon,309,36600,SUCCESS
A,epsilon,310,25500,SUCCESS
A,epsilon,311,23100,SUCCESS
A,epsilon,312,4700,SUCCESS
A,epsilon,313,7200,SUCCESS
A,epsilon,314,4500,SUCCESS
A,epsilon,315,50600,SUCCESS
A,epsilon,316,47100,SUCCESS
A,epsilon,317,40500,SUCCESS
A,epsilon,318,24800,SUCCESS
A,epsilon,319,20400,SUCCESS
A,epsilon,320,4700,SUCCESS
A,epsilon,321,21800,SUCCESS
A,epsilon,322,16400,SUCCESS
A,epsilon,323,15700,SUCCESS
A,epsilon,324,15600,SUCCESS
A,epsilon,325,15300,SUCCESS
A,epsilon,326,15200,SUCCESS
A,epsilon,327,16000,SUCCESS
A,epsilon,328,15700,SUCCESS
A,epsilon,329,15200,SUCCESS
A,epsilon,330,16200,SUCCESS
A,epsilon,331,15500,SUCCESS
A,epsilon,332,16300,SUCCESS
A,epsilon,333,15400,SUCCESS
A,epsilon,334,15900,SUCCESS
A,epsilon,335,15300,SUCCESS
A,epsilon,336,15500,SUCCESS
A,epsilon,337,15200,SUCCESS
A,epsilon,338,15400,SUCCESS
A,epsilon,339,15600,SUCCESS
A,epsilon,340,15300,SUCCESS
A,epsilon,341,15600,SUCCESS
A,epsilon,342,15300,SUCCESS
A,epsilon,343,15800,SUCCESS
A,epsilon,344,15200,SUCCESS
A,epsilon,345,15700,SUCCESS
A,epsilon,346,15300,SUCCESS
A,epsilon,347,15400,SUCCESS
A,epsilon,348,15200,SUCCESS
A,epsilon,349,15900,SUCCESS
A,epsilon,350,15200,SUCCESS
A,epsilon,351,15700,SUCCESS
A,epsilon,352,15500,SUCCESS
A,epsilon,353,15600,SUCCESS
A,epsilon,354,15500,SUCCESS
A,epsilon,355,15800,SUCCESS
A,epsilon,356,15300,SUCCESS
A,epsilon,357,16200,SUCCESS
A,epsilon,358,15400,SUCCESS
A,epsilon,359,16200,SUCCESS
A,epsilon,360,10100,SUCCESS
A,epsilon,361,16200,SUCCESS
A,epsilon,362,15900,SUCCESS
A,epsilon,363,15200,SUCCESS
A,epsilon,364,15600,SUCCESS
A,epsilon,365,15500,SUCCESS
A,epsilon,366,15500,SUCCESS
A,epsilon,367,15500,SUCCESS
A,epsilon,368,15400,SUCCESS
A,epsilon,369,15200,SUCCESS
A,epsilon,370,16600,SUCCESS
A,epsilon,371,15400,SUCCESS
A,epsilon,372,15600,SUCCESS
A,epsilon,373,15700,SUCCESS
A,epsilon,374,15300,SUCCESS
A,epsilon,375,16600,SUCCESS
A,epsilon,376,15600,SUCCESS
A,epsilon,377,15100,SUCCESS
A,epsilon,378,15700,SUCCESS
A,epsilon,379,15400,SUCCESS
A,epsilon,380,16100,SUCCESS
A,epsilon,381,15500,SUCCESS
A,epsilon,382,16000,SUCCESS
A,epsilon,383,16000,SUCCESS
A,epsilon,384,15100,SUCCESS
A,epsilon,385,15600,SUCCESS
A,epsilon,386,15300,SUCCESS
A,epsilon,387,15600,SUCCESS
A,epsilon,388,15200,SUCCESS
A,epsilon,389,15800,SUCCESS
A,epsilon,390,15100,SUCCESS
A,epsilon,391,15400,SUCCESS
A,epsilon,392,15400,SUCCESS
A,epsilon,393,15600,SUCCESS
A,epsilon,394,15100,SUCCESS
A,epsilon,395,15500,SUCCESS
A,epsilon,396,15200,SUCCESS
A,epsilon,397,15800,SUCCESS
A,epsilon,398,15100,SUCCESS
A,epsilon,399,15700,SUCCESS
A,epsilon,400,15300,SUCCESS
A,epsilon,401,15600,SUCCESS
A,epsilon,402,15300,SUCCESS
A,epsilon,403,15700,SUCCESS
A,epsilon,404,9900,SUCCESS
A,epsilon,405,16000,SUCCESS
A,epsilon,406,15600,SUCCESS
A,epsilon,407,15300,SUCCESS
A,epsilon,408,15600,SUCCESS
A,epsilon,409,15500,SUCCESS
A,epsilon,410,15600,SUCCESS
A,epsilon,411,15200,SUCCESS
A,epsilon,412,15700,SUCCESS
A,epsilon,413,15300,SUCCESS
A,epsilon,414,15300,SUCCESS
A,epsilon,415,15200,SUCCESS
A,epsilon,416,15700,SUCCESS
A,epsilon,417,15400,SUCCESS
A,epsilon,418,15700,SUCCESS
A,epsilon,419,16200,SUCCESS
A,epsilon,420,15700,SUCCESS
A,epsilon,421,15700,SUCCESS
A,epsilon,422,15800,SUCCESS
A,epsilon,423,10200,SUCCESS
A,epsilon,424,15900,SUCCESS
A,epsilon,425,15500,SUCCESS
A,epsilon,426,15300,SUCCESS
A,epsilon,427,15400,SUCCESS
A,epsilon,428,15400,SUCCESS
A,epsilon,429,15500,SUCCESS
A,epsilon,430,15200,SUCCESS
A,epsilon,431,15700,SUCCESS
A,epsilon,432,15000,SUCCESS
A,epsilon,433,15700,SUCCESS
A,epsilon,434,10200,SUCCESS
A,epsilon,435,15100,SUCCESS
A,epsilon,436,15900,SUCCESS
A,epsilon,437,10100,SUCCESS
A,epsilon,438,16200,SUCCESS
A,epsilon,439,16100,SUCCESS
A,epsilon,440,15400,SUCCESS
A,epsilon,441,15600,SUCCESS
A,epsilon,442,15100,SUCCESS
A,epsilon,443,15400,SUCCESS
A,epsilon,444,15200,SUCCESS
A,epsilon,445,49500,SUCCESS
A,epsilon,446,13600,SUCCESS
A,epsilon,447,9600,SUCCESS
A,epsilon,448,6100,SUCCESS
A,epsilon,449,4600,SUCCESS
A,epsilon,450,4900,SUCCESS
A,epsilon,451,5000,SUCCESS
A,epsilon,452,4600,SUCCESS
A,epsilon,453,4700,SUCCESS
A,epsilon,454,4600,SUCCESS
A,epsilon,455,4500,SUCCESS
A,epsilon,456,4800,SUCCESS
A,epsilon,457,4500,SUCCESS
A,epsilon,458,4600,SUCCESS
A,epsilon,459,4600,SUCCESS
A,epsilon,460,4500,SUCCESS
A,epsilon,461,4500,SUCCESS
A,epsilon,462,5000,SUCCESS
A,epsilon,463,4400,SUCCESS
A,epsilon,464,4500,SUCCESS
A,epsilon,465,4500,SUCCESS
A,epsilon,466,4700,SUCCESS
A,epsilon,467,4500,SUCCESS
A,epsilon,468,4800,SUCCESS
A,epsilon,469,4500,SUCCESS
A,epsilon,470,4800,SUCCESS
A,epsilon,471,4700,SUCCESS
A,epsilon,472,4500,SUCCESS
A,epsilon,473,4500,SUCCESS
A,epsilon,474,4700,SUCCESS
A,epsilon,475,4400,SUCCESS
A,epsilon,476,4400,SUCCESS
A,epsilon,477,4500,SUCCESS
A,epsilon,478,4700,SUCCESS
A,epsilon,479,4500,SUCCESS
A,epsilon,480,4500,SUCCESS
A,epsilon,481,4600,SUCCESS
A,epsilon,482,4600,SUCCESS
A,epsilon,483,4600,SUCCESS
A,epsilon,484,4500,SUCCESS
A,epsilon,485,4500,SUCCESS
A,epsilon,486,4500,SUCCESS
A,epsilon,487,4900,SUCCESS
A,epsilon,488,4600,SUCCESS
A,epsilon,489,4500,SUCCESS
A,epsilon,490,5000,SUCCESS
A,epsilon,491,4500,SUCCESS
A,epsilon,492,4600,SUCCESS
A,epsilon,493,4500,SUCCESS
A,epsilon,494,4700,SUCCESS
A,epsilon,495,4400,SUCCESS
A,epsilon,496,4500,SUCCESS
A,epsilon,497,4500,SUCCESS
A,epsilon,498,4900,SUCCESS
A,epsilon,499,4600,SUCCESS
A,epsilon,500,4600,SUCCESS
A,epsilon,501,4600,SUCCESS
A,epsilon,502,4600,SUCCESS
A,epsilon,503,4500,SUCCESS
A,epsilon,504,4700,SUCCESS
A,epsilon,505,4500,SUCCESS
A,epsilon,506,4600,SUCCESS
A,epsilon,507,4800,SUCCESS
A,epsilon,508,4800,SUCCESS
A,epsilon,509,4600,SUCCESS
A,epsilon,510,4500,SUCCESS
A,epsilon,511,4500,SUCCESS
A,epsilon,512,4600,SUCCESS
A,epsilon,513,4500,SUCCESS
A,epsilon,514,4500,SUCCESS
A,epsilon,515,4400,SUCCESS
A,epsilon,516,4500,SUCCESS
A,epsilon,517,4500,SUCCESS
A,epsilon,518,4800,SUCCESS
A,epsilon,519,4500,SUCCESS
A,epsilon,520,4600,SUCCESS
A,epsilon,521,4500,SUCCESS
A,epsilon,522,4600,SUCCESS
A,epsilon,523,4600,SUCCESS
A,epsilon,524,4500,SUCCESS
A,epsilon,525,4500,SUCCESS
A,epsilon,526,4500,SUCCESS
A,epsilon,527,4500,SUCCESS
A,epsilon,528,4800,SUCCESS
A,epsilon,529,4500,SUCCESS
A,epsilon,530,4600,SUCCESS
A,epsilon,531,4400,SUCCESS
A,epsilon,532,4600,SUCCESS
A,epsilon,533,4500,SUCCESS
A,epsilon,534,4600,SUCCESS
A,epsilon,535,4500,SUCCESS
A,epsilon,536,4500,SUCCESS
A,epsilon,537,4500,SUCCESS
A,epsilon,538,4700,SUCCESS
A,epsilon,539,4900,SUCCESS
A,epsilon,540,4500,SUCCESS
A,epsilon,541,4400,SUCCESS
A,epsilon,542,4800,SUCCESS
A,epsilon,543,4600,SUCCESS
A,epsilon,544,4400,SUCCESS
A,epsilon,545,4600,SUCCESS
A,epsilon,546,4400,SUCCESS
A,epsilon,547,4500,SUCCESS
A,epsilon,548,4500,SUCCESS
A,epsilon,549,4500,SUCCESS
A,epsilon,550,4900,SUCCESS
A,epsilon,551,4600,SUCCESS
A,epsilon,552,4500,SUCCESS
A,epsilon,553,4400,SUCCESS
A,epsilon,554,4700,SUCCESS
A,epsilon,555,4400,SUCCESS
A,epsilon,556,4400,SUCCESS
A,epsilon,557,4400,SUCCESS
A,epsilon,558,4700,SUCCESS
A,epsilon,559,4500,SUCCESS
A,epsilon,560,4600,SUCCESS
A,epsilon,561,5100,SUCCESS
A,epsilon,562,4500,SUCCESS
A,epsilon,563,4400,SUCCESS
A,epsilon,564,4500,SUCCESS
A,epsilon,565,4600,SUCCESS
A,epsilon,566,4600,SUCCESS
A,epsilon,567,4500,SUCCESS
A,epsilon,568,4500,SUCCESS
A,epsilon,569,4600,SUCCESS
A,epsilon,570,4600,SUCCESS
A,epsilon,571,4600,SUCCESS
A,epsilon,572,5200,SUCCESS
A,epsilon,573,4400,SUCCESS
A,epsilon,574,4700,SUCCESS
A,epsilon,575,4400,SUCCESS
A,epsilon,576,4500,SUCCESS
A,epsilon,577,4500,SUCCESS
A,epsilon,578,4600,SUCCESS
A,epsilon,579,4500,SUCCESS
A,epsilon,580,4600,SUCCESS
A,epsilon,581,4500,SUCCESS
A,epsilon,582,4700,SUCCESS
A,epsilon,583,4900,SUCCESS
A,epsilon,584,4500,SUCCESS
A,epsilon,585,4500,SUCCESS
A,epsilon,586,4500,SUCCESS
A,epsilon,587,4500,SUCCESS
A,epsilon,588,4500,SUCCESS
A,epsilon,589,4500,SUCCESS
A,epsilon,590,4700,SUCCESS
A,epsilon,591,4400,SUCCESS
A,epsilon,592,4500,SUCCESS
A,epsilon,593,4400,SUCCESS
A,epsilon,594,4900,SUCCESS
A,epsilon,595,4500,SUCCESS
A,epsilon,596,4500,SUCCESS
A,epsilon,597,4500,SUCCESS
A,epsilon,598,4600,SUCCESS
A,epsilon,599,4500,SUCCESS
A,epsilon,600,4400,SUCCESS
A,epsilon,601,4500,SUCCESS
A,epsilon,602,4700,SUCCESS
A,epsilon,603,4500,SUCCESS
A,epsilon,604,4500,SUCCESS
A,epsilon,605,4700,SUCCESS
A,epsilon,606,4600,SUCCESS
A,epsilon,607,4500,SUCCESS
A,epsilon,608,8600,SUCCESS
A,epsilon,609,5300,SUCCESS
A,epsilon,610,4700,SUCCESS
A,epsilon,611,4500,SUCCESS
A,epsilon,612,4500,SUCCESS
A,epsilon,613,4500,SUCCESS
A,epsilon,614,4500,SUCCESS
A,epsilon,615,4600,SUCCESS
A,epsilon,616,4900,SUCCESS
A,epsilon,617,4400,SUCCESS
A,epsilon,618,4600,SUCCESS
A,epsilon,619,4500,SUCCESS
A,epsilon,620,4500,SUCCESS
A,epsilon,621,4500,SUCCESS
A,epsilon,622,4600,SUCCESS
A,epsilon,623,4500,SUCCESS
A,epsilon,624,4400,SUCCESS
A,epsilon,625,4400,SUCCESS
A,epsilon,626,4500,SUCCESS
A,epsilon,627,5000,SUCCESS
A,epsilon,628,4500,SUCCESS
A,epsilon,629,4500,SUCCESS
A,epsilon,630,4600,SUCCESS
A,epsilon,631,4600,SUCCESS
A,epsilon,632,4400,SUCCESS
A,epsilon,633,4500,SUCCESS
A,epsilon,634,4500,SUCCESS
A,epsilon,635,4600,SUCCESS
A,epsilon,636,4500,SUCCESS
A,epsilon,637,4500,SUCCESS
A,epsilon,638,5100,SUCCESS
A,epsilon,639,4500,SUCCESS
A,epsilon,640,4500,SUCCESS
A,epsilon,641,4600,SUCCESS
A,epsilon,642,4900,SUCCESS
A,epsilon,643,4500,SUCCESS
A,epsilon,644,4500,SUCCESS
A,epsilon,645,4600,SUCCESS
A,epsilon,646,4400,SUCCESS
A,epsilon,647,4700,SUCCESS
A,epsilon,648,4500,SUCCESS
A,epsilon,649,5000,SUCCESS
A,epsilon,650,4600,SUCCESS
A,epsilon,651,4600,SUCCESS
A,epsilon,652,4500,SUCCESS
A,epsilon,653,4600,SUCCESS
A,epsilon,654,4600,SUCCESS
A,epsilon,655,4600,SUCCESS
A,epsilon,656,4500,SUCCESS
A,epsilon,657,4500,SUCCESS
A,epsilon,658,4400,SUCCESS
A,epsilon,659,4500,SUCCESS
A,epsilon,660,5200,SUCCESS
A,epsilon,661,4600,SUCCESS
A,epsilon,662,4600,SUCCESS
A,epsilon,663,4500,SUCCESS
A,epsilon,664,4500,SUCCESS
A,epsilon,665,4500,SUCCESS
A,epsilon,666,4500,SUCCESS
A,epsilon,667,4600,SUCCESS
A,epsilon,668,4500,SUCCESS
A,epsilon,669,4500,SUCCESS
A,epsilon,670,5200,SUCCESS
A,epsilon,671,4500,SUCCESS
A,epsilon,672,4500,SUCCESS
A,epsilon,673,4500,SUCCESS
A,epsilon,674,4600,SUCCESS
A,epsilon,675,4600,SUCCESS
A,epsilon,676,4400,SUCCESS
A,epsilon,677,4500,SUCCESS
A,epsilon,678,4500,SUCCESS
A,epsilon,679,4700,SUCCESS
A,epsilon,680,4500,SUCCESS
A,epsilon,681,4500,SUCCESS
A,epsilon,682,5200,SUCCESS
A,epsilon,683,4600,SUCCESS
A,epsilon,684,4500,SUCCESS
A,epsilon,685,4600,SUCCESS
A,epsilon,686,4600,SUCCESS
A,epsilon,687,4400,SUCCESS
A,epsilon,688,4500,SUCCESS
A,epsilon,689,4600,SUCCESS
A,epsilon,690,4600,SUCCESS
A,epsilon,691,4500,SUCCESS
A,epsilon,692,4500,SUCCESS
A,epsilon,693,4500,SUCCESS
A,epsilon,694,5200,SUCCESS
A,epsilon,695,4600,SUCCESS
A,epsilon,696,4500,SUCCESS
A,epsilon,697,4500,SUCCESS
A,epsilon,698,4600,SUCCESS
A,epsilon,699,4500,SUCCESS
A,epsilon,700,4500,SUCCESS
A,epsilon,701,4500,SUCCESS
A,epsilon,702,4500,SUCCESS
A,epsilon,703,4700,SUCCESS
A,epsilon,704,4500,SUCCESS
A,epsilon,705,5100,SUCCESS
A,epsilon,706,4600,SUCCESS
A,epsilon,707,4800,SUCCESS
A,epsilon,708,4500,SUCCESS
A,epsilon,709,4500,SUCCESS
A,epsilon,710,4600,SUCCESS
A,epsilon,711,4500,SUCCESS
A,epsilon,712,4500,SUCCESS
A,epsilon,713,4500,SUCCESS
A,epsilon,714,4500,SUCCESS
A,epsilon,715,4800,SUCCESS
A,epsilon,716,5100,SUCCESS
A,epsilon,717,4500,SUCCESS
A,epsilon,718,4500,SUCCESS
A,epsilon,719,4600,SUCCESS
A,epsilon,720,4400,SUCCESS
A,epsilon,721,4600,SUCCESS
A,epsilon,722,4600,SUCCESS
A,epsilon,723,4600,SUCCESS
A,epsilon,724,4400,SUCCESS
A,epsilon,725,4600,SUCCESS
A,epsilon,726,4600,SUCCESS
A,epsilon,727,4500,SUCCESS
A,epsilon,728,4800,SUCCESS
A,epsilon,729,4500,SUCCESS
A,epsilon,730,4500,SUCCESS
A,epsilon,731,4600,SUCCESS
A,epsilon,732,4500,SUCCESS
A,epsilon,733,4500,SUCCESS
A,epsilon,734,4500,SUCCESS
A,epsilon,735,4700,SUCCESS
A,epsilon,736,4500,SUCCESS
A,epsilon,737,4500,SUCCESS
A,epsilon,738,4500,SUCCESS
A,epsilon,739,5200,SUCCESS
A,epsilon,740,4600,SUCCESS
A,epsilon,741,4400,SUCCESS
A,epsilon,742,4500,SUCCESS
A,epsilon,743,4700,SUCCESS
A,epsilon,744,4600,SUCCESS
A,epsilon,745,4500,SUCCESS
A,epsilon,746,4500,SUCCESS
A,epsilon,747,4500,SUCCESS
A,epsilon,748,4600,SUCCESS
A,epsilon,749,4500,SUCCESS
A,epsilon,750,4800,SUCCESS
A,epsilon,751,4500,SUCCESS
A,epsilon,752,4400,SUCCESS
A,epsilon,753,4600,SUCCESS
A,epsilon,754,4600,SUCCESS
A,epsilon,755,4600,SUCCESS
A,epsilon,756,4500,SUCCESS
A,epsilon,757,4400,SUCCESS
A,epsilon,758,4500,SUCCESS
A,epsilon,759,4600,SUCCESS
A,epsilon,760,4500,SUCCESS
A,epsilon,761,5200,SUCCESS
A,epsilon,762,4600,SUCCESS
A,epsilon,763,4600,SUCCESS
A,epsilon,764,4500,SUCCESS
A,epsilon,765,4500,SUCCESS
A,epsilon,766,4500,SUCCESS
A,epsilon,767,4600,SUCCESS
A,epsilon,768,4600,SUCCESS
A,epsilon,769,4500,SUCCESS
A,epsilon,770,4500,SUCCESS
A,epsilon,771,4500,SUCCESS
A,epsilon,772,4900,SUCCESS
A,epsilon,773,4600,SUCCESS
A,epsilon,774,4600,SUCCESS
A,epsilon,775,4600,SUCCESS
A,epsilon,776,4500,SUCCESS
A,epsilon,777,4500,SUCCESS
A,epsilon,778,4500,SUCCESS
A,epsilon,779,4500,SUCCESS
A,epsilon,780,4400,SUCCESS
A,epsilon,781,4400,SUCCESS
A,epsilon,782,4500,SUCCESS
A,epsilon,783,4900,SUCCESS
A,epsilon,784,4600,SUCCESS
A,epsilon,785,4500,SUCCESS
A,epsilon,786,4600,SUCCESS
A,epsilon,787,4600,SUCCESS
A,epsilon,788,4500,SUCCESS
A,epsilon,789,4400,SUCCESS
A,epsilon,790,4600,SUCCESS
A,epsilon,791,4600,SUCCESS
A,epsilon,792,4500,SUCCESS
A,epsilon,793,4500,SUCCESS
A,epsilon,794,5000,SUCCESS
A,epsilon,795,4600,SUCCESS
A,epsilon,796,4500,SUCCESS
A,epsilon,797,4400,SUCCESS
A,epsilon,798,4600,SUCCESS
A,epsilon,799,4700,SUCCESS
A,epsilon,800,4500,SUCCESS
A,epsilon,801,4500,SUCCESS
A,epsilon,802,4600,SUCCESS
A,epsilon,803,4700,SUCCESS
A,epsilon,804,4500,SUCCESS
A,epsilon,805,4500,SUCCESS
A,epsilon,806,5100,SUCCESS
A,epsilon,807,4700,SUCCESS
A,epsilon,808,4500,SUCCESS
A,epsilon,809,4500,SUCCESS
A,epsilon,810,4600,SUCCESS
A,epsilon,811,4400,SUCCESS
A,epsilon,812,4500,SUCCESS
A,epsilon,813,4400,SUCCESS
A,epsilon,814,12300,SUCCESS
A,epsilon,815,8700,SUCCESS
A,epsilon,816,5100,SUCCESS
A,epsilon,817,5100,SUCCESS
A,epsilon,818,4600,SUCCESS
A,epsilon,819,4500,SUCCESS
A,epsilon,820,4500,SUCCESS
A,epsilon,821,4400,SUCCESS
A,epsilon,822,4600,SUCCESS
A,epsilon,823,4400,SUCCESS
A,epsilon,824,4500,SUCCESS
A,epsilon,825,4400,SUCCESS
A,epsilon,826,4700,SUCCESS
A,epsilon,827,4600,SUCCESS
A,epsilon,828,4600,SUCCESS
A,epsilon,829,5000,SUCCESS
A,epsilon,830,4600,SUCCESS
A,epsilon,831,4600,SUCCESS
A,epsilon,832,4600,SUCCESS
A,epsilon,833,4500,SUCCESS
A,epsilon,834,4500,SUCCESS
A,epsilon,835,4400,SUCCESS
A,epsilon,836,4500,SUCCESS
A,epsilon,837,4500,SUCCESS
A,epsilon,838,4600,SUCCESS
A,epsilon,839,4600,SUCCESS
A,epsilon,840,5000,SUCCESS
A,epsilon,841,4500,SUCCESS
A,epsilon,842,4600,SUCCESS
A,epsilon,843,4400,SUCCESS
A,epsilon,844,4600,SUCCESS
A,epsilon,845,34300,SUCCESS
A,epsilon,846,22300,SUCCESS
A,epsilon,847,18700,SUCCESS
A,epsilon,848,15000,SUCCESS
A,epsilon,849,10800,SUCCESS
A,epsilon,850,7200,SUCCESS
A,epsilon,851,4600,SUCCESS
A,epsilon,852,4500,SUCCESS
A,epsilon,853,4500,SUCCESS
A,epsilon,854,4500,SUCCESS
A,epsilon,855,4500,SUCCESS
A,epsilon,856,4500,SUCCESS
A,epsilon,857,4500,SUCCESS
A,epsilon,858,4600,SUCCESS
A,epsilon,859,4500,SUCCESS
A,epsilon,860,4600,SUCCESS
A,epsilon,861,4700,SUCCESS
A,epsilon,862,5300,SUCCESS
A,epsilon,863,4500,SUCCESS
A,epsilon,864,5600,SUCCESS
A,epsilon,865,4500,SUCCESS
A,epsilon,866,4500,SUCCESS
A,epsilon,867,4600,SUCCESS
A,epsilon,868,4700,SUCCESS
A,epsilon,869,4600,SUCCESS
A,epsilon,870,4600,SUCCESS
A,epsilon,871,4400,SUCCESS
A,epsilon,872,4700,SUCCESS
A,epsilon,873,4400,SUCCESS
A,epsilon,874,4800,SUCCESS
A,epsilon,875,4500,SUCCESS
A,epsilon,876,4500,SUCCESS
A,epsilon,877,4500,SUCCESS
A,epsilon,878,4500,SUCCESS
A,epsilon,879,4500,SUCCESS
A,epsilon,880,4400,SUCCESS
A,epsilon,881,4500,SUCCESS
A,epsilon,882,4600,SUCCESS
A,epsilon,883,4500,SUCCESS
A,epsilon,884,4500,SUCCESS
A,epsilon,885,4500,SUCCESS
A,epsilon,886,5000,SUCCESS
A,epsilon,887,4500,SUCCESS
A,epsilon,888,4600,SUCCESS
A,epsilon,889,4400,SUCCESS
A,epsilon,890,4600,SUCCESS
A,epsilon,891,4500,SUCCESS
A,epsilon,892,4500,SUCCESS
A,epsilon,893,4500,SUCCESS
A,epsilon,894,4500,SUCCESS
A,epsilon,895,4400,SUCCESS
A,epsilon,896,4600,SUCCESS
A,epsilon,897,5100,SUCCESS
A,epsilon,898,4400,SUCCESS
A,epsilon,899,4500,SUCCESS
A,epsilon,900,4500,SUCCESS
A,epsilon,901,4500,SUCCESS
A,epsilon,902,4500,SUCCESS
A,epsilon,903,86000,SUCCESS
A,epsilon,904,82200,SUCCESS
A,epsilon,905,78900,SUCCESS
A,epsilon,906,73900,SUCCESS
A,epsilon,907,70000,SUCCESS
A,epsilon,908,66100,SUCCESS
A,epsilon,909,61300,SUCCESS
A,epsilon,910,57400,SUCCESS
A,epsilon,911,96900,SUCCESS
A,epsilon,912,93100,SUCCESS
A,epsilon,913,89400,SUCCESS
A,epsilon,914,86200,SUCCESS
A,epsilon,915,81700,SUCCESS
A,epsilon,916,77600,SUCCESS
A,epsilon,917,72900,SUCCESS
A,epsilon,918,104900,SUCCESS
A,epsilon,919,100900,SUCCESS
A,epsilon,920,96700,SUCCESS
A,epsilon,921,91800,SUCCESS
A,epsilon,922,87800,SUCCESS
A,epsilon,923,83800,SUCCESS
A,epsilon,924,79500,SUCCESS
A,epsilon,925,105100,SUCCESS
A,epsilon,926,101800,SUCCESS
A,epsilon,927,97700,SUCCESS
A,epsilon,928,92900,SUCCESS
A,epsilon,929,88600,SUCCESS
A,epsilon,930,84200,SUCCESS
A,epsilon,931,107900,SUCCESS
A,epsilon,932,106400,SUCCESS
A,epsilon,933,101400,SUCCESS
A,epsilon,934,97400,SUCCESS
A,epsilon,935,93700,SUCCESS
A,epsilon,936,89700,SUCCESS
A,epsilon,937,118900,SUCCESS
A,epsilon,938,115000,SUCCESS
A,epsilon,939,110700,SUCCESS
A,epsilon,940,106900,SUCCESS
A,epsilon,941,103400,SUCCESS
A,epsilon,942,124100,SUCCESS
A,epsilon,943,120000,SUCCESS
A,epsilon,944,114700,SUCCESS
A,epsilon,945,110200,SUCCESS
A,epsilon,946,106000,SUCCESS
A,epsilon,947,135000,SUCCESS
A,epsilon,948,131900,SUCCESS
A,epsilon,949,127800,SUCCESS
A,epsilon,950,129400,SUCCESS
A,epsilon,951,125400,SUCCESS
A,epsilon,952,150800,SUCCESS
A,epsilon,953,146800,SUCCESS
A,epsilon,954,143300,SUCCESS
A,epsilon,955,139800,SUCCESS
A,epsilon,956,154300,SUCCESS
A,epsilon,957,150500,SUCCESS
A,epsilon,958,145600,SUCCESS
A,epsilon,959,141700,SUCCESS
A,epsilon,960,152100,SUCCESS
A,epsilon,961,148200,SUCCESS
A,epsilon,962,144300,SUCCESS
A,epsilon,963,141000,SUCCESS
A,epsilon,964,150500,SUCCESS
A,epsilon,965,146300,SUCCESS
A,epsilon,966,142100,SUCCESS
A,epsilon,967,137800,SUCCESS
A,epsilon,968,155100,SUCCESS
A,epsilon,969,152100,SUCCESS
A,epsilon,970,147800,SUCCESS
A,epsilon,971,161400,SUCCESS
A,epsilon,972,157200,SUCCESS
A,epsilon,973,153000,SUCCESS
A,epsilon,974,160700,SUCCESS
A,epsilon,975,156100,SUCCESS
A,epsilon,976,152900,SUCCESS
A,epsilon,977,162700,SUCCESS
A,epsilon,978,159600,SUCCESS
A,epsilon,979,155700,SUCCESS
A,epsilon,980,164300,SUCCESS
A,epsilon,981,160300,SUCCESS
A,epsilon,982,163900,SUCCESS
A,epsilon,983,173500,SUCCESS
A,epsilon,984,178200,SUCCESS
A,epsilon,985,193100,SUCCESS
A,epsilon,986,190500,SUCCESS
A,epsilon,987,211000,SUCCESS
A,epsilon,988,207000,SUCCESS
A,epsilon,989,210800,SUCCESS
A,epsilon,990,219200,SUCCESS
A,epsilon,991,216200,SUCCESS
A,epsilon,992,231700,SUCCESS
A,epsilon,993,240400,SUCCESS
A,epsilon,994,244700,SUCCESS
A,epsilon,995,249400,SUCCESS
A,epsilon,996,247100,SUCCESS
A,epsilon,997,256600,SUCCESS
A,epsilon,998,252500,SUCCESS
A,epsilon,999,258600,SUCCESS
A,alpha,0,20800,SUCCESS
A,alpha,1,62900,SUCCESS
A,alpha,2,68300,SUCCESS
A,alpha,3,72500,SUCCESS
A,alpha,4,75000,SUCCESS
A,alpha,5,79700,SUCCESS
A,alpha,6,80800,SUCCESS
A,alpha,7,22000,SUCCESS
A,alpha,8,52100,SUCCESS
A,alpha,9,78100,SUCCESS
A,alpha,10,98600,SUCCESS
A,alpha,11,117200,SUCCESS
A,alpha,12,139700,SUCCESS
A,alpha,13,162400,SUCCESS
A,alpha,14,163100,SUCCESS
A,alpha,15,22200,SUCCESS
A,alpha,16,40600,SUCCESS
A,alpha,17,21000,SUCCESS
A,alpha,18,13800,SUCCESS
A,alpha,19,10000,SUCCESS
A,alpha,20,9100,SUCCESS
A,alpha,21,9400,SUCCESS
A,alpha,22,8700,SUCCESS
A,alpha,23,9900,SUCCESS
A,alpha,24,9000,SUCCESS
A,alpha,25,8900,SUCCESS
A,alpha,26,9000,SUCCESS
A,alpha,27,8800,SUCCESS
A,alpha,28,9000,SUCCESS
A,alpha,29,8700,SUCCESS
A,alpha,30,8800,SUCCESS
A,alpha,31,9300,SUCCESS
A,alpha,32,8900,SUCCESS
A,alpha,33,8800,SUCCESS
A,alpha,34,9000,SUCCESS
A,alpha,35,9000,SUCCESS
A,alpha,36,8700,SUCCESS
A,alpha,37,9000,SUCCESS
A,alpha,38,9100,SUCCESS
A,alpha,39,8800,SUCCESS
A,alpha,40,8800,SUCCESS
A,alpha,41,9000,SUCCESS
A,alpha,42,8500,SUCCESS
A,alpha,43,8600,SUCCESS
A,alpha,44,8900,SUCCESS
A,alpha,45,8700,SUCCESS
A,alpha,46,23700,SUCCESS
A,alpha,47,7700,SUCCESS
A,alpha,48,32600,SUCCESS
A,alpha,49,20500,SUCCESS
A,alpha,50,4800,SUCCESS
A,alpha,51,27200,SUCCESS
A,alpha,52,20000,SUCCESS
A,alpha,53,4800,SUCCESS
A,alpha,54,25700,SUCCESS
A,alpha,55,19700,SUCCESS
A,alpha,56,4700,SUCCESS
A,alpha,57,26100,SUCCESS
A,alpha,58,19800,SUCCESS
A,alpha,59,4700,SUCCESS
A,alpha,60,25500,SUCCESS
A,alpha,61,19700,SUCCESS
A,alpha,62,4700,SUCCESS
A,alpha,63,23800,SUCCESS
A,alpha,64,19800,SUCCESS
A,alpha,65,46200,SUCCESS
A,alpha,66,53500,SUCCESS
A,alpha,67,20100,SUCCESS
A,alpha,68,24900,SUCCESS
A,alpha,69,5300,SUCCESS
A,alpha,70,19700,SUCCESS
A,alpha,71,4600,SUCCESS
A,alpha,72,42600,SUCCESS
A,alpha,73,32200,SUCCESS
A,alpha,74,23500,SUCCESS
A,alpha,75,23400,SUCCESS
A,alpha,76,4800,SUCCESS
A,alpha,77,20600,SUCCESS
A,alpha,78,4600,SUCCESS
A,alpha,79,48800,SUCCESS
A,alpha,80,46100,SUCCESS
A,alpha,81,24000,SUCCESS
A,alpha,82,17400,SUCCESS
A,alpha,83,15600,SUCCESS
A,alpha,84,20700,SUCCESS
A,alpha,85,15400,SUCCESS
A,alpha,86,13200,SUCCESS
A,alpha,87,12900,SUCCESS
A,alpha,88,17600,SUCCESS
A,alpha,89,13300,SUCCESS
A,alpha,90,12900,SUCCESS
A,alpha,91,13100,SUCCESS
A,alpha,92,15200,SUCCESS
A,alpha,93,13000,SUCCESS
A,alpha,94,19100,SUCCESS
A,alpha,95,10500,SUCCESS
A,alpha,96,15700,SUCCESS
A,alpha,97,16600,SUCCESS
A,alpha,98,20600,SUCCESS
A,alpha,99,76400,SUCCESS
A,alpha,100,98900,SUCCESS
A,alpha,101,128100,SUCCESS
A,alpha,102,113000,SUCCESS
A,alpha,103,22300,SUCCESS
A,alpha,104,39200,SUCCESS
A,alpha,105,83200,SUCCESS
A,alpha,106,62500,SUCCESS
A,alpha,107,86300,SUCCESS
A,alpha,108,104500,SUCCESS
A,alpha,109,112100,SUCCESS
A,alpha,110,70400,SUCCESS
A,alpha,111,35100,SUCCESS
A,alpha,112,41500,SUCCESS
A,alpha,113,25800,SUCCESS
A,alpha,114,87400,SUCCESS
A,alpha,115,72200,SUCCESS
A,alpha,116,63200,SUCCESS
A,alpha,117,119500,SUCCESS
A,alpha,118,141500,SUCCESS
A,alpha,119,159600,SUCCESS
A,alpha,120,175100,SUCCESS
A,alpha,121,167800,SUCCESS
A,alpha,122,169700,SUCCESS
A,alpha,123,83600,SUCCESS
A,alpha,124,23700,SUCCESS
A,alpha,125,18000,SUCCESS
A,alpha,126,58300,SUCCESS
A,alpha,127,34000,SUCCESS
A,alpha,128,70800,SUCCESS
A,alpha,129,115800,SUCCESS
A,alpha,130,11300,SUCCESS
A,alpha,131,43900,SUCCESS
A,alpha,132,32400,SUCCESS
A,alpha,133,42600,SUCCESS
A,alpha,134,96800,SUCCESS
A,alpha,135,79300,SUCCESS
A,alpha,136,70800,SUCCESS
A,alpha,137,129900,SUCCESS
A,alpha,138,140400,SUCCESS
A,alpha,139,139800,SUCCESS
A,alpha,140,152700,SUCCESS
A,alpha,141,134000,SUCCESS
A,alpha,142,139400,SUCCESS
A,alpha,143,87000,SUCCESS
A,alpha,144,68500,SUCCESS
A,alpha,145,59800,SUCCESS
A,alpha,146,51300,SUCCESS
A,alpha,147,106100,SUCCESS
A,alpha,148,101300,SUCCESS
A,alpha,149,95700,SUCCESS
A,alpha,150,90800,SUCCESS
A,alpha,151,90000,SUCCESS
A,alpha,152,89000,SUCCESS
A,alpha,153,85700,SUCCESS
A,alpha,154,35200,SUCCESS
A,alpha,155,26400,SUCCESS
A,alpha,156,18700,SUCCESS
A,alpha,157,87300,SUCCESS
A,alpha,158,21900,SUCCESS
A,alpha,159,73100,SUCCESS
A,alpha,160,51500,SUCCESS
A,alpha,161,42500,SUCCESS
A,alpha,162,100000,SUCCESS
A,alpha,163,95000,SUCCESS
A,alpha,164,89100,SUCCESS
A,alpha,165,84000,SUCCESS
A,alpha,166,79900,SUCCESS
A,alpha,167,73100,SUCCESS
A,alpha,168,75900,SUCCESS
A,alpha,169,42100,SUCCESS
A,alpha,170,59200,SUCCESS
A,alpha,171,63500,SUCCESS
A,alpha,172,55500,SUCCESS
A,alpha,173,110700,SUCCESS
A,alpha,174,21600,SUCCESS
A,alpha,175,34500,SUCCESS
A,alpha,176,12300,SUCCESS
A,alpha,177,62100,SUCCESS
A,alpha,178,46000,SUCCESS
A,alpha,179,20500,SUCCESS
A,alpha,180,48700,SUCCESS
A,alpha,181,31000,SUCCESS
A,alpha,182,42000,SUCCESS
A,alpha,183,20700,SUCCESS
A,alpha,184,57100,SUCCESS
A,alpha,185,80400,SUCCESS
A,alpha,186,34100,SUCCESS
A,alpha,187,18500,SUCCESS
A,alpha,188,10300,SUCCESS
A,alpha,189,56200,SUCCESS
A,alpha,190,61700,SUCCESS
A,alpha,191,41700,SUCCESS
A,alpha,192,74600,SUCCESS
A,alpha,193,91700,SUCCESS
A,alpha,194,112600,SUCCESS
A,alpha,195,122100,SUCCESS
A,alpha,196,24400,SUCCESS
A,alpha,197,21700,SUCCESS
A,alpha,198,14700,SUCCESS
A,alpha,199,10600,SUCCESS
A,alpha,200,9100,SUCCESS
A,alpha,201,21700,SUCCESS
A,alpha,202,17500,SUCCESS
A,alpha,203,57900,SUCCESS
A,alpha,204,5200,SUCCESS
A,alpha,205,10200,SUCCESS
A,alpha,206,10600,SUCCESS
A,alpha,207,25000,SUCCESS
A,alpha,208,10900,SUCCESS
A,alpha,209,10400,SUCCESS
A,alpha,210,47300,SUCCESS
A,alpha,211,11500,SUCCESS
A,alpha,212,62500,SUCCESS
A,alpha,213,57600,SUCCESS
A,alpha,214,40300,SUCCESS
A,alpha,215,49100,SUCCESS
A,alpha,216,60200,SUCCESS
A,alpha,217,75100,SUCCESS
A,alpha,218,62300,SUCCESS
A,alpha,219,35600,SUCCESS
A,alpha,220,50400,SUCCESS
A,alpha,221,10500,SUCCESS
A,alpha,222,21200,SUCCESS
A,alpha,223,43100,SUCCESS
A,alpha,224,20900,SUCCESS
A,alpha,225,20000,SUCCESS
A,alpha,226,9300,SUCCESS
A,alpha,227,12400,SUCCESS
A,alpha,228,6300,SUCCESS
A,alpha,229,8700,SUCCESS
A,alpha,230,8800,SUCCESS
A,alpha,231,9200,SUCCESS
A,alpha,232,5600,SUCCESS
A,alpha,233,9000,SUCCESS
A,alpha,234,8800,SUCCESS
A,alpha,235,8200,SUCCESS
A,alpha,236,4700,SUCCESS
A,alpha,237,8800,SUCCESS
A,alpha,238,9000,SUCCESS
A,alpha,239,10100,SUCCESS
A,alpha,240,9100,SUCCESS
A,alpha,241,8800,SUCCESS
A,alpha,242,9500,SUCCESS
A,alpha,243,4500,SUCCESS
A,alpha,244,15600,SUCCESS
A,alpha,245,8900,SUCCESS
A,alpha,246,8800,SUCCESS
A,alpha,247,10000,SUCCESS
A,alpha,248,22600,SUCCESS
A,alpha,249,9100,SUCCESS
A,alpha,250,8800,SUCCESS
A,alpha,251,9200,SUCCESS
A,alpha,252,9700,SUCCESS
A,alpha,253,8500,SUCCESS
A,alpha,254,9000,SUCCESS
A,alpha,255,9200,SUCCESS
A,alpha,256,9800,SUCCESS
A,alpha,257,4600,SUCCESS
A,alpha,258,25400,SUCCESS
A,alpha,259,8700,SUCCESS
A,alpha,260,57100,SUCCESS
A,alpha,261,63300,SUCCESS
A,alpha,262,22500,SUCCESS
A,alpha,263,17700,SUCCESS
A,alpha,264,15400,SUCCESS
A,alpha,265,15700,SUCCESS
A,alpha,266,13100,SUCCESS
A,alpha,267,17400,SUCCESS
A,alpha,268,15600,SUCCESS
A,alpha,269,13000,SUCCESS
A,alpha,270,19600,SUCCESS
A,alpha,271,15700,SUCCESS
A,alpha,272,15100,SUCCESS
A,alpha,273,21900,SUCCESS
A,alpha,274,15000,SUCCESS
A,alpha,275,12800,SUCCESS
A,alpha,276,20400,SUCCESS
A,alpha,277,12800,SUCCESS
A,alpha,278,17800,SUCCESS
A,alpha,279,43300,SUCCESS
A,alpha,280,40000,SUCCESS
A,alpha,281,71900,SUCCESS
A,alpha,282,62300,SUCCESS
A,alpha,283,5000,SUCCESS
A,alpha,284,61100,SUCCESS
A,alpha,285,100500,SUCCESS
A,alpha,286,105200,SUCCESS
A,alpha,287,101600,SUCCESS
A,alpha,288,112500,SUCCESS
A,alpha,289,53100,SUCCESS
A,alpha,290,22900,SUCCESS
A,alpha,291,14100,SUCCESS
A,alpha,292,18600,SUCCESS
A,alpha,293,37100,SUCCESS
A,alpha,294,20700,SUCCESS
A,alpha,295,63500,SUCCESS
A,alpha,296,66700,SUCCESS
A,alpha,297,21300,SUCCESS
A,alpha,298,41100,SUCCESS
A,alpha,299,38000,SUCCESS
A,alpha,300,54800,SUCCESS
A,alpha,301,46300,SUCCESS
A,alpha,302,24400,SUCCESS
A,alpha,303,23400,SUCCESS
A,alpha,304,5700,SUCCESS
A,alpha,305,21200,SUCCESS
A,alpha,306,12400,SUCCESS
A,alpha,307,9700,SUCCESS
A,alpha,308,51100,SUCCESS
A,alpha,309,34100,SUCCESS
A,alpha,310,5100,SUCCESS
A,alpha,311,22500,SUCCESS
A,alpha,312,36800,SUCCESS
A,alpha,313,29800,SUCCESS
A,alpha,314,18900,SUCCESS
A,alpha,315,20400,SUCCESS
A,alpha,316,36100,SUCCESS
A,alpha,317,17300,SUCCESS
A,alpha,318,20800,SUCCESS
A,alpha,319,19300,SUCCESS
A,alpha,320,31500,SUCCESS
A,alpha,321,27300,SUCCESS
A,alpha,322,5300,SUCCESS
A,alpha,323,19300,SUCCESS
A,alpha,324,15800,SUCCESS
A,alpha,325,40900,SUCCESS
A,alpha,326,46700,SUCCESS
A,alpha,327,20200,SUCCESS
A,alpha,328,4800,SUCCESS
A,alpha,329,24800,SUCCESS
A,alpha,330,19900,SUCCESS
A,alpha,331,4900,SUCCESS
A,alpha,332,23800,SUCCESS
A,alpha,333,19900,SUCCESS
A,alpha,334,5000,SUCCESS
A,alpha,335,24500,SUCCESS
A,alpha,336,19800,SUCCESS
A,alpha,337,4900,SUCCESS
A,alpha,338,24300,SUCCESS
A,alpha,339,19900,SUCCESS
A,alpha,340,4800,SUCCESS
A,alpha,341,23900,SUCCESS
A,alpha,342,20100,SUCCESS
A,alpha,343,4800,SUCCESS
A,alpha,344,24300,SUCCESS
A,alpha,345,19700,SUCCESS
A,alpha,346,4700,SUCCESS
A,alpha,347,23700,SUCCESS
A,alpha,348,19900,SUCCESS
A,alpha,349,4800,SUCCESS
A,alpha,350,24400,SUCCESS
A,alpha,351,19800,SUCCESS
A,alpha,352,4800,SUCCESS
A,alpha,353,24000,SUCCESS
A,alpha,354,19900,SUCCESS
A,alpha,355,4800,SUCCESS
A,alpha,356,31700,SUCCESS
A,alpha,357,19900,SUCCESS
A,alpha,358,4600,SUCCESS
A,alpha,359,23800,SUCCESS
A,alpha,360,19800,SUCCESS
A,alpha,361,4600,SUCCESS
A,alpha,362,24300,SUCCESS
A,alpha,363,20300,SUCCESS
A,alpha,364,4200,SUCCESS
A,alpha,365,23600,SUCCESS
A,alpha,366,19800,SUCCESS
A,alpha,367,4600,SUCCESS
A,alpha,368,24500,SUCCESS
A,alpha,369,19700,SUCCESS
A,alpha,370,4600,SUCCESS
A,alpha,371,24600,SUCCESS
A,alpha,372,19400,SUCCESS
A,alpha,373,4700,SUCCESS
A,alpha,374,23200,SUCCESS
A,alpha,375,19600,SUCCESS
A,alpha,376,4700,SUCCESS
A,alpha,377,23600,SUCCESS
A,alpha,378,19600,SUCCESS
A,alpha,379,4600,SUCCESS
A,alpha,380,24500,SUCCESS
A,alpha,381,19600,SUCCESS
A,alpha,382,4600,SUCCESS
A,alpha,383,24100,SUCCESS
A,alpha,384,19600,SUCCESS
A,alpha,385,4700,SUCCESS
A,alpha,386,23500,SUCCESS
A,alpha,387,19500,SUCCESS
A,alpha,388,4600,SUCCESS
A,alpha,389,24700,SUCCESS
A,alpha,390,20100,SUCCESS
A,alpha,391,4800,SUCCESS
A,alpha,392,23700,SUCCESS
A,alpha,393,19700,SUCCESS
A,alpha,394,4600,SUCCESS
A,alpha,395,24300,SUCCESS
A,alpha,396,20900,SUCCESS
A,alpha,397,4700,SUCCESS
A,alpha,398,24700,SUCCESS
A,alpha,399,20000,SUCCESS
A,alpha,400,4600,SUCCESS
A,alpha,401,24100,SUCCESS
A,alpha,402,20000,SUCCESS
A,alpha,403,4600,SUCCESS
A,alpha,404,24300,SUCCESS
A,alpha,405,19700,SUCCESS
A,alpha,406,4600,SUCCESS
A,alpha,407,26500,SUCCESS
A,alpha,408,20000,SUCCESS
A,alpha,409,4600,SUCCESS
A,alpha,410,25000,SUCCESS
A,alpha,411,19800,SUCCESS
A,alpha,412,4500,SUCCESS
A,alpha,413,24200,SUCCESS
A,alpha,414,20200,SUCCESS
A,alpha,415,4600,SUCCESS
A,alpha,416,23600,SUCCESS
A,alpha,417,19600,SUCCESS
A,alpha,418,4600,SUCCESS
A,alpha,419,24800,SUCCESS
A,alpha,420,19700,SUCCESS
A,alpha,421,4600,SUCCESS
A,alpha,422,23500,SUCCESS
A,alpha,423,19900,SUCCESS
A,alpha,424,4600,SUCCESS
A,alpha,425,23700,SUCCESS
A,alpha,426,19700,SUCCESS
A,alpha,427,4600,SUCCESS
A,alpha,428,24400,SUCCESS
A,alpha,429,19400,SUCCESS
A,alpha,430,4700,SUCCESS
A,alpha,431,23900,SUCCESS
A,alpha,432,19700,SUCCESS
A,alpha,433,4500,SUCCESS
A,alpha,434,23500,SUCCESS
A,alpha,435,19700,SUCCESS
A,alpha,436,4600,SUCCESS
A,alpha,437,23800,SUCCESS
A,alpha,438,19700,SUCCESS
A,alpha,439,4600,SUCCESS
A,alpha,440,23700,SUCCESS
A,alpha,441,19700,SUCCESS
A,alpha,442,4500,SUCCESS
A,alpha,443,23900,SUCCESS
A,alpha,444,19800,SUCCESS
A,alpha,445,4600,SUCCESS
A,alpha,446,23700,SUCCESS
A,alpha,447,19800,SUCCESS
A,alpha,448,4600,SUCCESS
A,alpha,449,24200,SUCCESS
A,alpha,450,20200,SUCCESS
A,alpha,451,4800,SUCCESS
A,alpha,452,23300,SUCCESS
A,alpha,453,19900,SUCCESS
A,alpha,454,4600,SUCCESS
A,alpha,455,24300,SUCCESS
A,alpha,456,19800,SUCCESS
A,alpha,457,4700,SUCCESS
A,alpha,458,22800,SUCCESS
A,alpha,459,9400,SUCCESS
A,alpha,460,9000,SUCCESS
A,alpha,461,27800,SUCCESS
A,alpha,462,10600,SUCCESS
A,alpha,463,27700,SUCCESS
A,alpha,464,19700,SUCCESS
A,alpha,465,4600,SUCCESS
A,alpha,466,23000,SUCCESS
A,alpha,467,19800,SUCCESS
A,alpha,468,4500,SUCCESS
A,alpha,469,24000,SUCCESS
A,alpha,470,19700,SUCCESS
A,alpha,471,4600,SUCCESS
A,alpha,472,24000,SUCCESS
A,alpha,473,20200,SUCCESS
A,alpha,474,4600,SUCCESS
A,alpha,475,23900,SUCCESS
A,alpha,476,19800,SUCCESS
A,alpha,477,4600,SUCCESS
A,alpha,478,23800,SUCCESS
A,alpha,479,19800,SUCCESS
A,alpha,480,4600,SUCCESS
A,alpha,481,24000,SUCCESS
A,alpha,482,19500,SUCCESS
A,alpha,483,4700,SUCCESS
A,alpha,484,23900,SUCCESS
A,alpha,485,20100,SUCCESS
A,alpha,486,4600,SUCCESS
A,alpha,487,24800,SUCCESS
A,alpha,488,19500,SUCCESS
A,alpha,489,4600,SUCCESS
A,alpha,490,23500,SUCCESS
A,alpha,491,19900,SUCCESS
A,alpha,492,4600,SUCCESS
A,alpha,493,23400,SUCCESS
A,alpha,494,19400,SUCCESS
A,alpha,495,4700,SUCCESS
A,alpha,496,23200,SUCCESS
A,alpha,497,19700,SUCCESS
A,alpha,498,4600,SUCCESS
A,alpha,499,24100,SUCCESS
A,alpha,500,20000,SUCCESS
A,alpha,501,4700,SUCCESS
A,alpha,502,23500,SUCCESS
A,alpha,503,19800,SUCCESS
A,alpha,504,4600,SUCCESS
A,alpha,505,18800,SUCCESS
A,alpha,506,19900,SUCCESS
A,alpha,507,4600,SUCCESS
A,alpha,508,17700,SUCCESS
A,alpha,509,19800,SUCCESS
A,alpha,510,4600,SUCCESS
A,alpha,511,17700,SUCCESS
A,alpha,512,20100,SUCCESS
A,alpha,513,31000,SUCCESS
A,alpha,514,63800,SUCCESS
A,alpha,515,67000,SUCCESS
A,alpha,516,20600,SUCCESS
A,alpha,517,23900,SUCCESS
A,alpha,518,25800,SUCCESS
A,alpha,519,20400,SUCCESS
A,alpha,520,20200,SUCCESS
A,alpha,521,23300,SUCCESS
A,alpha,522,26000,SUCCESS
A,alpha,523,21900,SUCCESS
A,alpha,524,19800,SUCCESS
A,alpha,525,22000,SUCCESS
A,alpha,526,24400,SUCCESS
A,alpha,527,21500,SUCCESS
A,alpha,528,20000,SUCCESS
A,alpha,529,22700,SUCCESS
A,alpha,530,23000,SUCCESS
A,alpha,531,21800,SUCCESS
A,alpha,532,19900,SUCCESS
A,alpha,533,22800,SUCCESS
A,alpha,534,25500,SUCCESS
A,alpha,535,22000,SUCCESS
A,alpha,536,20100,SUCCESS
A,alpha,537,21900,SUCCESS
A,alpha,538,23300,SUCCESS
A,alpha,539,20800,SUCCESS
A,alpha,540,19800,SUCCESS
A,alpha,541,22600,SUCCESS
A,alpha,542,25000,SUCCESS
A,alpha,543,21400,SUCCESS
A,alpha,544,42900,SUCCESS
A,alpha,545,50300,SUCCESS
A,alpha,546,48400,SUCCESS
A,alpha,547,32700,SUCCESS
A,alpha,548,116600,SUCCESS
A,alpha,549,103600,SUCCESS
A,alpha,550,27500,SUCCESS
A,alpha,551,30900,SUCCESS
A,alpha,552,18400,SUCCESS
A,alpha,553,38200,SUCCESS
A,alpha,554,19600,SUCCESS
A,alpha,555,82100,SUCCESS
A,alpha,556,99400,SUCCESS
A,alpha,557,109800,SUCCESS
A,alpha,558,131600,SUCCESS
A,alpha,559,122200,SUCCESS
A,alpha,560,139500,SUCCESS
A,alpha,561,109000,SUCCESS
A,alpha,562,120000,SUCCESS
A,alpha,563,40200,SUCCESS
A,alpha,564,24900,SUCCESS
A,alpha,565,73300,SUCCESS
A,alpha,566,86200,SUCCESS
A,alpha,567,26000,SUCCESS
A,alpha,568,25200,SUCCESS
A,alpha,569,38300,SUCCESS
A,alpha,570,59100,SUCCESS
A,alpha,571,68600,SUCCESS
A,alpha,572,82300,SUCCESS
A,alpha,573,31800,SUCCESS
A,alpha,574,23400,SUCCESS
A,alpha,575,20700,SUCCESS
A,alpha,576,55300,SUCCESS
A,alpha,577,13100,SUCCESS
A,alpha,578,9400,SUCCESS
A,alpha,579,8900,SUCCESS
A,alpha,580,19200,SUCCESS
A,alpha,581,19800,SUCCESS
A,alpha,582,9100,SUCCESS
A,alpha,583,26600,SUCCESS
A,alpha,584,51900,SUCCESS
A,alpha,585,9600,SUCCESS
A,alpha,586,67600,SUCCESS
A,alpha,587,16200,SUCCESS
A,alpha,588,71000,SUCCESS
A,alpha,589,24400,SUCCESS
A,alpha,590,88100,SUCCESS
A,alpha,591,19300,SUCCESS
A,alpha,592,9900,SUCCESS
A,alpha,593,8700,SUCCESS
A,alpha,594,63000,SUCCESS
A,alpha,595,62400,SUCCESS
A,alpha,596,126700,SUCCESS
A,alpha,597,130500,SUCCESS
A,alpha,598,127200,SUCCESS
A,alpha,599,105300,SUCCESS
A,alpha,600,105300,SUCCESS
A,alpha,601,67600,SUCCESS
A,alpha,602,83700,SUCCESS
A,alpha,603,75600,SUCCESS
A,alpha,604,6800,SUCCESS
A,alpha,605,25000,SUCCESS
A,alpha,606,46100,SUCCESS
A,alpha,607,18500,SUCCESS
A,alpha,608,19600,SUCCESS
A,alpha,609,20000,SUCCESS
A,alpha,610,36900,SUCCESS
A,alpha,611,24800,SUCCESS
A,alpha,612,89000,SUCCESS
A,alpha,613,94100,SUCCESS
A,alpha,614,125400,SUCCESS
A,alpha,615,122500,SUCCESS
A,alpha,616,83200,SUCCESS
A,alpha,617,88600,SUCCESS
A,alpha,618,56800,SUCCESS
A,alpha,619,82000,SUCCESS
A,alpha,620,74600,SUCCESS
A,alpha,621,21400,SUCCESS
A,alpha,622,24500,SUCCESS
A,alpha,623,22500,SUCCESS
A,alpha,624,20600,SUCCESS
A,alpha,625,13700,SUCCESS
A,alpha,626,9000,SUCCESS
A,alpha,627,4800,SUCCESS
A,alpha,628,10000,SUCCESS
A,alpha,629,24200,SUCCESS
A,alpha,630,8900,SUCCESS
A,alpha,631,8600,SUCCESS
A,alpha,632,8900,SUCCESS
A,alpha,633,11000,SUCCESS
A,alpha,634,4500,SUCCESS
A,alpha,635,8600,SUCCESS
A,alpha,636,8800,SUCCESS
A,alpha,637,11900,SUCCESS
A,alpha,638,4700,SUCCESS
A,alpha,639,8600,SUCCESS
A,alpha,640,9100,SUCCESS
A,alpha,641,11500,SUCCESS
A,alpha,642,5400,SUCCESS
A,alpha,643,8600,SUCCESS
A,alpha,644,8700,SUCCESS
A,alpha,645,10900,SUCCESS
A,alpha,646,4600,SUCCESS
A,alpha,647,8800,SUCCESS
A,alpha,648,8900,SUCCESS
A,alpha,649,11000,SUCCESS
A,alpha,650,8400,SUCCESS
A,alpha,651,8700,SUCCESS
A,alpha,652,8900,SUCCESS
A,alpha,653,12700,SUCCESS
A,alpha,654,8500,SUCCESS
A,alpha,655,9000,SUCCESS
A,alpha,656,9000,SUCCESS
A,alpha,657,12800,SUCCESS
A,alpha,658,8900,SUCCESS
A,alpha,659,9100,SUCCESS
A,alpha,660,9000,SUCCESS
A,alpha,661,12000,SUCCESS
A,alpha,662,9000,SUCCESS
A,alpha,663,8700,SUCCESS
A,alpha,664,8800,SUCCESS
A,alpha,665,12100,SUCCESS
A,alpha,666,8400,SUCCESS
A,alpha,667,8800,SUCCESS
A,alpha,668,9100,SUCCESS
A,alpha,669,12200,SUCCESS
A,alpha,670,8900,SUCCESS
A,alpha,671,8700,SUCCESS
A,alpha,672,8900,SUCCESS
A,alpha,673,12300,SUCCESS
A,alpha,674,8600,SUCCESS
A,alpha,675,76800,SUCCESS
A,alpha,676,109000,SUCCESS
A,alpha,677,133600,SUCCESS
A,alpha,678,146500,SUCCESS
A,alpha,679,151000,SUCCESS
A,alpha,680,160000,SUCCESS
A,alpha,681,160300,SUCCESS
A,alpha,682,130600,SUCCESS
A,alpha,683,9000,SUCCESS
A,alpha,684,8600,SUCCESS
A,alpha,685,4700,SUCCESS
A,alpha,686,9800,SUCCESS
A,alpha,687,22700,SUCCESS
A,alpha,688,9000,SUCCESS
A,alpha,689,9000,SUCCESS
A,alpha,690,8600,SUCCESS
A,alpha,691,12700,SUCCESS
A,alpha,692,9500,SUCCESS
A,alpha,693,8700,SUCCESS
A,alpha,694,8800,SUCCESS
A,alpha,695,12000,SUCCESS
A,alpha,696,9000,SUCCESS
A,alpha,697,8800,SUCCESS
A,alpha,698,8700,SUCCESS
A,alpha,699,12300,SUCCESS
A,alpha,700,8800,SUCCESS
A,alpha,701,8800,SUCCESS
A,alpha,702,9100,SUCCESS
A,alpha,703,13400,SUCCESS
A,alpha,704,9700,SUCCESS
A,alpha,705,8800,SUCCESS
A,alpha,706,9200,SUCCESS
A,alpha,707,12600,SUCCESS
A,alpha,708,8900,SUCCESS
A,alpha,709,8500,SUCCESS
A,alpha,710,9100,SUCCESS
A,alpha,711,12900,SUCCESS
A,alpha,712,8500,SUCCESS
A,alpha,713,8600,SUCCESS
A,alpha,714,9400,SUCCESS
A,alpha,715,13400,SUCCESS
A,alpha,716,9600,SUCCESS
A,alpha,717,8700,SUCCESS
A,alpha,718,9200,SUCCESS
A,alpha,719,12900,SUCCESS
A,alpha,720,8800,SUCCESS
A,alpha,721,8600,SUCCESS
A,alpha,722,9000,SUCCESS
A,alpha,723,12200,SUCCESS
A,alpha,724,9300,SUCCESS
A,alpha,725,9000,SUCCESS
A,alpha,726,9300,SUCCESS
A,alpha,727,12400,SUCCESS
A,alpha,728,8500,SUCCESS
A,alpha,729,8600,SUCCESS
A,alpha,730,9100,SUCCESS
A,alpha,731,12900,SUCCESS
A,alpha,732,8600,SUCCESS
A,alpha,733,76500,SUCCESS
A,alpha,734,61000,SUCCESS
A,alpha,735,107300,SUCCESS
A,alpha,736,117500,SUCCESS
A,alpha,737,120900,SUCCESS
A,alpha,738,125400,SUCCESS
A,alpha,739,25400,SUCCESS
A,alpha,740,30100,SUCCESS
A,alpha,741,32700,SUCCESS
A,alpha,742,22700,SUCCESS
A,alpha,743,93800,SUCCESS
A,alpha,744,78300,SUCCESS
A,alpha,745,58400,SUCCESS
A,alpha,746,95100,SUCCESS
A,alpha,747,101000,SUCCESS
A,alpha,748,111800,SUCCESS
A,alpha,749,134000,SUCCESS
A,alpha,750,9400,SUCCESS
A,alpha,751,9200,SUCCESS
A,alpha,752,4600,SUCCESS
A,alpha,753,9800,SUCCESS
A,alpha,754,22700,SUCCESS
A,alpha,755,9000,SUCCESS
A,alpha,756,8500,SUCCESS
A,alpha,757,9200,SUCCESS
A,alpha,758,13400,SUCCESS
A,alpha,759,9300,SUCCESS
A,alpha,760,8600,SUCCESS
A,alpha,761,9300,SUCCESS
A,alpha,762,13300,SUCCESS
A,alpha,763,9100,SUCCESS
A,alpha,764,9500,SUCCESS
A,alpha,765,9000,SUCCESS
A,alpha,766,14000,SUCCESS
A,alpha,767,9700,SUCCESS
A,alpha,768,8600,SUCCESS
A,alpha,769,8900,SUCCESS
A,alpha,770,13300,SUCCESS
A,alpha,771,8800,SUCCESS
A,alpha,772,8900,SUCCESS
A,alpha,773,9000,SUCCESS
A,alpha,774,13000,SUCCESS
A,alpha,775,8700,SUCCESS
A,alpha,776,8400,SUCCESS
A,alpha,777,9000,SUCCESS
A,alpha,778,13500,SUCCESS
A,alpha,779,9000,SUCCESS
A,alpha,780,8700,SUCCESS
A,alpha,781,8800,SUCCESS
A,alpha,782,12900,SUCCESS
A,alpha,783,8500,SUCCESS
A,alpha,784,8800,SUCCESS
A,alpha,785,9300,SUCCESS
A,alpha,786,12900,SUCCESS
A,alpha,787,9000,SUCCESS
A,alpha,788,8700,SUCCESS
A,alpha,789,8900,SUCCESS
A,alpha,790,12700,SUCCESS
A,alpha,791,9100,SUCCESS
A,alpha,792,8700,SUCCESS
A,alpha,793,9100,SUCCESS
A,alpha,794,12900,SUCCESS
A,alpha,795,8700,SUCCESS
A,alpha,796,8800,SUCCESS
A,alpha,797,8900,SUCCESS
A,alpha,798,10600,SUCCESS
A,alpha,799,72600,SUCCESS
A,alpha,800,102100,SUCCESS
A,alpha,801,103100,SUCCESS
A,alpha,802,107300,SUCCESS
A,alpha,803,105300,SUCCESS
A,alpha,804,25200,SUCCESS
A,alpha,805,27400,SUCCESS
A,alpha,806,29600,SUCCESS
A,alpha,807,23800,SUCCESS
A,alpha,808,99700,SUCCESS
A,alpha,809,127500,SUCCESS
A,alpha,810,136100,SUCCESS
A,alpha,811,145900,SUCCESS
A,alpha,812,148600,SUCCESS
A,alpha,813,158600,SUCCESS
A,alpha,814,159000,SUCCESS
A,alpha,815,129700,SUCCESS
A,alpha,816,9800,SUCCESS
A,alpha,817,9100,SUCCESS
A,alpha,818,4700,SUCCESS
A,alpha,819,9500,SUCCESS
A,alpha,820,24100,SUCCESS
A,alpha,821,8900,SUCCESS
A,alpha,822,8700,SUCCESS
A,alpha,823,8800,SUCCESS
A,alpha,824,12300,SUCCESS
A,alpha,825,5900,SUCCESS
A,alpha,826,8700,SUCCESS
A,alpha,827,8900,SUCCESS
A,alpha,828,12300,SUCCESS
A,alpha,829,7000,SUCCESS
A,alpha,830,8600,SUCCESS
A,alpha,831,9000,SUCCESS
A,alpha,832,12900,SUCCESS
A,alpha,833,7400,SUCCESS
A,alpha,834,9000,SUCCESS
A,alpha,835,8800,SUCCESS
A,alpha,836,11700,SUCCESS
A,alpha,837,6500,SUCCESS
A,alpha,838,8600,SUCCESS
A,alpha,839,9100,SUCCESS
A,alpha,840,13000,SUCCESS
A,alpha,841,7100,SUCCESS
A,alpha,842,8500,SUCCESS
A,alpha,843,8800,SUCCESS
A,alpha,844,12500,SUCCESS
A,alpha,845,7600,SUCCESS
A,alpha,846,8900,SUCCESS
A,alpha,847,8700,SUCCESS
A,alpha,848,11800,SUCCESS
A,alpha,849,5800,SUCCESS
A,alpha,850,8700,SUCCESS
A,alpha,851,8700,SUCCESS
A,alpha,852,12300,SUCCESS
A,alpha,853,5800,SUCCESS
A,alpha,854,8900,SUCCESS
A,alpha,855,8900,SUCCESS
A,alpha,856,11400,SUCCESS
A,alpha,857,4500,SUCCESS
A,alpha,858,8900,SUCCESS
A,alpha,859,9200,SUCCESS
A,alpha,860,12100,SUCCESS
A,alpha,861,5700,SUCCESS
A,alpha,862,8700,SUCCESS
A,alpha,863,9300,SUCCESS
A,alpha,864,11300,SUCCESS
A,alpha,865,8700,SUCCESS
A,alpha,866,67400,SUCCESS
A,alpha,867,51400,SUCCESS
A,alpha,868,115300,SUCCESS
A,alpha,869,124300,SUCCESS
A,alpha,870,122200,SUCCESS
A,alpha,871,131600,SUCCESS
A,alpha,872,80300,SUCCESS
A,alpha,873,77900,SUCCESS
A,alpha,874,8900,SUCCESS
A,alpha,875,9600,SUCCESS
A,alpha,876,4700,SUCCESS
A,alpha,877,9500,SUCCESS
A,alpha,878,22800,SUCCESS
A,alpha,879,9300,SUCCESS
A,alpha,880,8800,SUCCESS
A,alpha,881,9500,SUCCESS
A,alpha,882,14000,SUCCESS
A,alpha,883,9400,SUCCESS
A,alpha,884,8900,SUCCESS
A,alpha,885,8800,SUCCESS
A,alpha,886,11700,SUCCESS
A,alpha,887,8800,SUCCESS
A,alpha,888,8700,SUCCESS
A,alpha,889,8900,SUCCESS
A,alpha,890,11500,SUCCESS
A,alpha,891,8700,SUCCESS
A,alpha,892,8700,SUCCESS
A,alpha,893,9300,SUCCESS
A,alpha,894,11800,SUCCESS
A,alpha,895,8400,SUCCESS
A,alpha,896,8700,SUCCESS
A,alpha,897,9100,SUCCESS
A,alpha,898,11600,SUCCESS
A,alpha,899,8400,SUCCESS
A,alpha,900,9100,SUCCESS
A,alpha,901,8800,SUCCESS
A,alpha,902,12000,SUCCESS
A,alpha,903,8500,SUCCESS
A,alpha,904,8500,SUCCESS
A,alpha,905,9000,SUCCESS
A,alpha,906,11900,SUCCESS
A,alpha,907,9000,SUCCESS
A,alpha,908,8900,SUCCESS
A,alpha,909,8900,SUCCESS
A,alpha,910,11800,SUCCESS
A,alpha,911,8700,SUCCESS
A,alpha,912,8600,SUCCESS
A,alpha,913,9100,SUCCESS
A,alpha,914,12100,SUCCESS
A,alpha,915,8600,SUCCESS
A,alpha,916,8600,SUCCESS
A,alpha,917,9100,SUCCESS
A,alpha,918,12700,SUCCESS
A,alpha,919,8400,SUCCESS
A,alpha,920,8600,SUCCESS
A,alpha,921,9000,SUCCESS
A,alpha,922,57500,SUCCESS
A,alpha,923,25400,SUCCESS
A,alpha,924,14400,SUCCESS
A,alpha,925,23300,SUCCESS
A,alpha,926,15200,SUCCESS
A,alpha,927,12900,SUCCESS
A,alpha,928,12900,SUCCESS
A,alpha,929,18000,SUCCESS
A,alpha,930,13300,SUCCESS
A,alpha,931,13000,SUCCESS
A,alpha,932,11400,SUCCESS
A,alpha,933,18600,SUCCESS
A,alpha,934,70800,SUCCESS
A,alpha,935,39000,SUCCESS
A,alpha,936,48800,SUCCESS
A,alpha,937,77600,SUCCESS
A,alpha,938,55400,SUCCESS
A,alpha,939,33900,SUCCESS
A,alpha,940,56700,SUCCESS
A,alpha,941,65800,SUCCESS
A,alpha,942,28200,SUCCESS
A,alpha,943,82300,SUCCESS
A,alpha,944,67000,SUCCESS
A,alpha,945,96200,SUCCESS
A,alpha,946,81700,SUCCESS
A,alpha,947,66400,SUCCESS
A,alpha,948,51500,SUCCESS
A,alpha,949,55900,SUCCESS
A,alpha,950,37400,SUCCESS
A,alpha,951,95800,SUCCESS
A,alpha,952,105500,SUCCESS
A,alpha,953,98100,SUCCESS
A,alpha,954,88500,SUCCESS
A,alpha,955,26900,SUCCESS
A,alpha,956,29800,SUCCESS
A,alpha,957,32800,SUCCESS
A,alpha,958,16500,SUCCESS
A,alpha,959,74600,SUCCESS
A,alpha,960,55900,SUCCESS
A,alpha,961,46900,SUCCESS
A,alpha,962,118200,SUCCESS
A,alpha,963,133600,SUCCESS
A,alpha,964,157000,SUCCESS
A,alpha,965,171400,SUCCESS
A,alpha,966,188200,SUCCESS
A,alpha,967,204600,SUCCESS
A,alpha,968,216000,SUCCESS
A,alpha,969,80100,SUCCESS
A,alpha,970,97700,SUCCESS
A,alpha,971,124500,SUCCESS
A,alpha,972,140200,SUCCESS
A,alpha,973,133400,SUCCESS
A,alpha,974,129300,SUCCESS
A,alpha,975,129800,SUCCESS
A,alpha,976,64600,SUCCESS
A,alpha,977,59600,SUCCESS
A,alpha,978,49700,SUCCESS
A,alpha,979,45400,SUCCESS
A,alpha,980,87300,SUCCESS
A,alpha,981,68500,SUCCESS
A,alpha,982,123800,SUCCESS
A,alpha,983,134600,SUCCESS
A,alpha,984,102500,SUCCESS
A,alpha,985,69600,SUCCESS
A,alpha,986,40300,SUCCESS
A,alpha,987,49000,SUCCESS
A,alpha,988,32000,SUCCESS
A,alpha,989,31900,SUCCESS
A,alpha,990,40400,SUCCESS
A,alpha,991,11200,SUCCESS
A,alpha,992,30200,SUCCESS
A,alpha,993,15800,SUCCESS
A,alpha,994,64600,SUCCESS
A,alpha,995,34900,SUCCESS
A,alpha,996,37900,SUCCESS
A,alpha,997,49100,SUCCESS
A,alpha,998,28600,SUCCESS
A,alpha,999,73600,SUCCESS
A,beta,0,129900,SUCCESS
A,beta,1,91900,SUCCESS
A,beta,2,53300,SUCCESS
A,beta,3,38600,SUCCESS
A,beta,4,91900,SUCCESS
A,beta,5,74600,SUCCESS
A,beta,6,127700,SUCCESS
A,beta,7,52100,SUCCESS
A,beta,8,35000,SUCCESS
A,beta,9,64300,SUCCESS
A,beta,10,21100,SUCCESS
A,beta,11,32600,SUCCESS
A,beta,12,28000,SUCCESS
A,beta,13,44600,SUCCESS
A,beta,14,34000,SUCCESS
A,beta,15,30600,SUCCESS
A,beta,16,43700,SUCCESS
A,beta,17,27100,SUCCESS
A,beta,18,93300,SUCCESS
A,beta,19,59500,SUCCESS
A,beta,20,98600,SUCCESS
A,beta,21,62900,SUCCESS
A,beta,22,29400,SUCCESS
A,beta,23,33900,SUCCESS
A,beta,24,28300,SUCCESS
A,beta,25,38600,SUCCESS
A,beta,26,32500,SUCCESS
A,beta,27,36600,SUCCESS
A,beta,28,41700,SUCCESS
A,beta,29,46200,SUCCESS
A,beta,30,21900,SUCCESS
A,beta,31,28400,SUCCESS
A,beta,32,37000,SUCCESS
A,beta,33,46800,SUCCESS
A,beta,34,11600,SUCCESS
A,beta,35,17800,SUCCESS
A,beta,36,26300,SUCCESS
A,beta,37,39600,SUCCESS
A,beta,38,35200,SUCCESS
A,beta,39,29900,SUCCESS
A,beta,40,26900,SUCCESS
A,beta,41,13200,SUCCESS
A,beta,42,52700,SUCCESS
A,beta,43,36900,SUCCESS
A,beta,44,26900,SUCCESS
A,beta,45,57800,SUCCESS
A,beta,46,93400,SUCCESS
A,beta,47,103500,SUCCESS
A,beta,48,103000,SUCCESS
A,beta,49,91200,SUCCESS
A,beta,50,29400,SUCCESS
A,beta,51,30500,SUCCESS
A,beta,52,41400,SUCCESS
A,beta,53,29500,SUCCESS
A,beta,54,29700,SUCCESS
A,beta,55,20600,SUCCESS
A,beta,56,58800,SUCCESS
A,beta,57,76900,SUCCESS
A,beta,58,33900,SUCCESS
A,beta,59,33600,SUCCESS
A,beta,60,16600,SUCCESS
A,beta,61,29700,SUCCESS
A,beta,62,14100,SUCCESS
A,beta,63,77700,SUCCESS
A,beta,64,35300,SUCCESS
A,beta,65,33200,SUCCESS
A,beta,66,62800,SUCCESS
A,beta,67,96300,SUCCESS
A,beta,68,54600,SUCCESS
A,beta,69,75900,SUCCESS
A,beta,70,46100,SUCCESS
A,beta,71,24600,SUCCESS
A,beta,72,38500,SUCCESS
A,beta,73,24800,SUCCESS
A,beta,74,62300,SUCCESS
A,beta,75,23900,SUCCESS
A,beta,76,58700,SUCCESS
A,beta,77,68100,SUCCESS
A,beta,78,16400,SUCCESS
A,beta,79,30100,SUCCESS
A,beta,80,15000,SUCCESS
A,beta,81,69300,SUCCESS
A,beta,82,47600,SUCCESS
A,beta,83,92900,SUCCESS
A,beta,84,93400,SUCCESS
A,beta,85,58000,SUCCESS
A,beta,86,85200,SUCCESS
A,beta,87,105100,SUCCESS
A,beta,88,68700,SUCCESS
A,beta,89,87300,SUCCESS
A,beta,90,45600,SUCCESS
A,beta,91,36900,SUCCESS
A,beta,92,14400,SUCCESS
A,beta,93,55900,SUCCESS
A,beta,94,27200,SUCCESS
A,beta,95,26800,SUCCESS
A,beta,96,21500,SUCCESS
A,beta,97,29800,SUCCESS
A,beta,98,28200,SUCCESS
A,beta,99,54200,SUCCESS
A,beta,100,91600,SUCCESS
A,beta,101,70100,SUCCESS
A,beta,102,123400,SUCCESS
A,beta,103,64500,SUCCESS
A,beta,104,43700,SUCCESS
A,beta,105,55000,SUCCESS
A,beta,106,44600,SUCCESS
A,beta,107,38100,SUCCESS
A,beta,108,47100,SUCCESS
A,beta,109,50000,SUCCESS
A,beta,110,39500,SUCCESS
A,beta,111,20000,SUCCESS
A,beta,112,68400,SUCCESS
A,beta,113,52900,SUCCESS
A,beta,114,42100,SUCCESS
A,beta,115,17300,SUCCESS
A,beta,116,53500,SUCCESS
A,beta,117,58700,SUCCESS
A,beta,118,55800,SUCCESS
A,beta,119,19500,SUCCESS
A,beta,120,14600,SUCCESS
A,beta,121,81300,SUCCESS
A,beta,122,103200,SUCCESS
A,beta,123,81100,SUCCESS
A,beta,124,79600,SUCCESS
A,beta,125,18600,SUCCESS
A,beta,126,29900,SUCCESS
A,beta,127,26700,SUCCESS
A,beta,128,21400,SUCCESS
A,beta,129,38600,SUCCESS
A,beta,130,55500,SUCCESS
A,beta,131,19600,SUCCESS
A,beta,132,24600,SUCCESS
A,beta,133,45800,SUCCESS
A,beta,134,14500,SUCCESS
A,beta,135,77100,SUCCESS
A,beta,136,102000,SUCCESS
A,beta,137,115600,SUCCESS
A,beta,138,102700,SUCCESS
A,beta,139,26100,SUCCESS
A,beta,140,41100,SUCCESS
A,beta,141,37600,SUCCESS
A,beta,142,20900,SUCCESS
A,beta,143,55700,SUCCESS
A,beta,144,31800,SUCCESS
A,beta,145,37800,SUCCESS
A,beta,146,18800,SUCCESS
A,beta,147,48500,SUCCESS
A,beta,148,35300,SUCCESS
A,beta,149,45500,SUCCESS
A,beta,150,54300,SUCCESS
A,beta,151,46500,SUCCESS
A,beta,152,11400,SUCCESS
A,beta,153,23500,SUCCESS
A,beta,154,33500,SUCCESS
A,beta,155,14500,SUCCESS
A,beta,156,62200,SUCCESS
A,beta,157,76700,SUCCESS
A,beta,158,69100,SUCCESS
A,beta,159,99400,SUCCESS
A,beta,160,32800,SUCCESS
A,beta,161,12400,SUCCESS
A,beta,162,30700,SUCCESS
A,beta,163,27500,SUCCESS
A,beta,164,44700,SUCCESS
A,beta,165,30000,SUCCESS
A,beta,166,48000,SUCCESS
A,beta,167,67600,SUCCESS
A,beta,168,27100,SUCCESS
A,beta,169,17300,SUCCESS
A,beta,170,12600,SUCCESS
A,beta,171,16000,SUCCESS
A,beta,172,13000,SUCCESS
A,beta,173,35000,SUCCESS
A,beta,174,20500,SUCCESS
A,beta,175,74000,SUCCESS
A,beta,176,64200,SUCCESS
A,beta,177,22300,SUCCESS
A,beta,178,15400,SUCCESS
A,beta,179,10200,SUCCESS
A,beta,180,77900,SUCCESS
A,beta,181,62200,SUCCESS
A,beta,182,120600,SUCCESS
A,beta,183,122600,SUCCESS
A,beta,184,128000,SUCCESS
A,beta,185,70200,SUCCESS
A,beta,186,23900,SUCCESS
A,beta,187,16800,SUCCESS
A,beta,188,13400,SUCCESS
A,beta,189,22300,SUCCESS
A,beta,190,27300,SUCCESS
A,beta,191,33600,SUCCESS
A,beta,192,12200,SUCCESS
A,beta,193,55700,SUCCESS
A,beta,194,66000,SUCCESS
A,beta,195,18900,SUCCESS
A,beta,196,18600,SUCCESS
A,beta,197,19900,SUCCESS
A,beta,198,18600,SUCCESS
A,beta,199,18400,SUCCESS
A,beta,200,19500,SUCCESS
A,beta,201,18400,SUCCESS
A,beta,202,17400,SUCCESS
A,beta,203,18500,SUCCESS
A,beta,204,18200,SUCCESS
A,beta,205,18200,SUCCESS
A,beta,206,20100,SUCCESS
A,beta,207,18600,SUCCESS
A,beta,208,18500,SUCCESS
A,beta,209,19800,SUCCESS
A,beta,210,18100,SUCCESS
A,beta,211,17900,SUCCESS
A,beta,212,18100,SUCCESS
A,beta,213,18200,SUCCESS
A,beta,214,27100,SUCCESS
A,beta,215,23900,SUCCESS
A,beta,216,60500,SUCCESS
A,beta,217,65000,SUCCESS
A,beta,218,25000,SUCCESS
A,beta,219,18100,SUCCESS
A,beta,220,37600,SUCCESS
A,beta,221,42200,SUCCESS
A,beta,222,17800,SUCCESS
A,beta,223,18200,SUCCESS
A,beta,224,18800,SUCCESS
A,beta,225,18800,SUCCESS
A,beta,226,18200,SUCCESS
A,beta,227,20800,SUCCESS
A,beta,228,4800,SUCCESS
A,beta,229,19300,SUCCESS
A,beta,230,38600,SUCCESS
A,beta,231,24100,SUCCESS
A,beta,232,15900,SUCCESS
A,beta,233,18000,SUCCESS
A,beta,234,16000,SUCCESS
A,beta,235,13400,SUCCESS
A,beta,236,19800,SUCCESS
A,beta,237,15300,SUCCESS
A,beta,238,15600,SUCCESS
A,beta,239,15900,SUCCESS
A,beta,240,15700,SUCCESS
A,beta,241,15100,SUCCESS
A,beta,242,12700,SUCCESS
A,beta,243,18000,SUCCESS
A,beta,244,13200,SUCCESS
A,beta,245,12800,SUCCESS
A,beta,246,17900,SUCCESS
A,beta,247,16300,SUCCESS
A,beta,248,13100,SUCCESS
A,beta,249,12800,SUCCESS
A,beta,250,17800,SUCCESS
A,beta,251,13300,SUCCESS
A,beta,252,13000,SUCCESS
A,beta,253,18100,SUCCESS
A,beta,254,23700,SUCCESS
A,beta,255,14000,SUCCESS
A,beta,256,54500,SUCCESS
A,beta,257,70800,SUCCESS
A,beta,258,70800,SUCCESS
A,beta,259,73600,SUCCESS
A,beta,260,67900,SUCCESS
A,beta,261,70200,SUCCESS
A,beta,262,19900,SUCCESS
A,beta,263,21900,SUCCESS
A,beta,264,16300,SUCCESS
A,beta,265,10600,SUCCESS
A,beta,266,18400,SUCCESS
A,beta,267,37500,SUCCESS
A,beta,268,40400,SUCCESS
A,beta,269,18100,SUCCESS
A,beta,270,18700,SUCCESS
A,beta,271,4800,SUCCESS
A,beta,272,17900,SUCCESS
A,beta,273,36900,SUCCESS
A,beta,274,43300,SUCCESS
A,beta,275,18000,SUCCESS
A,beta,276,17400,SUCCESS
A,beta,277,30000,SUCCESS
A,beta,278,28600,SUCCESS
A,beta,279,18500,SUCCESS
A,beta,280,20800,SUCCESS
A,beta,281,16600,SUCCESS
A,beta,282,32000,SUCCESS
A,beta,283,17300,SUCCESS
A,beta,284,18400,SUCCESS
A,beta,285,17800,SUCCESS
A,beta,286,18700,SUCCESS
A,beta,287,18800,SUCCESS
A,beta,288,17500,SUCCESS
A,beta,289,30600,SUCCESS
A,beta,290,15800,SUCCESS
A,beta,291,18700,SUCCESS
A,beta,292,23000,SUCCESS
A,beta,293,42400,SUCCESS
A,beta,294,43300,SUCCESS
A,beta,295,72500,SUCCESS
A,beta,296,24800,SUCCESS
A,beta,297,21300,SUCCESS
A,beta,298,41500,SUCCESS
A,beta,299,52300,SUCCESS
A,beta,300,10000,SUCCESS
A,beta,301,25200,SUCCESS
A,beta,302,48100,SUCCESS
A,beta,303,25600,SUCCESS
A,beta,304,22500,SUCCESS
A,beta,305,37100,SUCCESS
A,beta,306,11900,SUCCESS
A,beta,307,25000,SUCCESS
A,beta,308,48700,SUCCESS
A,beta,309,24400,SUCCESS
A,beta,310,21300,SUCCESS
A,beta,311,36700,SUCCESS
A,beta,312,25200,SUCCESS
A,beta,313,25700,SUCCESS
A,beta,314,46700,SUCCESS
A,beta,315,34600,SUCCESS
A,beta,316,90100,SUCCESS
A,beta,317,85200,SUCCESS
A,beta,318,42100,SUCCESS
A,beta,319,22000,SUCCESS
A,beta,320,23900,SUCCESS
A,beta,321,24300,SUCCESS
A,beta,322,70300,SUCCESS
A,beta,323,35000,SUCCESS
A,beta,324,31700,SUCCESS
A,beta,325,21600,SUCCESS
A,beta,326,91400,SUCCESS
A,beta,327,75800,SUCCESS
A,beta,328,72800,SUCCESS
A,beta,329,74500,SUCCESS
A,beta,330,25400,SUCCESS
A,beta,331,26400,SUCCESS
A,beta,332,18600,SUCCESS
A,beta,333,45700,SUCCESS
A,beta,334,33100,SUCCESS
A,beta,335,7100,SUCCESS
A,beta,336,23100,SUCCESS
A,beta,337,16800,SUCCESS
A,beta,338,38600,SUCCESS
A,beta,339,7500,SUCCESS
A,beta,340,22700,SUCCESS
A,beta,341,11300,SUCCESS
A,beta,342,46800,SUCCESS
A,beta,343,23700,SUCCESS
A,beta,344,23300,SUCCESS
A,beta,345,24900,SUCCESS
A,beta,346,36600,SUCCESS
A,beta,347,22800,SUCCESS
A,beta,348,15100,SUCCESS
A,beta,349,45200,SUCCESS
A,beta,350,32600,SUCCESS
A,beta,351,11200,SUCCESS
A,beta,352,30500,SUCCESS
A,beta,353,13000,SUCCESS
A,beta,354,49700,SUCCESS
A,beta,355,52900,SUCCESS
A,beta,356,31200,SUCCESS
A,beta,357,65400,SUCCESS
A,beta,358,38600,SUCCESS
A,beta,359,31000,SUCCESS
A,beta,360,14800,SUCCESS
A,beta,361,40800,SUCCESS
A,beta,362,13100,SUCCESS
A,beta,363,29500,SUCCESS
A,beta,364,33600,SUCCESS
A,beta,365,11100,SUCCESS
A,beta,366,36800,SUCCESS
A,beta,367,55500,SUCCESS
A,beta,368,63800,SUCCESS
A,beta,369,56500,SUCCESS
A,beta,370,84400,SUCCESS
A,beta,371,22000,SUCCESS
A,beta,372,24600,SUCCESS
A,beta,373,19700,SUCCESS
A,beta,374,29500,SUCCESS
A,beta,375,22400,SUCCESS
A,beta,376,11200,SUCCESS
A,beta,377,23200,SUCCESS
A,beta,378,34800,SUCCESS
A,beta,379,35300,SUCCESS
A,beta,380,27000,SUCCESS
A,beta,381,21200,SUCCESS
A,beta,382,7700,SUCCESS
A,beta,383,22200,SUCCESS
A,beta,384,35300,SUCCESS
A,beta,385,16900,SUCCESS
A,beta,386,6000,SUCCESS
A,beta,387,20200,SUCCESS
A,beta,388,15800,SUCCESS
A,beta,389,32800,SUCCESS
A,beta,390,25300,SUCCESS
A,beta,391,23000,SUCCESS
A,beta,392,20400,SUCCESS
A,beta,393,15600,SUCCESS
A,beta,394,41300,SUCCESS
A,beta,395,42900,SUCCESS
A,beta,396,19500,SUCCESS
A,beta,397,19000,SUCCESS
A,beta,398,4900,SUCCESS
A,beta,399,19200,SUCCESS
A,beta,400,39000,SUCCESS
A,beta,401,45500,SUCCESS
A,beta,402,19400,SUCCESS
A,beta,403,20700,SUCCESS
A,beta,404,16500,SUCCESS
A,beta,405,4800,SUCCESS
A,beta,406,20200,SUCCESS
A,beta,407,16500,SUCCESS
A,beta,408,33000,SUCCESS
A,beta,409,21100,SUCCESS
A,beta,410,19500,SUCCESS
A,beta,411,20500,SUCCESS
A,beta,412,16600,SUCCESS
A,beta,413,4900,SUCCESS
A,beta,414,19000,SUCCESS
A,beta,415,47700,SUCCESS
A,beta,416,52400,SUCCESS
A,beta,417,19600,SUCCESS
A,beta,418,18800,SUCCESS
A,beta,419,17800,SUCCESS
A,beta,420,19400,SUCCESS
A,beta,421,19100,SUCCESS
A,beta,422,20000,SUCCESS
A,beta,423,19500,SUCCESS
A,beta,424,5100,SUCCESS
A,beta,425,19400,SUCCESS
A,beta,426,17000,SUCCESS
A,beta,427,4900,SUCCESS
A,beta,428,20100,SUCCESS
A,beta,429,14600,SUCCESS
A,beta,430,35900,SUCCESS
A,beta,431,19700,SUCCESS
A,beta,432,4900,SUCCESS
A,beta,433,19300,SUCCESS
A,beta,434,38800,SUCCESS
A,beta,435,44500,SUCCESS
A,beta,436,19300,SUCCESS
A,beta,437,20100,SUCCESS
A,beta,438,21000,SUCCESS
A,beta,439,20500,SUCCESS
A,beta,440,18400,SUCCESS
A,beta,441,19000,SUCCESS
A,beta,442,19800,SUCCESS
A,beta,443,21500,SUCCESS
A,beta,444,18900,SUCCESS
A,beta,445,19400,SUCCESS
A,beta,446,4600,SUCCESS
A,beta,447,19600,SUCCESS
A,beta,448,15000,SUCCESS
A,beta,449,26700,SUCCESS
A,beta,450,27200,SUCCESS
A,beta,451,17600,SUCCESS
A,beta,452,19300,SUCCESS
A,beta,453,20900,SUCCESS
A,beta,454,4900,SUCCESS
A,beta,455,19400,SUCCESS
A,beta,456,15100,SUCCESS
A,beta,457,35200,SUCCESS
A,beta,458,17300,SUCCESS
A,beta,459,4900,SUCCESS
A,beta,460,20400,SUCCESS
A,beta,461,15600,SUCCESS
A,beta,462,39900,SUCCESS
A,beta,463,43000,SUCCESS
A,beta,464,20000,SUCCESS
A,beta,465,22500,SUCCESS
A,beta,466,19700,SUCCESS
A,beta,467,18100,SUCCESS
A,beta,468,20200,SUCCESS
A,beta,469,23900,SUCCESS
A,beta,470,22100,SUCCESS
A,beta,471,19500,SUCCESS
A,beta,472,20000,SUCCESS
A,beta,473,23600,SUCCESS
A,beta,474,22900,SUCCESS
A,beta,475,17900,SUCCESS
A,beta,476,19700,SUCCESS
A,beta,477,23200,SUCCESS
A,beta,478,20100,SUCCESS
A,beta,479,18500,SUCCESS
A,beta,480,19500,SUCCESS
A,beta,481,22000,SUCCESS
A,beta,482,20200,SUCCESS
A,beta,483,20600,SUCCESS
A,beta,484,19700,SUCCESS
A,beta,485,28200,SUCCESS
A,beta,486,25300,SUCCESS
A,beta,487,17300,SUCCESS
A,beta,488,19900,SUCCESS
A,beta,489,24100,SUCCESS
A,beta,490,23900,SUCCESS
A,beta,491,19300,SUCCESS
A,beta,492,19900,SUCCESS
A,beta,493,22100,SUCCESS
A,beta,494,19800,SUCCESS
A,beta,495,16400,SUCCESS
A,beta,496,19800,SUCCESS
A,beta,497,24100,SUCCESS
A,beta,498,20600,SUCCESS
A,beta,499,16600,SUCCESS
A,beta,500,19700,SUCCESS
A,beta,501,22100,SUCCESS
A,beta,502,21900,SUCCESS
A,beta,503,20100,SUCCESS
A,beta,504,19900,SUCCESS
A,beta,505,23000,SUCCESS
A,beta,506,19900,SUCCESS
A,beta,507,17100,SUCCESS
A,beta,508,20400,SUCCESS
A,beta,509,21200,SUCCESS
A,beta,510,18000,SUCCESS
A,beta,511,16800,SUCCESS
A,beta,512,19600,SUCCESS
A,beta,513,23700,SUCCESS
A,beta,514,19600,SUCCESS
A,beta,515,17000,SUCCESS
A,beta,516,19400,SUCCESS
A,beta,517,23500,SUCCESS
A,beta,518,18900,SUCCESS
A,beta,519,17900,SUCCESS
A,beta,520,19600,SUCCESS
A,beta,521,22700,SUCCESS
A,beta,522,22400,SUCCESS
A,beta,523,18700,SUCCESS
A,beta,524,20600,SUCCESS
A,beta,525,21700,SUCCESS
A,beta,526,20900,SUCCESS
A,beta,527,9600,SUCCESS
A,beta,528,19600,SUCCESS
A,beta,529,14600,SUCCESS
A,beta,530,32900,SUCCESS
A,beta,531,19000,SUCCESS
A,beta,532,19800,SUCCESS
A,beta,533,22000,SUCCESS
A,beta,534,5600,SUCCESS
A,beta,535,20500,SUCCESS
A,beta,536,15800,SUCCESS
A,beta,537,33400,SUCCESS
A,beta,538,16600,SUCCESS
A,beta,539,4900,SUCCESS
A,beta,540,19300,SUCCESS
A,beta,541,14600,SUCCESS
A,beta,542,39600,SUCCESS
A,beta,543,41600,SUCCESS
A,beta,544,20000,SUCCESS
A,beta,545,20700,SUCCESS
A,beta,546,19200,SUCCESS
A,beta,547,10200,SUCCESS
A,beta,548,19400,SUCCESS
A,beta,549,14600,SUCCESS
A,beta,550,40600,SUCCESS
A,beta,551,41200,SUCCESS
A,beta,552,19500,SUCCESS
A,beta,553,18400,SUCCESS
A,beta,554,4900,SUCCESS
A,beta,555,19400,SUCCESS
A,beta,556,14600,SUCCESS
A,beta,557,36600,SUCCESS
A,beta,558,16400,SUCCESS
A,beta,559,4900,SUCCESS
A,beta,560,20100,SUCCESS
A,beta,561,15800,SUCCESS
A,beta,562,39100,SUCCESS
A,beta,563,40300,SUCCESS
A,beta,564,19700,SUCCESS
A,beta,565,20300,SUCCESS
A,beta,566,17600,SUCCESS
A,beta,567,17000,SUCCESS
A,beta,568,19800,SUCCESS
A,beta,569,21400,SUCCESS
A,beta,570,17900,SUCCESS
A,beta,571,18200,SUCCESS
A,beta,572,20200,SUCCESS
A,beta,573,22700,SUCCESS
A,beta,574,19300,SUCCESS
A,beta,575,18600,SUCCESS
A,beta,576,19500,SUCCESS
A,beta,577,22900,SUCCESS
A,beta,578,20700,SUCCESS
A,beta,579,16500,SUCCESS
A,beta,580,19500,SUCCESS
A,beta,581,21000,SUCCESS
A,beta,582,19100,SUCCESS
A,beta,583,9100,SUCCESS
A,beta,584,19300,SUCCESS
A,beta,585,22700,SUCCESS
A,beta,586,45400,SUCCESS
A,beta,587,44000,SUCCESS
A,beta,588,19800,SUCCESS
A,beta,589,22000,SUCCESS
A,beta,590,4800,SUCCESS
A,beta,591,19500,SUCCESS
A,beta,592,15400,SUCCESS
A,beta,593,34200,SUCCESS
A,beta,594,15700,SUCCESS
A,beta,595,4900,SUCCESS
A,beta,596,19200,SUCCESS
A,beta,597,14500,SUCCESS
A,beta,598,42000,SUCCESS
A,beta,599,42400,SUCCESS
A,beta,600,19600,SUCCESS
A,beta,601,23200,SUCCESS
A,beta,602,20100,SUCCESS
A,beta,603,10300,SUCCESS
A,beta,604,19300,SUCCESS
A,beta,605,38300,SUCCESS
A,beta,606,43200,SUCCESS
A,beta,607,19400,SUCCESS
A,beta,608,22200,SUCCESS
A,beta,609,4900,SUCCESS
A,beta,610,19200,SUCCESS
A,beta,611,14500,SUCCESS
A,beta,612,33800,SUCCESS
A,beta,613,19100,SUCCESS
A,beta,614,19500,SUCCESS
A,beta,615,22700,SUCCESS
A,beta,616,17400,SUCCESS
A,beta,617,4800,SUCCESS
A,beta,618,82600,SUCCESS
A,beta,619,81000,SUCCESS
A,beta,620,122300,SUCCESS
A,beta,621,119300,SUCCESS
A,beta,622,122000,SUCCESS
A,beta,623,108800,SUCCESS
A,beta,624,52500,SUCCESS
A,beta,625,52200,SUCCESS
A,beta,626,12000,SUCCESS
A,beta,627,8900,SUCCESS
A,beta,628,4500,SUCCESS
A,beta,629,12800,SUCCESS
A,beta,630,13600,SUCCESS
A,beta,631,8700,SUCCESS
A,beta,632,8600,SUCCESS
A,beta,633,9900,SUCCESS
A,beta,634,8600,SUCCESS
A,beta,635,8600,SUCCESS
A,beta,636,9600,SUCCESS
A,beta,637,8600,SUCCESS
A,beta,638,8300,SUCCESS
A,beta,639,9700,SUCCESS
A,beta,640,8700,SUCCESS
A,beta,641,8700,SUCCESS
A,beta,642,10400,SUCCESS
A,beta,643,8700,SUCCESS
A,beta,644,8900,SUCCESS
A,beta,645,9800,SUCCESS
A,beta,646,8500,SUCCESS
A,beta,647,8600,SUCCESS
A,beta,648,9500,SUCCESS
A,beta,649,8500,SUCCESS
A,beta,650,8600,SUCCESS
A,beta,651,8800,SUCCESS
A,beta,652,8700,SUCCESS
A,beta,653,8600,SUCCESS
A,beta,654,8900,SUCCESS
A,beta,655,8800,SUCCESS
A,beta,656,8600,SUCCESS
A,beta,657,8800,SUCCESS
A,beta,658,8700,SUCCESS
A,beta,659,8700,SUCCESS
A,beta,660,8800,SUCCESS
A,beta,661,8600,SUCCESS
A,beta,662,8600,SUCCESS
A,beta,663,9000,SUCCESS
A,beta,664,8700,SUCCESS
A,beta,665,23900,SUCCESS
A,beta,666,19600,SUCCESS
A,beta,667,45900,SUCCESS
A,beta,668,47200,SUCCESS
A,beta,669,20000,SUCCESS
A,beta,670,22200,SUCCESS
A,beta,671,20300,SUCCESS
A,beta,672,10800,SUCCESS
A,beta,673,19200,SUCCESS
A,beta,674,39700,SUCCESS
A,beta,675,44100,SUCCESS
A,beta,676,19500,SUCCESS
A,beta,677,20300,SUCCESS
A,beta,678,4900,SUCCESS
A,beta,679,19100,SUCCESS
A,beta,680,37700,SUCCESS
A,beta,681,39800,SUCCESS
A,beta,682,8700,SUCCESS
A,beta,683,19100,SUCCESS
A,beta,684,36300,SUCCESS
A,beta,685,40200,SUCCESS
A,beta,686,19400,SUCCESS
A,beta,687,28400,SUCCESS
A,beta,688,5700,SUCCESS
A,beta,689,19400,SUCCESS
A,beta,690,40800,SUCCESS
A,beta,691,40500,SUCCESS
A,beta,692,19500,SUCCESS
A,beta,693,39500,SUCCESS
A,beta,694,40300,SUCCESS
A,beta,695,19300,SUCCESS
A,beta,696,19100,SUCCESS
A,beta,697,17800,SUCCESS
A,beta,698,19400,SUCCESS
A,beta,699,20100,SUCCESS
A,beta,700,14700,SUCCESS
A,beta,701,6600,SUCCESS
A,beta,702,20300,SUCCESS
A,beta,703,16200,SUCCESS
A,beta,704,30600,SUCCESS
A,beta,705,16800,SUCCESS
A,beta,706,19800,SUCCESS
A,beta,707,21300,SUCCESS
A,beta,708,16600,SUCCESS
A,beta,709,4800,SUCCESS
A,beta,710,20200,SUCCESS
A,beta,711,15400,SUCCESS
A,beta,712,31800,SUCCESS
A,beta,713,18700,SUCCESS
A,beta,714,19600,SUCCESS
A,beta,715,20100,SUCCESS
A,beta,716,14800,SUCCESS
A,beta,717,6500,SUCCESS
A,beta,718,19900,SUCCESS
A,beta,719,15800,SUCCESS
A,beta,720,29200,SUCCESS
A,beta,721,10700,SUCCESS
A,beta,722,19300,SUCCESS
A,beta,723,35800,SUCCESS
A,beta,724,17400,SUCCESS
A,beta,725,5800,SUCCESS
A,beta,726,20100,SUCCESS
A,beta,727,16100,SUCCESS
A,beta,728,31300,SUCCESS
A,beta,729,15100,SUCCESS
A,beta,730,4900,SUCCESS
A,beta,731,19300,SUCCESS
A,beta,732,37400,SUCCESS
A,beta,733,41900,SUCCESS
A,beta,734,19600,SUCCESS
A,beta,735,20400,SUCCESS
A,beta,736,15800,SUCCESS
A,beta,737,8200,SUCCESS
A,beta,738,19400,SUCCESS
A,beta,739,19700,SUCCESS
A,beta,740,35000,SUCCESS
A,beta,741,15500,SUCCESS
A,beta,742,19100,SUCCESS
A,beta,743,19600,SUCCESS
A,beta,744,19200,SUCCESS
A,beta,745,14900,SUCCESS
A,beta,746,8200,SUCCESS
A,beta,747,19800,SUCCESS
A,beta,748,15200,SUCCESS
A,beta,749,31300,SUCCESS
A,beta,750,28400,SUCCESS
A,beta,751,19500,SUCCESS
A,beta,752,19500,SUCCESS
A,beta,753,4900,SUCCESS
A,beta,754,20300,SUCCESS
A,beta,755,5600,SUCCESS
A,beta,756,19300,SUCCESS
A,beta,757,36600,SUCCESS
A,beta,758,40800,SUCCESS
A,beta,759,20000,SUCCESS
A,beta,760,19800,SUCCESS
A,beta,761,19700,SUCCESS
A,beta,762,19400,SUCCESS
A,beta,763,20200,SUCCESS
A,beta,764,15000,SUCCESS
A,beta,765,7900,SUCCESS
A,beta,766,19300,SUCCESS
A,beta,767,37000,SUCCESS
A,beta,768,40300,SUCCESS
A,beta,769,20200,SUCCESS
A,beta,770,22200,SUCCESS
A,beta,771,4900,SUCCESS
A,beta,772,19400,SUCCESS
A,beta,773,38900,SUCCESS
A,beta,774,39700,SUCCESS
A,beta,775,6300,SUCCESS
A,beta,776,19200,SUCCESS
A,beta,777,36100,SUCCESS
A,beta,778,39200,SUCCESS
A,beta,779,19600,SUCCESS
A,beta,780,19700,SUCCESS
A,beta,781,4700,SUCCESS
A,beta,782,20400,SUCCESS
A,beta,783,16400,SUCCESS
A,beta,784,29600,SUCCESS
A,beta,785,10700,SUCCESS
A,beta,786,19400,SUCCESS
A,beta,787,35900,SUCCESS
A,beta,788,82900,SUCCESS
A,beta,789,80700,SUCCESS
A,beta,790,131900,SUCCESS
A,beta,791,134100,SUCCESS
A,beta,792,139400,SUCCESS
A,beta,793,146700,SUCCESS
A,beta,794,145000,SUCCESS
A,beta,795,76500,SUCCESS
A,beta,796,34300,SUCCESS
A,beta,797,43000,SUCCESS
A,beta,798,68400,SUCCESS
A,beta,799,30500,SUCCESS
A,beta,800,76300,SUCCESS
A,beta,801,35100,SUCCESS
A,beta,802,36800,SUCCESS
A,beta,803,24800,SUCCESS
A,beta,804,37300,SUCCESS
A,beta,805,31600,SUCCESS
A,beta,806,34500,SUCCESS
A,beta,807,33900,SUCCESS
A,beta,808,36100,SUCCESS
A,beta,809,51800,SUCCESS
A,beta,810,46600,SUCCESS
A,beta,811,74500,SUCCESS
A,beta,812,57300,SUCCESS
A,beta,813,52700,SUCCESS
A,beta,814,32200,SUCCESS
A,beta,815,33800,SUCCESS
A,beta,816,20200,SUCCESS
A,beta,817,58400,SUCCESS
A,beta,818,37200,SUCCESS
A,beta,819,75100,SUCCESS
A,beta,820,70700,SUCCESS
A,beta,821,50100,SUCCESS
A,beta,822,83500,SUCCESS
A,beta,823,38300,SUCCESS
A,beta,824,43100,SUCCESS
A,beta,825,49500,SUCCESS
A,beta,826,55500,SUCCESS
A,beta,827,17100,SUCCESS
A,beta,828,31400,SUCCESS
A,beta,829,33300,SUCCESS
A,beta,830,26500,SUCCESS
A,beta,831,29400,SUCCESS
A,beta,832,31600,SUCCESS
A,beta,833,11000,SUCCESS
A,beta,834,13400,SUCCESS
A,beta,835,88100,SUCCESS
A,beta,836,74400,SUCCESS
A,beta,837,124800,SUCCESS
A,beta,838,129300,SUCCESS
A,beta,839,42700,SUCCESS
A,beta,840,77600,SUCCESS
A,beta,841,88400,SUCCESS
A,beta,842,69600,SUCCESS
A,beta,843,136500,SUCCESS
A,beta,844,134700,SUCCESS
A,beta,845,123800,SUCCESS
A,beta,846,77000,SUCCESS
A,beta,847,71400,SUCCESS
A,beta,848,19200,SUCCESS
A,beta,849,34400,SUCCESS
A,beta,850,45400,SUCCESS
A,beta,851,52500,SUCCESS
A,beta,852,44300,SUCCESS
A,beta,853,45400,SUCCESS
A,beta,854,31700,SUCCESS
A,beta,855,22800,SUCCESS
A,beta,856,9300,SUCCESS
A,beta,857,21600,SUCCESS
A,beta,858,33100,SUCCESS
A,beta,859,28300,SUCCESS
A,beta,860,23600,SUCCESS
A,beta,861,15700,SUCCESS
A,beta,862,6500,SUCCESS
A,beta,863,21900,SUCCESS
A,beta,864,42300,SUCCESS
A,beta,865,36400,SUCCESS
A,beta,866,22200,SUCCESS
A,beta,867,39200,SUCCESS
A,beta,868,38800,SUCCESS
A,beta,869,21600,SUCCESS
A,beta,870,35000,SUCCESS
A,beta,871,47500,SUCCESS
A,beta,872,58100,SUCCESS
A,beta,873,21100,SUCCESS
A,beta,874,7700,SUCCESS
A,beta,875,21500,SUCCESS
A,beta,876,33000,SUCCESS
A,beta,877,12900,SUCCESS
A,beta,878,21300,SUCCESS
A,beta,879,31500,SUCCESS
A,beta,880,25300,SUCCESS
A,beta,881,89200,SUCCESS
A,beta,882,32300,SUCCESS
A,beta,883,40400,SUCCESS
A,beta,884,43400,SUCCESS
A,beta,885,35300,SUCCESS
A,beta,886,43300,SUCCESS
A,beta,887,57500,SUCCESS
A,beta,888,36100,SUCCESS
A,beta,889,26900,SUCCESS
A,beta,890,78200,SUCCESS
A,beta,891,83200,SUCCESS
A,beta,892,98400,SUCCESS
A,beta,893,129500,SUCCESS
A,beta,894,27900,SUCCESS
A,beta,895,19400,SUCCESS
A,beta,896,37000,SUCCESS
A,beta,897,15200,SUCCESS
A,beta,898,39900,SUCCESS
A,beta,899,40100,SUCCESS
A,beta,900,20900,SUCCESS
A,beta,901,56500,SUCCESS
A,beta,902,48200,SUCCESS
A,beta,903,76500,SUCCESS
A,beta,904,62000,SUCCESS
A,beta,905,38100,SUCCESS
A,beta,906,15400,SUCCESS
A,beta,907,50500,SUCCESS
A,beta,908,56900,SUCCESS
A,beta,909,45500,SUCCESS
A,beta,910,36000,SUCCESS
A,beta,911,45800,SUCCESS
A,beta,912,37100,SUCCESS
A,beta,913,60200,SUCCESS
A,beta,914,71700,SUCCESS
A,beta,915,79300,SUCCESS
A,beta,916,36100,SUCCESS
A,beta,917,29400,SUCCESS
A,beta,918,10300,SUCCESS
A,beta,919,21000,SUCCESS
A,beta,920,13400,SUCCESS
A,beta,921,17700,SUCCESS
A,beta,922,23300,SUCCESS
A,beta,923,13400,SUCCESS
A,beta,924,25100,SUCCESS
A,beta,925,6100,SUCCESS
A,beta,926,21100,SUCCESS
A,beta,927,69600,SUCCESS
A,beta,928,94000,SUCCESS
A,beta,929,97600,SUCCESS
A,beta,930,70100,SUCCESS
A,beta,931,64900,SUCCESS
A,beta,932,40900,SUCCESS
A,beta,933,35000,SUCCESS
A,beta,934,16400,SUCCESS
A,beta,935,51600,SUCCESS
A,beta,936,36100,SUCCESS
A,beta,937,13000,SUCCESS
A,beta,938,47000,SUCCESS
A,beta,939,75400,SUCCESS
A,beta,940,58000,SUCCESS
A,beta,941,109100,SUCCESS
A,beta,942,117600,SUCCESS
A,beta,943,142600,SUCCESS
A,beta,944,154200,SUCCESS
A,beta,945,122400,SUCCESS
A,beta,946,27400,SUCCESS
A,beta,947,16500,SUCCESS
A,beta,948,24900,SUCCESS
A,beta,949,13400,SUCCESS
A,beta,950,44200,SUCCESS
A,beta,951,60000,SUCCESS
A,beta,952,67900,SUCCESS
A,beta,953,61100,SUCCESS
A,beta,954,35200,SUCCESS
A,beta,955,42900,SUCCESS
A,beta,956,34200,SUCCESS
A,beta,957,56500,SUCCESS
A,beta,958,44100,SUCCESS
A,beta,959,32400,SUCCESS
A,beta,960,40200,SUCCESS
A,beta,961,18100,SUCCESS
A,beta,962,35500,SUCCESS
A,beta,963,15200,SUCCESS
A,beta,964,53900,SUCCESS
A,beta,965,46500,SUCCESS
A,beta,966,70600,SUCCESS
A,beta,967,83900,SUCCESS
A,beta,968,33400,SUCCESS
A,beta,969,13800,SUCCESS
A,beta,970,37200,SUCCESS
A,beta,971,38700,SUCCESS
A,beta,972,19700,SUCCESS
A,beta,973,50900,SUCCESS
A,beta,974,51600,SUCCESS
A,beta,975,55900,SUCCESS
A,beta,976,65800,SUCCESS
A,beta,977,74900,SUCCESS
A,beta,978,86100,SUCCESS
A,beta,979,39500,SUCCESS
A,beta,980,29200,SUCCESS
A,beta,981,34700,SUCCESS
A,beta,982,17400,SUCCESS
A,beta,983,32500,SUCCESS
A,beta,984,48900,SUCCESS
A,beta,985,57400,SUCCESS
A,beta,986,65700,SUCCESS
A,beta,987,26800,SUCCESS
A,beta,988,11300,SUCCESS
A,beta,989,27800,SUCCESS
A,beta,990,10300,SUCCESS
A,beta,991,31600,SUCCESS
A,beta,992,34200,SUCCESS
A,beta,993,34900,SUCCESS
A,beta,994,14400,SUCCESS
A,beta,995,11000,SUCCESS
A,beta,996,36800,SUCCESS
A,beta,997,20400,SUCCESS
A,beta,998,51900,SUCCESS
A,beta,999,38300,SUCCESS
A,gamma,0,33800,SUCCESS
A,gamma,1,41600,SUCCESS
A,gamma,2,32700,SUCCESS
A,gamma,3,11000,SUCCESS
A,gamma,4,30100,SUCCESS
A,gamma,5,10300,SUCCESS
A,gamma,6,42300,SUCCESS
A,gamma,7,20400,SUCCESS
A,gamma,8,10400,SUCCESS
A,gamma,9,40600,SUCCESS
A,gamma,10,36300,SUCCESS
A,gamma,11,19500,SUCCESS
A,gamma,12,41800,SUCCESS
A,gamma,13,32600,SUCCESS
A,gamma,14,18600,SUCCESS
A,gamma,15,47300,SUCCESS
A,gamma,16,29100,SUCCESS
A,gamma,17,11800,SUCCESS
A,gamma,18,69500,SUCCESS
A,gamma,19,78100,SUCCESS
A,gamma,20,60400,SUCCESS
A,gamma,21,95500,SUCCESS
A,gamma,22,96400,SUCCESS
A,gamma,23,47800,SUCCESS
A,gamma,24,45000,SUCCESS
A,gamma,25,35000,SUCCESS
A,gamma,26,19200,SUCCESS
A,gamma,27,62500,SUCCESS
A,gamma,28,25400,SUCCESS
A,gamma,29,10700,SUCCESS
A,gamma,30,17900,SUCCESS
A,gamma,31,19300,SUCCESS
A,gamma,32,13100,SUCCESS
A,gamma,33,83500,SUCCESS
A,gamma,34,66400,SUCCESS
A,gamma,35,85200,SUCCESS
A,gamma,36,85700,SUCCESS
A,gamma,37,77200,SUCCESS
A,gamma,38,78700,SUCCESS
A,gamma,39,60400,SUCCESS
A,gamma,40,107600,SUCCESS
A,gamma,41,114500,SUCCESS
A,gamma,42,106700,SUCCESS
A,gamma,43,129200,SUCCESS
A,gamma,44,109200,SUCCESS
A,gamma,45,29100,SUCCESS
A,gamma,46,25100,SUCCESS
A,gamma,47,10200,SUCCESS
A,gamma,48,16200,SUCCESS
A,gamma,49,54000,SUCCESS
A,gamma,50,59100,SUCCESS
A,gamma,51,22100,SUCCESS
A,gamma,52,28400,SUCCESS
A,gamma,53,20200,SUCCESS
A,gamma,54,51400,SUCCESS
A,gamma,55,27300,SUCCESS
A,gamma,56,25900,SUCCESS
A,gamma,57,28300,SUCCESS
A,gamma,58,19400,SUCCESS
A,gamma,59,13200,SUCCESS
A,gamma,60,42300,SUCCESS
A,gamma,61,27700,SUCCESS
A,gamma,62,67000,SUCCESS
A,gamma,63,29900,SUCCESS
A,gamma,64,37100,SUCCESS
A,gamma,65,21300,SUCCESS
A,gamma,66,66400,SUCCESS
A,gamma,67,74700,SUCCESS
A,gamma,68,37800,SUCCESS
A,gamma,69,30400,SUCCESS
A,gamma,70,26400,SUCCESS
A,gamma,71,48100,SUCCESS
A,gamma,72,31700,SUCCESS
A,gamma,73,41200,SUCCESS
A,gamma,74,49500,SUCCESS
A,gamma,75,30300,SUCCESS
A,gamma,76,26100,SUCCESS
A,gamma,77,24100,SUCCESS
A,gamma,78,27400,SUCCESS
A,gamma,79,11200,SUCCESS
A,gamma,80,30000,SUCCESS
A,gamma,81,29300,SUCCESS
A,gamma,82,85400,SUCCESS
A,gamma,83,52100,SUCCESS
A,gamma,84,15700,SUCCESS
A,gamma,85,31800,SUCCESS
A,gamma,86,38600,SUCCESS
A,gamma,87,24000,SUCCESS
A,gamma,88,28800,SUCCESS
A,gamma,89,40100,SUCCESS
A,gamma,90,40300,SUCCESS
A,gamma,91,21700,SUCCESS
A,gamma,92,62400,SUCCESS
A,gamma,93,36300,SUCCESS
A,gamma,94,38900,SUCCESS
A,gamma,95,15200,SUCCESS
A,gamma,96,8000,SUCCESS
A,gamma,97,33400,SUCCESS
A,gamma,98,59600,SUCCESS
A,gamma,99,55000,SUCCESS
A,gamma,100,57500,SUCCESS
A,gamma,101,35200,SUCCESS
A,gamma,102,36000,SUCCESS
A,gamma,103,31200,SUCCESS
A,gamma,104,49200,SUCCESS
A,gamma,105,57300,SUCCESS
A,gamma,106,31800,SUCCESS
A,gamma,107,16500,SUCCESS
A,gamma,108,56700,SUCCESS
A,gamma,109,13200,SUCCESS
A,gamma,110,32700,SUCCESS
A,gamma,111,46700,SUCCESS
A,gamma,112,55100,SUCCESS
A,gamma,113,12400,SUCCESS
A,gamma,114,28700,SUCCESS
A,gamma,115,10500,SUCCESS
A,gamma,116,60100,SUCCESS
A,gamma,117,21200,SUCCESS
A,gamma,118,33100,SUCCESS
A,gamma,119,24500,SUCCESS
A,gamma,120,10000,SUCCESS
A,gamma,121,21200,SUCCESS
A,gamma,122,20000,SUCCESS
A,gamma,123,19100,SUCCESS
A,gamma,124,10300,SUCCESS
A,gamma,125,25800,SUCCESS
A,gamma,126,52500,SUCCESS
A,gamma,127,19000,SUCCESS
A,gamma,128,23500,SUCCESS
A,gamma,129,26300,SUCCESS
A,gamma,130,10500,SUCCESS
A,gamma,131,15000,SUCCESS
A,gamma,132,93300,SUCCESS
A,gamma,133,73500,SUCCESS
A,gamma,134,124500,SUCCESS
A,gamma,135,125600,SUCCESS
A,gamma,136,93600,SUCCESS
A,gamma,137,20500,SUCCESS
A,gamma,138,26000,SUCCESS
A,gamma,139,18500,SUCCESS
A,gamma,140,25500,SUCCESS
A,gamma,141,20600,SUCCESS
A,gamma,142,18900,SUCCESS
A,gamma,143,33200,SUCCESS
A,gamma,144,35600,SUCCESS
A,gamma,145,15000,SUCCESS
A,gamma,146,51300,SUCCESS
A,gamma,147,36700,SUCCESS
A,gamma,148,41800,SUCCESS
A,gamma,149,62300,SUCCESS
A,gamma,150,29200,SUCCESS
A,gamma,151,44900,SUCCESS
A,gamma,152,43400,SUCCESS
A,gamma,153,60800,SUCCESS
A,gamma,154,69800,SUCCESS
A,gamma,155,35800,SUCCESS
A,gamma,156,19700,SUCCESS
A,gamma,157,31900,SUCCESS
A,gamma,158,33800,SUCCESS
A,gamma,159,10700,SUCCESS
A,gamma,160,34400,SUCCESS
A,gamma,161,36400,SUCCESS
A,gamma,162,33900,SUCCESS
A,gamma,163,15900,SUCCESS
A,gamma,164,55500,SUCCESS
A,gamma,165,21600,SUCCESS
A,gamma,166,72200,SUCCESS
A,gamma,167,55500,SUCCESS
A,gamma,168,46700,SUCCESS
A,gamma,169,70300,SUCCESS
A,gamma,170,70700,SUCCESS
A,gamma,171,86300,SUCCESS
A,gamma,172,26200,SUCCESS
A,gamma,173,21600,SUCCESS
A,gamma,174,10600,SUCCESS
A,gamma,175,36600,SUCCESS
A,gamma,176,25100,SUCCESS
A,gamma,177,64700,SUCCESS
A,gamma,178,48600,SUCCESS
A,gamma,179,83700,SUCCESS
A,gamma,180,97400,SUCCESS
A,gamma,181,6300,SUCCESS
A,gamma,182,33100,SUCCESS
A,gamma,183,30300,SUCCESS
A,gamma,184,15600,SUCCESS
A,gamma,185,25300,SUCCESS
A,gamma,186,32200,SUCCESS
A,gamma,187,11700,SUCCESS
A,gamma,188,46500,SUCCESS
A,gamma,189,65900,SUCCESS
A,gamma,190,67800,SUCCESS
A,gamma,191,74000,SUCCESS
A,gamma,192,59000,SUCCESS
A,gamma,193,44300,SUCCESS
A,gamma,194,61900,SUCCESS
A,gamma,195,78800,SUCCESS
A,gamma,196,98400,SUCCESS
A,gamma,197,17400,SUCCESS
A,gamma,198,11800,SUCCESS
A,gamma,199,5700,SUCCESS
A,gamma,200,66500,SUCCESS
A,gamma,201,24100,SUCCESS
A,gamma,202,10200,SUCCESS
A,gamma,203,19900,SUCCESS
A,gamma,204,96600,SUCCESS
A,gamma,205,38000,SUCCESS
A,gamma,206,49300,SUCCESS
A,gamma,207,45000,SUCCESS
A,gamma,208,29700,SUCCESS
A,gamma,209,55200,SUCCESS
A,gamma,210,10600,SUCCESS
A,gamma,211,39600,SUCCESS
A,gamma,212,22100,SUCCESS
A,gamma,213,73400,SUCCESS
A,gamma,214,62400,SUCCESS
A,gamma,215,82500,SUCCESS
A,gamma,216,62300,SUCCESS
A,gamma,217,91700,SUCCESS
A,gamma,218,99200,SUCCESS
A,gamma,219,99800,SUCCESS
A,gamma,220,33700,SUCCESS
A,gamma,221,11600,SUCCESS
A,gamma,222,43200,SUCCESS
A,gamma,223,57500,SUCCESS
A,gamma,224,45400,SUCCESS
A,gamma,225,11100,SUCCESS
A,gamma,226,33400,SUCCESS
A,gamma,227,29500,SUCCESS
A,gamma,228,10700,SUCCESS
A,gamma,229,23800,SUCCESS
A,gamma,230,10300,SUCCESS
A,gamma,231,21500,SUCCESS
A,gamma,232,10300,SUCCESS
A,gamma,233,71100,SUCCESS
A,gamma,234,58300,SUCCESS
A,gamma,235,109700,SUCCESS
A,gamma,236,100900,SUCCESS
A,gamma,237,114400,SUCCESS
A,gamma,238,123100,SUCCESS
A,gamma,239,114400,SUCCESS
A,gamma,240,164200,SUCCESS
A,gamma,241,179600,SUCCESS
A,gamma,242,183800,SUCCESS
A,gamma,243,31300,SUCCESS
A,gamma,244,18100,SUCCESS
A,gamma,245,11000,SUCCESS
A,gamma,246,68000,SUCCESS
A,gamma,247,64400,SUCCESS
A,gamma,248,56200,SUCCESS
A,gamma,249,54200,SUCCESS
A,gamma,250,66600,SUCCESS
A,gamma,251,49200,SUCCESS
A,gamma,252,95200,SUCCESS
A,gamma,253,87300,SUCCESS
A,gamma,254,61500,SUCCESS
A,gamma,255,44100,SUCCESS
A,gamma,256,25300,SUCCESS
A,gamma,257,35900,SUCCESS
A,gamma,258,17400,SUCCESS
A,gamma,259,12600,SUCCESS
A,gamma,260,32700,SUCCESS
A,gamma,261,16300,SUCCESS
A,gamma,262,50400,SUCCESS
A,gamma,263,36800,SUCCESS
A,gamma,264,87900,SUCCESS
A,gamma,265,92300,SUCCESS
A,gamma,266,79500,SUCCESS
A,gamma,267,33500,SUCCESS
A,gamma,268,36300,SUCCESS
A,gamma,269,37700,SUCCESS
A,gamma,270,20300,SUCCESS
A,gamma,271,41700,SUCCESS
A,gamma,272,21900,SUCCESS
A,gamma,273,85500,SUCCESS
A,gamma,274,79100,SUCCESS
A,gamma,275,36500,SUCCESS
A,gamma,276,24500,SUCCESS
A,gamma,277,76300,SUCCESS
A,gamma,278,67100,SUCCESS
A,gamma,279,101500,SUCCESS
A,gamma,280,108200,SUCCESS
A,gamma,281,109400,SUCCESS
A,gamma,282,29200,SUCCESS
A,gamma,283,22000,SUCCESS
A,gamma,284,82100,SUCCESS
A,gamma,285,75700,SUCCESS
A,gamma,286,73300,SUCCESS
A,gamma,287,93300,SUCCESS
A,gamma,288,83100,SUCCESS
A,gamma,289,82200,SUCCESS
A,gamma,290,64500,SUCCESS
A,gamma,291,56200,SUCCESS
A,gamma,292,38800,SUCCESS
A,gamma,293,43600,SUCCESS
A,gamma,294,37900,SUCCESS
A,gamma,295,55600,SUCCESS
A,gamma,296,38900,SUCCESS
A,gamma,297,33800,SUCCESS
A,gamma,298,45500,SUCCESS
A,gamma,299,13300,SUCCESS
A,gamma,300,59900,SUCCESS
A,gamma,301,41300,SUCCESS
A,gamma,302,30200,SUCCESS
A,gamma,303,30900,SUCCESS
A,gamma,304,15700,SUCCESS
A,gamma,305,33100,SUCCESS
A,gamma,306,34200,SUCCESS
A,gamma,307,16900,SUCCESS
A,gamma,308,30100,SUCCESS
A,gamma,309,23000,SUCCESS
A,gamma,310,10000,SUCCESS
A,gamma,311,40600,SUCCESS
A,gamma,312,25900,SUCCESS
A,gamma,313,23800,SUCCESS
A,gamma,314,10500,SUCCESS
A,gamma,315,46900,SUCCESS
A,gamma,316,53900,SUCCESS
A,gamma,317,103400,SUCCESS
A,gamma,318,81800,SUCCESS
A,gamma,319,116500,SUCCESS
A,gamma,320,107100,SUCCESS
A,gamma,321,149400,SUCCESS
A,gamma,322,146100,SUCCESS
A,gamma,323,169400,SUCCESS
A,gamma,324,159900,SUCCESS
A,gamma,325,174900,SUCCESS
A,gamma,326,113500,SUCCESS
A,gamma,327,125600,SUCCESS
A,gamma,328,68500,SUCCESS
A,gamma,329,11500,SUCCESS
A,gamma,330,44000,SUCCESS
A,gamma,331,28500,SUCCESS
A,gamma,332,86700,SUCCESS
A,gamma,333,92500,SUCCESS
A,gamma,334,93500,SUCCESS
A,gamma,335,38300,SUCCESS
A,gamma,336,20500,SUCCESS
A,gamma,337,12200,SUCCESS
A,gamma,338,64900,SUCCESS
A,gamma,339,59700,SUCCESS
A,gamma,340,52400,SUCCESS
A,gamma,341,21100,SUCCESS
A,gamma,342,31500,SUCCESS
A,gamma,343,13700,SUCCESS
A,gamma,344,56800,SUCCESS
A,gamma,345,72200,SUCCESS
A,gamma,346,82000,SUCCESS
A,gamma,347,35600,SUCCESS
A,gamma,348,15800,SUCCESS
A,gamma,349,47600,SUCCESS
A,gamma,350,39100,SUCCESS
A,gamma,351,73700,SUCCESS
A,gamma,352,82700,SUCCESS
A,gamma,353,67800,SUCCESS
A,gamma,354,82700,SUCCESS
A,gamma,355,20500,SUCCESS
A,gamma,356,73200,SUCCESS
A,gamma,357,64900,SUCCESS
A,gamma,358,70300,SUCCESS
A,gamma,359,11000,SUCCESS
A,gamma,360,57600,SUCCESS
A,gamma,361,77000,SUCCESS
A,gamma,362,85000,SUCCESS
A,gamma,363,66000,SUCCESS
A,gamma,364,57000,SUCCESS
A,gamma,365,124300,SUCCESS
A,gamma,366,115100,SUCCESS
A,gamma,367,112600,SUCCESS
A,gamma,368,109400,SUCCESS
A,gamma,369,106400,SUCCESS
A,gamma,370,61100,SUCCESS
A,gamma,371,84100,SUCCESS
A,gamma,372,65700,SUCCESS
A,gamma,373,101700,SUCCESS
A,gamma,374,93200,SUCCESS
A,gamma,375,132000,SUCCESS
A,gamma,376,123600,SUCCESS
A,gamma,377,121000,SUCCESS
A,gamma,378,118300,SUCCESS
A,gamma,379,114900,SUCCESS
A,gamma,380,16200,SUCCESS
A,gamma,381,45200,SUCCESS
A,gamma,382,25000,SUCCESS
A,gamma,383,18900,SUCCESS
A,gamma,384,29100,SUCCESS
A,gamma,385,10500,SUCCESS
A,gamma,386,29600,SUCCESS
A,gamma,387,35000,SUCCESS
A,gamma,388,10900,SUCCESS
A,gamma,389,55100,SUCCESS
A,gamma,390,36100,SUCCESS
A,gamma,391,42600,SUCCESS
A,gamma,392,23800,SUCCESS
A,gamma,393,17500,SUCCESS
A,gamma,394,73300,SUCCESS
A,gamma,395,50500,SUCCESS
A,gamma,396,36500,SUCCESS
A,gamma,397,11800,SUCCESS
A,gamma,398,45900,SUCCESS
A,gamma,399,78400,SUCCESS
A,gamma,400,59600,SUCCESS
A,gamma,401,40800,SUCCESS
A,gamma,402,47800,SUCCESS
A,gamma,403,34100,SUCCESS
A,gamma,404,15400,SUCCESS
A,gamma,405,49400,SUCCESS
A,gamma,406,47900,SUCCESS
A,gamma,407,21200,SUCCESS
A,gamma,408,4900,SUCCESS
A,gamma,409,21500,SUCCESS
A,gamma,410,46300,SUCCESS
A,gamma,411,23500,SUCCESS
A,gamma,412,69000,SUCCESS
A,gamma,413,118800,SUCCESS
A,gamma,414,105700,SUCCESS
A,gamma,415,78200,SUCCESS
A,gamma,416,61700,SUCCESS
A,gamma,417,52600,SUCCESS
A,gamma,418,125600,SUCCESS
A,gamma,419,134000,SUCCESS
A,gamma,420,142500,SUCCESS
A,gamma,421,117600,SUCCESS
A,gamma,422,27200,SUCCESS
A,gamma,423,28100,SUCCESS
A,gamma,424,19400,SUCCESS
A,gamma,425,46900,SUCCESS
A,gamma,426,35400,SUCCESS
A,gamma,427,40100,SUCCESS
A,gamma,428,20900,SUCCESS
A,gamma,429,59300,SUCCESS
A,gamma,430,54500,SUCCESS
A,gamma,431,48900,SUCCESS
A,gamma,432,32400,SUCCESS
A,gamma,433,28800,SUCCESS
A,gamma,434,28400,SUCCESS
A,gamma,435,10400,SUCCESS
A,gamma,436,37700,SUCCESS
A,gamma,437,19400,SUCCESS
A,gamma,438,30000,SUCCESS
A,gamma,439,10900,SUCCESS
A,gamma,440,48700,SUCCESS
A,gamma,441,27900,SUCCESS
A,gamma,442,42500,SUCCESS
A,gamma,443,56700,SUCCESS
A,gamma,444,45100,SUCCESS
A,gamma,445,59900,SUCCESS
A,gamma,446,64900,SUCCESS
A,gamma,447,48800,SUCCESS
A,gamma,448,23800,SUCCESS
A,gamma,449,27900,SUCCESS
A,gamma,450,47400,SUCCESS
A,gamma,451,21400,SUCCESS
A,gamma,452,42300,SUCCESS
A,gamma,453,51800,SUCCESS
A,gamma,454,46500,SUCCESS
A,gamma,455,46000,SUCCESS
A,gamma,456,48000,SUCCESS
A,gamma,457,46900,SUCCESS
A,gamma,458,87500,SUCCESS
A,gamma,459,101700,SUCCESS
A,gamma,460,84000,SUCCESS
A,gamma,461,120000,SUCCESS
A,gamma,462,94200,SUCCESS
A,gamma,463,76900,SUCCESS
A,gamma,464,66200,SUCCESS
A,gamma,465,53300,SUCCESS
A,gamma,466,85100,SUCCESS
A,gamma,467,54700,SUCCESS
A,gamma,468,16500,SUCCESS
A,gamma,469,25800,SUCCESS
A,gamma,470,39200,SUCCESS
A,gamma,471,23700,SUCCESS
A,gamma,472,35900,SUCCESS
A,gamma,473,34300,SUCCESS
A,gamma,474,24800,SUCCESS
A,gamma,475,20200,SUCCESS
A,gamma,476,55600,SUCCESS
A,gamma,477,24600,SUCCESS
A,gamma,478,22600,SUCCESS
A,gamma,479,22900,SUCCESS
A,gamma,480,18200,SUCCESS
A,gamma,481,20500,SUCCESS
A,gamma,482,24100,SUCCESS
A,gamma,483,20000,SUCCESS
A,gamma,484,10700,SUCCESS
A,gamma,485,41500,SUCCESS
A,gamma,486,63800,SUCCESS
A,gamma,487,37200,SUCCESS
A,gamma,488,15800,SUCCESS
A,gamma,489,54500,SUCCESS
A,gamma,490,74800,SUCCESS
A,gamma,491,75000,SUCCESS
A,gamma,492,29000,SUCCESS
A,gamma,493,33200,SUCCESS
A,gamma,494,32400,SUCCESS
A,gamma,495,28700,SUCCESS
A,gamma,496,25200,SUCCESS
A,gamma,497,17400,SUCCESS
A,gamma,498,21000,SUCCESS
A,gamma,499,36400,SUCCESS
A,gamma,500,16200,SUCCESS
A,gamma,501,9900,SUCCESS
A,gamma,502,25100,SUCCESS
A,gamma,503,33300,SUCCESS
A,gamma,504,31400,SUCCESS
A,gamma,505,11700,SUCCESS
A,gamma,506,48100,SUCCESS
A,gamma,507,25400,SUCCESS
A,gamma,508,22200,SUCCESS
A,gamma,509,38100,SUCCESS
A,gamma,510,30500,SUCCESS
A,gamma,511,18700,SUCCESS
A,gamma,512,19900,SUCCESS
A,gamma,513,41500,SUCCESS
A,gamma,514,36300,SUCCESS
A,gamma,515,58300,SUCCESS
A,gamma,516,34500,SUCCESS
A,gamma,517,11500,SUCCESS
A,gamma,518,18800,SUCCESS
A,gamma,519,13600,SUCCESS
A,gamma,520,29000,SUCCESS
A,gamma,521,21800,SUCCESS
A,gamma,522,42500,SUCCESS
A,gamma,523,25700,SUCCESS
A,gamma,524,16700,SUCCESS
A,gamma,525,82100,SUCCESS
A,gamma,526,98800,SUCCESS
A,gamma,527,111600,SUCCESS
A,gamma,528,36700,SUCCESS
A,gamma,529,17200,SUCCESS
A,gamma,530,31600,SUCCESS
A,gamma,531,31900,SUCCESS
A,gamma,532,19500,SUCCESS
A,gamma,533,10400,SUCCESS
A,gamma,534,36600,SUCCESS
A,gamma,535,21900,SUCCESS
A,gamma,536,13100,SUCCESS
A,gamma,537,61800,SUCCESS
A,gamma,538,57800,SUCCESS
A,gamma,539,86600,SUCCESS
A,gamma,540,100200,SUCCESS
A,gamma,541,116800,SUCCESS
A,gamma,542,134000,SUCCESS
A,gamma,543,26500,SUCCESS
A,gamma,544,10100,SUCCESS
A,gamma,545,17400,SUCCESS
A,gamma,546,25300,SUCCESS
A,gamma,547,17000,SUCCESS
A,gamma,548,31000,SUCCESS
A,gamma,549,48300,SUCCESS
A,gamma,550,60900,SUCCESS
A,gamma,551,70900,SUCCESS
A,gamma,552,88700,SUCCESS
A,gamma,553,70900,SUCCESS
A,gamma,554,61700,SUCCESS
A,gamma,555,133600,SUCCESS
A,gamma,556,125500,SUCCESS
A,gamma,557,122600,SUCCESS
A,gamma,558,114600,SUCCESS
A,gamma,559,148300,SUCCESS
A,gamma,560,142700,SUCCESS
A,gamma,561,134900,SUCCESS
A,gamma,562,29600,SUCCESS
A,gamma,563,48300,SUCCESS
A,gamma,564,23200,SUCCESS
A,gamma,565,17400,SUCCESS
A,gamma,566,69700,SUCCESS
A,gamma,567,6400,SUCCESS
A,gamma,568,79600,SUCCESS
A,gamma,569,45900,SUCCESS
A,gamma,570,7000,SUCCESS
A,gamma,571,67300,SUCCESS
A,gamma,572,33900,SUCCESS
A,gamma,573,22000,SUCCESS
A,gamma,574,92100,SUCCESS
A,gamma,575,58200,SUCCESS
A,gamma,576,9100,SUCCESS
A,gamma,577,77900,SUCCESS
A,gamma,578,46500,SUCCESS
A,gamma,579,7000,SUCCESS
A,gamma,580,74400,SUCCESS
A,gamma,581,40800,SUCCESS
A,gamma,582,22400,SUCCESS
A,gamma,583,16200,SUCCESS
A,gamma,584,19700,SUCCESS
A,gamma,585,76200,SUCCESS
A,gamma,586,72600,SUCCESS
A,gamma,587,40500,SUCCESS
A,gamma,588,11000,SUCCESS
A,gamma,589,23400,SUCCESS
A,gamma,590,61000,SUCCESS
A,gamma,591,55900,SUCCESS
A,gamma,592,32900,SUCCESS
A,gamma,593,91100,SUCCESS
A,gamma,594,76400,SUCCESS
A,gamma,595,119600,SUCCESS
A,gamma,596,111500,SUCCESS
A,gamma,597,69800,SUCCESS
A,gamma,598,88800,SUCCESS
A,gamma,599,102500,SUCCESS
A,gamma,600,98500,SUCCESS
A,gamma,601,25700,SUCCESS
A,gamma,602,17800,SUCCESS
A,gamma,603,15800,SUCCESS
A,gamma,604,22000,SUCCESS
A,gamma,605,20600,SUCCESS
A,gamma,606,92900,SUCCESS
A,gamma,607,78900,SUCCESS
A,gamma,608,69400,SUCCESS
A,gamma,609,121500,SUCCESS
A,gamma,610,131800,SUCCESS
A,gamma,611,137700,SUCCESS
A,gamma,612,144400,SUCCESS
A,gamma,613,36100,SUCCESS
A,gamma,614,18500,SUCCESS
A,gamma,615,10400,SUCCESS
A,gamma,616,80600,SUCCESS
A,gamma,617,94700,SUCCESS
A,gamma,618,113100,SUCCESS
A,gamma,619,123700,SUCCESS
A,gamma,620,27600,SUCCESS
A,gamma,621,38300,SUCCESS
A,gamma,622,65500,SUCCESS
A,gamma,623,55800,SUCCESS
A,gamma,624,90400,SUCCESS
A,gamma,625,73200,SUCCESS
A,gamma,626,59500,SUCCESS
A,gamma,627,72100,SUCCESS
A,gamma,628,65100,SUCCESS
A,gamma,629,31500,SUCCESS
A,gamma,630,11600,SUCCESS
A,gamma,631,41400,SUCCESS
A,gamma,632,56000,SUCCESS
A,gamma,633,39800,SUCCESS
A,gamma,634,31100,SUCCESS
A,gamma,635,28600,SUCCESS
A,gamma,636,12900,SUCCESS
A,gamma,637,33000,SUCCESS
A,gamma,638,29000,SUCCESS
A,gamma,639,28000,SUCCESS
A,gamma,640,13300,SUCCESS
A,gamma,641,42500,SUCCESS
A,gamma,642,40100,SUCCESS
A,gamma,643,29000,SUCCESS
A,gamma,644,32200,SUCCESS
A,gamma,645,36100,SUCCESS
A,gamma,646,22400,SUCCESS
A,gamma,647,52400,SUCCESS
A,gamma,648,34000,SUCCESS
A,gamma,649,14600,SUCCESS
A,gamma,650,10400,SUCCESS
A,gamma,651,64300,SUCCESS
A,gamma,652,68700,SUCCESS
A,gamma,653,75200,SUCCESS
A,gamma,654,74400,SUCCESS
A,gamma,655,28900,SUCCESS
A,gamma,656,26800,SUCCESS
A,gamma,657,12500,SUCCESS
A,gamma,658,29200,SUCCESS
A,gamma,659,27300,SUCCESS
A,gamma,660,77200,SUCCESS
A,gamma,661,64900,SUCCESS
A,gamma,662,100500,SUCCESS
A,gamma,663,69000,SUCCESS
A,gamma,664,29100,SUCCESS
A,gamma,665,28100,SUCCESS
A,gamma,666,28400,SUCCESS
A,gamma,667,13600,SUCCESS
A,gamma,668,34200,SUCCESS
A,gamma,669,13300,SUCCESS
A,gamma,670,38500,SUCCESS
A,gamma,671,22300,SUCCESS
A,gamma,672,11000,SUCCESS
A,gamma,673,24000,SUCCESS
A,gamma,674,17700,SUCCESS
A,gamma,675,46100,SUCCESS
A,gamma,676,30000,SUCCESS
A,gamma,677,73100,SUCCESS
A,gamma,678,29100,SUCCESS
A,gamma,679,39200,SUCCESS
A,gamma,680,46800,SUCCESS
A,gamma,681,6000,SUCCESS
A,gamma,682,39800,SUCCESS
A,gamma,683,24600,SUCCESS
A,gamma,684,71100,SUCCESS
A,gamma,685,49100,SUCCESS
A,gamma,686,37900,SUCCESS
A,gamma,687,19600,SUCCESS
A,gamma,688,11200,SUCCESS
A,gamma,689,24400,SUCCESS
A,gamma,690,25600,SUCCESS
A,gamma,691,23500,SUCCESS
A,gamma,692,33900,SUCCESS
A,gamma,693,18200,SUCCESS
A,gamma,694,35400,SUCCESS
A,gamma,695,31500,SUCCESS
A,gamma,696,28200,SUCCESS
A,gamma,697,13500,SUCCESS
A,gamma,698,29400,SUCCESS
A,gamma,699,22100,SUCCESS
A,gamma,700,66800,SUCCESS
A,gamma,701,46600,SUCCESS
A,gamma,702,33400,SUCCESS
A,gamma,703,32400,SUCCESS
A,gamma,704,29800,SUCCESS
A,gamma,705,30200,SUCCESS
A,gamma,706,14300,SUCCESS
A,gamma,707,11000,SUCCESS
A,gamma,708,30200,SUCCESS
A,gamma,709,20900,SUCCESS
A,gamma,710,34700,SUCCESS
A,gamma,711,19800,SUCCESS
A,gamma,712,11500,SUCCESS
A,gamma,713,32100,SUCCESS
A,gamma,714,41700,SUCCESS
A,gamma,715,33300,SUCCESS
A,gamma,716,48400,SUCCESS
A,gamma,717,37700,SUCCESS
A,gamma,718,80300,SUCCESS
A,gamma,719,66100,SUCCESS
A,gamma,720,118700,SUCCESS
A,gamma,721,120500,SUCCESS
A,gamma,722,76500,SUCCESS
A,gamma,723,84300,SUCCESS
A,gamma,724,25900,SUCCESS
A,gamma,725,10400,SUCCESS
A,gamma,726,17300,SUCCESS
A,gamma,727,34600,SUCCESS
A,gamma,728,72700,SUCCESS
A,gamma,729,62300,SUCCESS
A,gamma,730,34000,SUCCESS
A,gamma,731,19800,SUCCESS
A,gamma,732,55600,SUCCESS
A,gamma,733,49900,SUCCESS
A,gamma,734,30600,SUCCESS
A,gamma,735,37800,SUCCESS
A,gamma,736,29200,SUCCESS
A,gamma,737,49900,SUCCESS
A,gamma,738,30000,SUCCESS
A,gamma,739,15200,SUCCESS
A,gamma,740,52100,SUCCESS
A,gamma,741,29900,SUCCESS
A,gamma,742,14300,SUCCESS
A,gamma,743,49900,SUCCESS
A,gamma,744,54600,SUCCESS
A,gamma,745,41300,SUCCESS
A,gamma,746,5200,SUCCESS
A,gamma,747,29200,SUCCESS
A,gamma,748,15700,SUCCESS
A,gamma,749,62200,SUCCESS
A,gamma,750,80300,SUCCESS
A,gamma,751,87600,SUCCESS
A,gamma,752,35200,SUCCESS
A,gamma,753,22900,SUCCESS
A,gamma,754,10800,SUCCESS
A,gamma,755,12900,SUCCESS
A,gamma,756,22100,SUCCESS
A,gamma,757,18600,SUCCESS
A,gamma,758,46600,SUCCESS
A,gamma,759,25000,SUCCESS
A,gamma,760,12600,SUCCESS
A,gamma,761,29200,SUCCESS
A,gamma,762,14300,SUCCESS
A,gamma,763,47900,SUCCESS
A,gamma,764,40500,SUCCESS
A,gamma,765,71800,SUCCESS
A,gamma,766,13000,SUCCESS
A,gamma,767,20900,SUCCESS
A,gamma,768,10000,SUCCESS
A,gamma,769,15200,SUCCESS
A,gamma,770,26900,SUCCESS
A,gamma,771,43800,SUCCESS
A,gamma,772,27700,SUCCESS
A,gamma,773,50200,SUCCESS
A,gamma,774,11100,SUCCESS
A,gamma,775,11000,SUCCESS
A,gamma,776,30400,SUCCESS
A,gamma,777,15300,SUCCESS
A,gamma,778,47500,SUCCESS
A,gamma,779,40000,SUCCESS
A,gamma,780,70700,SUCCESS
A,gamma,781,12800,SUCCESS
A,gamma,782,20700,SUCCESS
A,gamma,783,10300,SUCCESS
A,gamma,784,15200,SUCCESS
A,gamma,785,29800,SUCCESS
A,gamma,786,37300,SUCCESS
A,gamma,787,26300,SUCCESS
A,gamma,788,60700,SUCCESS
A,gamma,789,24900,SUCCESS
A,gamma,790,16800,SUCCESS
A,gamma,791,35600,SUCCESS
A,gamma,792,46700,SUCCESS
A,gamma,793,54600,SUCCESS
A,gamma,794,44000,SUCCESS
A,gamma,795,67400,SUCCESS
A,gamma,796,76100,SUCCESS
A,gamma,797,59300,SUCCESS
A,gamma,798,37400,SUCCESS
A,gamma,799,11600,SUCCESS
A,gamma,800,19400,SUCCESS
A,gamma,801,28800,SUCCESS
A,gamma,802,13500,SUCCESS
A,gamma,803,47800,SUCCESS
A,gamma,804,53500,SUCCESS
A,gamma,805,32300,SUCCESS
A,gamma,806,28200,SUCCESS
A,gamma,807,14600,SUCCESS
A,gamma,808,34400,SUCCESS
A,gamma,809,32500,SUCCESS
A,gamma,810,17100,SUCCESS
A,gamma,811,59400,SUCCESS
A,gamma,812,80700,SUCCESS
A,gamma,813,82200,SUCCESS
A,gamma,814,30600,SUCCESS
A,gamma,815,42900,SUCCESS
A,gamma,816,30100,SUCCESS
A,gamma,817,44700,SUCCESS
A,gamma,818,12700,SUCCESS
A,gamma,819,33500,SUCCESS
A,gamma,820,25200,SUCCESS
A,gamma,821,39600,SUCCESS
A,gamma,822,29900,SUCCESS
A,gamma,823,14500,SUCCESS
A,gamma,824,53300,SUCCESS
A,gamma,825,76100,SUCCESS
A,gamma,826,87900,SUCCESS
A,gamma,827,27700,SUCCESS
A,gamma,828,35800,SUCCESS
A,gamma,829,27200,SUCCESS
A,gamma,830,54700,SUCCESS
A,gamma,831,35800,SUCCESS
A,gamma,832,66500,SUCCESS
A,gamma,833,52100,SUCCESS
A,gamma,834,93100,SUCCESS
A,gamma,835,79100,SUCCESS
A,gamma,836,61100,SUCCESS
A,gamma,837,85200,SUCCESS
A,gamma,838,81300,SUCCESS
A,gamma,839,65200,SUCCESS
A,gamma,840,8000,SUCCESS
A,gamma,841,19200,SUCCESS
A,gamma,842,20900,SUCCESS
A,gamma,843,19600,SUCCESS
A,gamma,844,12600,SUCCESS
A,gamma,845,41300,SUCCESS
A,gamma,846,19600,SUCCESS
A,gamma,847,7600,SUCCESS
A,gamma,848,23600,SUCCESS
A,gamma,849,18100,SUCCESS
A,gamma,850,17700,SUCCESS
A,gamma,851,18500,SUCCESS
A,gamma,852,4800,SUCCESS
A,gamma,853,22400,SUCCESS
A,gamma,854,18600,SUCCESS
A,gamma,855,4600,SUCCESS
A,gamma,856,23900,SUCCESS
A,gamma,857,20300,SUCCESS
A,gamma,858,4600,SUCCESS
A,gamma,859,27000,SUCCESS
A,gamma,860,30500,SUCCESS
A,gamma,861,39000,SUCCESS
A,gamma,862,53300,SUCCESS
A,gamma,863,70600,SUCCESS
A,gamma,864,27300,SUCCESS
A,gamma,865,12200,SUCCESS
A,gamma,866,46600,SUCCESS
A,gamma,867,58200,SUCCESS
A,gamma,868,27000,SUCCESS
A,gamma,869,12600,SUCCESS
A,gamma,870,46900,SUCCESS
A,gamma,871,55500,SUCCESS
A,gamma,872,27000,SUCCESS
A,gamma,873,34800,SUCCESS
A,gamma,874,26100,SUCCESS
A,gamma,875,26300,SUCCESS
A,gamma,876,40400,SUCCESS
A,gamma,877,26800,SUCCESS
A,gamma,878,12700,SUCCESS
A,gamma,879,45800,SUCCESS
A,gamma,880,30900,SUCCESS
A,gamma,881,42100,SUCCESS
A,gamma,882,50700,SUCCESS
A,gamma,883,34600,SUCCESS
A,gamma,884,14300,SUCCESS
A,gamma,885,53500,SUCCESS
A,gamma,886,72200,SUCCESS
A,gamma,887,81600,SUCCESS
A,gamma,888,30200,SUCCESS
A,gamma,889,14100,SUCCESS
A,gamma,890,49300,SUCCESS
A,gamma,891,60400,SUCCESS
A,gamma,892,20200,SUCCESS
A,gamma,893,17700,SUCCESS
A,gamma,894,10200,SUCCESS
A,gamma,895,18900,SUCCESS
A,gamma,896,41100,SUCCESS
A,gamma,897,9700,SUCCESS
A,gamma,898,5400,SUCCESS
A,gamma,899,17900,SUCCESS
A,gamma,900,30900,SUCCESS
A,gamma,901,23000,SUCCESS
A,gamma,902,30900,SUCCESS
A,gamma,903,13500,SUCCESS
A,gamma,904,25600,SUCCESS
A,gamma,905,41000,SUCCESS
A,gamma,906,30600,SUCCESS
A,gamma,907,14200,SUCCESS
A,gamma,908,51500,SUCCESS
A,gamma,909,31300,SUCCESS
A,gamma,910,35300,SUCCESS
A,gamma,911,32700,SUCCESS
A,gamma,912,28800,SUCCESS
A,gamma,913,13500,SUCCESS
A,gamma,914,16500,SUCCESS
A,gamma,915,29800,SUCCESS
A,gamma,916,13100,SUCCESS
A,gamma,917,50400,SUCCESS
A,gamma,918,43300,SUCCESS
A,gamma,919,29800,SUCCESS
A,gamma,920,13400,SUCCESS
A,gamma,921,48900,SUCCESS
A,gamma,922,40300,SUCCESS
A,gamma,923,29800,SUCCESS
A,gamma,924,35300,SUCCESS
A,gamma,925,26400,SUCCESS
A,gamma,926,52300,SUCCESS
A,gamma,927,30000,SUCCESS
A,gamma,928,31300,SUCCESS
A,gamma,929,15900,SUCCESS
A,gamma,930,61900,SUCCESS
A,gamma,931,75200,SUCCESS
A,gamma,932,30300,SUCCESS
A,gamma,933,25000,SUCCESS
A,gamma,934,18900,SUCCESS
A,gamma,935,15800,SUCCESS
A,gamma,936,31400,SUCCESS
A,gamma,937,15400,SUCCESS
A,gamma,938,52100,SUCCESS
A,gamma,939,54700,SUCCESS
A,gamma,940,29400,SUCCESS
A,gamma,941,14800,SUCCESS
A,gamma,942,48400,SUCCESS
A,gamma,943,66500,SUCCESS
A,gamma,944,28700,SUCCESS
A,gamma,945,36000,SUCCESS
A,gamma,946,27100,SUCCESS
A,gamma,947,54900,SUCCESS
A,gamma,948,33300,SUCCESS
A,gamma,949,22500,SUCCESS
A,gamma,950,19800,SUCCESS
A,gamma,951,13600,SUCCESS
A,gamma,952,69700,SUCCESS
A,gamma,953,32600,SUCCESS
A,gamma,954,75200,SUCCESS
A,gamma,955,23000,SUCCESS
A,gamma,956,38600,SUCCESS
A,gamma,957,34900,SUCCESS
A,gamma,958,6100,SUCCESS
A,gamma,959,25800,SUCCESS
A,gamma,960,17900,SUCCESS
A,gamma,961,25300,SUCCESS
A,gamma,962,32700,SUCCESS
A,gamma,963,28800,SUCCESS
A,gamma,964,10300,SUCCESS
A,gamma,965,47600,SUCCESS
A,gamma,966,14200,SUCCESS
A,gamma,967,12700,SUCCESS
A,gamma,968,15400,SUCCESS
A,gamma,969,22200,SUCCESS
A,gamma,970,17500,SUCCESS
A,gamma,971,39300,SUCCESS
A,gamma,972,29800,SUCCESS
A,gamma,973,27600,SUCCESS
A,gamma,974,27400,SUCCESS
A,gamma,975,12300,SUCCESS
A,gamma,976,28000,SUCCESS
A,gamma,977,19500,SUCCESS
A,gamma,978,30300,SUCCESS
A,gamma,979,12200,SUCCESS
A,gamma,980,42200,SUCCESS
A,gamma,981,16500,SUCCESS
A,gamma,982,37800,SUCCESS
A,gamma,983,22900,SUCCESS
A,gamma,984,63000,SUCCESS
A,gamma,985,78500,SUCCESS
A,gamma,986,30800,SUCCESS
A,gamma,987,39000,SUCCESS
A,gamma,988,30400,SUCCESS
A,gamma,989,50900,SUCCESS
A,gamma,990,14000,SUCCESS
A,gamma,991,32000,SUCCESS
A,gamma,992,18900,SUCCESS
A,gamma,993,65500,SUCCESS
A,gamma,994,70900,SUCCESS
A,gamma,995,32100,SUCCESS
A,gamma,996,28500,SUCCESS
A,gamma,997,12600,SUCCESS
A,gamma,998,30300,SUCCESS
A,gamma,999,32000,SUCCESS
A,delta,0,29000,SUCCESS
A,delta,1,13300,SUCCESS
A,delta,2,29900,SUCCESS
A,delta,3,23900,SUCCESS
A,delta,4,17600,SUCCESS
A,delta,5,33700,SUCCESS
A,delta,6,35100,SUCCESS
A,delta,7,43200,SUCCESS
A,delta,8,25200,SUCCESS
A,delta,9,81000,SUCCESS
A,delta,10,48400,SUCCESS
A,delta,11,33300,SUCCESS
A,delta,12,28200,SUCCESS
A,delta,13,13400,SUCCESS
A,delta,14,27900,SUCCESS
A,delta,15,27300,SUCCESS
A,delta,16,12700,SUCCESS
A,delta,17,29600,SUCCESS
A,delta,18,25200,SUCCESS
A,delta,19,24800,SUCCESS
A,delta,20,18700,SUCCESS
A,delta,21,64300,SUCCESS
A,delta,22,25900,SUCCESS
A,delta,23,36700,SUCCESS
A,delta,24,19500,SUCCESS
A,delta,25,13600,SUCCESS
A,delta,26,11900,SUCCESS
A,delta,27,33700,SUCCESS
A,delta,28,15600,SUCCESS
A,delta,29,11100,SUCCESS
A,delta,30,31800,SUCCESS
A,delta,31,16200,SUCCESS
A,delta,32,53900,SUCCESS
A,delta,33,45800,SUCCESS
A,delta,34,31500,SUCCESS
A,delta,35,32700,SUCCESS
A,delta,36,16600,SUCCESS
A,delta,37,51000,SUCCESS
A,delta,38,24200,SUCCESS
A,delta,39,37100,SUCCESS
A,delta,40,23300,SUCCESS
A,delta,41,61800,SUCCESS
A,delta,42,73500,SUCCESS
A,delta,43,123300,SUCCESS
A,delta,44,37700,SUCCESS
A,delta,45,18300,SUCCESS
A,delta,46,10600,SUCCESS
A,delta,47,85100,SUCCESS
A,delta,48,107700,SUCCESS
A,delta,49,120200,SUCCESS
A,delta,50,139000,SUCCESS
A,delta,51,22200,SUCCESS
A,delta,52,17500,SUCCESS
A,delta,53,11800,SUCCESS
A,delta,54,23200,SUCCESS
A,delta,55,20000,SUCCESS
A,delta,56,19400,SUCCESS
A,delta,57,19200,SUCCESS
A,delta,58,10200,SUCCESS
A,delta,59,18800,SUCCESS
A,delta,60,27400,SUCCESS
A,delta,61,38100,SUCCESS
A,delta,62,21300,SUCCESS
A,delta,63,60600,SUCCESS
A,delta,64,5900,SUCCESS
A,delta,65,27300,SUCCESS
A,delta,66,28100,SUCCESS
A,delta,67,11300,SUCCESS
A,delta,68,14600,SUCCESS
A,delta,69,23800,SUCCESS
A,delta,70,19200,SUCCESS
A,delta,71,23500,SUCCESS
A,delta,72,25400,SUCCESS
A,delta,73,25900,SUCCESS
A,delta,74,20200,SUCCESS
A,delta,75,62600,SUCCESS
A,delta,76,22200,SUCCESS
A,delta,77,20200,SUCCESS
A,delta,78,22800,SUCCESS
A,delta,79,19000,SUCCESS
A,delta,80,10400,SUCCESS
A,delta,81,17500,SUCCESS
A,delta,82,22500,SUCCESS
A,delta,83,25000,SUCCESS
A,delta,84,24200,SUCCESS
A,delta,85,17100,SUCCESS
A,delta,86,36300,SUCCESS
A,delta,87,19400,SUCCESS
A,delta,88,43700,SUCCESS
A,delta,89,58600,SUCCESS
A,delta,90,75700,SUCCESS
A,delta,91,20700,SUCCESS
A,delta,92,33000,SUCCESS
A,delta,93,32600,SUCCESS
A,delta,94,18200,SUCCESS
A,delta,95,29400,SUCCESS
A,delta,96,27200,SUCCESS
A,delta,97,26900,SUCCESS
A,delta,98,12600,SUCCESS
A,delta,99,44300,SUCCESS
A,delta,100,35700,SUCCESS
A,delta,101,17100,SUCCESS
A,delta,102,46000,SUCCESS
A,delta,103,57900,SUCCESS
A,delta,104,38800,SUCCESS
A,delta,105,19400,SUCCESS
A,delta,106,10200,SUCCESS
A,delta,107,82500,SUCCESS
A,delta,108,92200,SUCCESS
A,delta,109,105500,SUCCESS
A,delta,110,117800,SUCCESS
A,delta,111,37200,SUCCESS
A,delta,112,21600,SUCCESS
A,delta,113,74700,SUCCESS
A,delta,114,90700,SUCCESS
A,delta,115,67400,SUCCESS
A,delta,116,38900,SUCCESS
A,delta,117,18500,SUCCESS
A,delta,118,79300,SUCCESS
A,delta,119,75100,SUCCESS
A,delta,120,63400,SUCCESS
A,delta,121,38300,SUCCESS
A,delta,122,16300,SUCCESS
A,delta,123,12200,SUCCESS
A,delta,124,50700,SUCCESS
A,delta,125,33900,SUCCESS
A,delta,126,89900,SUCCESS
A,delta,127,94800,SUCCESS
A,delta,128,92600,SUCCESS
A,delta,129,108100,SUCCESS
A,delta,130,34500,SUCCESS
A,delta,131,39900,SUCCESS
A,delta,132,39600,SUCCESS
A,delta,133,39200,SUCCESS
A,delta,134,20500,SUCCESS
A,delta,135,34500,SUCCESS
A,delta,136,34500,SUCCESS
A,delta,137,42800,SUCCESS
A,delta,138,20800,SUCCESS
A,delta,139,22700,SUCCESS
A,delta,140,7900,SUCCESS
A,delta,141,36700,SUCCESS
A,delta,142,19600,SUCCESS
A,delta,143,67700,SUCCESS
A,delta,144,71200,SUCCESS
A,delta,145,67700,SUCCESS
A,delta,146,37500,SUCCESS
A,delta,147,30900,SUCCESS
A,delta,148,15500,SUCCESS
A,delta,149,45000,SUCCESS
A,delta,150,31700,SUCCESS
A,delta,151,24100,SUCCESS
A,delta,152,37100,SUCCESS
A,delta,153,39700,SUCCESS
A,delta,154,32600,SUCCESS
A,delta,155,15900,SUCCESS
A,delta,156,23700,SUCCESS
A,delta,157,10900,SUCCESS
A,delta,158,26600,SUCCESS
A,delta,159,14900,SUCCESS
A,delta,160,13500,SUCCESS
A,delta,161,34800,SUCCESS
A,delta,162,17000,SUCCESS
A,delta,163,65300,SUCCESS
A,delta,164,69000,SUCCESS
A,delta,165,32400,SUCCESS
A,delta,166,13700,SUCCESS
A,delta,167,22900,SUCCESS
A,delta,168,17700,SUCCESS
A,delta,169,10200,SUCCESS
A,delta,170,22300,SUCCESS
A,delta,171,26100,SUCCESS
A,delta,172,20900,SUCCESS
A,delta,173,12800,SUCCESS
A,delta,174,53000,SUCCESS
A,delta,175,29000,SUCCESS
A,delta,176,20600,SUCCESS
A,delta,177,17000,SUCCESS
A,delta,178,17500,SUCCESS
A,delta,179,14500,SUCCESS
A,delta,180,11500,SUCCESS
A,delta,181,49000,SUCCESS
A,delta,182,34200,SUCCESS
A,delta,183,25200,SUCCESS
A,delta,184,105400,SUCCESS
A,delta,185,103600,SUCCESS
A,delta,186,138800,SUCCESS
A,delta,187,153500,SUCCESS
A,delta,188,167700,SUCCESS
A,delta,189,180700,SUCCESS
A,delta,190,52900,SUCCESS
A,delta,191,6500,SUCCESS
A,delta,192,26100,SUCCESS
A,delta,193,40100,SUCCESS
A,delta,194,33900,SUCCESS
A,delta,195,14500,SUCCESS
A,delta,196,66500,SUCCESS
A,delta,197,57100,SUCCESS
A,delta,198,34300,SUCCESS
A,delta,199,42600,SUCCESS
A,delta,200,54600,SUCCESS
A,delta,201,15200,SUCCESS
A,delta,202,35800,SUCCESS
A,delta,203,21500,SUCCESS
A,delta,204,67500,SUCCESS
A,delta,205,41200,SUCCESS
A,delta,206,23200,SUCCESS
A,delta,207,21800,SUCCESS
A,delta,208,42600,SUCCESS
A,delta,209,28600,SUCCESS
A,delta,210,31600,SUCCESS
A,delta,211,49100,SUCCESS
A,delta,212,60900,SUCCESS
A,delta,213,52200,SUCCESS
A,delta,214,87800,SUCCESS
A,delta,215,72200,SUCCESS
A,delta,216,72200,SUCCESS
A,delta,217,22500,SUCCESS
A,delta,218,40600,SUCCESS
A,delta,219,43700,SUCCESS
A,delta,220,27700,SUCCESS
A,delta,221,25200,SUCCESS
A,delta,222,42900,SUCCESS
A,delta,223,24400,SUCCESS
A,delta,224,15400,SUCCESS
A,delta,225,94500,SUCCESS
A,delta,226,116300,SUCCESS
A,delta,227,121000,SUCCESS
A,delta,228,139400,SUCCESS
A,delta,229,140500,SUCCESS
A,delta,230,23900,SUCCESS
A,delta,231,19800,SUCCESS
A,delta,232,18600,SUCCESS
A,delta,233,17400,SUCCESS
A,delta,234,20900,SUCCESS
A,delta,235,29200,SUCCESS
A,delta,236,22600,SUCCESS
A,delta,237,58300,SUCCESS
A,delta,238,21600,SUCCESS
A,delta,239,36400,SUCCESS
A,delta,240,20700,SUCCESS
A,delta,241,12400,SUCCESS
A,delta,242,29600,SUCCESS
A,delta,243,28800,SUCCESS
A,delta,244,13300,SUCCESS
A,delta,245,33400,SUCCESS
A,delta,246,35400,SUCCESS
A,delta,247,33900,SUCCESS
A,delta,248,48900,SUCCESS
A,delta,249,33700,SUCCESS
A,delta,250,14100,SUCCESS
A,delta,251,20400,SUCCESS
A,delta,252,30000,SUCCESS
A,delta,253,12800,SUCCESS
A,delta,254,33700,SUCCESS
A,delta,255,34400,SUCCESS
A,delta,256,31500,SUCCESS
A,delta,257,34200,SUCCESS
A,delta,258,29600,SUCCESS
A,delta,259,14300,SUCCESS
A,delta,260,30500,SUCCESS
A,delta,261,14300,SUCCESS
A,delta,262,51200,SUCCESS
A,delta,263,69700,SUCCESS
A,delta,264,28400,SUCCESS
A,delta,265,32700,SUCCESS
A,delta,266,46800,SUCCESS
A,delta,267,10700,SUCCESS
A,delta,268,27300,SUCCESS
A,delta,269,12500,SUCCESS
A,delta,270,50400,SUCCESS
A,delta,271,26300,SUCCESS
A,delta,272,27200,SUCCESS
A,delta,273,40600,SUCCESS
A,delta,274,54900,SUCCESS
A,delta,275,27200,SUCCESS
A,delta,276,27800,SUCCESS
A,delta,277,58100,SUCCESS
A,delta,278,36800,SUCCESS
A,delta,279,27600,SUCCESS
A,delta,280,13100,SUCCESS
A,delta,281,12300,SUCCESS
A,delta,282,27500,SUCCESS
A,delta,283,12300,SUCCESS
A,delta,284,13300,SUCCESS
A,delta,285,27200,SUCCESS
A,delta,286,12700,SUCCESS
A,delta,287,12200,SUCCESS
A,delta,288,28600,SUCCESS
A,delta,289,33000,SUCCESS
A,delta,290,46300,SUCCESS
A,delta,291,11000,SUCCESS
A,delta,292,27500,SUCCESS
A,delta,293,12600,SUCCESS
A,delta,294,15100,SUCCESS
A,delta,295,35900,SUCCESS
A,delta,296,23700,SUCCESS
A,delta,297,68800,SUCCESS
A,delta,298,38300,SUCCESS
A,delta,299,21500,SUCCESS
A,delta,300,33500,SUCCESS
A,delta,301,13700,SUCCESS
A,delta,302,39000,SUCCESS
A,delta,303,31300,SUCCESS
A,delta,304,28400,SUCCESS
A,delta,305,14100,SUCCESS
A,delta,306,47200,SUCCESS
A,delta,307,29200,SUCCESS
A,delta,308,31300,SUCCESS
A,delta,309,26900,SUCCESS
A,delta,310,33800,SUCCESS
A,delta,311,30100,SUCCESS
A,delta,312,29000,SUCCESS
A,delta,313,13600,SUCCESS
A,delta,314,28700,SUCCESS
A,delta,315,29400,SUCCESS
A,delta,316,29800,SUCCESS
A,delta,317,14200,SUCCESS
A,delta,318,51300,SUCCESS
A,delta,319,22300,SUCCESS
A,delta,320,30200,SUCCESS
A,delta,321,21500,SUCCESS
A,delta,322,10100,SUCCESS
A,delta,323,22200,SUCCESS
A,delta,324,43900,SUCCESS
A,delta,325,31400,SUCCESS
A,delta,326,13200,SUCCESS
A,delta,327,32200,SUCCESS
A,delta,328,28800,SUCCESS
A,delta,329,25100,SUCCESS
A,delta,330,65600,SUCCESS
A,delta,331,25200,SUCCESS
A,delta,332,22500,SUCCESS
A,delta,333,17100,SUCCESS
A,delta,334,19600,SUCCESS
A,delta,335,10400,SUCCESS
A,delta,336,27500,SUCCESS
A,delta,337,35100,SUCCESS
A,delta,338,20200,SUCCESS
A,delta,339,66000,SUCCESS
A,delta,340,54000,SUCCESS
A,delta,341,29300,SUCCESS
A,delta,342,14600,SUCCESS
A,delta,343,55000,SUCCESS
A,delta,344,34800,SUCCESS
A,delta,345,28900,SUCCESS
A,delta,346,13700,SUCCESS
A,delta,347,36600,SUCCESS
A,delta,348,29000,SUCCESS
A,delta,349,55400,SUCCESS
A,delta,350,6500,SUCCESS
A,delta,351,18800,SUCCESS
A,delta,352,33400,SUCCESS
A,delta,353,18300,SUCCESS
A,delta,354,78000,SUCCESS
A,delta,355,14100,SUCCESS
A,delta,356,18800,SUCCESS
A,delta,357,55100,SUCCESS
A,delta,358,38600,SUCCESS
A,delta,359,42500,SUCCESS
A,delta,360,40500,SUCCESS
A,delta,361,30900,SUCCESS
A,delta,362,11400,SUCCESS
A,delta,363,18000,SUCCESS
A,delta,364,46300,SUCCESS
A,delta,365,31100,SUCCESS
A,delta,366,22500,SUCCESS
A,delta,367,86100,SUCCESS
A,delta,368,95900,SUCCESS
A,delta,369,97900,SUCCESS
A,delta,370,32500,SUCCESS
A,delta,371,20900,SUCCESS
A,delta,372,32600,SUCCESS
A,delta,373,17300,SUCCESS
A,delta,374,67300,SUCCESS
A,delta,375,81100,SUCCESS
A,delta,376,88700,SUCCESS
A,delta,377,34600,SUCCESS
A,delta,378,35700,SUCCESS
A,delta,379,17000,SUCCESS
A,delta,380,24100,SUCCESS
A,delta,381,19900,SUCCESS
A,delta,382,25800,SUCCESS
A,delta,383,20400,SUCCESS
A,delta,384,63000,SUCCESS
A,delta,385,35600,SUCCESS
A,delta,386,30300,SUCCESS
A,delta,387,32500,SUCCESS
A,delta,388,12600,SUCCESS
A,delta,389,24300,SUCCESS
A,delta,390,32600,SUCCESS
A,delta,391,14400,SUCCESS
A,delta,392,31900,SUCCESS
A,delta,393,32000,SUCCESS
A,delta,394,15100,SUCCESS
A,delta,395,7500,SUCCESS
A,delta,396,60400,SUCCESS
A,delta,397,39300,SUCCESS
A,delta,398,23300,SUCCESS
A,delta,399,32200,SUCCESS
A,delta,400,36800,SUCCESS
A,delta,401,49400,SUCCESS
A,delta,402,10900,SUCCESS
A,delta,403,29800,SUCCESS
A,delta,404,15100,SUCCESS
A,delta,405,49500,SUCCESS
A,delta,406,25200,SUCCESS
A,delta,407,37000,SUCCESS
A,delta,408,23300,SUCCESS
A,delta,409,71700,SUCCESS
A,delta,410,72300,SUCCESS
A,delta,411,51600,SUCCESS
A,delta,412,36800,SUCCESS
A,delta,413,76900,SUCCESS
A,delta,414,65400,SUCCESS
A,delta,415,51800,SUCCESS
A,delta,416,30800,SUCCESS
A,delta,417,23200,SUCCESS
A,delta,418,10200,SUCCESS
A,delta,419,10700,SUCCESS
A,delta,420,17600,SUCCESS
A,delta,421,28600,SUCCESS
A,delta,422,48500,SUCCESS
A,delta,423,18700,SUCCESS
A,delta,424,25000,SUCCESS
A,delta,425,12000,SUCCESS
A,delta,426,32400,SUCCESS
A,delta,427,23300,SUCCESS
A,delta,428,10800,SUCCESS
A,delta,429,34300,SUCCESS
A,delta,430,21500,SUCCESS
A,delta,431,12600,SUCCESS
A,delta,432,65900,SUCCESS
A,delta,433,75500,SUCCESS
A,delta,434,92300,SUCCESS
A,delta,435,43600,SUCCESS
A,delta,436,31200,SUCCESS
A,delta,437,28600,SUCCESS
A,delta,438,30400,SUCCESS
A,delta,439,13100,SUCCESS
A,delta,440,30000,SUCCESS
A,delta,441,28400,SUCCESS
A,delta,442,33500,SUCCESS
A,delta,443,18900,SUCCESS
A,delta,444,57200,SUCCESS
A,delta,445,30000,SUCCESS
A,delta,446,30700,SUCCESS
A,delta,447,27300,SUCCESS
A,delta,448,10400,SUCCESS
A,delta,449,53000,SUCCESS
A,delta,450,25900,SUCCESS
A,delta,451,35100,SUCCESS
A,delta,452,29700,SUCCESS
A,delta,453,25900,SUCCESS
A,delta,454,10300,SUCCESS
A,delta,455,35300,SUCCESS
A,delta,456,31300,SUCCESS
A,delta,457,20700,SUCCESS
A,delta,458,10400,SUCCESS
A,delta,459,52800,SUCCESS
A,delta,460,30500,SUCCESS
A,delta,461,28000,SUCCESS
A,delta,462,27700,SUCCESS
A,delta,463,12800,SUCCESS
A,delta,464,28300,SUCCESS
A,delta,465,29000,SUCCESS
A,delta,466,51400,SUCCESS
A,delta,467,55500,SUCCESS
A,delta,468,58200,SUCCESS
A,delta,469,29600,SUCCESS
A,delta,470,27800,SUCCESS
A,delta,471,27700,SUCCESS
A,delta,472,13000,SUCCESS
A,delta,473,28100,SUCCESS
A,delta,474,28000,SUCCESS
A,delta,475,27600,SUCCESS
A,delta,476,13100,SUCCESS
A,delta,477,46200,SUCCESS
A,delta,478,33100,SUCCESS
A,delta,479,28300,SUCCESS
A,delta,480,27500,SUCCESS
A,delta,481,12900,SUCCESS
A,delta,482,27800,SUCCESS
A,delta,483,32800,SUCCESS
A,delta,484,18200,SUCCESS
A,delta,485,35200,SUCCESS
A,delta,486,31100,SUCCESS
A,delta,487,28000,SUCCESS
A,delta,488,13600,SUCCESS
A,delta,489,53400,SUCCESS
A,delta,490,10900,SUCCESS
A,delta,491,28700,SUCCESS
A,delta,492,28200,SUCCESS
A,delta,493,14000,SUCCESS
A,delta,494,35500,SUCCESS
A,delta,495,28200,SUCCESS
A,delta,496,27600,SUCCESS
A,delta,497,13100,SUCCESS
A,delta,498,44800,SUCCESS
A,delta,499,30800,SUCCESS
A,delta,500,28400,SUCCESS
A,delta,501,27600,SUCCESS
A,delta,502,12700,SUCCESS
A,delta,503,28700,SUCCESS
A,delta,504,60800,SUCCESS
A,delta,505,76500,SUCCESS
A,delta,506,43900,SUCCESS
A,delta,507,30900,SUCCESS
A,delta,508,27600,SUCCESS
A,delta,509,13000,SUCCESS
A,delta,510,29000,SUCCESS
A,delta,511,29000,SUCCESS
A,delta,512,15100,SUCCESS
A,delta,513,17600,SUCCESS
A,delta,514,31700,SUCCESS
A,delta,515,28500,SUCCESS
A,delta,516,28300,SUCCESS
A,delta,517,13900,SUCCESS
A,delta,518,29500,SUCCESS
A,delta,519,28500,SUCCESS
A,delta,520,28200,SUCCESS
A,delta,521,13900,SUCCESS
A,delta,522,48600,SUCCESS
A,delta,523,36300,SUCCESS
A,delta,524,29700,SUCCESS
A,delta,525,24500,SUCCESS
A,delta,526,10200,SUCCESS
A,delta,527,35500,SUCCESS
A,delta,528,16200,SUCCESS
A,delta,529,10400,SUCCESS
A,delta,530,54300,SUCCESS
A,delta,531,46900,SUCCESS
A,delta,532,81900,SUCCESS
A,delta,533,33000,SUCCESS
A,delta,534,53600,SUCCESS
A,delta,535,23000,SUCCESS
A,delta,536,10200,SUCCESS
A,delta,537,19200,SUCCESS
A,delta,538,20700,SUCCESS
A,delta,539,16300,SUCCESS
A,delta,540,16600,SUCCESS
A,delta,541,12700,SUCCESS
A,delta,542,16300,SUCCESS
A,delta,543,17100,SUCCESS
A,delta,544,16500,SUCCESS
A,delta,545,31400,SUCCESS
A,delta,546,17100,SUCCESS
A,delta,547,47800,SUCCESS
A,delta,548,55300,SUCCESS
A,delta,549,11600,SUCCESS
A,delta,550,25300,SUCCESS
A,delta,551,19800,SUCCESS
A,delta,552,31500,SUCCESS
A,delta,553,34300,SUCCESS
A,delta,554,16400,SUCCESS
A,delta,555,54700,SUCCESS
A,delta,556,70800,SUCCESS
A,delta,557,11600,SUCCESS
A,delta,558,33300,SUCCESS
A,delta,559,13200,SUCCESS
A,delta,560,26300,SUCCESS
A,delta,561,30200,SUCCESS
A,delta,562,36500,SUCCESS
A,delta,563,57100,SUCCESS
A,delta,564,19400,SUCCESS
A,delta,565,38800,SUCCESS
A,delta,566,23500,SUCCESS
A,delta,567,14900,SUCCESS
A,delta,568,76400,SUCCESS
A,delta,569,68300,SUCCESS
A,delta,570,102700,SUCCESS
A,delta,571,13600,SUCCESS
A,delta,572,26500,SUCCESS
A,delta,573,15800,SUCCESS
A,delta,574,23700,SUCCESS
A,delta,575,16600,SUCCESS
A,delta,576,17300,SUCCESS
A,delta,577,30800,SUCCESS
A,delta,578,16800,SUCCESS
A,delta,579,66600,SUCCESS
A,delta,580,70200,SUCCESS
A,delta,581,78700,SUCCESS
A,delta,582,21200,SUCCESS
A,delta,583,7400,SUCCESS
A,delta,584,11400,SUCCESS
A,delta,585,29400,SUCCESS
A,delta,586,13600,SUCCESS
A,delta,587,53200,SUCCESS
A,delta,588,62100,SUCCESS
A,delta,589,56300,SUCCESS
A,delta,590,34800,SUCCESS
A,delta,591,30000,SUCCESS
A,delta,592,13300,SUCCESS
A,delta,593,29000,SUCCESS
A,delta,594,28800,SUCCESS
A,delta,595,13600,SUCCESS
A,delta,596,35700,SUCCESS
A,delta,597,28200,SUCCESS
A,delta,598,27900,SUCCESS
A,delta,599,13000,SUCCESS
A,delta,600,44700,SUCCESS
A,delta,601,32100,SUCCESS
A,delta,602,34200,SUCCESS
A,delta,603,29500,SUCCESS
A,delta,604,14800,SUCCESS
A,delta,605,28800,SUCCESS
A,delta,606,33000,SUCCESS
A,delta,607,16500,SUCCESS
A,delta,608,37300,SUCCESS
A,delta,609,32100,SUCCESS
A,delta,610,18400,SUCCESS
A,delta,611,10400,SUCCESS
A,delta,612,51100,SUCCESS
A,delta,613,32800,SUCCESS
A,delta,614,31200,SUCCESS
A,delta,615,28900,SUCCESS
A,delta,616,14800,SUCCESS
A,delta,617,28600,SUCCESS
A,delta,618,27800,SUCCESS
A,delta,619,13200,SUCCESS
A,delta,620,31700,SUCCESS
A,delta,621,13500,SUCCESS
A,delta,622,51700,SUCCESS
A,delta,623,76500,SUCCESS
A,delta,624,32700,SUCCESS
A,delta,625,48100,SUCCESS
A,delta,626,40400,SUCCESS
A,delta,627,44900,SUCCESS
A,delta,628,59800,SUCCESS
A,delta,629,31200,SUCCESS
A,delta,630,24300,SUCCESS
A,delta,631,32700,SUCCESS
A,delta,632,14700,SUCCESS
A,delta,633,36900,SUCCESS
A,delta,634,29900,SUCCESS
A,delta,635,14400,SUCCESS
A,delta,636,28400,SUCCESS
A,delta,637,27400,SUCCESS
A,delta,638,12900,SUCCESS
A,delta,639,35500,SUCCESS
A,delta,640,28100,SUCCESS
A,delta,641,9800,SUCCESS
A,delta,642,29700,SUCCESS
A,delta,643,15700,SUCCESS
A,delta,644,5400,SUCCESS
A,delta,645,33100,SUCCESS
A,delta,646,28200,SUCCESS
A,delta,647,13400,SUCCESS
A,delta,648,54500,SUCCESS
A,delta,649,10600,SUCCESS
A,delta,650,29300,SUCCESS
A,delta,651,29500,SUCCESS
A,delta,652,14000,SUCCESS
A,delta,653,20200,SUCCESS
A,delta,654,32400,SUCCESS
A,delta,655,29100,SUCCESS
A,delta,656,13100,SUCCESS
A,delta,657,45400,SUCCESS
A,delta,658,30700,SUCCESS
A,delta,659,18400,SUCCESS
A,delta,660,21400,SUCCESS
A,delta,661,10500,SUCCESS
A,delta,662,30000,SUCCESS
A,delta,663,11000,SUCCESS
A,delta,664,67400,SUCCESS
A,delta,665,65000,SUCCESS
A,delta,666,30900,SUCCESS
A,delta,667,15800,SUCCESS
A,delta,668,66000,SUCCESS
A,delta,669,70800,SUCCESS
A,delta,670,65200,SUCCESS
A,delta,671,30800,SUCCESS
A,delta,672,28500,SUCCESS
A,delta,673,13400,SUCCESS
A,delta,674,19100,SUCCESS
A,delta,675,35800,SUCCESS
A,delta,676,21300,SUCCESS
A,delta,677,33800,SUCCESS
A,delta,678,25900,SUCCESS
A,delta,679,31000,SUCCESS
A,delta,680,13200,SUCCESS
A,delta,681,47400,SUCCESS
A,delta,682,66600,SUCCESS
A,delta,683,29300,SUCCESS
A,delta,684,14000,SUCCESS
A,delta,685,54800,SUCCESS
A,delta,686,56400,SUCCESS
A,delta,687,18900,SUCCESS
A,delta,688,24200,SUCCESS
A,delta,689,10300,SUCCESS
A,delta,690,56300,SUCCESS
A,delta,691,34000,SUCCESS
A,delta,692,13900,SUCCESS
A,delta,693,44700,SUCCESS
A,delta,694,59500,SUCCESS
A,delta,695,38400,SUCCESS
A,delta,696,30800,SUCCESS
A,delta,697,16500,SUCCESS
A,delta,698,11900,SUCCESS
A,delta,699,30700,SUCCESS
A,delta,700,28900,SUCCESS
A,delta,701,15400,SUCCESS
A,delta,702,51700,SUCCESS
A,delta,703,61200,SUCCESS
A,delta,704,33100,SUCCESS
A,delta,705,11300,SUCCESS
A,delta,706,21100,SUCCESS
A,delta,707,9800,SUCCESS
A,delta,708,29300,SUCCESS
A,delta,709,44700,SUCCESS
A,delta,710,57900,SUCCESS
A,delta,711,48000,SUCCESS
A,delta,712,20300,SUCCESS
A,delta,713,4700,SUCCESS
A,delta,714,24000,SUCCESS
A,delta,715,19600,SUCCESS
A,delta,716,4600,SUCCESS
A,delta,717,24400,SUCCESS
A,delta,718,19300,SUCCESS
A,delta,719,4600,SUCCESS
A,delta,720,25600,SUCCESS
A,delta,721,19600,SUCCESS
A,delta,722,4600,SUCCESS
A,delta,723,24400,SUCCESS
A,delta,724,33100,SUCCESS
A,delta,725,19600,SUCCESS
A,delta,726,67500,SUCCESS
A,delta,727,68200,SUCCESS
A,delta,728,24400,SUCCESS
A,delta,729,21200,SUCCESS
A,delta,730,15500,SUCCESS
A,delta,731,20300,SUCCESS
A,delta,732,23300,SUCCESS
A,delta,733,19700,SUCCESS
A,delta,734,22000,SUCCESS
A,delta,735,31300,SUCCESS
A,delta,736,32000,SUCCESS
A,delta,737,11500,SUCCESS
A,delta,738,54200,SUCCESS
A,delta,739,33700,SUCCESS
A,delta,740,21000,SUCCESS
A,delta,741,31800,SUCCESS
A,delta,742,17700,SUCCESS
A,delta,743,15500,SUCCESS
A,delta,744,32100,SUCCESS
A,delta,745,28200,SUCCESS
A,delta,746,13900,SUCCESS
A,delta,747,49700,SUCCESS
A,delta,748,59500,SUCCESS
A,delta,749,41800,SUCCESS
A,delta,750,11700,SUCCESS
A,delta,751,29100,SUCCESS
A,delta,752,14900,SUCCESS
A,delta,753,56100,SUCCESS
A,delta,754,52300,SUCCESS
A,delta,755,26500,SUCCESS
A,delta,756,10200,SUCCESS
A,delta,757,15300,SUCCESS
A,delta,758,13300,SUCCESS
A,delta,759,15400,SUCCESS
A,delta,760,21900,SUCCESS
A,delta,761,28400,SUCCESS
A,delta,762,28900,SUCCESS
A,delta,763,28200,SUCCESS
A,delta,764,13000,SUCCESS
A,delta,765,44000,SUCCESS
A,delta,766,56500,SUCCESS
A,delta,767,61300,SUCCESS
A,delta,768,10900,SUCCESS
A,delta,769,20800,SUCCESS
A,delta,770,32200,SUCCESS
A,delta,771,12500,SUCCESS
A,delta,772,49500,SUCCESS
A,delta,773,41600,SUCCESS
A,delta,774,18500,SUCCESS
A,delta,775,36100,SUCCESS
A,delta,776,20600,SUCCESS
A,delta,777,10500,SUCCESS
A,delta,778,56000,SUCCESS
A,delta,779,48600,SUCCESS
A,delta,780,21000,SUCCESS
A,delta,781,10300,SUCCESS
A,delta,782,16000,SUCCESS
A,delta,783,18700,SUCCESS
A,delta,784,12900,SUCCESS
A,delta,785,20100,SUCCESS
A,delta,786,24000,SUCCESS
A,delta,787,4800,SUCCESS
A,delta,788,5000,SUCCESS
A,delta,789,19600,SUCCESS
A,delta,790,38800,SUCCESS
A,delta,791,28900,SUCCESS
A,delta,792,36300,SUCCESS
A,delta,793,6200,SUCCESS
A,delta,794,19300,SUCCESS
A,delta,795,18600,SUCCESS
A,delta,796,24100,SUCCESS
A,delta,797,6200,SUCCESS
A,delta,798,26300,SUCCESS
A,delta,799,7300,SUCCESS
A,delta,800,9200,SUCCESS
A,delta,801,23200,SUCCESS
A,delta,802,39100,SUCCESS
A,delta,803,27000,SUCCESS
A,delta,804,33900,SUCCESS
A,delta,805,5900,SUCCESS
A,delta,806,19500,SUCCESS
A,delta,807,19000,SUCCESS
A,delta,808,32500,SUCCESS
A,delta,809,14100,SUCCESS
A,delta,810,41100,SUCCESS
A,delta,811,54800,SUCCESS
A,delta,812,4800,SUCCESS
A,delta,813,19600,SUCCESS
A,delta,814,36200,SUCCESS
A,delta,815,19400,SUCCESS
A,delta,816,32200,SUCCESS
A,delta,817,5900,SUCCESS
A,delta,818,20300,SUCCESS
A,delta,819,11000,SUCCESS
A,delta,820,9900,SUCCESS
A,delta,821,29900,SUCCESS
A,delta,822,45600,SUCCESS
A,delta,823,51000,SUCCESS
A,delta,824,23800,SUCCESS
A,delta,825,27800,SUCCESS
A,delta,826,5900,SUCCESS
A,delta,827,24100,SUCCESS
A,delta,828,23800,SUCCESS
A,delta,829,5800,SUCCESS
A,delta,830,25500,SUCCESS
A,delta,831,25100,SUCCESS
A,delta,832,5500,SUCCESS
A,delta,833,27300,SUCCESS
A,delta,834,25700,SUCCESS
A,delta,835,17500,SUCCESS
A,delta,836,19900,SUCCESS
A,delta,837,22700,SUCCESS
A,delta,838,26900,SUCCESS
A,delta,839,8900,SUCCESS
A,delta,840,27900,SUCCESS
A,delta,841,9100,SUCCESS
A,delta,842,16200,SUCCESS
A,delta,843,19800,SUCCESS
A,delta,844,4800,SUCCESS
A,delta,845,27400,SUCCESS
A,delta,846,27400,SUCCESS
A,delta,847,21700,SUCCESS
A,delta,848,19500,SUCCESS
A,delta,849,19800,SUCCESS
A,delta,850,24500,SUCCESS
A,delta,851,6800,SUCCESS
A,delta,852,25300,SUCCESS
A,delta,853,6000,SUCCESS
A,delta,854,24000,SUCCESS
A,delta,855,25300,SUCCESS
A,delta,856,23000,SUCCESS
A,delta,857,21400,SUCCESS
A,delta,858,14000,SUCCESS
A,delta,859,8300,SUCCESS
A,delta,860,17300,SUCCESS
A,delta,861,11400,SUCCESS
A,delta,862,5700,SUCCESS
A,delta,863,8600,SUCCESS
A,delta,864,8300,SUCCESS
A,delta,865,4500,SUCCESS
A,delta,866,20100,SUCCESS
A,delta,867,32000,SUCCESS
A,delta,868,4900,SUCCESS
A,delta,869,49500,SUCCESS
A,delta,870,22500,SUCCESS
A,delta,871,42500,SUCCESS
A,delta,872,26500,SUCCESS
A,delta,873,37600,SUCCESS
A,delta,874,5800,SUCCESS
A,delta,875,20000,SUCCESS
A,delta,876,19500,SUCCESS
A,delta,877,24000,SUCCESS
A,delta,878,6800,SUCCESS
A,delta,879,27000,SUCCESS
A,delta,880,8500,SUCCESS
A,delta,881,5600,SUCCESS
A,delta,882,20800,SUCCESS
A,delta,883,36800,SUCCESS
A,delta,884,20800,SUCCESS
A,delta,885,31700,SUCCESS
A,delta,886,5600,SUCCESS
A,delta,887,20400,SUCCESS
A,delta,888,19400,SUCCESS
A,delta,889,25500,SUCCESS
A,delta,890,7500,SUCCESS
A,delta,891,26600,SUCCESS
A,delta,892,8000,SUCCESS
A,delta,893,5700,SUCCESS
A,delta,894,21000,SUCCESS
A,delta,895,37800,SUCCESS
A,delta,896,53300,SUCCESS
A,delta,897,47000,SUCCESS
A,delta,898,19900,SUCCESS
A,delta,899,4700,SUCCESS
A,delta,900,27900,SUCCESS
A,delta,901,9900,SUCCESS
A,delta,902,8400,SUCCESS
A,delta,903,22200,SUCCESS
A,delta,904,38300,SUCCESS
A,delta,905,27800,SUCCESS
A,delta,906,35400,SUCCESS
A,delta,907,6200,SUCCESS
A,delta,908,20500,SUCCESS
A,delta,909,21000,SUCCESS
A,delta,910,8700,SUCCESS
A,delta,911,9500,SUCCESS
A,delta,912,26800,SUCCESS
A,delta,913,42400,SUCCESS
A,delta,914,27300,SUCCESS
A,delta,915,28300,SUCCESS
A,delta,916,5200,SUCCESS
A,delta,917,19400,SUCCESS
A,delta,918,20300,SUCCESS
A,delta,919,25100,SUCCESS
A,delta,920,7500,SUCCESS
A,delta,921,26200,SUCCESS
A,delta,922,9500,SUCCESS
A,delta,923,21000,SUCCESS
A,delta,924,20800,SUCCESS
A,delta,925,4700,SUCCESS
A,delta,926,27100,SUCCESS
A,delta,927,27100,SUCCESS
A,delta,928,22400,SUCCESS
A,delta,929,19500,SUCCESS
A,delta,930,19800,SUCCESS
A,delta,931,25500,SUCCESS
A,delta,932,7500,SUCCESS
A,delta,933,26300,SUCCESS
A,delta,934,7700,SUCCESS
A,delta,935,4900,SUCCESS
A,delta,936,19400,SUCCESS
A,delta,937,35800,SUCCESS
A,delta,938,25000,SUCCESS
A,delta,939,31300,SUCCESS
A,delta,940,6200,SUCCESS
A,delta,941,19400,SUCCESS
A,delta,942,4600,SUCCESS
A,delta,943,19800,SUCCESS
A,delta,944,15300,SUCCESS
A,delta,945,11800,SUCCESS
A,delta,946,42200,SUCCESS
A,delta,947,19400,SUCCESS
A,delta,948,20300,SUCCESS
A,delta,949,25500,SUCCESS
A,delta,950,7600,SUCCESS
A,delta,951,26900,SUCCESS
A,delta,952,7500,SUCCESS
A,delta,953,21200,SUCCESS
A,delta,954,17400,SUCCESS
A,delta,955,41300,SUCCESS
A,delta,956,32900,SUCCESS
A,delta,957,44000,SUCCESS
A,delta,958,21200,SUCCESS
A,delta,959,5200,SUCCESS
A,delta,960,19600,SUCCESS
A,delta,961,4600,SUCCESS
A,delta,962,38000,SUCCESS
A,delta,963,20200,SUCCESS
A,delta,964,4600,SUCCESS
A,delta,965,21200,SUCCESS
A,delta,966,17300,SUCCESS
A,delta,967,13800,SUCCESS
A,delta,968,52100,SUCCESS
A,delta,969,51200,SUCCESS
A,delta,970,20000,SUCCESS
A,delta,971,4800,SUCCESS
A,delta,972,27500,SUCCESS
A,delta,973,26900,SUCCESS
A,delta,974,20700,SUCCESS
A,delta,975,20300,SUCCESS
A,delta,976,4700,SUCCESS
A,delta,977,26400,SUCCESS
A,delta,978,25600,SUCCESS
A,delta,979,19300,SUCCESS
A,delta,980,19900,SUCCESS
A,delta,981,4700,SUCCESS
A,delta,982,27000,SUCCESS
A,delta,983,26400,SUCCESS
A,delta,984,20700,SUCCESS
A,delta,985,19600,SUCCESS
A,delta,986,4600,SUCCESS
A,delta,987,27700,SUCCESS
A,delta,988,27000,SUCCESS
A,delta,989,20200,SUCCESS
A,delta,990,19800,SUCCESS
A,delta,991,4600,SUCCESS
A,delta,992,27200,SUCCESS
A,delta,993,26900,SUCCESS
A,delta,994,20700,SUCCESS
A,delta,995,19600,SUCCESS
A,delta,996,4800,SUCCESS
A,delta,997,26900,SUCCESS
A,delta,998,26200,SUCCESS
A,delta,999,20300,SUCCESS
A,epsilon,0,20300,SUCCESS
A,epsilon,1,4700,SUCCESS
A,epsilon,2,19400,SUCCESS
A,epsilon,3,14800,SUCCESS
A,epsilon,4,11200,SUCCESS
A,epsilon,5,47600,SUCCESS
A,epsilon,6,19500,SUCCESS
A,epsilon,7,23200,SUCCESS
A,epsilon,8,4700,SUCCESS
A,epsilon,9,7900,SUCCESS
A,epsilon,10,9500,SUCCESS
A,epsilon,11,28200,SUCCESS
A,epsilon,12,23400,SUCCESS
A,epsilon,13,50000,SUCCESS
A,epsilon,14,43800,SUCCESS
A,epsilon,15,19900,SUCCESS
A,epsilon,16,4800,SUCCESS
A,epsilon,17,20100,SUCCESS
A,epsilon,18,16400,SUCCESS
A,epsilon,19,41200,SUCCESS
A,epsilon,20,33300,SUCCESS
A,epsilon,21,41100,SUCCESS
A,epsilon,22,26300,SUCCESS
A,epsilon,23,8600,SUCCESS
A,epsilon,24,21500,SUCCESS
A,epsilon,25,16900,SUCCESS
A,epsilon,26,4700,SUCCESS
A,epsilon,27,47400,SUCCESS
A,epsilon,28,56400,SUCCESS
A,epsilon,29,20100,SUCCESS
A,epsilon,30,4600,SUCCESS
A,epsilon,31,26100,SUCCESS
A,epsilon,32,19600,SUCCESS
A,epsilon,33,4700,SUCCESS
A,epsilon,34,19200,SUCCESS
A,epsilon,35,15000,SUCCESS
A,epsilon,36,8400,SUCCESS
A,epsilon,37,41800,SUCCESS
A,epsilon,38,64200,SUCCESS
A,epsilon,39,19600,SUCCESS
A,epsilon,40,4600,SUCCESS
A,epsilon,41,25300,SUCCESS
A,epsilon,42,19600,SUCCESS
A,epsilon,43,4600,SUCCESS
A,epsilon,44,20100,SUCCESS
A,epsilon,45,16600,SUCCESS
A,epsilon,46,9200,SUCCESS
A,epsilon,47,52800,SUCCESS
A,epsilon,48,49700,SUCCESS
A,epsilon,49,20000,SUCCESS
A,epsilon,50,4600,SUCCESS
A,epsilon,51,26100,SUCCESS
A,epsilon,52,19600,SUCCESS
A,epsilon,53,4700,SUCCESS
A,epsilon,54,19600,SUCCESS
A,epsilon,55,14800,SUCCESS
A,epsilon,56,11200,SUCCESS
A,epsilon,57,47400,SUCCESS
A,epsilon,58,19600,SUCCESS
A,epsilon,59,4800,SUCCESS
A,epsilon,60,25800,SUCCESS
A,epsilon,61,20000,SUCCESS
A,epsilon,62,22400,SUCCESS
A,epsilon,63,4600,SUCCESS
A,epsilon,64,8500,SUCCESS
A,epsilon,65,5000,SUCCESS
A,epsilon,66,23000,SUCCESS
A,epsilon,67,18600,SUCCESS
A,epsilon,68,41200,SUCCESS
A,epsilon,69,8700,SUCCESS
A,epsilon,70,23300,SUCCESS
A,epsilon,71,19600,SUCCESS
A,epsilon,72,23500,SUCCESS
A,epsilon,73,4600,SUCCESS
A,epsilon,74,6600,SUCCESS
A,epsilon,75,70000,SUCCESS
A,epsilon,76,100500,SUCCESS
A,epsilon,77,84300,SUCCESS
A,epsilon,78,106800,SUCCESS
A,epsilon,79,106800,SUCCESS
A,epsilon,80,49300,SUCCESS
A,epsilon,81,20600,SUCCESS
A,epsilon,82,12000,SUCCESS
A,epsilon,83,8400,SUCCESS
A,epsilon,84,8000,SUCCESS
A,epsilon,85,10100,SUCCESS
A,epsilon,86,7900,SUCCESS
A,epsilon,87,4600,SUCCESS
A,epsilon,88,10800,SUCCESS
A,epsilon,89,5500,SUCCESS
A,epsilon,90,7600,SUCCESS
A,epsilon,91,7600,SUCCESS
A,epsilon,92,7900,SUCCESS
A,epsilon,93,4500,SUCCESS
A,epsilon,94,8200,SUCCESS
A,epsilon,95,13500,SUCCESS
A,epsilon,96,7700,SUCCESS
A,epsilon,97,99100,SUCCESS
A,epsilon,98,33100,SUCCESS
A,epsilon,99,57800,SUCCESS
A,epsilon,100,7900,SUCCESS
A,epsilon,101,5000,SUCCESS
A,epsilon,102,7500,SUCCESS
A,epsilon,103,7900,SUCCESS
A,epsilon,104,5400,SUCCESS
A,epsilon,105,7700,SUCCESS
A,epsilon,106,4800,SUCCESS
A,epsilon,107,7400,SUCCESS
A,epsilon,108,7700,SUCCESS
A,epsilon,109,4600,SUCCESS
A,epsilon,110,8000,SUCCESS
A,epsilon,111,4500,SUCCESS
A,epsilon,112,7600,SUCCESS
A,epsilon,113,7600,SUCCESS
A,epsilon,114,7600,SUCCESS
A,epsilon,115,7800,SUCCESS
A,epsilon,116,4500,SUCCESS
A,epsilon,117,7900,SUCCESS
A,epsilon,118,7700,SUCCESS
A,epsilon,119,4600,SUCCESS
A,epsilon,120,13600,SUCCESS
A,epsilon,121,5500,SUCCESS
A,epsilon,122,7600,SUCCESS
A,epsilon,123,7500,SUCCESS
A,epsilon,124,7600,SUCCESS
A,epsilon,125,4400,SUCCESS
A,epsilon,126,7600,SUCCESS
A,epsilon,127,5600,SUCCESS
A,epsilon,128,7800,SUCCESS
A,epsilon,129,4500,SUCCESS
A,epsilon,130,8000,SUCCESS
A,epsilon,131,5600,SUCCESS
A,epsilon,132,9900,SUCCESS
A,epsilon,133,7600,SUCCESS
A,epsilon,134,7700,SUCCESS
A,epsilon,135,5500,SUCCESS
A,epsilon,136,10600,SUCCESS
A,epsilon,137,5600,SUCCESS
A,epsilon,138,6500,SUCCESS
A,epsilon,139,4500,SUCCESS
A,epsilon,140,10700,SUCCESS
A,epsilon,141,5800,SUCCESS
A,epsilon,142,10300,SUCCESS
A,epsilon,143,4500,SUCCESS
A,epsilon,144,11300,SUCCESS
A,epsilon,145,20800,SUCCESS
A,epsilon,146,16700,SUCCESS
A,epsilon,147,4600,SUCCESS
A,epsilon,148,8800,SUCCESS
A,epsilon,149,20200,SUCCESS
A,epsilon,150,4500,SUCCESS
A,epsilon,151,19100,SUCCESS
A,epsilon,152,14700,SUCCESS
A,epsilon,153,11000,SUCCESS
A,epsilon,154,56000,SUCCESS
A,epsilon,155,49100,SUCCESS
A,epsilon,156,5500,SUCCESS
A,epsilon,157,21000,SUCCESS
A,epsilon,158,4500,SUCCESS
A,epsilon,159,18900,SUCCESS
A,epsilon,160,14300,SUCCESS
A,epsilon,161,9400,SUCCESS
A,epsilon,162,54300,SUCCESS
A,epsilon,163,51300,SUCCESS
A,epsilon,164,45300,SUCCESS
A,epsilon,165,30800,SUCCESS
A,epsilon,166,19700,SUCCESS
A,epsilon,167,4700,SUCCESS
A,epsilon,168,20600,SUCCESS
A,epsilon,169,16100,SUCCESS
A,epsilon,170,12100,SUCCESS
A,epsilon,171,46300,SUCCESS
A,epsilon,172,40400,SUCCESS
A,epsilon,173,40200,SUCCESS
A,epsilon,174,34300,SUCCESS
A,epsilon,175,19500,SUCCESS
A,epsilon,176,4700,SUCCESS
A,epsilon,177,26300,SUCCESS
A,epsilon,178,19400,SUCCESS
A,epsilon,179,4800,SUCCESS
A,epsilon,180,4500,SUCCESS
A,epsilon,181,21300,SUCCESS
A,epsilon,182,18000,SUCCESS
A,epsilon,183,50400,SUCCESS
A,epsilon,184,47300,SUCCESS
A,epsilon,185,40200,SUCCESS
A,epsilon,186,54800,SUCCESS
A,epsilon,187,37300,SUCCESS
A,epsilon,188,19700,SUCCESS
A,epsilon,189,15800,SUCCESS
A,epsilon,190,4600,SUCCESS
A,epsilon,191,29700,SUCCESS
A,epsilon,192,27900,SUCCESS
A,epsilon,193,24400,SUCCESS
A,epsilon,194,88500,SUCCESS
A,epsilon,195,83400,SUCCESS
A,epsilon,196,120800,SUCCESS
A,epsilon,197,103000,SUCCESS
A,epsilon,198,34900,SUCCESS
A,epsilon,199,22000,SUCCESS
A,epsilon,200,4800,SUCCESS
A,epsilon,201,19600,SUCCESS
A,epsilon,202,15000,SUCCESS
A,epsilon,203,11600,SUCCESS
A,epsilon,204,4700,SUCCESS
A,epsilon,205,4600,SUCCESS
A,epsilon,206,4600,SUCCESS
A,epsilon,207,4400,SUCCESS
A,epsilon,208,4400,SUCCESS
A,epsilon,209,57400,SUCCESS
A,epsilon,210,17900,SUCCESS
A,epsilon,211,4600,SUCCESS
A,epsilon,212,20300,SUCCESS
A,epsilon,213,15800,SUCCESS
A,epsilon,214,49100,SUCCESS
A,epsilon,215,4600,SUCCESS
A,epsilon,216,19400,SUCCESS
A,epsilon,217,4600,SUCCESS
A,epsilon,218,4500,SUCCESS
A,epsilon,219,4700,SUCCESS
A,epsilon,220,57100,SUCCESS
A,epsilon,221,17200,SUCCESS
A,epsilon,222,19400,SUCCESS
A,epsilon,223,4600,SUCCESS
A,epsilon,224,20500,SUCCESS
A,epsilon,225,16100,SUCCESS
A,epsilon,226,12400,SUCCESS
A,epsilon,227,46000,SUCCESS
A,epsilon,228,19400,SUCCESS
A,epsilon,229,4700,SUCCESS
A,epsilon,230,20000,SUCCESS
A,epsilon,231,15500,SUCCESS
A,epsilon,232,11800,SUCCESS
A,epsilon,233,8200,SUCCESS
A,epsilon,234,60600,SUCCESS
A,epsilon,235,19500,SUCCESS
A,epsilon,236,4700,SUCCESS
A,epsilon,237,25500,SUCCESS
A,epsilon,238,19400,SUCCESS
A,epsilon,239,4700,SUCCESS
A,epsilon,240,4600,SUCCESS
A,epsilon,241,21400,SUCCESS
A,epsilon,242,18100,SUCCESS
A,epsilon,243,49800,SUCCESS
A,epsilon,244,46600,SUCCESS
A,epsilon,245,39400,SUCCESS
A,epsilon,246,56100,SUCCESS
A,epsilon,247,38700,SUCCESS
A,epsilon,248,20000,SUCCESS
A,epsilon,249,15400,SUCCESS
A,epsilon,250,4600,SUCCESS
A,epsilon,251,20500,SUCCESS
A,epsilon,252,16400,SUCCESS
A,epsilon,253,13000,SUCCESS
A,epsilon,254,9500,SUCCESS
A,epsilon,255,70200,SUCCESS
A,epsilon,256,69800,SUCCESS
A,epsilon,257,19700,SUCCESS
A,epsilon,258,4700,SUCCESS
A,epsilon,259,18200,SUCCESS
A,epsilon,260,13700,SUCCESS
A,epsilon,261,10100,SUCCESS
A,epsilon,262,58800,SUCCESS
A,epsilon,263,55600,SUCCESS
A,epsilon,264,30900,SUCCESS
A,epsilon,265,31300,SUCCESS
A,epsilon,266,19700,SUCCESS
A,epsilon,267,4700,SUCCESS
A,epsilon,268,19700,SUCCESS
A,epsilon,269,15100,SUCCESS
A,epsilon,270,11500,SUCCESS
A,epsilon,271,7900,SUCCESS
A,epsilon,272,59100,SUCCESS
A,epsilon,273,20700,SUCCESS
A,epsilon,274,4700,SUCCESS
A,epsilon,275,19000,SUCCESS
A,epsilon,276,14500,SUCCESS
A,epsilon,277,11000,SUCCESS
A,epsilon,278,4600,SUCCESS
A,epsilon,279,4700,SUCCESS
A,epsilon,280,4500,SUCCESS
A,epsilon,281,4500,SUCCESS
A,epsilon,282,4400,SUCCESS
A,epsilon,283,37400,SUCCESS
A,epsilon,284,34500,SUCCESS
A,epsilon,285,34100,SUCCESS
A,epsilon,286,58100,SUCCESS
A,epsilon,287,35600,SUCCESS
A,epsilon,288,19500,SUCCESS
A,epsilon,289,15200,SUCCESS
A,epsilon,290,4600,SUCCESS
A,epsilon,291,19000,SUCCESS
A,epsilon,292,14600,SUCCESS
A,epsilon,293,10800,SUCCESS
A,epsilon,294,66300,SUCCESS
A,epsilon,295,59100,SUCCESS
A,epsilon,296,19800,SUCCESS
A,epsilon,297,4800,SUCCESS
A,epsilon,298,4500,SUCCESS
A,epsilon,299,21100,SUCCESS
A,epsilon,300,16600,SUCCESS
A,epsilon,301,12900,SUCCESS
A,epsilon,302,59000,SUCCESS
A,epsilon,303,56300,SUCCESS
A,epsilon,304,54700,SUCCESS
A,epsilon,305,24600,SUCCESS
A,epsilon,306,5600,SUCCESS
A,epsilon,307,4800,SUCCESS
A,epsilon,308,19300,SUCCESS
A,epsilon,309,4600,SUCCESS
A,epsilon,310,4600,SUCCESS
A,epsilon,311,20800,SUCCESS
A,epsilon,312,16100,SUCCESS
A,epsilon,313,12400,SUCCESS
A,epsilon,314,59800,SUCCESS
A,epsilon,315,51200,SUCCESS
A,epsilon,316,20100,SUCCESS
A,epsilon,317,4700,SUCCESS
A,epsilon,318,4500,SUCCESS
A,epsilon,319,20300,SUCCESS
A,epsilon,320,15900,SUCCESS
A,epsilon,321,12200,SUCCESS
A,epsilon,322,58900,SUCCESS
A,epsilon,323,56100,SUCCESS
A,epsilon,324,51600,SUCCESS
A,epsilon,325,28200,SUCCESS
A,epsilon,326,26700,SUCCESS
A,epsilon,327,8000,SUCCESS
A,epsilon,328,21400,SUCCESS
A,epsilon,329,17000,SUCCESS
A,epsilon,330,13400,SUCCESS
A,epsilon,331,5700,SUCCESS
A,epsilon,332,4700,SUCCESS
A,epsilon,333,4600,SUCCESS
A,epsilon,334,58600,SUCCESS
A,epsilon,335,19200,SUCCESS
A,epsilon,336,4600,SUCCESS
A,epsilon,337,19600,SUCCESS
A,epsilon,338,15100,SUCCESS
A,epsilon,339,54900,SUCCESS
A,epsilon,340,19700,SUCCESS
A,epsilon,341,19500,SUCCESS
A,epsilon,342,4800,SUCCESS
A,epsilon,343,4600,SUCCESS
A,epsilon,344,4600,SUCCESS
A,epsilon,345,58300,SUCCESS
A,epsilon,346,28900,SUCCESS
A,epsilon,347,4600,SUCCESS
A,epsilon,348,19600,SUCCESS
A,epsilon,349,14900,SUCCESS
A,epsilon,350,4600,SUCCESS
A,epsilon,351,19000,SUCCESS
A,epsilon,352,14600,SUCCESS
A,epsilon,353,52200,SUCCESS
A,epsilon,354,48900,SUCCESS
A,epsilon,355,46200,SUCCESS
A,epsilon,356,58000,SUCCESS
A,epsilon,357,37600,SUCCESS
A,epsilon,358,19600,SUCCESS
A,epsilon,359,15300,SUCCESS
A,epsilon,360,4700,SUCCESS
A,epsilon,361,18700,SUCCESS
A,epsilon,362,14200,SUCCESS
A,epsilon,363,10500,SUCCESS
A,epsilon,364,65900,SUCCESS
A,epsilon,365,59100,SUCCESS
A,epsilon,366,20700,SUCCESS
A,epsilon,367,4800,SUCCESS
A,epsilon,368,4600,SUCCESS
A,epsilon,369,20500,SUCCESS
A,epsilon,370,15900,SUCCESS
A,epsilon,371,12200,SUCCESS
A,epsilon,372,56900,SUCCESS
A,epsilon,373,54100,SUCCESS
A,epsilon,374,50700,SUCCESS
A,epsilon,375,22500,SUCCESS
A,epsilon,376,4800,SUCCESS
A,epsilon,377,4900,SUCCESS
A,epsilon,378,19600,SUCCESS
A,epsilon,379,4600,SUCCESS
A,epsilon,380,4600,SUCCESS
A,epsilon,381,18400,SUCCESS
A,epsilon,382,13800,SUCCESS
A,epsilon,383,10200,SUCCESS
A,epsilon,384,55400,SUCCESS
A,epsilon,385,47800,SUCCESS
A,epsilon,386,19900,SUCCESS
A,epsilon,387,4600,SUCCESS
A,epsilon,388,4500,SUCCESS
A,epsilon,389,20400,SUCCESS
A,epsilon,390,16000,SUCCESS
A,epsilon,391,12500,SUCCESS
A,epsilon,392,57800,SUCCESS
A,epsilon,393,54900,SUCCESS
A,epsilon,394,52800,SUCCESS
A,epsilon,395,26600,SUCCESS
A,epsilon,396,26900,SUCCESS
A,epsilon,397,7200,SUCCESS
A,epsilon,398,20000,SUCCESS
A,epsilon,399,15500,SUCCESS
A,epsilon,400,11700,SUCCESS
A,epsilon,401,8800,SUCCESS
A,epsilon,402,4800,SUCCESS
A,epsilon,403,4600,SUCCESS
A,epsilon,404,55900,SUCCESS
A,epsilon,405,29000,SUCCESS
A,epsilon,406,20200,SUCCESS
A,epsilon,407,4700,SUCCESS
A,epsilon,408,4500,SUCCESS
A,epsilon,409,20400,SUCCESS
A,epsilon,410,15800,SUCCESS
A,epsilon,411,12100,SUCCESS
A,epsilon,412,57000,SUCCESS
A,epsilon,413,54000,SUCCESS
A,epsilon,414,51000,SUCCESS
A,epsilon,415,21600,SUCCESS
A,epsilon,416,4800,SUCCESS
A,epsilon,417,4900,SUCCESS
A,epsilon,418,19900,SUCCESS
A,epsilon,419,4600,SUCCESS
A,epsilon,420,4600,SUCCESS
A,epsilon,421,20800,SUCCESS
A,epsilon,422,16300,SUCCESS
A,epsilon,423,12600,SUCCESS
A,epsilon,424,58200,SUCCESS
A,epsilon,425,50100,SUCCESS
A,epsilon,426,20700,SUCCESS
A,epsilon,427,4800,SUCCESS
A,epsilon,428,4500,SUCCESS
A,epsilon,429,36800,SUCCESS
A,epsilon,430,32400,SUCCESS
A,epsilon,431,28700,SUCCESS
A,epsilon,432,14700,SUCCESS
A,epsilon,433,76200,SUCCESS
A,epsilon,434,73400,SUCCESS
A,epsilon,435,9500,SUCCESS
A,epsilon,436,25400,SUCCESS
A,epsilon,437,27500,SUCCESS
A,epsilon,438,5900,SUCCESS
A,epsilon,439,19500,SUCCESS
A,epsilon,440,14700,SUCCESS
A,epsilon,441,11000,SUCCESS
A,epsilon,442,29700,SUCCESS
A,epsilon,443,19700,SUCCESS
A,epsilon,444,4600,SUCCESS
A,epsilon,445,18600,SUCCESS
A,epsilon,446,14000,SUCCESS
A,epsilon,447,10300,SUCCESS
A,epsilon,448,6800,SUCCESS
A,epsilon,449,50000,SUCCESS
A,epsilon,450,20000,SUCCESS
A,epsilon,451,4700,SUCCESS
A,epsilon,452,24300,SUCCESS
A,epsilon,453,74100,SUCCESS
A,epsilon,454,71800,SUCCESS
A,epsilon,455,122300,SUCCESS
A,epsilon,456,118800,SUCCESS
A,epsilon,457,94700,SUCCESS
A,epsilon,458,124400,SUCCESS
A,epsilon,459,110400,SUCCESS
A,epsilon,460,26500,SUCCESS
A,epsilon,461,21000,SUCCESS
A,epsilon,462,22900,SUCCESS
A,epsilon,463,15400,SUCCESS
A,epsilon,464,27400,SUCCESS
A,epsilon,465,22200,SUCCESS
A,epsilon,466,12900,SUCCESS
A,epsilon,467,48600,SUCCESS
A,epsilon,468,14300,SUCCESS
A,epsilon,469,10300,SUCCESS
A,epsilon,470,4700,SUCCESS
A,epsilon,471,9900,SUCCESS
A,epsilon,472,4800,SUCCESS
A,epsilon,473,8400,SUCCESS
A,epsilon,474,5700,SUCCESS
A,epsilon,475,11800,SUCCESS
A,epsilon,476,7400,SUCCESS
A,epsilon,477,25600,SUCCESS
A,epsilon,478,34300,SUCCESS
A,epsilon,479,6800,SUCCESS
A,epsilon,480,4700,SUCCESS
A,epsilon,481,22100,SUCCESS
A,epsilon,482,17500,SUCCESS
A,epsilon,483,53900,SUCCESS
A,epsilon,484,50300,SUCCESS
A,epsilon,485,81300,SUCCESS
A,epsilon,486,21000,SUCCESS
A,epsilon,487,20400,SUCCESS
A,epsilon,488,4600,SUCCESS
A,epsilon,489,19700,SUCCESS
A,epsilon,490,15100,SUCCESS
A,epsilon,491,10600,SUCCESS
A,epsilon,492,52100,SUCCESS
A,epsilon,493,48900,SUCCESS
A,epsilon,494,45600,SUCCESS
A,epsilon,495,30900,SUCCESS
A,epsilon,496,19700,SUCCESS
A,epsilon,497,4800,SUCCESS
A,epsilon,498,19100,SUCCESS
A,epsilon,499,14400,SUCCESS
A,epsilon,500,10000,SUCCESS
A,epsilon,501,6300,SUCCESS
A,epsilon,502,63200,SUCCESS
A,epsilon,503,19400,SUCCESS
A,epsilon,504,4700,SUCCESS
A,epsilon,505,19800,SUCCESS
A,epsilon,506,15100,SUCCESS
A,epsilon,507,11800,SUCCESS
A,epsilon,508,4700,SUCCESS
A,epsilon,509,50200,SUCCESS
A,epsilon,510,51400,SUCCESS
A,epsilon,511,19500,SUCCESS
A,epsilon,512,15000,SUCCESS
A,epsilon,513,4600,SUCCESS
A,epsilon,514,21000,SUCCESS
A,epsilon,515,16300,SUCCESS
A,epsilon,516,12700,SUCCESS
A,epsilon,517,58600,SUCCESS
A,epsilon,518,55700,SUCCESS
A,epsilon,519,54900,SUCCESS
A,epsilon,520,29500,SUCCESS
A,epsilon,521,27400,SUCCESS
A,epsilon,522,9600,SUCCESS
A,epsilon,523,23000,SUCCESS
A,epsilon,524,18400,SUCCESS
A,epsilon,525,14800,SUCCESS
A,epsilon,526,5000,SUCCESS
A,epsilon,527,26800,SUCCESS
A,epsilon,528,19900,SUCCESS
A,epsilon,529,4700,SUCCESS
A,epsilon,530,19400,SUCCESS
A,epsilon,531,14800,SUCCESS
A,epsilon,532,10300,SUCCESS
A,epsilon,533,4800,SUCCESS
A,epsilon,534,4600,SUCCESS
A,epsilon,535,4700,SUCCESS
A,epsilon,536,4400,SUCCESS
A,epsilon,537,4400,SUCCESS
A,epsilon,538,58000,SUCCESS
A,epsilon,539,55300,SUCCESS
A,epsilon,540,31400,SUCCESS
A,epsilon,541,21700,SUCCESS
A,epsilon,542,7900,SUCCESS
A,epsilon,543,21400,SUCCESS
A,epsilon,544,17200,SUCCESS
A,epsilon,545,4500,SUCCESS
A,epsilon,546,4700,SUCCESS
A,epsilon,547,38800,SUCCESS
A,epsilon,548,19800,SUCCESS
A,epsilon,549,4700,SUCCESS
A,epsilon,550,19500,SUCCESS
A,epsilon,551,15000,SUCCESS
A,epsilon,552,11500,SUCCESS
A,epsilon,553,4800,SUCCESS
A,epsilon,554,49800,SUCCESS
A,epsilon,555,51300,SUCCESS
A,epsilon,556,19900,SUCCESS
A,epsilon,557,15300,SUCCESS
A,epsilon,558,4500,SUCCESS
A,epsilon,559,20600,SUCCESS
A,epsilon,560,16100,SUCCESS
A,epsilon,561,12500,SUCCESS
A,epsilon,562,58200,SUCCESS
A,epsilon,563,55500,SUCCESS
A,epsilon,564,54600,SUCCESS
A,epsilon,565,28600,SUCCESS
A,epsilon,566,27200,SUCCESS
A,epsilon,567,9600,SUCCESS
A,epsilon,568,23200,SUCCESS
A,epsilon,569,18500,SUCCESS
A,epsilon,570,14000,SUCCESS
A,epsilon,571,4800,SUCCESS
A,epsilon,572,26000,SUCCESS
A,epsilon,573,19900,SUCCESS
A,epsilon,574,4700,SUCCESS
A,epsilon,575,19100,SUCCESS
A,epsilon,576,14600,SUCCESS
A,epsilon,577,11000,SUCCESS
A,epsilon,578,4800,SUCCESS
A,epsilon,579,4600,SUCCESS
A,epsilon,580,4600,SUCCESS
A,epsilon,581,4500,SUCCESS
A,epsilon,582,4400,SUCCESS
A,epsilon,583,37800,SUCCESS
A,epsilon,584,34600,SUCCESS
A,epsilon,585,68300,SUCCESS
A,epsilon,586,30800,SUCCESS
A,epsilon,587,4600,SUCCESS
A,epsilon,588,18900,SUCCESS
A,epsilon,589,14600,SUCCESS
A,epsilon,590,4700,SUCCESS
A,epsilon,591,19000,SUCCESS
A,epsilon,592,14600,SUCCESS
A,epsilon,593,10900,SUCCESS
A,epsilon,594,66900,SUCCESS
A,epsilon,595,60300,SUCCESS
A,epsilon,596,19900,SUCCESS
A,epsilon,597,4800,SUCCESS
A,epsilon,598,4400,SUCCESS
A,epsilon,599,21200,SUCCESS
A,epsilon,600,16700,SUCCESS
A,epsilon,601,13000,SUCCESS
A,epsilon,602,58600,SUCCESS
A,epsilon,603,55800,SUCCESS
A,epsilon,604,55000,SUCCESS
A,epsilon,605,24000,SUCCESS
A,epsilon,606,6400,SUCCESS
A,epsilon,607,7700,SUCCESS
A,epsilon,608,20000,SUCCESS
A,epsilon,609,4700,SUCCESS
A,epsilon,610,4600,SUCCESS
A,epsilon,611,20800,SUCCESS
A,epsilon,612,16600,SUCCESS
A,epsilon,613,13300,SUCCESS
A,epsilon,614,9700,SUCCESS
A,epsilon,615,52700,SUCCESS
A,epsilon,616,52500,SUCCESS
A,epsilon,617,20100,SUCCESS
A,epsilon,618,4600,SUCCESS
A,epsilon,619,19800,SUCCESS
A,epsilon,620,15300,SUCCESS
A,epsilon,621,11600,SUCCESS
A,epsilon,622,57300,SUCCESS
A,epsilon,623,54100,SUCCESS
A,epsilon,624,47300,SUCCESS
A,epsilon,625,30700,SUCCESS
A,epsilon,626,19600,SUCCESS
A,epsilon,627,4700,SUCCESS
A,epsilon,628,20300,SUCCESS
A,epsilon,629,15900,SUCCESS
A,epsilon,630,12200,SUCCESS
A,epsilon,631,9000,SUCCESS
A,epsilon,632,4600,SUCCESS
A,epsilon,633,4800,SUCCESS
A,epsilon,634,4500,SUCCESS
A,epsilon,635,4500,SUCCESS
A,epsilon,636,4400,SUCCESS
A,epsilon,637,4400,SUCCESS
A,epsilon,638,56800,SUCCESS
A,epsilon,639,53800,SUCCESS
A,epsilon,640,18200,SUCCESS
A,epsilon,641,35300,SUCCESS
A,epsilon,642,19900,SUCCESS
A,epsilon,643,4700,SUCCESS
A,epsilon,644,19500,SUCCESS
A,epsilon,645,15200,SUCCESS
A,epsilon,646,51100,SUCCESS
A,epsilon,647,41900,SUCCESS
A,epsilon,648,38600,SUCCESS
A,epsilon,649,31200,SUCCESS
A,epsilon,650,26900,SUCCESS
A,epsilon,651,8300,SUCCESS
A,epsilon,652,27000,SUCCESS
A,epsilon,653,19900,SUCCESS
A,epsilon,654,4900,SUCCESS
A,epsilon,655,4700,SUCCESS
A,epsilon,656,20900,SUCCESS
A,epsilon,657,16500,SUCCESS
A,epsilon,658,13100,SUCCESS
A,epsilon,659,9300,SUCCESS
A,epsilon,660,51800,SUCCESS
A,epsilon,661,51400,SUCCESS
A,epsilon,662,19600,SUCCESS
A,epsilon,663,4800,SUCCESS
A,epsilon,664,19800,SUCCESS
A,epsilon,665,15000,SUCCESS
A,epsilon,666,11200,SUCCESS
A,epsilon,667,57200,SUCCESS
A,epsilon,668,54100,SUCCESS
A,epsilon,669,47700,SUCCESS
A,epsilon,670,31100,SUCCESS
A,epsilon,671,19700,SUCCESS
A,epsilon,672,4900,SUCCESS
A,epsilon,673,18700,SUCCESS
A,epsilon,674,14200,SUCCESS
A,epsilon,675,10400,SUCCESS
A,epsilon,676,6600,SUCCESS
A,epsilon,677,59500,SUCCESS
A,epsilon,678,19400,SUCCESS
A,epsilon,679,4700,SUCCESS
A,epsilon,680,18500,SUCCESS
A,epsilon,681,13700,SUCCESS
A,epsilon,682,10000,SUCCESS
A,epsilon,683,7300,SUCCESS
A,epsilon,684,8000,SUCCESS
A,epsilon,685,4800,SUCCESS
A,epsilon,686,4500,SUCCESS
A,epsilon,687,4500,SUCCESS
A,epsilon,688,36700,SUCCESS
A,epsilon,689,33300,SUCCESS
A,epsilon,690,67200,SUCCESS
A,epsilon,691,30800,SUCCESS
A,epsilon,692,4500,SUCCESS
A,epsilon,693,19100,SUCCESS
A,epsilon,694,14500,SUCCESS
A,epsilon,695,4600,SUCCESS
A,epsilon,696,18900,SUCCESS
A,epsilon,697,14300,SUCCESS
A,epsilon,698,10600,SUCCESS
A,epsilon,699,65300,SUCCESS
A,epsilon,700,59400,SUCCESS
A,epsilon,701,19700,SUCCESS
A,epsilon,702,4600,SUCCESS
A,epsilon,703,4500,SUCCESS
A,epsilon,704,20800,SUCCESS
A,epsilon,705,16200,SUCCESS
A,epsilon,706,12600,SUCCESS
A,epsilon,707,57600,SUCCESS
A,epsilon,708,54800,SUCCESS
A,epsilon,709,54600,SUCCESS
A,epsilon,710,28600,SUCCESS
A,epsilon,711,26900,SUCCESS
A,epsilon,712,9300,SUCCESS
A,epsilon,713,22900,SUCCESS
A,epsilon,714,18200,SUCCESS
A,epsilon,715,13400,SUCCESS
A,epsilon,716,4400,SUCCESS
A,epsilon,717,24700,SUCCESS
A,epsilon,718,19800,SUCCESS
A,epsilon,719,4500,SUCCESS
A,epsilon,720,20300,SUCCESS
A,epsilon,721,16000,SUCCESS
A,epsilon,722,12600,SUCCESS
A,epsilon,723,4300,SUCCESS
A,epsilon,724,48900,SUCCESS
A,epsilon,725,50200,SUCCESS
A,epsilon,726,19700,SUCCESS
A,epsilon,727,4600,SUCCESS
A,epsilon,728,4500,SUCCESS
A,epsilon,729,21200,SUCCESS
A,epsilon,730,16700,SUCCESS
A,epsilon,731,13000,SUCCESS
A,epsilon,732,57700,SUCCESS
A,epsilon,733,54700,SUCCESS
A,epsilon,734,54500,SUCCESS
A,epsilon,735,28600,SUCCESS
A,epsilon,736,27000,SUCCESS
A,epsilon,737,9300,SUCCESS
A,epsilon,738,22900,SUCCESS
A,epsilon,739,18200,SUCCESS
A,epsilon,740,14600,SUCCESS
A,epsilon,741,4800,SUCCESS
A,epsilon,742,26900,SUCCESS
A,epsilon,743,20000,SUCCESS
A,epsilon,744,4700,SUCCESS
A,epsilon,745,20300,SUCCESS
A,epsilon,746,15700,SUCCESS
A,epsilon,747,12000,SUCCESS
A,epsilon,748,4700,SUCCESS
A,epsilon,749,4600,SUCCESS
A,epsilon,750,4600,SUCCESS
A,epsilon,751,4400,SUCCESS
A,epsilon,752,4500,SUCCESS
A,epsilon,753,42900,SUCCESS
A,epsilon,754,39900,SUCCESS
A,epsilon,755,38000,SUCCESS
A,epsilon,756,77400,SUCCESS
A,epsilon,757,28300,SUCCESS
A,epsilon,758,11000,SUCCESS
A,epsilon,759,23900,SUCCESS
A,epsilon,760,19200,SUCCESS
A,epsilon,761,57700,SUCCESS
A,epsilon,762,54900,SUCCESS
A,epsilon,763,25100,SUCCESS
A,epsilon,764,21900,SUCCESS
A,epsilon,765,4600,SUCCESS
A,epsilon,766,19200,SUCCESS
A,epsilon,767,14700,SUCCESS
A,epsilon,768,11100,SUCCESS
A,epsilon,769,4600,SUCCESS
A,epsilon,770,4700,SUCCESS
A,epsilon,771,4400,SUCCESS
A,epsilon,772,4500,SUCCESS
A,epsilon,773,4500,SUCCESS
A,epsilon,774,57700,SUCCESS
A,epsilon,775,30100,SUCCESS
A,epsilon,776,4600,SUCCESS
A,epsilon,777,19100,SUCCESS
A,epsilon,778,14400,SUCCESS
A,epsilon,779,54200,SUCCESS
A,epsilon,780,20800,SUCCESS
A,epsilon,781,19700,SUCCESS
A,epsilon,782,4800,SUCCESS
A,epsilon,783,4500,SUCCESS
A,epsilon,784,4600,SUCCESS
A,epsilon,785,57500,SUCCESS
A,epsilon,786,29700,SUCCESS
A,epsilon,787,4600,SUCCESS
A,epsilon,788,20400,SUCCESS
A,epsilon,789,15900,SUCCESS
A,epsilon,790,4700,SUCCESS
A,epsilon,791,19800,SUCCESS
A,epsilon,792,15200,SUCCESS
A,epsilon,793,49700,SUCCESS
A,epsilon,794,47900,SUCCESS
A,epsilon,795,44400,SUCCESS
A,epsilon,796,88300,SUCCESS
A,epsilon,797,8300,SUCCESS
A,epsilon,798,19600,SUCCESS
A,epsilon,799,15200,SUCCESS
A,epsilon,800,4700,SUCCESS
A,epsilon,801,20400,SUCCESS
A,epsilon,802,15800,SUCCESS
A,epsilon,803,49100,SUCCESS
A,epsilon,804,45700,SUCCESS
A,epsilon,805,40300,SUCCESS
A,epsilon,806,74400,SUCCESS
A,epsilon,807,37900,SUCCESS
A,epsilon,808,19800,SUCCESS
A,epsilon,809,15400,SUCCESS
A,epsilon,810,4700,SUCCESS
A,epsilon,811,19800,SUCCESS
A,epsilon,812,15300,SUCCESS
A,epsilon,813,11600,SUCCESS
A,epsilon,814,8700,SUCCESS
A,epsilon,815,60400,SUCCESS
A,epsilon,816,61500,SUCCESS
A,epsilon,817,19500,SUCCESS
A,epsilon,818,15000,SUCCESS
A,epsilon,819,49400,SUCCESS
A,epsilon,820,4600,SUCCESS
A,epsilon,821,19100,SUCCESS
A,epsilon,822,4500,SUCCESS
A,epsilon,823,4600,SUCCESS
A,epsilon,824,4600,SUCCESS
A,epsilon,825,57200,SUCCESS
A,epsilon,826,17900,SUCCESS
A,epsilon,827,4700,SUCCESS
A,epsilon,828,19100,SUCCESS
A,epsilon,829,14500,SUCCESS
A,epsilon,830,4600,SUCCESS
A,epsilon,831,20400,SUCCESS
A,epsilon,832,15900,SUCCESS
A,epsilon,833,49900,SUCCESS
A,epsilon,834,46900,SUCCESS
A,epsilon,835,43800,SUCCESS
A,epsilon,836,75400,SUCCESS
A,epsilon,837,37100,SUCCESS
A,epsilon,838,19700,SUCCESS
A,epsilon,839,15300,SUCCESS
A,epsilon,840,4600,SUCCESS
A,epsilon,841,19300,SUCCESS
A,epsilon,842,15100,SUCCESS
A,epsilon,843,11700,SUCCESS
A,epsilon,844,8000,SUCCESS
A,epsilon,845,61000,SUCCESS
A,epsilon,846,60500,SUCCESS
A,epsilon,847,19700,SUCCESS
A,epsilon,848,4600,SUCCESS
A,epsilon,849,18600,SUCCESS
A,epsilon,850,14000,SUCCESS
A,epsilon,851,9300,SUCCESS
A,epsilon,852,55100,SUCCESS
A,epsilon,853,51900,SUCCESS
A,epsilon,854,76800,SUCCESS
A,epsilon,855,19700,SUCCESS
A,epsilon,856,4600,SUCCESS
A,epsilon,857,21500,SUCCESS
A,epsilon,858,19500,SUCCESS
A,epsilon,859,4700,SUCCESS
A,epsilon,860,4500,SUCCESS
A,epsilon,861,21000,SUCCESS
A,epsilon,862,17500,SUCCESS
A,epsilon,863,49900,SUCCESS
A,epsilon,864,46700,SUCCESS
A,epsilon,865,39700,SUCCESS
A,epsilon,866,53900,SUCCESS
A,epsilon,867,36600,SUCCESS
A,epsilon,868,19600,SUCCESS
A,epsilon,869,15000,SUCCESS
A,epsilon,870,4600,SUCCESS
A,epsilon,871,19600,SUCCESS
A,epsilon,872,15000,SUCCESS
A,epsilon,873,11300,SUCCESS
A,epsilon,874,66400,SUCCESS
A,epsilon,875,59900,SUCCESS
A,epsilon,876,19200,SUCCESS
A,epsilon,877,4900,SUCCESS
A,epsilon,878,4500,SUCCESS
A,epsilon,879,21300,SUCCESS
A,epsilon,880,16700,SUCCESS
A,epsilon,881,13000,SUCCESS
A,epsilon,882,57100,SUCCESS
A,epsilon,883,54400,SUCCESS
A,epsilon,884,53500,SUCCESS
A,epsilon,885,24100,SUCCESS
A,epsilon,886,5900,SUCCESS
A,epsilon,887,5800,SUCCESS
A,epsilon,888,19500,SUCCESS
A,epsilon,889,4700,SUCCESS
A,epsilon,890,4500,SUCCESS
A,epsilon,891,19900,SUCCESS
A,epsilon,892,15300,SUCCESS
A,epsilon,893,11500,SUCCESS
A,epsilon,894,56800,SUCCESS
A,epsilon,895,49800,SUCCESS
A,epsilon,896,19400,SUCCESS
A,epsilon,897,4600,SUCCESS
A,epsilon,898,4500,SUCCESS
A,epsilon,899,21000,SUCCESS
A,epsilon,900,16400,SUCCESS
A,epsilon,901,12900,SUCCESS
A,epsilon,902,57600,SUCCESS
A,epsilon,903,54700,SUCCESS
A,epsilon,904,53600,SUCCESS
A,epsilon,905,28300,SUCCESS
A,epsilon,906,27100,SUCCESS
A,epsilon,907,9200,SUCCESS
A,epsilon,908,22400,SUCCESS
A,epsilon,909,17700,SUCCESS
A,epsilon,910,12900,SUCCESS
A,epsilon,911,4700,SUCCESS
A,epsilon,912,24900,SUCCESS
A,epsilon,913,19600,SUCCESS
A,epsilon,914,16100,SUCCESS
A,epsilon,915,27400,SUCCESS
A,epsilon,916,24800,SUCCESS
A,epsilon,917,20300,SUCCESS
A,epsilon,918,12900,SUCCESS
A,epsilon,919,88900,SUCCESS
A,epsilon,920,51500,SUCCESS
A,epsilon,921,20800,SUCCESS
A,epsilon,922,4600,SUCCESS
A,epsilon,923,20700,SUCCESS
A,epsilon,924,16400,SUCCESS
A,epsilon,925,11800,SUCCESS
A,epsilon,926,54000,SUCCESS
A,epsilon,927,50800,SUCCESS
A,epsilon,928,51100,SUCCESS
A,epsilon,929,4700,SUCCESS
A,epsilon,930,28700,SUCCESS
A,epsilon,931,26900,SUCCESS
A,epsilon,932,9200,SUCCESS
A,epsilon,933,22500,SUCCESS
A,epsilon,934,18100,SUCCESS
A,epsilon,935,14300,SUCCESS
A,epsilon,936,4700,SUCCESS
A,epsilon,937,26000,SUCCESS
A,epsilon,938,19800,SUCCESS
A,epsilon,939,4600,SUCCESS
A,epsilon,940,19800,SUCCESS
A,epsilon,941,15200,SUCCESS
A,epsilon,942,11600,SUCCESS
A,epsilon,943,4700,SUCCESS
A,epsilon,944,4600,SUCCESS
A,epsilon,945,4600,SUCCESS
A,epsilon,946,4500,SUCCESS
A,epsilon,947,4500,SUCCESS
A,epsilon,948,36700,SUCCESS
A,epsilon,949,33400,SUCCESS
A,epsilon,950,67100,SUCCESS
A,epsilon,951,31200,SUCCESS
A,epsilon,952,4700,SUCCESS
A,epsilon,953,18500,SUCCESS
A,epsilon,954,14700,SUCCESS
A,epsilon,955,4600,SUCCESS
A,epsilon,956,18900,SUCCESS
A,epsilon,957,14300,SUCCESS
A,epsilon,958,10700,SUCCESS
A,epsilon,959,65600,SUCCESS
A,epsilon,960,59600,SUCCESS
A,epsilon,961,18700,SUCCESS
A,epsilon,962,4700,SUCCESS
A,epsilon,963,4500,SUCCESS
A,epsilon,964,21100,SUCCESS
A,epsilon,965,16700,SUCCESS
A,epsilon,966,13000,SUCCESS
A,epsilon,967,57600,SUCCESS
A,epsilon,968,54600,SUCCESS
A,epsilon,969,54000,SUCCESS
A,epsilon,970,23100,SUCCESS
A,epsilon,971,5700,SUCCESS
A,epsilon,972,4900,SUCCESS
A,epsilon,973,19400,SUCCESS
A,epsilon,974,4700,SUCCESS
A,epsilon,975,4400,SUCCESS
A,epsilon,976,20100,SUCCESS
A,epsilon,977,15600,SUCCESS
A,epsilon,978,11900,SUCCESS
A,epsilon,979,56800,SUCCESS
A,epsilon,980,49600,SUCCESS
A,epsilon,981,18800,SUCCESS
A,epsilon,982,4600,SUCCESS
A,epsilon,983,4500,SUCCESS
A,epsilon,984,20900,SUCCESS
A,epsilon,985,16700,SUCCESS
A,epsilon,986,13200,SUCCESS
A,epsilon,987,57500,SUCCESS
A,epsilon,988,54700,SUCCESS
A,epsilon,989,52700,SUCCESS
A,epsilon,990,28700,SUCCESS
A,epsilon,991,26900,SUCCESS
A,epsilon,992,9400,SUCCESS
A,epsilon,993,22700,SUCCESS
A,epsilon,994,18300,SUCCESS
A,epsilon,995,14700,SUCCESS
A,epsilon,996,4700,SUCCESS
A,epsilon,997,25600,SUCCESS
A,epsilon,998,19700,SUCCESS
A,epsilon,999,55000,SUCCESS
