B,alpha,0,1776511918522,1776511918522,0,SUCCESS
B,alpha,1,1776511918523,1776511918523,0,SUCCESS
B,alpha,2,1776511918523,1776511918523,0,SUCCESS
B,alpha,3,1776511918523,1776511918523,0,SUCCESS
B,alpha,4,1776511918523,1776511918523,0,SUCCESS
B,alpha,5,1776511918523,1776511918523,0,SUCCESS
B,alpha,6,1776511918523,1776511918523,0,SUCCESS
B,alpha,7,1776511918523,1776511918523,0,SUCCESS
B,alpha,8,1776511918523,1776511918523,0,SUCCESS
B,alpha,9,1776511918523,1776511918523,0,SUCCESS
B,alpha,10,1776511918523,1776511918523,0,SUCCESS
B,alpha,11,1776511918523,1776511918523,0,SUCCESS
B,alpha,12,1776511918523,1776511918523,0,SUCCESS
B,alpha,13,1776511918523,1776511918523,0,SUCCESS
B,alpha,14,1776511918523,1776511918523,0,SUCCESS
B,alpha,15,1776511918523,1776511918523,0,SUCCESS
B,alpha,16,1776511918523,1776511918523,0,SUCCESS
B,alpha,17,1776511918523,1776511918523,0,SUCCESS
B,alpha,18,1776511918523,1776511918523,0,SUCCESS
B,alpha,19,1776511918523,1776511918523,0,SUCCESS
B,alpha,20,1776511918523,1776511918523,0,SUCCESS
B,alpha,21,1776511918523,1776511918523,0,SUCCESS
B,alpha,22,1776511918523,1776511918523,0,SUCCESS
B,alpha,23,1776511918523,1776511918523,0,SUCCESS
B,alpha,24,1776511918523,1776511918523,0,SUCCESS
B,alpha,25,1776511918523,1776511918523,0,SUCCESS
B,alpha,26,1776511918523,1776511918523,0,SUCCESS
B,alpha,27,1776511918523,1776511918523,0,SUCCESS
B,alpha,28,1776511918523,1776511918523,0,SUCCESS
B,alpha,29,1776511918523,1776511918523,0,SUCCESS
B,alpha,30,1776511918523,1776511918523,0,SUCCESS
B,alpha,31,1776511918523,1776511918523,0,SUCCESS
B,alpha,32,1776511918523,1776511918523,0,SUCCESS
B,alpha,33,1776511918523,1776511918523,0,SUCCESS
B,alpha,34,1776511918523,1776511918523,0,SUCCESS
B,alpha,35,1776511918523,1776511918523,0,SUCCESS
B,alpha,36,1776511918523,1776511918523,0,SUCCESS
B,alpha,37,1776511918523,1776511918523,0,SUCCESS
B,alpha,38,1776511918523,1776511918523,0,SUCCESS
B,alpha,39,1776511918523,1776511918523,0,SUCCESS
B,alpha,40,1776511918523,1776511918523,0,SUCCESS
B,alpha,41,1776511918523,1776511918523,0,SUCCESS
B,alpha,42,1776511918523,1776511918523,0,SUCCESS
B,alpha,43,1776511918523,1776511918523,0,SUCCESS
B,alpha,44,1776511918523,1776511918523,0,SUCCESS
B,alpha,45,1776511918523,1776511918523,0,SUCCESS
B,alpha,46,1776511918523,1776511918523,0,SUCCESS
B,alpha,47,1776511918523,1776511918523,0,SUCCESS
B,alpha,48,1776511918523,1776511918523,0,SUCCESS
B,alpha,49,1776511918523,1776511918523,0,SUCCESS
B,alpha,50,1776511918523,1776511918523,0,SUCCESS
B,alpha,51,1776511918523,1776511918523,0,SUCCESS
B,alpha,52,1776511918523,1776511918523,0,SUCCESS
B,alpha,53,1776511918523,1776511918523,0,SUCCESS
B,alpha,54,1776511918523,1776511918523,0,SUCCESS
B,alpha,55,1776511918523,1776511918523,0,SUCCESS
B,alpha,56,1776511918523,1776511918523,0,SUCCESS
B,alpha,57,1776511918523,1776511918523,0,SUCCESS
B,alpha,58,1776511918523,1776511918523,0,SUCCESS
B,alpha,59,1776511918523,1776511918523,0,SUCCESS
B,alpha,60,1776511918523,1776511918523,0,SUCCESS
B,alpha,61,1776511918523,1776511918523,0,SUCCESS
B,alpha,62,1776511918523,1776511918523,0,SUCCESS
B,alpha,63,1776511918523,1776511918523,0,SUCCESS
B,alpha,64,1776511918523,1776511918523,0,SUCCESS
B,alpha,65,1776511918523,1776511918523,0,SUCCESS
B,alpha,66,1776511918523,1776511918523,0,SUCCESS
B,alpha,67,1776511918523,1776511918523,0,SUCCESS
B,alpha,68,1776511918523,1776511918523,0,SUCCESS
B,alpha,69,1776511918523,1776511918523,0,SUCCESS
B,alpha,70,1776511918523,1776511918523,0,SUCCESS
B,alpha,71,1776511918523,1776511918523,0,SUCCESS
B,alpha,72,1776511918523,1776511918523,0,SUCCESS
B,alpha,73,1776511918523,1776511918523,0,SUCCESS
B,alpha,74,1776511918523,1776511918523,0,SUCCESS
B,alpha,75,1776511918523,1776511918523,0,SUCCESS
B,alpha,76,1776511918523,1776511918523,0,SUCCESS
B,alpha,77,1776511918523,1776511918523,0,SUCCESS
B,alpha,78,1776511918523,1776511918523,0,SUCCESS
B,alpha,79,1776511918523,1776511918523,0,SUCCESS
B,alpha,80,1776511918523,1776511918523,0,SUCCESS
B,alpha,81,1776511918523,1776511918523,0,SUCCESS
B,alpha,82,1776511918523,1776511918523,0,SUCCESS
B,alpha,83,1776511918523,1776511918523,0,SUCCESS
B,alpha,84,1776511918523,1776511918523,0,SUCCESS
B,alpha,85,1776511918523,1776511918523,0,SUCCESS
B,alpha,86,1776511918523,1776511918523,0,SUCCESS
B,alpha,87,1776511918523,1776511918523,0,SUCCESS
B,alpha,88,1776511918523,1776511918523,0,SUCCESS
B,alpha,89,1776511918523,1776511918523,0,SUCCESS
B,alpha,90,1776511918523,1776511918523,0,SUCCESS
B,alpha,91,1776511918523,1776511918523,0,SUCCESS
B,alpha,92,1776511918523,1776511918523,0,SUCCESS
B,alpha,93,1776511918523,1776511918523,0,SUCCESS
B,alpha,94,1776511918523,1776511918523,0,SUCCESS
B,alpha,95,1776511918523,1776511918523,0,SUCCESS
B,alpha,96,1776511918523,1776511918523,0,SUCCESS
B,alpha,97,1776511918523,1776511918523,0,SUCCESS
B,alpha,98,1776511918523,1776511918523,0,SUCCESS
B,alpha,99,1776511918523,1776511918523,0,SUCCESS
B,alpha,100,1776511918523,1776511918523,0,SUCCESS
B,alpha,101,1776511918523,1776511918523,0,SUCCESS
B,alpha,102,1776511918523,1776511918523,0,SUCCESS
B,alpha,103,1776511918523,1776511918523,0,SUCCESS
B,alpha,104,1776511918523,1776511918523,0,SUCCESS
B,alpha,105,1776511918523,1776511918523,0,SUCCESS
B,alpha,106,1776511918523,1776511918523,0,SUCCESS
B,alpha,107,1776511918523,1776511918523,0,SUCCESS
B,alpha,108,1776511918523,1776511918523,0,SUCCESS
B,alpha,109,1776511918523,1776511918523,0,SUCCESS
B,alpha,110,1776511918523,1776511918523,0,SUCCESS
B,alpha,111,1776511918523,1776511918523,0,SUCCESS
B,alpha,112,1776511918523,1776511918523,0,SUCCESS
B,alpha,113,1776511918523,1776511918523,0,SUCCESS
B,alpha,114,1776511918523,1776511918523,0,SUCCESS
B,alpha,115,1776511918523,1776511918523,0,SUCCESS
B,alpha,116,1776511918523,1776511918523,0,SUCCESS
B,alpha,117,1776511918523,1776511918523,0,SUCCESS
B,alpha,118,1776511918523,1776511918523,0,SUCCESS
B,alpha,119,1776511918523,1776511918523,0,SUCCESS
B,alpha,120,1776511918523,1776511918523,0,SUCCESS
B,alpha,121,1776511918523,1776511918523,0,SUCCESS
B,alpha,122,1776511918523,1776511918523,0,SUCCESS
B,alpha,123,1776511918523,1776511918523,0,SUCCESS
B,alpha,124,1776511918523,1776511918523,0,SUCCESS
B,alpha,125,1776511918523,1776511918523,0,SUCCESS
B,alpha,126,1776511918523,1776511918523,0,SUCCESS
B,alpha,127,1776511918523,1776511918523,0,SUCCESS
B,alpha,128,1776511918523,1776511918523,0,SUCCESS
B,alpha,129,1776511918523,1776511918523,0,SUCCESS
B,alpha,130,1776511918523,1776511918523,0,SUCCESS
B,alpha,131,1776511918523,1776511918523,0,SUCCESS
B,alpha,132,1776511918523,1776511918523,0,SUCCESS
B,alpha,133,1776511918523,1776511918523,0,SUCCESS
B,alpha,134,1776511918523,1776511918523,0,SUCCESS
B,alpha,135,1776511918523,1776511918523,0,SUCCESS
B,alpha,136,1776511918523,1776511918523,0,SUCCESS
B,alpha,137,1776511918523,1776511918523,0,SUCCESS
B,alpha,138,1776511918523,1776511918523,0,SUCCESS
B,alpha,139,1776511918523,1776511918523,0,SUCCESS
B,alpha,140,1776511918523,1776511918523,0,SUCCESS
B,alpha,141,1776511918523,1776511918523,0,SUCCESS
B,alpha,142,1776511918523,1776511918523,0,SUCCESS
B,alpha,143,1776511918523,1776511918523,0,SUCCESS
B,alpha,144,1776511918523,1776511918523,0,SUCCESS
B,alpha,145,1776511918523,1776511918523,0,SUCCESS
B,alpha,146,1776511918523,1776511918523,0,SUCCESS
B,alpha,147,1776511918523,1776511918523,0,SUCCESS
B,alpha,148,1776511918523,1776511918523,0,SUCCESS
B,alpha,149,1776511918523,1776511918523,0,SUCCESS
B,alpha,150,1776511918523,1776511918523,0,SUCCESS
B,alpha,151,1776511918523,1776511918523,0,SUCCESS
B,alpha,152,1776511918523,1776511918523,0,SUCCESS
B,alpha,153,1776511918523,1776511918523,0,SUCCESS
B,alpha,154,1776511918523,1776511918523,0,SUCCESS
B,alpha,155,1776511918523,1776511918523,0,SUCCESS
B,alpha,156,1776511918523,1776511918523,0,SUCCESS
B,alpha,157,1776511918523,1776511918523,0,SUCCESS
B,alpha,158,1776511918523,1776511918523,0,SUCCESS
B,alpha,159,1776511918523,1776511918523,0,SUCCESS
B,alpha,160,1776511918523,1776511918523,0,SUCCESS
B,alpha,161,1776511918523,1776511918523,0,SUCCESS
B,alpha,162,1776511918523,1776511918523,0,SUCCESS
B,alpha,163,1776511918523,1776511918523,0,SUCCESS
B,alpha,164,1776511918523,1776511918523,0,SUCCESS
B,alpha,165,1776511918523,1776511918523,0,SUCCESS
B,alpha,166,1776511918523,1776511918523,0,SUCCESS
B,alpha,167,1776511918523,1776511918523,0,SUCCESS
B,alpha,168,1776511918523,1776511918523,0,SUCCESS
B,alpha,169,1776511918523,1776511918523,0,SUCCESS
B,alpha,170,1776511918523,1776511918523,0,SUCCESS
B,alpha,171,1776511918523,1776511918523,0,SUCCESS
B,alpha,172,1776511918523,1776511918523,0,SUCCESS
B,alpha,173,1776511918523,1776511918523,0,SUCCESS
B,alpha,174,1776511918523,1776511918523,0,SUCCESS
B,alpha,175,1776511918523,1776511918523,0,SUCCESS
B,alpha,176,1776511918523,1776511918523,0,SUCCESS
B,alpha,177,1776511918523,1776511918523,0,SUCCESS
B,alpha,178,1776511918523,1776511918523,0,SUCCESS
B,alpha,179,1776511918523,1776511918523,0,SUCCESS
B,alpha,180,1776511918523,1776511918523,0,SUCCESS
B,alpha,181,1776511918523,1776511918523,0,SUCCESS
B,alpha,182,1776511918523,1776511918523,0,SUCCESS
B,alpha,183,1776511918523,1776511918523,0,SUCCESS
B,alpha,184,1776511918523,1776511918523,0,SUCCESS
B,alpha,185,1776511918523,1776511918523,0,SUCCESS
B,alpha,186,1776511918523,1776511918523,0,SUCCESS
B,alpha,187,1776511918524,1776511918524,0,SUCCESS
B,alpha,188,1776511918524,1776511918524,0,SUCCESS
B,alpha,189,1776511918524,1776511918524,0,SUCCESS
B,alpha,190,1776511918524,1776511918524,0,SUCCESS
B,alpha,191,1776511918524,1776511918524,0,SUCCESS
B,alpha,192,1776511918524,1776511918524,0,SUCCESS
B,alpha,193,1776511918524,1776511918524,0,SUCCESS
B,alpha,194,1776511918524,1776511918524,0,SUCCESS
B,alpha,195,1776511918524,1776511918524,0,SUCCESS
B,alpha,196,1776511918524,1776511918524,0,SUCCESS
B,alpha,197,1776511918524,1776511918524,0,SUCCESS
B,alpha,198,1776511918524,1776511918524,0,SUCCESS
B,alpha,199,1776511918524,1776511918524,0,SUCCESS
B,alpha,200,1776511918524,1776511918524,0,SUCCESS
B,alpha,201,1776511918524,1776511918524,0,SUCCESS
B,alpha,202,1776511918524,1776511918524,0,SUCCESS
B,alpha,203,1776511918524,1776511918524,0,SUCCESS
B,alpha,204,1776511918524,1776511918524,0,SUCCESS
B,alpha,205,1776511918524,1776511918524,0,SUCCESS
B,alpha,206,1776511918524,1776511918524,0,SUCCESS
B,alpha,207,1776511918524,1776511918524,0,SUCCESS
B,alpha,208,1776511918524,1776511918524,0,SUCCESS
B,alpha,209,1776511918524,1776511918524,0,SUCCESS
B,alpha,210,1776511918524,1776511918524,0,SUCCESS
B,alpha,211,1776511918524,1776511918524,0,SUCCESS
B,alpha,212,1776511918524,1776511918524,0,SUCCESS
B,alpha,213,1776511918524,1776511918524,0,SUCCESS
B,alpha,214,1776511918524,1776511918524,0,SUCCESS
B,alpha,215,1776511918524,1776511918524,0,SUCCESS
B,alpha,216,1776511918524,1776511918524,0,SUCCESS
B,alpha,217,1776511918524,1776511918524,0,SUCCESS
B,alpha,218,1776511918524,1776511918524,0,SUCCESS
B,alpha,219,1776511918524,1776511918524,0,SUCCESS
B,alpha,220,1776511918524,1776511918524,0,SUCCESS
B,alpha,221,1776511918524,1776511918524,0,SUCCESS
B,alpha,222,1776511918524,1776511918524,0,SUCCESS
B,alpha,223,1776511918524,1776511918524,0,SUCCESS
B,alpha,224,1776511918524,1776511918524,0,SUCCESS
B,alpha,225,1776511918524,1776511918524,0,SUCCESS
B,alpha,226,1776511918524,1776511918524,0,SUCCESS
B,alpha,227,1776511918524,1776511918524,0,SUCCESS
B,alpha,228,1776511918524,1776511918524,0,SUCCESS
B,alpha,229,1776511918524,1776511918524,0,SUCCESS
B,alpha,230,1776511918524,1776511918524,0,SUCCESS
B,alpha,231,1776511918524,1776511918524,0,SUCCESS
B,alpha,232,1776511918524,1776511918524,0,SUCCESS
B,alpha,233,1776511918524,1776511918524,0,SUCCESS
B,alpha,234,1776511918524,1776511918524,0,SUCCESS
B,alpha,235,1776511918524,1776511918524,0,SUCCESS
B,alpha,236,1776511918524,1776511918524,0,SUCCESS
B,alpha,237,1776511918524,1776511918524,0,SUCCESS
B,alpha,238,1776511918524,1776511918524,0,SUCCESS
B,alpha,239,1776511918524,1776511918524,0,SUCCESS
B,alpha,240,1776511918524,1776511918524,0,SUCCESS
B,alpha,241,1776511918524,1776511918524,0,SUCCESS
B,alpha,242,1776511918524,1776511918524,0,SUCCESS
B,alpha,243,1776511918524,1776511918524,0,SUCCESS
B,alpha,244,1776511918524,1776511918524,0,SUCCESS
B,alpha,245,1776511918524,1776511918524,0,SUCCESS
B,alpha,246,1776511918524,1776511918524,0,SUCCESS
B,alpha,247,1776511918524,1776511918524,0,SUCCESS
B,alpha,248,1776511918524,1776511918524,0,SUCCESS
B,alpha,249,1776511918524,1776511918524,0,SUCCESS
B,alpha,250,1776511918524,1776511918524,0,SUCCESS
B,alpha,251,1776511918524,1776511918524,0,SUCCESS
B,alpha,252,1776511918524,1776511918524,0,SUCCESS
B,alpha,253,1776511918524,1776511918524,0,SUCCESS
B,alpha,254,1776511918524,1776511918524,0,SUCCESS
B,alpha,255,1776511918524,1776511918524,0,SUCCESS
B,alpha,256,1776511918524,1776511918524,0,SUCCESS
B,alpha,257,1776511918524,1776511918524,0,SUCCESS
B,alpha,258,1776511918524,1776511918524,0,SUCCESS
B,alpha,259,1776511918524,1776511918524,0,SUCCESS
B,alpha,260,1776511918524,1776511918524,0,SUCCESS
B,alpha,261,1776511918524,1776511918524,0,SUCCESS
B,alpha,262,1776511918524,1776511918524,0,SUCCESS
B,alpha,263,1776511918524,1776511918524,0,SUCCESS
B,alpha,264,1776511918524,1776511918524,0,SUCCESS
B,alpha,265,1776511918524,1776511918524,0,SUCCESS
B,alpha,266,1776511918524,1776511918524,0,SUCCESS
B,alpha,267,1776511918524,1776511918524,0,SUCCESS
B,alpha,268,1776511918524,1776511918524,0,SUCCESS
B,alpha,269,1776511918524,1776511918524,0,SUCCESS
B,alpha,270,1776511918524,1776511918524,0,SUCCESS
B,alpha,271,1776511918524,1776511918524,0,SUCCESS
B,alpha,272,1776511918524,1776511918524,0,SUCCESS
B,alpha,273,1776511918524,1776511918524,0,SUCCESS
B,alpha,274,1776511918524,1776511918524,0,SUCCESS
B,alpha,275,1776511918524,1776511918524,0,SUCCESS
B,alpha,276,1776511918524,1776511918524,0,SUCCESS
B,alpha,277,1776511918524,1776511918524,0,SUCCESS
B,alpha,278,1776511918524,1776511918524,0,SUCCESS
B,alpha,279,1776511918524,1776511918524,0,SUCCESS
B,alpha,280,1776511918524,1776511918524,0,SUCCESS
B,alpha,281,1776511918524,1776511918524,0,SUCCESS
B,alpha,282,1776511918524,1776511918524,0,SUCCESS
B,alpha,283,1776511918524,1776511918524,0,SUCCESS
B,alpha,284,1776511918524,1776511918524,0,SUCCESS
B,alpha,285,1776511918524,1776511918524,0,SUCCESS
B,alpha,286,1776511918524,1776511918524,0,SUCCESS
B,alpha,287,1776511918524,1776511918524,0,SUCCESS
B,alpha,288,1776511918524,1776511918524,0,SUCCESS
B,alpha,289,1776511918524,1776511918524,0,SUCCESS
B,alpha,290,1776511918524,1776511918524,0,SUCCESS
B,alpha,291,1776511918524,1776511918524,0,SUCCESS
B,alpha,292,1776511918524,1776511918524,0,SUCCESS
B,alpha,293,1776511918524,1776511918524,0,SUCCESS
B,alpha,294,1776511918524,1776511918524,0,SUCCESS
B,alpha,295,1776511918524,1776511918524,0,SUCCESS
B,alpha,296,1776511918524,1776511918524,0,SUCCESS
B,alpha,297,1776511918524,1776511918524,0,SUCCESS
B,alpha,298,1776511918524,1776511918524,0,SUCCESS
B,alpha,299,1776511918524,1776511918524,0,SUCCESS
B,alpha,300,1776511918524,1776511918524,0,SUCCESS
B,alpha,301,1776511918524,1776511918524,0,SUCCESS
B,alpha,302,1776511918524,1776511918524,0,SUCCESS
B,alpha,303,1776511918524,1776511918524,0,SUCCESS
B,alpha,304,1776511918524,1776511918524,0,SUCCESS
B,alpha,305,1776511918524,1776511918524,0,SUCCESS
B,alpha,306,1776511918524,1776511918524,0,SUCCESS
B,alpha,307,1776511918524,1776511918524,0,SUCCESS
B,alpha,308,1776511918524,1776511918524,0,SUCCESS
B,alpha,309,1776511918524,1776511918524,0,SUCCESS
B,alpha,310,1776511918524,1776511918524,0,SUCCESS
B,alpha,311,1776511918524,1776511918524,0,SUCCESS
B,alpha,312,1776511918524,1776511918524,0,SUCCESS
B,alpha,313,1776511918524,1776511918524,0,SUCCESS
B,alpha,314,1776511918524,1776511918524,0,SUCCESS
B,alpha,315,1776511918524,1776511918524,0,SUCCESS
B,alpha,316,1776511918524,1776511918524,0,SUCCESS
B,alpha,317,1776511918524,1776511918524,0,SUCCESS
B,alpha,318,1776511918524,1776511918524,0,SUCCESS
B,alpha,319,1776511918524,1776511918524,0,SUCCESS
B,alpha,320,1776511918524,1776511918524,0,SUCCESS
B,alpha,321,1776511918524,1776511918524,0,SUCCESS
B,alpha,322,1776511918524,1776511918524,0,SUCCESS
B,alpha,323,1776511918524,1776511918524,0,SUCCESS
B,alpha,324,1776511918524,1776511918524,0,SUCCESS
B,alpha,325,1776511918524,1776511918524,0,SUCCESS
B,alpha,326,1776511918524,1776511918524,0,SUCCESS
B,alpha,327,1776511918524,1776511918524,0,SUCCESS
B,alpha,328,1776511918524,1776511918524,0,SUCCESS
B,alpha,329,1776511918524,1776511918524,0,SUCCESS
B,alpha,330,1776511918524,1776511918524,0,SUCCESS
B,alpha,331,1776511918524,1776511918524,0,SUCCESS
B,alpha,332,1776511918524,1776511918524,0,SUCCESS
B,alpha,333,1776511918524,1776511918524,0,SUCCESS
B,alpha,334,1776511918524,1776511918524,0,SUCCESS
B,alpha,335,1776511918524,1776511918524,0,SUCCESS
B,alpha,336,1776511918524,1776511918524,0,SUCCESS
B,alpha,337,1776511918524,1776511918524,0,SUCCESS
B,alpha,338,1776511918524,1776511918524,0,SUCCESS
B,alpha,339,1776511918524,1776511918524,0,SUCCESS
B,alpha,340,1776511918524,1776511918524,0,SUCCESS
B,alpha,341,1776511918524,1776511918524,0,SUCCESS
B,alpha,342,1776511918524,1776511918524,0,SUCCESS
B,alpha,343,1776511918524,1776511918524,0,SUCCESS
B,alpha,344,1776511918524,1776511918524,0,SUCCESS
B,alpha,345,1776511918524,1776511918524,0,SUCCESS
B,alpha,346,1776511918524,1776511918524,0,SUCCESS
B,alpha,347,1776511918524,1776511918524,0,SUCCESS
B,alpha,348,1776511918524,1776511918524,0,SUCCESS
B,alpha,349,1776511918524,1776511918524,0,SUCCESS
B,alpha,350,1776511918524,1776511918524,0,SUCCESS
B,alpha,351,1776511918524,1776511918524,0,SUCCESS
B,alpha,352,1776511918524,1776511918524,0,SUCCESS
B,alpha,353,1776511918524,1776511918524,0,SUCCESS
B,alpha,354,1776511918524,1776511918524,0,SUCCESS
B,alpha,355,1776511918524,1776511918524,0,SUCCESS
B,alpha,356,1776511918524,1776511918524,0,SUCCESS
B,alpha,357,1776511918524,1776511918524,0,SUCCESS
B,alpha,358,1776511918524,1776511918524,0,SUCCESS
B,alpha,359,1776511918524,1776511918524,0,SUCCESS
B,alpha,360,1776511918524,1776511918524,0,SUCCESS
B,alpha,361,1776511918524,1776511918524,0,SUCCESS
B,alpha,362,1776511918524,1776511918524,0,SUCCESS
B,alpha,363,1776511918524,1776511918524,0,SUCCESS
B,alpha,364,1776511918524,1776511918524,0,SUCCESS
B,alpha,365,1776511918524,1776511918524,0,SUCCESS
B,alpha,366,1776511918524,1776511918524,0,SUCCESS
B,alpha,367,1776511918524,1776511918524,0,SUCCESS
B,alpha,368,1776511918524,1776511918524,0,SUCCESS
B,alpha,369,1776511918524,1776511918524,0,SUCCESS
B,alpha,370,1776511918524,1776511918524,0,SUCCESS
B,alpha,371,1776511918524,1776511918524,0,SUCCESS
B,alpha,372,1776511918524,1776511918524,0,SUCCESS
B,alpha,373,1776511918524,1776511918524,0,SUCCESS
B,alpha,374,1776511918524,1776511918524,0,SUCCESS
B,alpha,375,1776511918524,1776511918524,0,SUCCESS
B,alpha,376,1776511918524,1776511918524,0,SUCCESS
B,alpha,377,1776511918524,1776511918524,0,SUCCESS
B,alpha,378,1776511918524,1776511918524,0,SUCCESS
B,alpha,379,1776511918524,1776511918524,0,SUCCESS
B,alpha,380,1776511918524,1776511918524,0,SUCCESS
B,alpha,381,1776511918524,1776511918524,0,SUCCESS
B,alpha,382,1776511918524,1776511918524,0,SUCCESS
B,alpha,383,1776511918524,1776511918524,0,SUCCESS
B,alpha,384,1776511918524,1776511918524,0,SUCCESS
B,alpha,385,1776511918524,1776511918524,0,SUCCESS
B,alpha,386,1776511918524,1776511918524,0,SUCCESS
B,alpha,387,1776511918524,1776511918524,0,SUCCESS
B,alpha,388,1776511918524,1776511918524,0,SUCCESS
B,alpha,389,1776511918524,1776511918524,0,SUCCESS
B,alpha,390,1776511918524,1776511918524,0,SUCCESS
B,alpha,391,1776511918524,1776511918524,0,SUCCESS
B,alpha,392,1776511918524,1776511918524,0,SUCCESS
B,alpha,393,1776511918524,1776511918524,0,SUCCESS
B,alpha,394,1776511918524,1776511918524,0,SUCCESS
B,alpha,395,1776511918524,1776511918524,0,SUCCESS
B,alpha,396,1776511918524,1776511918524,0,SUCCESS
B,alpha,397,1776511918524,1776511918524,0,SUCCESS
B,alpha,398,1776511918524,1776511918524,0,SUCCESS
B,alpha,399,1776511918524,1776511918524,0,SUCCESS
B,alpha,400,1776511918524,1776511918524,0,SUCCESS
B,alpha,401,1776511918524,1776511918524,0,SUCCESS
B,alpha,402,1776511918524,1776511918524,0,SUCCESS
B,alpha,403,1776511918524,1776511918524,0,SUCCESS
B,alpha,404,1776511918524,1776511918524,0,SUCCESS
B,alpha,405,1776511918524,1776511918524,0,SUCCESS
B,alpha,406,1776511918524,1776511918524,0,SUCCESS
B,alpha,407,1776511918524,1776511918524,0,SUCCESS
B,alpha,408,1776511918524,1776511918524,0,SUCCESS
B,alpha,409,1776511918524,1776511918524,0,SUCCESS
B,alpha,410,1776511918524,1776511918524,0,SUCCESS
B,alpha,411,1776511918524,1776511918524,0,SUCCESS
B,alpha,412,1776511918524,1776511918524,0,SUCCESS
B,alpha,413,1776511918524,1776511918524,0,SUCCESS
B,alpha,414,1776511918524,1776511918524,0,SUCCESS
B,alpha,415,1776511918524,1776511918524,0,SUCCESS
B,alpha,416,1776511918524,1776511918524,0,SUCCESS
B,alpha,417,1776511918524,1776511918524,0,SUCCESS
B,alpha,418,1776511918524,1776511918524,0,SUCCESS
B,alpha,419,1776511918524,1776511918524,0,SUCCESS
B,alpha,420,1776511918524,1776511918524,0,SUCCESS
B,alpha,421,1776511918524,1776511918524,0,SUCCESS
B,alpha,422,1776511918524,1776511918524,0,SUCCESS
B,alpha,423,1776511918524,1776511918524,0,SUCCESS
B,alpha,424,1776511918524,1776511918524,0,SUCCESS
B,alpha,425,1776511918524,1776511918524,0,SUCCESS
B,alpha,426,1776511918524,1776511918524,0,SUCCESS
B,alpha,427,1776511918524,1776511918524,0,SUCCESS
B,alpha,428,1776511918524,1776511918524,0,SUCCESS
B,alpha,429,1776511918524,1776511918524,0,SUCCESS
B,alpha,430,1776511918524,1776511918524,0,SUCCESS
B,alpha,431,1776511918524,1776511918524,0,SUCCESS
B,alpha,432,1776511918524,1776511918524,0,SUCCESS
B,alpha,433,1776511918524,1776511918524,0,SUCCESS
B,alpha,434,1776511918524,1776511918524,0,SUCCESS
B,alpha,435,1776511918524,1776511918524,0,SUCCESS
B,alpha,436,1776511918524,1776511918524,0,SUCCESS
B,alpha,437,1776511918524,1776511918524,0,SUCCESS
B,alpha,438,1776511918524,1776511918524,0,SUCCESS
B,alpha,439,1776511918524,1776511918524,0,SUCCESS
B,alpha,440,1776511918524,1776511918524,0,SUCCESS
B,alpha,441,1776511918524,1776511918524,0,SUCCESS
B,alpha,442,1776511918524,1776511918524,0,SUCCESS
B,alpha,443,1776511918524,1776511918524,0,SUCCESS
B,alpha,444,1776511918524,1776511918524,0,SUCCESS
B,alpha,445,1776511918524,1776511918524,0,SUCCESS
B,alpha,446,1776511918524,1776511918524,0,SUCCESS
B,alpha,447,1776511918524,1776511918524,0,SUCCESS
B,alpha,448,1776511918524,1776511918524,0,SUCCESS
B,alpha,449,1776511918524,1776511918524,0,SUCCESS
B,alpha,450,1776511918524,1776511918524,0,SUCCESS
B,alpha,451,1776511918524,1776511918524,0,SUCCESS
B,alpha,452,1776511918524,1776511918524,0,SUCCESS
B,alpha,453,1776511918524,1776511918524,0,SUCCESS
B,alpha,454,1776511918524,1776511918524,0,SUCCESS
B,alpha,455,1776511918524,1776511918524,0,SUCCESS
B,alpha,456,1776511918524,1776511918524,0,SUCCESS
B,alpha,457,1776511918524,1776511918524,0,SUCCESS
B,alpha,458,1776511918524,1776511918524,0,SUCCESS
B,alpha,459,1776511918524,1776511918524,0,SUCCESS
B,alpha,460,1776511918524,1776511918524,0,SUCCESS
B,alpha,461,1776511918524,1776511918524,0,SUCCESS
B,alpha,462,1776511918524,1776511918524,0,SUCCESS
B,alpha,463,1776511918524,1776511918524,0,SUCCESS
B,alpha,464,1776511918524,1776511918524,0,SUCCESS
B,alpha,465,1776511918524,1776511918524,0,SUCCESS
B,alpha,466,1776511918524,1776511918524,0,SUCCESS
B,alpha,467,1776511918524,1776511918524,0,SUCCESS
B,alpha,468,1776511918524,1776511918524,0,SUCCESS
B,alpha,469,1776511918524,1776511918524,0,SUCCESS
B,alpha,470,1776511918524,1776511918524,0,SUCCESS
B,alpha,471,1776511918524,1776511918524,0,SUCCESS
B,alpha,472,1776511918524,1776511918524,0,SUCCESS
B,alpha,473,1776511918524,1776511918524,0,SUCCESS
B,alpha,474,1776511918524,1776511918524,0,SUCCESS
B,alpha,475,1776511918524,1776511918524,0,SUCCESS
B,alpha,476,1776511918524,1776511918524,0,SUCCESS
B,alpha,477,1776511918524,1776511918524,0,SUCCESS
B,alpha,478,1776511918524,1776511918524,0,SUCCESS
B,alpha,479,1776511918524,1776511918524,0,SUCCESS
B,alpha,480,1776511918524,1776511918524,0,SUCCESS
B,alpha,481,1776511918524,1776511918524,0,SUCCESS
B,alpha,482,1776511918524,1776511918524,0,SUCCESS
B,alpha,483,1776511918524,1776511918524,0,SUCCESS
B,alpha,484,1776511918524,1776511918524,0,SUCCESS
B,alpha,485,1776511918524,1776511918524,0,SUCCESS
B,alpha,486,1776511918524,1776511918524,0,SUCCESS
B,alpha,487,1776511918524,1776511918524,0,SUCCESS
B,alpha,488,1776511918524,1776511918524,0,SUCCESS
B,alpha,489,1776511918524,1776511918524,0,SUCCESS
B,alpha,490,1776511918524,1776511918524,0,SUCCESS
B,alpha,491,1776511918524,1776511918524,0,SUCCESS
B,alpha,492,1776511918524,1776511918524,0,SUCCESS
B,alpha,493,1776511918524,1776511918524,0,SUCCESS
B,alpha,494,1776511918524,1776511918524,0,SUCCESS
B,alpha,495,1776511918524,1776511918524,0,SUCCESS
B,alpha,496,1776511918524,1776511918524,0,SUCCESS
B,alpha,497,1776511918524,1776511918524,0,SUCCESS
B,alpha,498,1776511918524,1776511918524,0,SUCCESS
B,alpha,499,1776511918524,1776511918524,0,SUCCESS
B,alpha,500,1776511918524,1776511918524,0,SUCCESS
B,alpha,501,1776511918524,1776511918524,0,SUCCESS
B,alpha,502,1776511918524,1776511918524,0,SUCCESS
B,alpha,503,1776511918524,1776511918524,0,SUCCESS
B,alpha,504,1776511918524,1776511918524,0,SUCCESS
B,alpha,505,1776511918524,1776511918524,0,SUCCESS
B,alpha,506,1776511918524,1776511918524,0,SUCCESS
B,alpha,507,1776511918524,1776511918524,0,SUCCESS
B,alpha,508,1776511918524,1776511918524,0,SUCCESS
B,alpha,509,1776511918524,1776511918524,0,SUCCESS
B,alpha,510,1776511918524,1776511918524,0,SUCCESS
B,alpha,511,1776511918524,1776511918524,0,SUCCESS
B,alpha,512,1776511918524,1776511918524,0,SUCCESS
B,alpha,513,1776511918524,1776511918524,0,SUCCESS
B,alpha,514,1776511918524,1776511918524,0,SUCCESS
B,alpha,515,1776511918524,1776511918524,0,SUCCESS
B,alpha,516,1776511918524,1776511918524,0,SUCCESS
B,alpha,517,1776511918524,1776511918524,0,SUCCESS
B,alpha,518,1776511918524,1776511918524,0,SUCCESS
B,alpha,519,1776511918524,1776511918524,0,SUCCESS
B,alpha,520,1776511918524,1776511918524,0,SUCCESS
B,alpha,521,1776511918524,1776511918524,0,SUCCESS
B,alpha,522,1776511918524,1776511918524,0,SUCCESS
B,alpha,523,1776511918524,1776511918524,0,SUCCESS
B,alpha,524,1776511918524,1776511918524,0,SUCCESS
B,alpha,525,1776511918524,1776511918524,0,SUCCESS
B,alpha,526,1776511918524,1776511918524,0,SUCCESS
B,alpha,527,1776511918524,1776511918524,0,SUCCESS
B,alpha,528,1776511918524,1776511918524,0,SUCCESS
B,alpha,529,1776511918524,1776511918524,0,SUCCESS
B,alpha,530,1776511918524,1776511918524,0,SUCCESS
B,alpha,531,1776511918524,1776511918524,0,SUCCESS
B,alpha,532,1776511918524,1776511918524,0,SUCCESS
B,alpha,533,1776511918524,1776511918524,0,SUCCESS
B,alpha,534,1776511918524,1776511918524,0,SUCCESS
B,alpha,535,1776511918524,1776511918524,0,SUCCESS
B,alpha,536,1776511918524,1776511918524,0,SUCCESS
B,alpha,537,1776511918524,1776511918524,0,SUCCESS
B,alpha,538,1776511918524,1776511918524,0,SUCCESS
B,alpha,539,1776511918524,1776511918524,0,SUCCESS
B,alpha,540,1776511918524,1776511918524,0,SUCCESS
B,alpha,541,1776511918524,1776511918524,0,SUCCESS
B,alpha,542,1776511918524,1776511918524,0,SUCCESS
B,alpha,543,1776511918524,1776511918524,0,SUCCESS
B,alpha,544,1776511918524,1776511918524,0,SUCCESS
B,alpha,545,1776511918524,1776511918524,0,SUCCESS
B,alpha,546,1776511918524,1776511918524,0,SUCCESS
B,alpha,547,1776511918524,1776511918524,0,SUCCESS
B,alpha,548,1776511918524,1776511918524,0,SUCCESS
B,alpha,549,1776511918524,1776511918524,0,SUCCESS
B,alpha,550,1776511918524,1776511918524,0,SUCCESS
B,alpha,551,1776511918524,1776511918524,0,SUCCESS
B,alpha,552,1776511918524,1776511918524,0,SUCCESS
B,alpha,553,1776511918524,1776511918524,0,SUCCESS
B,alpha,554,1776511918524,1776511918524,0,SUCCESS
B,alpha,555,1776511918524,1776511918524,0,SUCCESS
B,alpha,556,1776511918524,1776511918524,0,SUCCESS
B,alpha,557,1776511918524,1776511918524,0,SUCCESS
B,alpha,558,1776511918524,1776511918524,0,SUCCESS
B,alpha,559,1776511918524,1776511918524,0,SUCCESS
B,alpha,560,1776511918524,1776511918524,0,SUCCESS
B,alpha,561,1776511918524,1776511918524,0,SUCCESS
B,alpha,562,1776511918524,1776511918524,0,SUCCESS
B,alpha,563,1776511918524,1776511918524,0,SUCCESS
B,alpha,564,1776511918524,1776511918524,0,SUCCESS
B,alpha,565,1776511918524,1776511918524,0,SUCCESS
B,alpha,566,1776511918524,1776511918524,0,SUCCESS
B,alpha,567,1776511918524,1776511918524,0,SUCCESS
B,alpha,568,1776511918524,1776511918524,0,SUCCESS
B,alpha,569,1776511918524,1776511918524,0,SUCCESS
B,alpha,570,1776511918524,1776511918524,0,SUCCESS
B,alpha,571,1776511918524,1776511918524,0,SUCCESS
B,alpha,572,1776511918524,1776511918524,0,SUCCESS
B,alpha,573,1776511918524,1776511918524,0,SUCCESS
B,alpha,574,1776511918524,1776511918524,0,SUCCESS
B,alpha,575,1776511918524,1776511918524,0,SUCCESS
B,alpha,576,1776511918524,1776511918524,0,SUCCESS
B,alpha,577,1776511918524,1776511918524,0,SUCCESS
B,alpha,578,1776511918524,1776511918524,0,SUCCESS
B,alpha,579,1776511918524,1776511918524,0,SUCCESS
B,alpha,580,1776511918524,1776511918524,0,SUCCESS
B,alpha,581,1776511918525,1776511918525,0,SUCCESS
B,alpha,582,1776511918525,1776511918525,0,SUCCESS
B,alpha,583,1776511918525,1776511918525,0,SUCCESS
B,alpha,584,1776511918525,1776511918525,0,SUCCESS
B,alpha,585,1776511918525,1776511918525,0,SUCCESS
B,alpha,586,1776511918525,1776511918525,0,SUCCESS
B,alpha,587,1776511918525,1776511918525,0,SUCCESS
B,alpha,588,1776511918525,1776511918525,0,SUCCESS
B,alpha,589,1776511918525,1776511918525,0,SUCCESS
B,alpha,590,1776511918525,1776511918525,0,SUCCESS
B,alpha,591,1776511918525,1776511918525,0,SUCCESS
B,alpha,592,1776511918525,1776511918525,0,SUCCESS
B,alpha,593,1776511918525,1776511918525,0,SUCCESS
B,alpha,594,1776511918525,1776511918525,0,SUCCESS
B,alpha,595,1776511918525,1776511918525,0,SUCCESS
B,alpha,596,1776511918525,1776511918525,0,SUCCESS
B,alpha,597,1776511918525,1776511918525,0,SUCCESS
B,alpha,598,1776511918525,1776511918525,0,SUCCESS
B,alpha,599,1776511918525,1776511918525,0,SUCCESS
B,alpha,600,1776511918525,1776511918525,0,SUCCESS
B,alpha,601,1776511918525,1776511918525,0,SUCCESS
B,alpha,602,1776511918525,1776511918525,0,SUCCESS
B,alpha,603,1776511918525,1776511918525,0,SUCCESS
B,alpha,604,1776511918525,1776511918525,0,SUCCESS
B,alpha,605,1776511918525,1776511918525,0,SUCCESS
B,alpha,606,1776511918525,1776511918525,0,SUCCESS
B,alpha,607,1776511918525,1776511918525,0,SUCCESS
B,alpha,608,1776511918525,1776511918525,0,SUCCESS
B,alpha,609,1776511918525,1776511918525,0,SUCCESS
B,alpha,610,1776511918525,1776511918525,0,SUCCESS
B,alpha,611,1776511918525,1776511918525,0,SUCCESS
B,alpha,612,1776511918525,1776511918525,0,SUCCESS
B,alpha,613,1776511918525,1776511918525,0,SUCCESS
B,alpha,614,1776511918525,1776511918525,0,SUCCESS
B,alpha,615,1776511918525,1776511918525,0,SUCCESS
B,alpha,616,1776511918525,1776511918525,0,SUCCESS
B,alpha,617,1776511918525,1776511918525,0,SUCCESS
B,alpha,618,1776511918525,1776511918525,0,SUCCESS
B,alpha,619,1776511918525,1776511918525,0,SUCCESS
B,alpha,620,1776511918525,1776511918525,0,SUCCESS
B,alpha,621,1776511918525,1776511918525,0,SUCCESS
B,alpha,622,1776511918525,1776511918525,0,SUCCESS
B,alpha,623,1776511918525,1776511918525,0,SUCCESS
B,alpha,624,1776511918525,1776511918525,0,SUCCESS
B,alpha,625,1776511918525,1776511918525,0,SUCCESS
B,alpha,626,1776511918525,1776511918525,0,SUCCESS
B,alpha,627,1776511918525,1776511918525,0,SUCCESS
B,alpha,628,1776511918525,1776511918525,0,SUCCESS
B,alpha,629,1776511918525,1776511918525,0,SUCCESS
B,alpha,630,1776511918525,1776511918525,0,SUCCESS
B,alpha,631,1776511918525,1776511918525,0,SUCCESS
B,alpha,632,1776511918525,1776511918525,0,SUCCESS
B,alpha,633,1776511918525,1776511918525,0,SUCCESS
B,alpha,634,1776511918525,1776511918525,0,SUCCESS
B,alpha,635,1776511918525,1776511918525,0,SUCCESS
B,alpha,636,1776511918525,1776511918525,0,SUCCESS
B,alpha,637,1776511918525,1776511918525,0,SUCCESS
B,alpha,638,1776511918525,1776511918525,0,SUCCESS
B,alpha,639,1776511918525,1776511918525,0,SUCCESS
B,alpha,640,1776511918525,1776511918525,0,SUCCESS
B,alpha,641,1776511918525,1776511918525,0,SUCCESS
B,alpha,642,1776511918525,1776511918525,0,SUCCESS
B,alpha,643,1776511918525,1776511918525,0,SUCCESS
B,alpha,644,1776511918525,1776511918525,0,SUCCESS
B,alpha,645,1776511918525,1776511918525,0,SUCCESS
B,alpha,646,1776511918525,1776511918525,0,SUCCESS
B,alpha,647,1776511918525,1776511918525,0,SUCCESS
B,alpha,648,1776511918525,1776511918525,0,SUCCESS
B,alpha,649,1776511918525,1776511918525,0,SUCCESS
B,alpha,650,1776511918525,1776511918525,0,SUCCESS
B,alpha,651,1776511918525,1776511918525,0,SUCCESS
B,alpha,652,1776511918525,1776511918525,0,SUCCESS
B,alpha,653,1776511918525,1776511918525,0,SUCCESS
B,alpha,654,1776511918525,1776511918525,0,SUCCESS
B,alpha,655,1776511918525,1776511918525,0,SUCCESS
B,alpha,656,1776511918525,1776511918525,0,SUCCESS
B,alpha,657,1776511918525,1776511918525,0,SUCCESS
B,alpha,658,1776511918525,1776511918525,0,SUCCESS
B,alpha,659,1776511918525,1776511918525,0,SUCCESS
B,alpha,660,1776511918525,1776511918525,0,SUCCESS
B,alpha,661,1776511918525,1776511918525,0,SUCCESS
B,alpha,662,1776511918525,1776511918525,0,SUCCESS
B,alpha,663,1776511918525,1776511918525,0,SUCCESS
B,alpha,664,1776511918525,1776511918525,0,SUCCESS
B,alpha,665,1776511918525,1776511918525,0,SUCCESS
B,alpha,666,1776511918525,1776511918525,0,SUCCESS
B,alpha,667,1776511918526,1776511918526,0,SUCCESS
B,alpha,668,1776511918526,1776511918526,0,SUCCESS
B,alpha,669,1776511918526,1776511918526,0,SUCCESS
B,alpha,670,1776511918526,1776511918526,0,SUCCESS
B,alpha,671,1776511918526,1776511918526,0,SUCCESS
B,alpha,672,1776511918526,1776511918526,0,SUCCESS
B,alpha,673,1776511918526,1776511918526,0,SUCCESS
B,alpha,674,1776511918526,1776511918526,0,SUCCESS
B,alpha,675,1776511918526,1776511918526,0,SUCCESS
B,alpha,676,1776511918526,1776511918526,0,SUCCESS
B,alpha,677,1776511918526,1776511918526,0,SUCCESS
B,alpha,678,1776511918526,1776511918526,0,SUCCESS
B,alpha,679,1776511918526,1776511918526,0,SUCCESS
B,alpha,680,1776511918526,1776511918526,0,SUCCESS
B,alpha,681,1776511918526,1776511918526,0,SUCCESS
B,alpha,682,1776511918526,1776511918526,0,SUCCESS
B,alpha,683,1776511918526,1776511918526,0,SUCCESS
B,alpha,684,1776511918526,1776511918526,0,SUCCESS
B,alpha,685,1776511918526,1776511918526,0,SUCCESS
B,alpha,686,1776511918526,1776511918526,0,SUCCESS
B,alpha,687,1776511918526,1776511918526,0,SUCCESS
B,alpha,688,1776511918526,1776511918526,0,SUCCESS
B,alpha,689,1776511918526,1776511918526,0,SUCCESS
B,alpha,690,1776511918526,1776511918526,0,SUCCESS
B,alpha,691,1776511918526,1776511918526,0,SUCCESS
B,alpha,692,1776511918526,1776511918526,0,SUCCESS
B,alpha,693,1776511918526,1776511918526,0,SUCCESS
B,alpha,694,1776511918526,1776511918526,0,SUCCESS
B,alpha,695,1776511918526,1776511918526,0,SUCCESS
B,alpha,696,1776511918526,1776511918526,0,SUCCESS
B,alpha,697,1776511918526,1776511918526,0,SUCCESS
B,alpha,698,1776511918526,1776511918526,0,SUCCESS
B,alpha,699,1776511918526,1776511918526,0,SUCCESS
B,alpha,700,1776511918526,1776511918526,0,SUCCESS
B,alpha,701,1776511918526,1776511918526,0,SUCCESS
B,alpha,702,1776511918526,1776511918526,0,SUCCESS
B,alpha,703,1776511918526,1776511918526,0,SUCCESS
B,alpha,704,1776511918526,1776511918526,0,SUCCESS
B,alpha,705,1776511918526,1776511918526,0,SUCCESS
B,alpha,706,1776511918526,1776511918526,0,SUCCESS
B,alpha,707,1776511918526,1776511918526,0,SUCCESS
B,alpha,708,1776511918526,1776511918526,0,SUCCESS
B,alpha,709,1776511918526,1776511918526,0,SUCCESS
B,alpha,710,1776511918526,1776511918526,0,SUCCESS
B,alpha,711,1776511918526,1776511918526,0,SUCCESS
B,alpha,712,1776511918526,1776511918526,0,SUCCESS
B,alpha,713,1776511918526,1776511918526,0,SUCCESS
B,alpha,714,1776511918526,1776511918526,0,SUCCESS
B,alpha,715,1776511918526,1776511918526,0,SUCCESS
B,alpha,716,1776511918526,1776511918526,0,SUCCESS
B,alpha,717,1776511918526,1776511918526,0,SUCCESS
B,alpha,718,1776511918526,1776511918526,0,SUCCESS
B,alpha,719,1776511918526,1776511918526,0,SUCCESS
B,alpha,720,1776511918526,1776511918526,0,SUCCESS
B,alpha,721,1776511918526,1776511918526,0,SUCCESS
B,alpha,722,1776511918526,1776511918526,0,SUCCESS
B,alpha,723,1776511918526,1776511918526,0,SUCCESS
B,alpha,724,1776511918526,1776511918526,0,SUCCESS
B,alpha,725,1776511918526,1776511918526,0,SUCCESS
B,alpha,726,1776511918526,1776511918526,0,SUCCESS
B,alpha,727,1776511918526,1776511918526,0,SUCCESS
B,alpha,728,1776511918526,1776511918526,0,SUCCESS
B,alpha,729,1776511918526,1776511918526,0,SUCCESS
B,alpha,730,1776511918526,1776511918526,0,SUCCESS
B,alpha,731,1776511918526,1776511918526,0,SUCCESS
B,alpha,732,1776511918526,1776511918526,0,SUCCESS
B,alpha,733,1776511918526,1776511918526,0,SUCCESS
B,alpha,734,1776511918526,1776511918526,0,SUCCESS
B,alpha,735,1776511918526,1776511918526,0,SUCCESS
B,alpha,736,1776511918526,1776511918526,0,SUCCESS
B,alpha,737,1776511918526,1776511918526,0,SUCCESS
B,alpha,738,1776511918526,1776511918526,0,SUCCESS
B,alpha,739,1776511918526,1776511918526,0,SUCCESS
B,alpha,740,1776511918526,1776511918526,0,SUCCESS
B,alpha,741,1776511918526,1776511918526,0,SUCCESS
B,alpha,742,1776511918526,1776511918526,0,SUCCESS
B,alpha,743,1776511918526,1776511918526,0,SUCCESS
B,alpha,744,1776511918527,1776511918527,0,SUCCESS
B,alpha,745,1776511918527,1776511918527,0,SUCCESS
B,alpha,746,1776511918527,1776511918527,0,SUCCESS
B,alpha,747,1776511918527,1776511918527,0,SUCCESS
B,alpha,748,1776511918527,1776511918527,0,SUCCESS
B,alpha,749,1776511918527,1776511918527,0,SUCCESS
B,alpha,750,1776511918527,1776511918527,0,SUCCESS
B,alpha,751,1776511918527,1776511918527,0,SUCCESS
B,alpha,752,1776511918527,1776511918527,0,SUCCESS
B,alpha,753,1776511918527,1776511918527,0,SUCCESS
B,alpha,754,1776511918527,1776511918527,0,SUCCESS
B,alpha,755,1776511918527,1776511918527,0,SUCCESS
B,alpha,756,1776511918527,1776511918527,0,SUCCESS
B,alpha,757,1776511918527,1776511918527,0,SUCCESS
B,alpha,758,1776511918527,1776511918527,0,SUCCESS
B,alpha,759,1776511918527,1776511918527,0,SUCCESS
B,alpha,760,1776511918527,1776511918527,0,SUCCESS
B,alpha,761,1776511918527,1776511918527,0,SUCCESS
B,alpha,762,1776511918527,1776511918527,0,SUCCESS
B,alpha,763,1776511918527,1776511918527,0,SUCCESS
B,alpha,764,1776511918527,1776511918527,0,SUCCESS
B,alpha,765,1776511918527,1776511918527,0,SUCCESS
B,alpha,766,1776511918527,1776511918527,0,SUCCESS
B,alpha,767,1776511918527,1776511918527,0,SUCCESS
B,alpha,768,1776511918527,1776511918527,0,SUCCESS
B,alpha,769,1776511918527,1776511918527,0,SUCCESS
B,alpha,770,1776511918527,1776511918527,0,SUCCESS
B,alpha,771,1776511918527,1776511918527,0,SUCCESS
B,alpha,772,1776511918527,1776511918527,0,SUCCESS
B,alpha,773,1776511918527,1776511918527,0,SUCCESS
B,alpha,774,1776511918527,1776511918527,0,SUCCESS
B,alpha,775,1776511918527,1776511918527,0,SUCCESS
B,alpha,776,1776511918527,1776511918527,0,SUCCESS
B,alpha,777,1776511918527,1776511918527,0,SUCCESS
B,alpha,778,1776511918527,1776511918527,0,SUCCESS
B,alpha,779,1776511918527,1776511918527,0,SUCCESS
B,alpha,780,1776511918527,1776511918527,0,SUCCESS
B,alpha,781,1776511918527,1776511918527,0,SUCCESS
B,alpha,782,1776511918527,1776511918527,0,SUCCESS
B,alpha,783,1776511918527,1776511918527,0,SUCCESS
B,alpha,784,1776511918527,1776511918527,0,SUCCESS
B,alpha,785,1776511918527,1776511918527,0,SUCCESS
B,alpha,786,1776511918527,1776511918527,0,SUCCESS
B,alpha,787,1776511918527,1776511918527,0,SUCCESS
B,alpha,788,1776511918527,1776511918527,0,SUCCESS
B,alpha,789,1776511918527,1776511918527,0,SUCCESS
B,alpha,790,1776511918527,1776511918527,0,SUCCESS
B,alpha,791,1776511918527,1776511918527,0,SUCCESS
B,alpha,792,1776511918527,1776511918527,0,SUCCESS
B,alpha,793,1776511918527,1776511918527,0,SUCCESS
B,alpha,794,1776511918527,1776511918527,0,SUCCESS
B,alpha,795,1776511918527,1776511918527,0,SUCCESS
B,alpha,796,1776511918527,1776511918527,0,SUCCESS
B,alpha,797,1776511918527,1776511918527,0,SUCCESS
B,alpha,798,1776511918527,1776511918527,0,SUCCESS
B,alpha,799,1776511918527,1776511918527,0,SUCCESS
B,alpha,800,1776511918527,1776511918527,0,SUCCESS
B,alpha,801,1776511918527,1776511918527,0,SUCCESS
B,alpha,802,1776511918527,1776511918527,0,SUCCESS
B,alpha,803,1776511918527,1776511918527,0,SUCCESS
B,alpha,804,1776511918527,1776511918527,0,SUCCESS
B,alpha,805,1776511918527,1776511918527,0,SUCCESS
B,alpha,806,1776511918527,1776511918527,0,SUCCESS
B,alpha,807,1776511918527,1776511918527,0,SUCCESS
B,alpha,808,1776511918527,1776511918527,0,SUCCESS
B,alpha,809,1776511918527,1776511918527,0,SUCCESS
B,alpha,810,1776511918527,1776511918527,0,SUCCESS
B,alpha,811,1776511918527,1776511918527,0,SUCCESS
B,alpha,812,1776511918527,1776511918527,0,SUCCESS
B,alpha,813,1776511918527,1776511918527,0,SUCCESS
B,alpha,814,1776511918527,1776511918527,0,SUCCESS
B,alpha,815,1776511918527,1776511918527,0,SUCCESS
B,alpha,816,1776511918527,1776511918527,0,SUCCESS
B,alpha,817,1776511918527,1776511918527,0,SUCCESS
B,alpha,818,1776511918527,1776511918527,0,SUCCESS
B,alpha,819,1776511918527,1776511918527,0,SUCCESS
B,alpha,820,1776511918527,1776511918527,0,SUCCESS
B,alpha,821,1776511918527,1776511918527,0,SUCCESS
B,alpha,822,1776511918527,1776511918527,0,SUCCESS
B,alpha,823,1776511918527,1776511918527,0,SUCCESS
B,alpha,824,1776511918527,1776511918527,0,SUCCESS
B,alpha,825,1776511918527,1776511918527,0,SUCCESS
B,alpha,826,1776511918527,1776511918527,0,SUCCESS
B,alpha,827,1776511918527,1776511918527,0,SUCCESS
B,alpha,828,1776511918527,1776511918527,0,SUCCESS
B,alpha,829,1776511918527,1776511918527,0,SUCCESS
B,alpha,830,1776511918527,1776511918527,0,SUCCESS
B,alpha,831,1776511918527,1776511918527,0,SUCCESS
B,alpha,832,1776511918527,1776511918527,0,SUCCESS
B,alpha,833,1776511918527,1776511918527,0,SUCCESS
B,alpha,834,1776511918528,1776511918528,0,SUCCESS
B,alpha,835,1776511918528,1776511918528,0,SUCCESS
B,alpha,836,1776511918528,1776511918528,0,SUCCESS
B,alpha,837,1776511918528,1776511918528,0,SUCCESS
B,alpha,838,1776511918528,1776511918528,0,SUCCESS
B,alpha,839,1776511918528,1776511918528,0,SUCCESS
B,alpha,840,1776511918528,1776511918528,0,SUCCESS
B,alpha,841,1776511918528,1776511918528,0,SUCCESS
B,alpha,842,1776511918528,1776511918528,0,SUCCESS
B,alpha,843,1776511918528,1776511918528,0,SUCCESS
B,alpha,844,1776511918528,1776511918528,0,SUCCESS
B,alpha,845,1776511918528,1776511918528,0,SUCCESS
B,alpha,846,1776511918528,1776511918528,0,SUCCESS
B,alpha,847,1776511918528,1776511918528,0,SUCCESS
B,alpha,848,1776511918528,1776511918528,0,SUCCESS
B,alpha,849,1776511918528,1776511918528,0,SUCCESS
B,alpha,850,1776511918528,1776511918528,0,SUCCESS
B,alpha,851,1776511918528,1776511918528,0,SUCCESS
B,alpha,852,1776511918528,1776511918528,0,SUCCESS
B,alpha,853,1776511918528,1776511918528,0,SUCCESS
B,alpha,854,1776511918528,1776511918528,0,SUCCESS
B,alpha,855,1776511918528,1776511918528,0,SUCCESS
B,alpha,856,1776511918528,1776511918528,0,SUCCESS
B,alpha,857,1776511918528,1776511918528,0,SUCCESS
B,alpha,858,1776511918528,1776511918528,0,SUCCESS
B,alpha,859,1776511918528,1776511918528,0,SUCCESS
B,alpha,860,1776511918528,1776511918528,0,SUCCESS
B,alpha,861,1776511918528,1776511918528,0,SUCCESS
B,alpha,862,1776511918528,1776511918528,0,SUCCESS
B,alpha,863,1776511918528,1776511918528,0,SUCCESS
B,alpha,864,1776511918528,1776511918528,0,SUCCESS
B,alpha,865,1776511918528,1776511918528,0,SUCCESS
B,alpha,866,1776511918528,1776511918528,0,SUCCESS
B,alpha,867,1776511918528,1776511918528,0,SUCCESS
B,alpha,868,1776511918528,1776511918528,0,SUCCESS
B,alpha,869,1776511918528,1776511918528,0,SUCCESS
B,alpha,870,1776511918528,1776511918528,0,SUCCESS
B,alpha,871,1776511918528,1776511918528,0,SUCCESS
B,alpha,872,1776511918528,1776511918528,0,SUCCESS
B,alpha,873,1776511918528,1776511918528,0,SUCCESS
B,alpha,874,1776511918528,1776511918528,0,SUCCESS
B,alpha,875,1776511918528,1776511918528,0,SUCCESS
B,alpha,876,1776511918528,1776511918528,0,SUCCESS
B,alpha,877,1776511918528,1776511918528,0,SUCCESS
B,alpha,878,1776511918528,1776511918528,0,SUCCESS
B,alpha,879,1776511918528,1776511918528,0,SUCCESS
B,alpha,880,1776511918528,1776511918528,0,SUCCESS
B,alpha,881,1776511918528,1776511918528,0,SUCCESS
B,alpha,882,1776511918528,1776511918528,0,SUCCESS
B,alpha,883,1776511918528,1776511918528,0,SUCCESS
B,alpha,884,1776511918528,1776511918528,0,SUCCESS
B,alpha,885,1776511918528,1776511918528,0,SUCCESS
B,alpha,886,1776511918528,1776511918528,0,SUCCESS
B,alpha,887,1776511918528,1776511918528,0,SUCCESS
B,alpha,888,1776511918528,1776511918528,0,SUCCESS
B,alpha,889,1776511918528,1776511918528,0,SUCCESS
B,alpha,890,1776511918528,1776511918528,0,SUCCESS
B,alpha,891,1776511918528,1776511918528,0,SUCCESS
B,alpha,892,1776511918528,1776511918528,0,SUCCESS
B,alpha,893,1776511918528,1776511918528,0,SUCCESS
B,alpha,894,1776511918528,1776511918528,0,SUCCESS
B,alpha,895,1776511918528,1776511918528,0,SUCCESS
B,alpha,896,1776511918528,1776511918528,0,SUCCESS
B,alpha,897,1776511918528,1776511918528,0,SUCCESS
B,alpha,898,1776511918528,1776511918528,0,SUCCESS
B,alpha,899,1776511918528,1776511918528,0,SUCCESS
B,alpha,900,1776511918528,1776511918528,0,SUCCESS
B,alpha,901,1776511918528,1776511918528,0,SUCCESS
B,alpha,902,1776511918528,1776511918528,0,SUCCESS
B,alpha,903,1776511918528,1776511918528,0,SUCCESS
B,alpha,904,1776511918529,1776511918529,0,SUCCESS
B,alpha,905,1776511918529,1776511918529,0,SUCCESS
B,alpha,906,1776511918529,1776511918529,0,SUCCESS
B,alpha,907,1776511918529,1776511918529,0,SUCCESS
B,alpha,908,1776511918529,1776511918529,0,SUCCESS
B,alpha,909,1776511918529,1776511918529,0,SUCCESS
B,alpha,910,1776511918529,1776511918529,0,SUCCESS
B,alpha,911,1776511918529,1776511918529,0,SUCCESS
B,alpha,912,1776511918529,1776511918529,0,SUCCESS
B,alpha,913,1776511918529,1776511918529,0,SUCCESS
B,alpha,914,1776511918529,1776511918529,0,SUCCESS
B,alpha,915,1776511918529,1776511918529,0,SUCCESS
B,alpha,916,1776511918529,1776511918529,0,SUCCESS
B,alpha,917,1776511918529,1776511918529,0,SUCCESS
B,alpha,918,1776511918529,1776511918529,0,SUCCESS
B,alpha,919,1776511918529,1776511918529,0,SUCCESS
B,alpha,920,1776511918529,1776511918529,0,SUCCESS
B,alpha,921,1776511918529,1776511918529,0,SUCCESS
B,alpha,922,1776511918529,1776511918529,0,SUCCESS
B,alpha,923,1776511918529,1776511918529,0,SUCCESS
B,alpha,924,1776511918529,1776511918529,0,SUCCESS
B,alpha,925,1776511918529,1776511918529,0,SUCCESS
B,alpha,926,1776511918529,1776511918529,0,SUCCESS
B,alpha,927,1776511918529,1776511918529,0,SUCCESS
B,alpha,928,1776511918529,1776511918529,0,SUCCESS
B,alpha,929,1776511918529,1776511918529,0,SUCCESS
B,alpha,930,1776511918529,1776511918529,0,SUCCESS
B,alpha,931,1776511918529,1776511918529,0,SUCCESS
B,alpha,932,1776511918529,1776511918529,0,SUCCESS
B,alpha,933,1776511918529,1776511918529,0,SUCCESS
B,alpha,934,1776511918529,1776511918529,0,SUCCESS
B,alpha,935,1776511918529,1776511918529,0,SUCCESS
B,alpha,936,1776511918529,1776511918529,0,SUCCESS
B,alpha,937,1776511918529,1776511918529,0,SUCCESS
B,alpha,938,1776511918529,1776511918529,0,SUCCESS
B,alpha,939,1776511918529,1776511918529,0,SUCCESS
B,alpha,940,1776511918529,1776511918529,0,SUCCESS
B,alpha,941,1776511918529,1776511918529,0,SUCCESS
B,alpha,942,1776511918529,1776511918529,0,SUCCESS
B,alpha,943,1776511918529,1776511918529,0,SUCCESS
B,alpha,944,1776511918529,1776511918529,0,SUCCESS
B,alpha,945,1776511918529,1776511918529,0,SUCCESS
B,alpha,946,1776511918529,1776511918529,0,SUCCESS
B,alpha,947,1776511918529,1776511918529,0,SUCCESS
B,alpha,948,1776511918529,1776511918529,0,SUCCESS
B,alpha,949,1776511918529,1776511918529,0,SUCCESS
B,alpha,950,1776511918529,1776511918529,0,SUCCESS
B,alpha,951,1776511918529,1776511918529,0,SUCCESS
B,alpha,952,1776511918529,1776511918529,0,SUCCESS
B,alpha,953,1776511918529,1776511918529,0,SUCCESS
B,alpha,954,1776511918529,1776511918529,0,SUCCESS
B,alpha,955,1776511918529,1776511918529,0,SUCCESS
B,alpha,956,1776511918529,1776511918529,0,SUCCESS
B,alpha,957,1776511918529,1776511918529,0,SUCCESS
B,alpha,958,1776511918529,1776511918529,0,SUCCESS
B,alpha,959,1776511918529,1776511918529,0,SUCCESS
B,alpha,960,1776511918529,1776511918529,0,SUCCESS
B,alpha,961,1776511918529,1776511918529,0,SUCCESS
B,alpha,962,1776511918529,1776511918529,0,SUCCESS
B,alpha,963,1776511918529,1776511918529,0,SUCCESS
B,alpha,964,1776511918529,1776511918529,0,SUCCESS
B,alpha,965,1776511918529,1776511918529,0,SUCCESS
B,alpha,966,1776511918529,1776511918529,0,SUCCESS
B,alpha,967,1776511918529,1776511918529,0,SUCCESS
B,alpha,968,1776511918529,1776511918529,0,SUCCESS
B,alpha,969,1776511918529,1776511918529,0,SUCCESS
B,alpha,970,1776511918529,1776511918529,0,SUCCESS
B,alpha,971,1776511918529,1776511918529,0,SUCCESS
B,alpha,972,1776511918529,1776511918529,0,SUCCESS
B,alpha,973,1776511918529,1776511918529,0,SUCCESS
B,alpha,974,1776511918529,1776511918529,0,SUCCESS
B,alpha,975,1776511918529,1776511918529,0,SUCCESS
B,alpha,976,1776511918529,1776511918529,0,SUCCESS
B,alpha,977,1776511918529,1776511918529,0,SUCCESS
B,alpha,978,1776511918529,1776511918529,0,SUCCESS
B,alpha,979,1776511918529,1776511918529,0,SUCCESS
B,alpha,980,1776511918529,1776511918529,0,SUCCESS
B,alpha,981,1776511918529,1776511918529,0,SUCCESS
B,alpha,982,1776511918529,1776511918529,0,SUCCESS
B,alpha,983,1776511918530,1776511918530,0,SUCCESS
B,alpha,984,1776511918530,1776511918530,0,SUCCESS
B,alpha,985,1776511918530,1776511918530,0,SUCCESS
B,alpha,986,1776511918530,1776511918530,0,SUCCESS
B,alpha,987,1776511918530,1776511918530,0,SUCCESS
B,alpha,988,1776511918530,1776511918530,0,SUCCESS
B,alpha,989,1776511918530,1776511918530,0,SUCCESS
B,alpha,990,1776511918530,1776511918530,0,SUCCESS
B,alpha,991,1776511918530,1776511918530,0,SUCCESS
B,alpha,992,1776511918530,1776511918530,0,SUCCESS
B,alpha,993,1776511918530,1776511918530,0,SUCCESS
B,alpha,994,1776511918530,1776511918530,0,SUCCESS
B,alpha,995,1776511918530,1776511918530,0,SUCCESS
B,alpha,996,1776511918530,1776511918530,0,SUCCESS
B,alpha,997,1776511918530,1776511918530,0,SUCCESS
B,alpha,998,1776511918530,1776511918530,0,SUCCESS
B,alpha,999,1776511918530,1776511918530,0,SUCCESS
B,beta,0,1776511918530,1776511918530,0,SUCCESS
B,beta,1,1776511918530,1776511918530,0,SUCCESS
B,beta,2,1776511918530,1776511918530,0,SUCCESS
B,beta,3,1776511918530,1776511918530,0,SUCCESS
B,beta,4,1776511918530,1776511918530,0,SUCCESS
B,beta,5,1776511918530,1776511918530,0,SUCCESS
B,beta,6,1776511918530,1776511918530,0,SUCCESS
B,beta,7,1776511918530,1776511918530,0,SUCCESS
B,beta,8,1776511918530,1776511918530,0,SUCCESS
B,beta,9,1776511918530,1776511918530,0,SUCCESS
B,beta,10,1776511918530,1776511918530,0,SUCCESS
B,beta,11,1776511918530,1776511918530,0,SUCCESS
B,beta,12,1776511918530,1776511918530,0,SUCCESS
B,beta,13,1776511918530,1776511918530,0,SUCCESS
B,beta,14,1776511918530,1776511918530,0,SUCCESS
B,beta,15,1776511918530,1776511918530,0,SUCCESS
B,beta,16,1776511918530,1776511918530,0,SUCCESS
B,beta,17,1776511918530,1776511918530,0,SUCCESS
B,beta,18,1776511918530,1776511918530,0,SUCCESS
B,beta,19,1776511918530,1776511918530,0,SUCCESS
B,beta,20,1776511918530,1776511918530,0,SUCCESS
B,beta,21,1776511918530,1776511918530,0,SUCCESS
B,beta,22,1776511918530,1776511918530,0,SUCCESS
B,beta,23,1776511918530,1776511918530,0,SUCCESS
B,beta,24,1776511918530,1776511918530,0,SUCCESS
B,beta,25,1776511918530,1776511918530,0,SUCCESS
B,beta,26,1776511918530,1776511918530,0,SUCCESS
B,beta,27,1776511918530,1776511918530,0,SUCCESS
B,beta,28,1776511918530,1776511918530,0,SUCCESS
B,beta,29,1776511918530,1776511918530,0,SUCCESS
B,beta,30,1776511918530,1776511918530,0,SUCCESS
B,beta,31,1776511918530,1776511918530,0,SUCCESS
B,beta,32,1776511918530,1776511918530,0,SUCCESS
B,beta,33,1776511918530,1776511918530,0,SUCCESS
B,beta,34,1776511918530,1776511918530,0,SUCCESS
B,beta,35,1776511918530,1776511918530,0,SUCCESS
B,beta,36,1776511918530,1776511918530,0,SUCCESS
B,beta,37,1776511918530,1776511918530,0,SUCCESS
B,beta,38,1776511918530,1776511918530,0,SUCCESS
B,beta,39,1776511918530,1776511918530,0,SUCCESS
B,beta,40,1776511918530,1776511918530,0,SUCCESS
B,beta,41,1776511918530,1776511918530,0,SUCCESS
B,beta,42,1776511918530,1776511918530,0,SUCCESS
B,beta,43,1776511918530,1776511918530,0,SUCCESS
B,beta,44,1776511918530,1776511918530,0,SUCCESS
B,beta,45,1776511918530,1776511918530,0,SUCCESS
B,beta,46,1776511918530,1776511918530,0,SUCCESS
B,beta,47,1776511918530,1776511918530,0,SUCCESS
B,beta,48,1776511918530,1776511918530,0,SUCCESS
B,beta,49,1776511918530,1776511918530,0,SUCCESS
B,beta,50,1776511918530,1776511918530,0,SUCCESS
B,beta,51,1776511918530,1776511918530,0,SUCCESS
B,beta,52,1776511918530,1776511918530,0,SUCCESS
B,beta,53,1776511918530,1776511918530,0,SUCCESS
B,beta,54,1776511918530,1776511918530,0,SUCCESS
B,beta,55,1776511918530,1776511918530,0,SUCCESS
B,beta,56,1776511918530,1776511918530,0,SUCCESS
B,beta,57,1776511918530,1776511918530,0,SUCCESS
B,beta,58,1776511918530,1776511918530,0,SUCCESS
B,beta,59,1776511918530,1776511918530,0,SUCCESS
B,beta,60,1776511918530,1776511918530,0,SUCCESS
B,beta,61,1776511918530,1776511918530,0,SUCCESS
B,beta,62,1776511918530,1776511918530,0,SUCCESS
B,beta,63,1776511918530,1776511918530,0,SUCCESS
B,beta,64,1776511918530,1776511918530,0,SUCCESS
B,beta,65,1776511918530,1776511918530,0,SUCCESS
B,beta,66,1776511918530,1776511918530,0,SUCCESS
B,beta,67,1776511918530,1776511918530,0,SUCCESS
B,beta,68,1776511918530,1776511918530,0,SUCCESS
B,beta,69,1776511918530,1776511918530,0,SUCCESS
B,beta,70,1776511918530,1776511918530,0,SUCCESS
B,beta,71,1776511918530,1776511918530,0,SUCCESS
B,beta,72,1776511918530,1776511918530,0,SUCCESS
B,beta,73,1776511918530,1776511918530,0,SUCCESS
B,beta,74,1776511918530,1776511918530,0,SUCCESS
B,beta,75,1776511918530,1776511918530,0,SUCCESS
B,beta,76,1776511918530,1776511918530,0,SUCCESS
B,beta,77,1776511918530,1776511918530,0,SUCCESS
B,beta,78,1776511918530,1776511918530,0,SUCCESS
B,beta,79,1776511918530,1776511918530,0,SUCCESS
B,beta,80,1776511918530,1776511918530,0,SUCCESS
B,beta,81,1776511918530,1776511918530,0,SUCCESS
B,beta,82,1776511918530,1776511918530,0,SUCCESS
B,beta,83,1776511918530,1776511918530,0,SUCCESS
B,beta,84,1776511918530,1776511918530,0,SUCCESS
B,beta,85,1776511918530,1776511918530,0,SUCCESS
B,beta,86,1776511918530,1776511918530,0,SUCCESS
B,beta,87,1776511918530,1776511918530,0,SUCCESS
B,beta,88,1776511918530,1776511918530,0,SUCCESS
B,beta,89,1776511918530,1776511918530,0,SUCCESS
B,beta,90,1776511918530,1776511918530,0,SUCCESS
B,beta,91,1776511918530,1776511918530,0,SUCCESS
B,beta,92,1776511918530,1776511918530,0,SUCCESS
B,beta,93,1776511918530,1776511918530,0,SUCCESS
B,beta,94,1776511918530,1776511918530,0,SUCCESS
B,beta,95,1776511918530,1776511918530,0,SUCCESS
B,beta,96,1776511918530,1776511918530,0,SUCCESS
B,beta,97,1776511918530,1776511918530,0,SUCCESS
B,beta,98,1776511918530,1776511918530,0,SUCCESS
B,beta,99,1776511918530,1776511918530,0,SUCCESS
B,beta,100,1776511918530,1776511918530,0,SUCCESS
B,beta,101,1776511918530,1776511918530,0,SUCCESS
B,beta,102,1776511918530,1776511918530,0,SUCCESS
B,beta,103,1776511918530,1776511918530,0,SUCCESS
B,beta,104,1776511918530,1776511918530,0,SUCCESS
B,beta,105,1776511918530,1776511918530,0,SUCCESS
B,beta,106,1776511918530,1776511918530,0,SUCCESS
B,beta,107,1776511918530,1776511918530,0,SUCCESS
B,beta,108,1776511918530,1776511918530,0,SUCCESS
B,beta,109,1776511918530,1776511918530,0,SUCCESS
B,beta,110,1776511918530,1776511918530,0,SUCCESS
B,beta,111,1776511918530,1776511918530,0,SUCCESS
B,beta,112,1776511918530,1776511918530,0,SUCCESS
B,beta,113,1776511918530,1776511918530,0,SUCCESS
B,beta,114,1776511918530,1776511918530,0,SUCCESS
B,beta,115,1776511918530,1776511918530,0,SUCCESS
B,beta,116,1776511918530,1776511918530,0,SUCCESS
B,beta,117,1776511918530,1776511918530,0,SUCCESS
B,beta,118,1776511918530,1776511918530,0,SUCCESS
B,beta,119,1776511918530,1776511918530,0,SUCCESS
B,beta,120,1776511918530,1776511918530,0,SUCCESS
B,beta,121,1776511918530,1776511918530,0,SUCCESS
B,beta,122,1776511918530,1776511918530,0,SUCCESS
B,beta,123,1776511918530,1776511918530,0,SUCCESS
B,beta,124,1776511918530,1776511918530,0,SUCCESS
B,beta,125,1776511918530,1776511918530,0,SUCCESS
B,beta,126,1776511918530,1776511918530,0,SUCCESS
B,beta,127,1776511918530,1776511918530,0,SUCCESS
B,beta,128,1776511918530,1776511918530,0,SUCCESS
B,beta,129,1776511918530,1776511918530,0,SUCCESS
B,beta,130,1776511918530,1776511918530,0,SUCCESS
B,beta,131,1776511918530,1776511918530,0,SUCCESS
B,beta,132,1776511918530,1776511918530,0,SUCCESS
B,beta,133,1776511918530,1776511918530,0,SUCCESS
B,beta,134,1776511918530,1776511918530,0,SUCCESS
B,beta,135,1776511918530,1776511918530,0,SUCCESS
B,beta,136,1776511918530,1776511918530,0,SUCCESS
B,beta,137,1776511918530,1776511918530,0,SUCCESS
B,beta,138,1776511918530,1776511918530,0,SUCCESS
B,beta,139,1776511918530,1776511918530,0,SUCCESS
B,beta,140,1776511918530,1776511918530,0,SUCCESS
B,beta,141,1776511918530,1776511918530,0,SUCCESS
B,beta,142,1776511918530,1776511918530,0,SUCCESS
B,beta,143,1776511918530,1776511918530,0,SUCCESS
B,beta,144,1776511918530,1776511918530,0,SUCCESS
B,beta,145,1776511918530,1776511918530,0,SUCCESS
B,beta,146,1776511918530,1776511918530,0,SUCCESS
B,beta,147,1776511918530,1776511918530,0,SUCCESS
B,beta,148,1776511918530,1776511918530,0,SUCCESS
B,beta,149,1776511918530,1776511918530,0,SUCCESS
B,beta,150,1776511918530,1776511918530,0,SUCCESS
B,beta,151,1776511918530,1776511918530,0,SUCCESS
B,beta,152,1776511918530,1776511918530,0,SUCCESS
B,beta,153,1776511918530,1776511918530,0,SUCCESS
B,beta,154,1776511918530,1776511918530,0,SUCCESS
B,beta,155,1776511918530,1776511918530,0,SUCCESS
B,beta,156,1776511918530,1776511918530,0,SUCCESS
B,beta,157,1776511918530,1776511918530,0,SUCCESS
B,beta,158,1776511918530,1776511918530,0,SUCCESS
B,beta,159,1776511918530,1776511918530,0,SUCCESS
B,beta,160,1776511918530,1776511918530,0,SUCCESS
B,beta,161,1776511918530,1776511918530,0,SUCCESS
B,beta,162,1776511918530,1776511918530,0,SUCCESS
B,beta,163,1776511918530,1776511918530,0,SUCCESS
B,beta,164,1776511918530,1776511918530,0,SUCCESS
B,beta,165,1776511918530,1776511918530,0,SUCCESS
B,beta,166,1776511918530,1776511918530,0,SUCCESS
B,beta,167,1776511918530,1776511918530,0,SUCCESS
B,beta,168,1776511918530,1776511918530,0,SUCCESS
B,beta,169,1776511918530,1776511918530,0,SUCCESS
B,beta,170,1776511918530,1776511918530,0,SUCCESS
B,beta,171,1776511918530,1776511918530,0,SUCCESS
B,beta,172,1776511918530,1776511918530,0,SUCCESS
B,beta,173,1776511918530,1776511918530,0,SUCCESS
B,beta,174,1776511918530,1776511918530,0,SUCCESS
B,beta,175,1776511918530,1776511918530,0,SUCCESS
B,beta,176,1776511918530,1776511918530,0,SUCCESS
B,beta,177,1776511918530,1776511918530,0,SUCCESS
B,beta,178,1776511918530,1776511918530,0,SUCCESS
B,beta,179,1776511918530,1776511918530,0,SUCCESS
B,beta,180,1776511918530,1776511918530,0,SUCCESS
B,beta,181,1776511918530,1776511918530,0,SUCCESS
B,beta,182,1776511918530,1776511918530,0,SUCCESS
B,beta,183,1776511918530,1776511918530,0,SUCCESS
B,beta,184,1776511918530,1776511918530,0,SUCCESS
B,beta,185,1776511918530,1776511918530,0,SUCCESS
B,beta,186,1776511918530,1776511918530,0,SUCCESS
B,beta,187,1776511918530,1776511918530,0,SUCCESS
B,beta,188,1776511918530,1776511918530,0,SUCCESS
B,beta,189,1776511918530,1776511918530,0,SUCCESS
B,beta,190,1776511918530,1776511918530,0,SUCCESS
B,beta,191,1776511918530,1776511918530,0,SUCCESS
B,beta,192,1776511918530,1776511918530,0,SUCCESS
B,beta,193,1776511918530,1776511918530,0,SUCCESS
B,beta,194,1776511918530,1776511918530,0,SUCCESS
B,beta,195,1776511918530,1776511918530,0,SUCCESS
B,beta,196,1776511918530,1776511918530,0,SUCCESS
B,beta,197,1776511918530,1776511918530,0,SUCCESS
B,beta,198,1776511918530,1776511918530,0,SUCCESS
B,beta,199,1776511918530,1776511918530,0,SUCCESS
B,beta,200,1776511918530,1776511918530,0,SUCCESS
B,beta,201,1776511918530,1776511918530,0,SUCCESS
B,beta,202,1776511918530,1776511918530,0,SUCCESS
B,beta,203,1776511918530,1776511918530,0,SUCCESS
B,beta,204,1776511918530,1776511918530,0,SUCCESS
B,beta,205,1776511918530,1776511918530,0,SUCCESS
B,beta,206,1776511918530,1776511918530,0,SUCCESS
B,beta,207,1776511918530,1776511918530,0,SUCCESS
B,beta,208,1776511918530,1776511918530,0,SUCCESS
B,beta,209,1776511918530,1776511918530,0,SUCCESS
B,beta,210,1776511918530,1776511918530,0,SUCCESS
B,beta,211,1776511918530,1776511918530,0,SUCCESS
B,beta,212,1776511918530,1776511918530,0,SUCCESS
B,beta,213,1776511918530,1776511918530,0,SUCCESS
B,beta,214,1776511918530,1776511918530,0,SUCCESS
B,beta,215,1776511918530,1776511918530,0,SUCCESS
B,beta,216,1776511918530,1776511918530,0,SUCCESS
B,beta,217,1776511918530,1776511918530,0,SUCCESS
B,beta,218,1776511918530,1776511918530,0,SUCCESS
B,beta,219,1776511918530,1776511918530,0,SUCCESS
B,beta,220,1776511918530,1776511918530,0,SUCCESS
B,beta,221,1776511918530,1776511918530,0,SUCCESS
B,beta,222,1776511918530,1776511918530,0,SUCCESS
B,beta,223,1776511918530,1776511918530,0,SUCCESS
B,beta,224,1776511918530,1776511918530,0,SUCCESS
B,beta,225,1776511918530,1776511918530,0,SUCCESS
B,beta,226,1776511918530,1776511918530,0,SUCCESS
B,beta,227,1776511918530,1776511918530,0,SUCCESS
B,beta,228,1776511918530,1776511918530,0,SUCCESS
B,beta,229,1776511918530,1776511918530,0,SUCCESS
B,beta,230,1776511918530,1776511918530,0,SUCCESS
B,beta,231,1776511918530,1776511918530,0,SUCCESS
B,beta,232,1776511918530,1776511918530,0,SUCCESS
B,beta,233,1776511918530,1776511918530,0,SUCCESS
B,beta,234,1776511918530,1776511918530,0,SUCCESS
B,beta,235,1776511918530,1776511918530,0,SUCCESS
B,beta,236,1776511918530,1776511918530,0,SUCCESS
B,beta,237,1776511918530,1776511918530,0,SUCCESS
B,beta,238,1776511918530,1776511918530,0,SUCCESS
B,beta,239,1776511918530,1776511918530,0,SUCCESS
B,beta,240,1776511918530,1776511918530,0,SUCCESS
B,beta,241,1776511918530,1776511918530,0,SUCCESS
B,beta,242,1776511918530,1776511918530,0,SUCCESS
B,beta,243,1776511918530,1776511918530,0,SUCCESS
B,beta,244,1776511918530,1776511918530,0,SUCCESS
B,beta,245,1776511918530,1776511918530,0,SUCCESS
B,beta,246,1776511918530,1776511918530,0,SUCCESS
B,beta,247,1776511918530,1776511918530,0,SUCCESS
B,beta,248,1776511918530,1776511918530,0,SUCCESS
B,beta,249,1776511918530,1776511918530,0,SUCCESS
B,beta,250,1776511918530,1776511918530,0,SUCCESS
B,beta,251,1776511918530,1776511918530,0,SUCCESS
B,beta,252,1776511918530,1776511918530,0,SUCCESS
B,beta,253,1776511918530,1776511918530,0,SUCCESS
B,beta,254,1776511918530,1776511918530,0,SUCCESS
B,beta,255,1776511918530,1776511918530,0,SUCCESS
B,beta,256,1776511918530,1776511918530,0,SUCCESS
B,beta,257,1776511918530,1776511918530,0,SUCCESS
B,beta,258,1776511918530,1776511918530,0,SUCCESS
B,beta,259,1776511918530,1776511918530,0,SUCCESS
B,beta,260,1776511918530,1776511918530,0,SUCCESS
B,beta,261,1776511918530,1776511918530,0,SUCCESS
B,beta,262,1776511918530,1776511918530,0,SUCCESS
B,beta,263,1776511918530,1776511918530,0,SUCCESS
B,beta,264,1776511918530,1776511918530,0,SUCCESS
B,beta,265,1776511918530,1776511918530,0,SUCCESS
B,beta,266,1776511918530,1776511918530,0,SUCCESS
B,beta,267,1776511918530,1776511918530,0,SUCCESS
B,beta,268,1776511918530,1776511918530,0,SUCCESS
B,beta,269,1776511918530,1776511918530,0,SUCCESS
B,beta,270,1776511918530,1776511918530,0,SUCCESS
B,beta,271,1776511918530,1776511918530,0,SUCCESS
B,beta,272,1776511918530,1776511918530,0,SUCCESS
B,beta,273,1776511918530,1776511918530,0,SUCCESS
B,beta,274,1776511918530,1776511918530,0,SUCCESS
B,beta,275,1776511918530,1776511918530,0,SUCCESS
B,beta,276,1776511918530,1776511918530,0,SUCCESS
B,beta,277,1776511918530,1776511918530,0,SUCCESS
B,beta,278,1776511918530,1776511918530,0,SUCCESS
B,beta,279,1776511918530,1776511918530,0,SUCCESS
B,beta,280,1776511918530,1776511918530,0,SUCCESS
B,beta,281,1776511918530,1776511918530,0,SUCCESS
B,beta,282,1776511918530,1776511918530,0,SUCCESS
B,beta,283,1776511918530,1776511918530,0,SUCCESS
B,beta,284,1776511918530,1776511918530,0,SUCCESS
B,beta,285,1776511918530,1776511918530,0,SUCCESS
B,beta,286,1776511918530,1776511918530,0,SUCCESS
B,beta,287,1776511918530,1776511918530,0,SUCCESS
B,beta,288,1776511918530,1776511918530,0,SUCCESS
B,beta,289,1776511918530,1776511918530,0,SUCCESS
B,beta,290,1776511918530,1776511918530,0,SUCCESS
B,beta,291,1776511918530,1776511918530,0,SUCCESS
B,beta,292,1776511918530,1776511918530,0,SUCCESS
B,beta,293,1776511918530,1776511918530,0,SUCCESS
B,beta,294,1776511918530,1776511918530,0,SUCCESS
B,beta,295,1776511918530,1776511918530,0,SUCCESS
B,beta,296,1776511918530,1776511918530,0,SUCCESS
B,beta,297,1776511918530,1776511918530,0,SUCCESS
B,beta,298,1776511918530,1776511918530,0,SUCCESS
B,beta,299,1776511918530,1776511918530,0,SUCCESS
B,beta,300,1776511918530,1776511918530,0,SUCCESS
B,beta,301,1776511918530,1776511918530,0,SUCCESS
B,beta,302,1776511918530,1776511918530,0,SUCCESS
B,beta,303,1776511918530,1776511918530,0,SUCCESS
B,beta,304,1776511918530,1776511918530,0,SUCCESS
B,beta,305,1776511918530,1776511918530,0,SUCCESS
B,beta,306,1776511918530,1776511918530,0,SUCCESS
B,beta,307,1776511918530,1776511918530,0,SUCCESS
B,beta,308,1776511918530,1776511918530,0,SUCCESS
B,beta,309,1776511918530,1776511918530,0,SUCCESS
B,beta,310,1776511918530,1776511918530,0,SUCCESS
B,beta,311,1776511918530,1776511918530,0,SUCCESS
B,beta,312,1776511918530,1776511918530,0,SUCCESS
B,beta,313,1776511918530,1776511918530,0,SUCCESS
B,beta,314,1776511918530,1776511918530,0,SUCCESS
B,beta,315,1776511918530,1776511918530,0,SUCCESS
B,beta,316,1776511918530,1776511918530,0,SUCCESS
B,beta,317,1776511918530,1776511918530,0,SUCCESS
B,beta,318,1776511918530,1776511918530,0,SUCCESS
B,beta,319,1776511918530,1776511918530,0,SUCCESS
B,beta,320,1776511918530,1776511918530,0,SUCCESS
B,beta,321,1776511918530,1776511918530,0,SUCCESS
B,beta,322,1776511918531,1776511918531,0,SUCCESS
B,beta,323,1776511918531,1776511918531,0,SUCCESS
B,beta,324,1776511918531,1776511918531,0,SUCCESS
B,beta,325,1776511918531,1776511918531,0,SUCCESS
B,beta,326,1776511918531,1776511918531,0,SUCCESS
B,beta,327,1776511918531,1776511918531,0,SUCCESS
B,beta,328,1776511918531,1776511918531,0,SUCCESS
B,beta,329,1776511918531,1776511918531,0,SUCCESS
B,beta,330,1776511918531,1776511918531,0,SUCCESS
B,beta,331,1776511918531,1776511918531,0,SUCCESS
B,beta,332,1776511918531,1776511918531,0,SUCCESS
B,beta,333,1776511918531,1776511918531,0,SUCCESS
B,beta,334,1776511918531,1776511918531,0,SUCCESS
B,beta,335,1776511918531,1776511918531,0,SUCCESS
B,beta,336,1776511918531,1776511918531,0,SUCCESS
B,beta,337,1776511918531,1776511918531,0,SUCCESS
B,beta,338,1776511918531,1776511918531,0,SUCCESS
B,beta,339,1776511918531,1776511918531,0,SUCCESS
B,beta,340,1776511918531,1776511918531,0,SUCCESS
B,beta,341,1776511918531,1776511918531,0,SUCCESS
B,beta,342,1776511918531,1776511918531,0,SUCCESS
B,beta,343,1776511918531,1776511918531,0,SUCCESS
B,beta,344,1776511918531,1776511918531,0,SUCCESS
B,beta,345,1776511918531,1776511918531,0,SUCCESS
B,beta,346,1776511918531,1776511918531,0,SUCCESS
B,beta,347,1776511918531,1776511918531,0,SUCCESS
B,beta,348,1776511918531,1776511918531,0,SUCCESS
B,beta,349,1776511918531,1776511918531,0,SUCCESS
B,beta,350,1776511918531,1776511918531,0,SUCCESS
B,beta,351,1776511918531,1776511918531,0,SUCCESS
B,beta,352,1776511918531,1776511918531,0,SUCCESS
B,beta,353,1776511918531,1776511918531,0,SUCCESS
B,beta,354,1776511918531,1776511918531,0,SUCCESS
B,beta,355,1776511918531,1776511918531,0,SUCCESS
B,beta,356,1776511918531,1776511918531,0,SUCCESS
B,beta,357,1776511918531,1776511918531,0,SUCCESS
B,beta,358,1776511918531,1776511918531,0,SUCCESS
B,beta,359,1776511918531,1776511918531,0,SUCCESS
B,beta,360,1776511918531,1776511918531,0,SUCCESS
B,beta,361,1776511918531,1776511918531,0,SUCCESS
B,beta,362,1776511918531,1776511918531,0,SUCCESS
B,beta,363,1776511918531,1776511918531,0,SUCCESS
B,beta,364,1776511918531,1776511918531,0,SUCCESS
B,beta,365,1776511918531,1776511918531,0,SUCCESS
B,beta,366,1776511918531,1776511918531,0,SUCCESS
B,beta,367,1776511918531,1776511918531,0,SUCCESS
B,beta,368,1776511918531,1776511918531,0,SUCCESS
B,beta,369,1776511918531,1776511918531,0,SUCCESS
B,beta,370,1776511918531,1776511918531,0,SUCCESS
B,beta,371,1776511918531,1776511918531,0,SUCCESS
B,beta,372,1776511918531,1776511918531,0,SUCCESS
B,beta,373,1776511918531,1776511918531,0,SUCCESS
B,beta,374,1776511918531,1776511918531,0,SUCCESS
B,beta,375,1776511918531,1776511918531,0,SUCCESS
B,beta,376,1776511918531,1776511918531,0,SUCCESS
B,beta,377,1776511918531,1776511918531,0,SUCCESS
B,beta,378,1776511918531,1776511918531,0,SUCCESS
B,beta,379,1776511918531,1776511918531,0,SUCCESS
B,beta,380,1776511918531,1776511918531,0,SUCCESS
B,beta,381,1776511918531,1776511918531,0,SUCCESS
B,beta,382,1776511918531,1776511918531,0,SUCCESS
B,beta,383,1776511918531,1776511918531,0,SUCCESS
B,beta,384,1776511918531,1776511918531,0,SUCCESS
B,beta,385,1776511918531,1776511918531,0,SUCCESS
B,beta,386,1776511918531,1776511918531,0,SUCCESS
B,beta,387,1776511918531,1776511918531,0,SUCCESS
B,beta,388,1776511918531,1776511918531,0,SUCCESS
B,beta,389,1776511918531,1776511918531,0,SUCCESS
B,beta,390,1776511918531,1776511918531,0,SUCCESS
B,beta,391,1776511918531,1776511918531,0,SUCCESS
B,beta,392,1776511918531,1776511918531,0,SUCCESS
B,beta,393,1776511918531,1776511918531,0,SUCCESS
B,beta,394,1776511918531,1776511918531,0,SUCCESS
B,beta,395,1776511918531,1776511918531,0,SUCCESS
B,beta,396,1776511918531,1776511918531,0,SUCCESS
B,beta,397,1776511918531,1776511918531,0,SUCCESS
B,beta,398,1776511918531,1776511918531,0,SUCCESS
B,beta,399,1776511918531,1776511918531,0,SUCCESS
B,beta,400,1776511918531,1776511918531,0,SUCCESS
B,beta,401,1776511918531,1776511918531,0,SUCCESS
B,beta,402,1776511918531,1776511918531,0,SUCCESS
B,beta,403,1776511918531,1776511918531,0,SUCCESS
B,beta,404,1776511918531,1776511918531,0,SUCCESS
B,beta,405,1776511918531,1776511918531,0,SUCCESS
B,beta,406,1776511918531,1776511918531,0,SUCCESS
B,beta,407,1776511918531,1776511918531,0,SUCCESS
B,beta,408,1776511918531,1776511918531,0,SUCCESS
B,beta,409,1776511918531,1776511918531,0,SUCCESS
B,beta,410,1776511918531,1776511918531,0,SUCCESS
B,beta,411,1776511918531,1776511918531,0,SUCCESS
B,beta,412,1776511918531,1776511918531,0,SUCCESS
B,beta,413,1776511918531,1776511918531,0,SUCCESS
B,beta,414,1776511918531,1776511918531,0,SUCCESS
B,beta,415,1776511918531,1776511918531,0,SUCCESS
B,beta,416,1776511918531,1776511918531,0,SUCCESS
B,beta,417,1776511918531,1776511918531,0,SUCCESS
B,beta,418,1776511918531,1776511918531,0,SUCCESS
B,beta,419,1776511918531,1776511918531,0,SUCCESS
B,beta,420,1776511918531,1776511918531,0,SUCCESS
B,beta,421,1776511918531,1776511918531,0,SUCCESS
B,beta,422,1776511918531,1776511918531,0,SUCCESS
B,beta,423,1776511918531,1776511918531,0,SUCCESS
B,beta,424,1776511918531,1776511918531,0,SUCCESS
B,beta,425,1776511918531,1776511918531,0,SUCCESS
B,beta,426,1776511918531,1776511918531,0,SUCCESS
B,beta,427,1776511918532,1776511918532,0,SUCCESS
B,beta,428,1776511918532,1776511918532,0,SUCCESS
B,beta,429,1776511918532,1776511918532,0,SUCCESS
B,beta,430,1776511918532,1776511918532,0,SUCCESS
B,beta,431,1776511918532,1776511918532,0,SUCCESS
B,beta,432,1776511918532,1776511918532,0,SUCCESS
B,beta,433,1776511918532,1776511918532,0,SUCCESS
B,beta,434,1776511918532,1776511918532,0,SUCCESS
B,beta,435,1776511918532,1776511918532,0,SUCCESS
B,beta,436,1776511918532,1776511918532,0,SUCCESS
B,beta,437,1776511918532,1776511918532,0,SUCCESS
B,beta,438,1776511918532,1776511918532,0,SUCCESS
B,beta,439,1776511918532,1776511918532,0,SUCCESS
B,beta,440,1776511918532,1776511918532,0,SUCCESS
B,beta,441,1776511918532,1776511918532,0,SUCCESS
B,beta,442,1776511918532,1776511918532,0,SUCCESS
B,beta,443,1776511918532,1776511918532,0,SUCCESS
B,beta,444,1776511918532,1776511918532,0,SUCCESS
B,beta,445,1776511918532,1776511918532,0,SUCCESS
B,beta,446,1776511918532,1776511918532,0,SUCCESS
B,beta,447,1776511918532,1776511918532,0,SUCCESS
B,beta,448,1776511918532,1776511918532,0,SUCCESS
B,beta,449,1776511918532,1776511918532,0,SUCCESS
B,beta,450,1776511918532,1776511918532,0,SUCCESS
B,beta,451,1776511918532,1776511918532,0,SUCCESS
B,beta,452,1776511918532,1776511918532,0,SUCCESS
B,beta,453,1776511918532,1776511918532,0,SUCCESS
B,beta,454,1776511918532,1776511918532,0,SUCCESS
B,beta,455,1776511918532,1776511918532,0,SUCCESS
B,beta,456,1776511918532,1776511918532,0,SUCCESS
B,beta,457,1776511918532,1776511918532,0,SUCCESS
B,beta,458,1776511918532,1776511918532,0,SUCCESS
B,beta,459,1776511918532,1776511918532,0,SUCCESS
B,beta,460,1776511918532,1776511918532,0,SUCCESS
B,beta,461,1776511918532,1776511918532,0,SUCCESS
B,beta,462,1776511918532,1776511918532,0,SUCCESS
B,beta,463,1776511918532,1776511918532,0,SUCCESS
B,beta,464,1776511918532,1776511918532,0,SUCCESS
B,beta,465,1776511918532,1776511918532,0,SUCCESS
B,beta,466,1776511918532,1776511918532,0,SUCCESS
B,beta,467,1776511918532,1776511918532,0,SUCCESS
B,beta,468,1776511918532,1776511918532,0,SUCCESS
B,beta,469,1776511918532,1776511918532,0,SUCCESS
B,beta,470,1776511918532,1776511918532,0,SUCCESS
B,beta,471,1776511918532,1776511918532,0,SUCCESS
B,beta,472,1776511918532,1776511918532,0,SUCCESS
B,beta,473,1776511918532,1776511918532,0,SUCCESS
B,beta,474,1776511918532,1776511918532,0,SUCCESS
B,beta,475,1776511918532,1776511918532,0,SUCCESS
B,beta,476,1776511918532,1776511918532,0,SUCCESS
B,beta,477,1776511918532,1776511918532,0,SUCCESS
B,beta,478,1776511918532,1776511918532,0,SUCCESS
B,beta,479,1776511918532,1776511918532,0,SUCCESS
B,beta,480,1776511918532,1776511918532,0,SUCCESS
B,beta,481,1776511918532,1776511918532,0,SUCCESS
B,beta,482,1776511918532,1776511918532,0,SUCCESS
B,beta,483,1776511918532,1776511918532,0,SUCCESS
B,beta,484,1776511918532,1776511918532,0,SUCCESS
B,beta,485,1776511918532,1776511918532,0,SUCCESS
B,beta,486,1776511918532,1776511918532,0,SUCCESS
B,beta,487,1776511918532,1776511918532,0,SUCCESS
B,beta,488,1776511918532,1776511918532,0,SUCCESS
B,beta,489,1776511918532,1776511918532,0,SUCCESS
B,beta,490,1776511918532,1776511918532,0,SUCCESS
B,beta,491,1776511918532,1776511918532,0,SUCCESS
B,beta,492,1776511918532,1776511918532,0,SUCCESS
B,beta,493,1776511918532,1776511918532,0,SUCCESS
B,beta,494,1776511918532,1776511918532,0,SUCCESS
B,beta,495,1776511918532,1776511918532,0,SUCCESS
B,beta,496,1776511918532,1776511918532,0,SUCCESS
B,beta,497,1776511918532,1776511918532,0,SUCCESS
B,beta,498,1776511918532,1776511918532,0,SUCCESS
B,beta,499,1776511918532,1776511918532,0,SUCCESS
B,beta,500,1776511918532,1776511918532,0,SUCCESS
B,beta,501,1776511918532,1776511918532,0,SUCCESS
B,beta,502,1776511918532,1776511918532,0,SUCCESS
B,beta,503,1776511918532,1776511918532,0,SUCCESS
B,beta,504,1776511918532,1776511918532,0,SUCCESS
B,beta,505,1776511918532,1776511918532,0,SUCCESS
B,beta,506,1776511918532,1776511918532,0,SUCCESS
B,beta,507,1776511918532,1776511918532,0,SUCCESS
B,beta,508,1776511918532,1776511918532,0,SUCCESS
B,beta,509,1776511918532,1776511918532,0,SUCCESS
B,beta,510,1776511918532,1776511918532,0,SUCCESS
B,beta,511,1776511918532,1776511918532,0,SUCCESS
B,beta,512,1776511918532,1776511918532,0,SUCCESS
B,beta,513,1776511918532,1776511918532,0,SUCCESS
B,beta,514,1776511918532,1776511918532,0,SUCCESS
B,beta,515,1776511918532,1776511918532,0,SUCCESS
B,beta,516,1776511918532,1776511918532,0,SUCCESS
B,beta,517,1776511918532,1776511918532,0,SUCCESS
B,beta,518,1776511918532,1776511918532,0,SUCCESS
B,beta,519,1776511918532,1776511918532,0,SUCCESS
B,beta,520,1776511918532,1776511918532,0,SUCCESS
B,beta,521,1776511918532,1776511918532,0,SUCCESS
B,beta,522,1776511918532,1776511918532,0,SUCCESS
B,beta,523,1776511918532,1776511918532,0,SUCCESS
B,beta,524,1776511918532,1776511918532,0,SUCCESS
B,beta,525,1776511918532,1776511918532,0,SUCCESS
B,beta,526,1776511918532,1776511918532,0,SUCCESS
B,beta,527,1776511918532,1776511918532,0,SUCCESS
B,beta,528,1776511918532,1776511918532,0,SUCCESS
B,beta,529,1776511918532,1776511918532,0,SUCCESS
B,beta,530,1776511918532,1776511918532,0,SUCCESS
B,beta,531,1776511918532,1776511918532,0,SUCCESS
B,beta,532,1776511918532,1776511918532,0,SUCCESS
B,beta,533,1776511918532,1776511918532,0,SUCCESS
B,beta,534,1776511918532,1776511918532,0,SUCCESS
B,beta,535,1776511918532,1776511918532,0,SUCCESS
B,beta,536,1776511918532,1776511918532,0,SUCCESS
B,beta,537,1776511918532,1776511918532,0,SUCCESS
B,beta,538,1776511918532,1776511918532,0,SUCCESS
B,beta,539,1776511918532,1776511918532,0,SUCCESS
B,beta,540,1776511918532,1776511918532,0,SUCCESS
B,beta,541,1776511918532,1776511918532,0,SUCCESS
B,beta,542,1776511918532,1776511918532,0,SUCCESS
B,beta,543,1776511918532,1776511918532,0,SUCCESS
B,beta,544,1776511918532,1776511918532,0,SUCCESS
B,beta,545,1776511918532,1776511918532,0,SUCCESS
B,beta,546,1776511918532,1776511918532,0,SUCCESS
B,beta,547,1776511918532,1776511918532,0,SUCCESS
B,beta,548,1776511918532,1776511918532,0,SUCCESS
B,beta,549,1776511918532,1776511918532,0,SUCCESS
B,beta,550,1776511918532,1776511918532,0,SUCCESS
B,beta,551,1776511918532,1776511918532,0,SUCCESS
B,beta,552,1776511918532,1776511918532,0,SUCCESS
B,beta,553,1776511918532,1776511918532,0,SUCCESS
B,beta,554,1776511918532,1776511918532,0,SUCCESS
B,beta,555,1776511918533,1776511918533,0,SUCCESS
B,beta,556,1776511918533,1776511918533,0,SUCCESS
B,beta,557,1776511918533,1776511918533,0,SUCCESS
B,beta,558,1776511918533,1776511918533,0,SUCCESS
B,beta,559,1776511918533,1776511918533,0,SUCCESS
B,beta,560,1776511918533,1776511918533,0,SUCCESS
B,beta,561,1776511918533,1776511918533,0,SUCCESS
B,beta,562,1776511918533,1776511918533,0,SUCCESS
B,beta,563,1776511918533,1776511918533,0,SUCCESS
B,beta,564,1776511918533,1776511918533,0,SUCCESS
B,beta,565,1776511918533,1776511918533,0,SUCCESS
B,beta,566,1776511918533,1776511918533,0,SUCCESS
B,beta,567,1776511918533,1776511918533,0,SUCCESS
B,beta,568,1776511918533,1776511918533,0,SUCCESS
B,beta,569,1776511918533,1776511918533,0,SUCCESS
B,beta,570,1776511918533,1776511918533,0,SUCCESS
B,beta,571,1776511918533,1776511918533,0,SUCCESS
B,beta,572,1776511918533,1776511918533,0,SUCCESS
B,beta,573,1776511918533,1776511918533,0,SUCCESS
B,beta,574,1776511918533,1776511918533,0,SUCCESS
B,beta,575,1776511918533,1776511918533,0,SUCCESS
B,beta,576,1776511918533,1776511918533,0,SUCCESS
B,beta,577,1776511918533,1776511918533,0,SUCCESS
B,beta,578,1776511918533,1776511918533,0,SUCCESS
B,beta,579,1776511918533,1776511918533,0,SUCCESS
B,beta,580,1776511918533,1776511918533,0,SUCCESS
B,beta,581,1776511918533,1776511918533,0,SUCCESS
B,beta,582,1776511918533,1776511918533,0,SUCCESS
B,beta,583,1776511918533,1776511918533,0,SUCCESS
B,beta,584,1776511918533,1776511918533,0,SUCCESS
B,beta,585,1776511918533,1776511918533,0,SUCCESS
B,beta,586,1776511918533,1776511918533,0,SUCCESS
B,beta,587,1776511918533,1776511918533,0,SUCCESS
B,beta,588,1776511918533,1776511918533,0,SUCCESS
B,beta,589,1776511918533,1776511918533,0,SUCCESS
B,beta,590,1776511918533,1776511918533,0,SUCCESS
B,beta,591,1776511918533,1776511918533,0,SUCCESS
B,beta,592,1776511918533,1776511918533,0,SUCCESS
B,beta,593,1776511918533,1776511918533,0,SUCCESS
B,beta,594,1776511918533,1776511918533,0,SUCCESS
B,beta,595,1776511918533,1776511918533,0,SUCCESS
B,beta,596,1776511918533,1776511918533,0,SUCCESS
B,beta,597,1776511918533,1776511918533,0,SUCCESS
B,beta,598,1776511918533,1776511918533,0,SUCCESS
B,beta,599,1776511918533,1776511918533,0,SUCCESS
B,beta,600,1776511918533,1776511918533,0,SUCCESS
B,beta,601,1776511918533,1776511918533,0,SUCCESS
B,beta,602,1776511918533,1776511918533,0,SUCCESS
B,beta,603,1776511918533,1776511918533,0,SUCCESS
B,beta,604,1776511918533,1776511918533,0,SUCCESS
B,beta,605,1776511918533,1776511918533,0,SUCCESS
B,beta,606,1776511918533,1776511918533,0,SUCCESS
B,beta,607,1776511918533,1776511918533,0,SUCCESS
B,beta,608,1776511918533,1776511918533,0,SUCCESS
B,beta,609,1776511918533,1776511918533,0,SUCCESS
B,beta,610,1776511918533,1776511918533,0,SUCCESS
B,beta,611,1776511918533,1776511918533,0,SUCCESS
B,beta,612,1776511918533,1776511918533,0,SUCCESS
B,beta,613,1776511918533,1776511918533,0,SUCCESS
B,beta,614,1776511918533,1776511918533,0,SUCCESS
B,beta,615,1776511918533,1776511918533,0,SUCCESS
B,beta,616,1776511918533,1776511918533,0,SUCCESS
B,beta,617,1776511918533,1776511918533,0,SUCCESS
B,beta,618,1776511918533,1776511918533,0,SUCCESS
B,beta,619,1776511918533,1776511918533,0,SUCCESS
B,beta,620,1776511918533,1776511918533,0,SUCCESS
B,beta,621,1776511918533,1776511918533,0,SUCCESS
B,beta,622,1776511918533,1776511918533,0,SUCCESS
B,beta,623,1776511918533,1776511918533,0,SUCCESS
B,beta,624,1776511918533,1776511918533,0,SUCCESS
B,beta,625,1776511918533,1776511918533,0,SUCCESS
B,beta,626,1776511918533,1776511918533,0,SUCCESS
B,beta,627,1776511918533,1776511918533,0,SUCCESS
B,beta,628,1776511918533,1776511918533,0,SUCCESS
B,beta,629,1776511918533,1776511918533,0,SUCCESS
B,beta,630,1776511918533,1776511918533,0,SUCCESS
B,beta,631,1776511918533,1776511918533,0,SUCCESS
B,beta,632,1776511918533,1776511918533,0,SUCCESS
B,beta,633,1776511918533,1776511918533,0,SUCCESS
B,beta,634,1776511918533,1776511918533,0,SUCCESS
B,beta,635,1776511918533,1776511918533,0,SUCCESS
B,beta,636,1776511918533,1776511918533,0,SUCCESS
B,beta,637,1776511918533,1776511918533,0,SUCCESS
B,beta,638,1776511918533,1776511918533,0,SUCCESS
B,beta,639,1776511918533,1776511918533,0,SUCCESS
B,beta,640,1776511918533,1776511918533,0,SUCCESS
B,beta,641,1776511918533,1776511918533,0,SUCCESS
B,beta,642,1776511918533,1776511918533,0,SUCCESS
B,beta,643,1776511918533,1776511918533,0,SUCCESS
B,beta,644,1776511918533,1776511918533,0,SUCCESS
B,beta,645,1776511918533,1776511918533,0,SUCCESS
B,beta,646,1776511918533,1776511918533,0,SUCCESS
B,beta,647,1776511918533,1776511918533,0,SUCCESS
B,beta,648,1776511918533,1776511918533,0,SUCCESS
B,beta,649,1776511918533,1776511918533,0,SUCCESS
B,beta,650,1776511918533,1776511918533,0,SUCCESS
B,beta,651,1776511918533,1776511918533,0,SUCCESS
B,beta,652,1776511918533,1776511918533,0,SUCCESS
B,beta,653,1776511918533,1776511918533,0,SUCCESS
B,beta,654,1776511918533,1776511918533,0,SUCCESS
B,beta,655,1776511918533,1776511918533,0,SUCCESS
B,beta,656,1776511918533,1776511918533,0,SUCCESS
B,beta,657,1776511918533,1776511918533,0,SUCCESS
B,beta,658,1776511918533,1776511918533,0,SUCCESS
B,beta,659,1776511918533,1776511918533,0,SUCCESS
B,beta,660,1776511918533,1776511918533,0,SUCCESS
B,beta,661,1776511918533,1776511918533,0,SUCCESS
B,beta,662,1776511918533,1776511918533,0,SUCCESS
B,beta,663,1776511918533,1776511918533,0,SUCCESS
B,beta,664,1776511918533,1776511918533,0,SUCCESS
B,beta,665,1776511918533,1776511918533,0,SUCCESS
B,beta,666,1776511918533,1776511918533,0,SUCCESS
B,beta,667,1776511918533,1776511918533,0,SUCCESS
B,beta,668,1776511918533,1776511918533,0,SUCCESS
B,beta,669,1776511918533,1776511918533,0,SUCCESS
B,beta,670,1776511918533,1776511918533,0,SUCCESS
B,beta,671,1776511918533,1776511918533,0,SUCCESS
B,beta,672,1776511918533,1776511918533,0,SUCCESS
B,beta,673,1776511918533,1776511918533,0,SUCCESS
B,beta,674,1776511918533,1776511918533,0,SUCCESS
B,beta,675,1776511918533,1776511918533,0,SUCCESS
B,beta,676,1776511918533,1776511918533,0,SUCCESS
B,beta,677,1776511918533,1776511918533,0,SUCCESS
B,beta,678,1776511918533,1776511918533,0,SUCCESS
B,beta,679,1776511918533,1776511918533,0,SUCCESS
B,beta,680,1776511918533,1776511918533,0,SUCCESS
B,beta,681,1776511918533,1776511918533,0,SUCCESS
B,beta,682,1776511918533,1776511918533,0,SUCCESS
B,beta,683,1776511918533,1776511918533,0,SUCCESS
B,beta,684,1776511918533,1776511918533,0,SUCCESS
B,beta,685,1776511918533,1776511918533,0,SUCCESS
B,beta,686,1776511918533,1776511918533,0,SUCCESS
B,beta,687,1776511918533,1776511918533,0,SUCCESS
B,beta,688,1776511918533,1776511918533,0,SUCCESS
B,beta,689,1776511918533,1776511918533,0,SUCCESS
B,beta,690,1776511918533,1776511918533,0,SUCCESS
B,beta,691,1776511918533,1776511918533,0,SUCCESS
B,beta,692,1776511918533,1776511918533,0,SUCCESS
B,beta,693,1776511918533,1776511918533,0,SUCCESS
B,beta,694,1776511918533,1776511918533,0,SUCCESS
B,beta,695,1776511918533,1776511918533,0,SUCCESS
B,beta,696,1776511918533,1776511918533,0,SUCCESS
B,beta,697,1776511918533,1776511918533,0,SUCCESS
B,beta,698,1776511918533,1776511918533,0,SUCCESS
B,beta,699,1776511918533,1776511918533,0,SUCCESS
B,beta,700,1776511918533,1776511918533,0,SUCCESS
B,beta,701,1776511918533,1776511918533,0,SUCCESS
B,beta,702,1776511918533,1776511918533,0,SUCCESS
B,beta,703,1776511918533,1776511918533,0,SUCCESS
B,beta,704,1776511918533,1776511918533,0,SUCCESS
B,beta,705,1776511918533,1776511918533,0,SUCCESS
B,beta,706,1776511918533,1776511918533,0,SUCCESS
B,beta,707,1776511918533,1776511918533,0,SUCCESS
B,beta,708,1776511918533,1776511918533,0,SUCCESS
B,beta,709,1776511918533,1776511918533,0,SUCCESS
B,beta,710,1776511918533,1776511918533,0,SUCCESS
B,beta,711,1776511918533,1776511918533,0,SUCCESS
B,beta,712,1776511918533,1776511918533,0,SUCCESS
B,beta,713,1776511918533,1776511918533,0,SUCCESS
B,beta,714,1776511918533,1776511918533,0,SUCCESS
B,beta,715,1776511918533,1776511918533,0,SUCCESS
B,beta,716,1776511918533,1776511918533,0,SUCCESS
B,beta,717,1776511918533,1776511918533,0,SUCCESS
B,beta,718,1776511918533,1776511918533,0,SUCCESS
B,beta,719,1776511918533,1776511918533,0,SUCCESS
B,beta,720,1776511918533,1776511918533,0,SUCCESS
B,beta,721,1776511918533,1776511918533,0,SUCCESS
B,beta,722,1776511918533,1776511918533,0,SUCCESS
B,beta,723,1776511918533,1776511918533,0,SUCCESS
B,beta,724,1776511918533,1776511918533,0,SUCCESS
B,beta,725,1776511918533,1776511918533,0,SUCCESS
B,beta,726,1776511918533,1776511918533,0,SUCCESS
B,beta,727,1776511918533,1776511918533,0,SUCCESS
B,beta,728,1776511918533,1776511918533,0,SUCCESS
B,beta,729,1776511918533,1776511918533,0,SUCCESS
B,beta,730,1776511918533,1776511918533,0,SUCCESS
B,beta,731,1776511918533,1776511918533,0,SUCCESS
B,beta,732,1776511918533,1776511918533,0,SUCCESS
B,beta,733,1776511918533,1776511918533,0,SUCCESS
B,beta,734,1776511918533,1776511918533,0,SUCCESS
B,beta,735,1776511918533,1776511918533,0,SUCCESS
B,beta,736,1776511918533,1776511918533,0,SUCCESS
B,beta,737,1776511918533,1776511918533,0,SUCCESS
B,beta,738,1776511918533,1776511918533,0,SUCCESS
B,beta,739,1776511918533,1776511918533,0,SUCCESS
B,beta,740,1776511918533,1776511918533,0,SUCCESS
B,beta,741,1776511918533,1776511918533,0,SUCCESS
B,beta,742,1776511918533,1776511918533,0,SUCCESS
B,beta,743,1776511918533,1776511918533,0,SUCCESS
B,beta,744,1776511918533,1776511918533,0,SUCCESS
B,beta,745,1776511918533,1776511918533,0,SUCCESS
B,beta,746,1776511918533,1776511918533,0,SUCCESS
B,beta,747,1776511918533,1776511918533,0,SUCCESS
B,beta,748,1776511918533,1776511918533,0,SUCCESS
B,beta,749,1776511918533,1776511918533,0,SUCCESS
B,beta,750,1776511918533,1776511918533,0,SUCCESS
B,beta,751,1776511918533,1776511918533,0,SUCCESS
B,beta,752,1776511918533,1776511918533,0,SUCCESS
B,beta,753,1776511918533,1776511918533,0,SUCCESS
B,beta,754,1776511918533,1776511918533,0,SUCCESS
B,beta,755,1776511918533,1776511918533,0,SUCCESS
B,beta,756,1776511918533,1776511918533,0,SUCCESS
B,beta,757,1776511918533,1776511918533,0,SUCCESS
B,beta,758,1776511918533,1776511918533,0,SUCCESS
B,beta,759,1776511918533,1776511918533,0,SUCCESS
B,beta,760,1776511918533,1776511918533,0,SUCCESS
B,beta,761,1776511918533,1776511918533,0,SUCCESS
B,beta,762,1776511918533,1776511918533,0,SUCCESS
B,beta,763,1776511918533,1776511918533,0,SUCCESS
B,beta,764,1776511918533,1776511918533,0,SUCCESS
B,beta,765,1776511918533,1776511918533,0,SUCCESS
B,beta,766,1776511918533,1776511918533,0,SUCCESS
B,beta,767,1776511918533,1776511918533,0,SUCCESS
B,beta,768,1776511918533,1776511918533,0,SUCCESS
B,beta,769,1776511918533,1776511918533,0,SUCCESS
B,beta,770,1776511918533,1776511918533,0,SUCCESS
B,beta,771,1776511918533,1776511918533,0,SUCCESS
B,beta,772,1776511918533,1776511918533,0,SUCCESS
B,beta,773,1776511918533,1776511918533,0,SUCCESS
B,beta,774,1776511918533,1776511918533,0,SUCCESS
B,beta,775,1776511918533,1776511918533,0,SUCCESS
B,beta,776,1776511918533,1776511918533,0,SUCCESS
B,beta,777,1776511918533,1776511918533,0,SUCCESS
B,beta,778,1776511918533,1776511918533,0,SUCCESS
B,beta,779,1776511918533,1776511918533,0,SUCCESS
B,beta,780,1776511918533,1776511918533,0,SUCCESS
B,beta,781,1776511918533,1776511918533,0,SUCCESS
B,beta,782,1776511918533,1776511918533,0,SUCCESS
B,beta,783,1776511918533,1776511918533,0,SUCCESS
B,beta,784,1776511918533,1776511918533,0,SUCCESS
B,beta,785,1776511918533,1776511918533,0,SUCCESS
B,beta,786,1776511918533,1776511918533,0,SUCCESS
B,beta,787,1776511918533,1776511918533,0,SUCCESS
B,beta,788,1776511918533,1776511918533,0,SUCCESS
B,beta,789,1776511918533,1776511918533,0,SUCCESS
B,beta,790,1776511918533,1776511918533,0,SUCCESS
B,beta,791,1776511918533,1776511918533,0,SUCCESS
B,beta,792,1776511918533,1776511918533,0,SUCCESS
B,beta,793,1776511918533,1776511918533,0,SUCCESS
B,beta,794,1776511918533,1776511918533,0,SUCCESS
B,beta,795,1776511918533,1776511918533,0,SUCCESS
B,beta,796,1776511918533,1776511918533,0,SUCCESS
B,beta,797,1776511918533,1776511918533,0,SUCCESS
B,beta,798,1776511918533,1776511918533,0,SUCCESS
B,beta,799,1776511918533,1776511918533,0,SUCCESS
B,beta,800,1776511918533,1776511918533,0,SUCCESS
B,beta,801,1776511918533,1776511918533,0,SUCCESS
B,beta,802,1776511918533,1776511918533,0,SUCCESS
B,beta,803,1776511918533,1776511918533,0,SUCCESS
B,beta,804,1776511918533,1776511918533,0,SUCCESS
B,beta,805,1776511918533,1776511918533,0,SUCCESS
B,beta,806,1776511918533,1776511918533,0,SUCCESS
B,beta,807,1776511918533,1776511918533,0,SUCCESS
B,beta,808,1776511918533,1776511918533,0,SUCCESS
B,beta,809,1776511918533,1776511918533,0,SUCCESS
B,beta,810,1776511918533,1776511918533,0,SUCCESS
B,beta,811,1776511918533,1776511918533,0,SUCCESS
B,beta,812,1776511918533,1776511918533,0,SUCCESS
B,beta,813,1776511918533,1776511918533,0,SUCCESS
B,beta,814,1776511918533,1776511918533,0,SUCCESS
B,beta,815,1776511918533,1776511918533,0,SUCCESS
B,beta,816,1776511918533,1776511918533,0,SUCCESS
B,beta,817,1776511918533,1776511918533,0,SUCCESS
B,beta,818,1776511918533,1776511918533,0,SUCCESS
B,beta,819,1776511918533,1776511918533,0,SUCCESS
B,beta,820,1776511918533,1776511918533,0,SUCCESS
B,beta,821,1776511918533,1776511918533,0,SUCCESS
B,beta,822,1776511918533,1776511918533,0,SUCCESS
B,beta,823,1776511918533,1776511918533,0,SUCCESS
B,beta,824,1776511918533,1776511918533,0,SUCCESS
B,beta,825,1776511918533,1776511918533,0,SUCCESS
B,beta,826,1776511918533,1776511918533,0,SUCCESS
B,beta,827,1776511918533,1776511918533,0,SUCCESS
B,beta,828,1776511918533,1776511918533,0,SUCCESS
B,beta,829,1776511918533,1776511918533,0,SUCCESS
B,beta,830,1776511918533,1776511918533,0,SUCCESS
B,beta,831,1776511918533,1776511918533,0,SUCCESS
B,beta,832,1776511918533,1776511918533,0,SUCCESS
B,beta,833,1776511918533,1776511918533,0,SUCCESS
B,beta,834,1776511918533,1776511918533,0,SUCCESS
B,beta,835,1776511918533,1776511918533,0,SUCCESS
B,beta,836,1776511918533,1776511918533,0,SUCCESS
B,beta,837,1776511918533,1776511918533,0,SUCCESS
B,beta,838,1776511918533,1776511918533,0,SUCCESS
B,beta,839,1776511918533,1776511918533,0,SUCCESS
B,beta,840,1776511918533,1776511918533,0,SUCCESS
B,beta,841,1776511918533,1776511918533,0,SUCCESS
B,beta,842,1776511918533,1776511918533,0,SUCCESS
B,beta,843,1776511918533,1776511918533,0,SUCCESS
B,beta,844,1776511918533,1776511918533,0,SUCCESS
B,beta,845,1776511918533,1776511918533,0,SUCCESS
B,beta,846,1776511918533,1776511918533,0,SUCCESS
B,beta,847,1776511918533,1776511918533,0,SUCCESS
B,beta,848,1776511918533,1776511918533,0,SUCCESS
B,beta,849,1776511918533,1776511918533,0,SUCCESS
B,beta,850,1776511918533,1776511918533,0,SUCCESS
B,beta,851,1776511918533,1776511918533,0,SUCCESS
B,beta,852,1776511918533,1776511918533,0,SUCCESS
B,beta,853,1776511918533,1776511918533,0,SUCCESS
B,beta,854,1776511918533,1776511918533,0,SUCCESS
B,beta,855,1776511918533,1776511918533,0,SUCCESS
B,beta,856,1776511918533,1776511918533,0,SUCCESS
B,beta,857,1776511918533,1776511918533,0,SUCCESS
B,beta,858,1776511918533,1776511918533,0,SUCCESS
B,beta,859,1776511918533,1776511918533,0,SUCCESS
B,beta,860,1776511918533,1776511918533,0,SUCCESS
B,beta,861,1776511918533,1776511918533,0,SUCCESS
B,beta,862,1776511918533,1776511918533,0,SUCCESS
B,beta,863,1776511918533,1776511918533,0,SUCCESS
B,beta,864,1776511918533,1776511918533,0,SUCCESS
B,beta,865,1776511918533,1776511918533,0,SUCCESS
B,beta,866,1776511918533,1776511918533,0,SUCCESS
B,beta,867,1776511918533,1776511918533,0,SUCCESS
B,beta,868,1776511918533,1776511918533,0,SUCCESS
B,beta,869,1776511918533,1776511918533,0,SUCCESS
B,beta,870,1776511918533,1776511918533,0,SUCCESS
B,beta,871,1776511918533,1776511918533,0,SUCCESS
B,beta,872,1776511918533,1776511918533,0,SUCCESS
B,beta,873,1776511918533,1776511918533,0,SUCCESS
B,beta,874,1776511918533,1776511918533,0,SUCCESS
B,beta,875,1776511918533,1776511918533,0,SUCCESS
B,beta,876,1776511918533,1776511918533,0,SUCCESS
B,beta,877,1776511918533,1776511918533,0,SUCCESS
B,beta,878,1776511918533,1776511918533,0,SUCCESS
B,beta,879,1776511918533,1776511918533,0,SUCCESS
B,beta,880,1776511918533,1776511918533,0,SUCCESS
B,beta,881,1776511918533,1776511918533,0,SUCCESS
B,beta,882,1776511918533,1776511918533,0,SUCCESS
B,beta,883,1776511918533,1776511918533,0,SUCCESS
B,beta,884,1776511918533,1776511918533,0,SUCCESS
B,beta,885,1776511918533,1776511918533,0,SUCCESS
B,beta,886,1776511918533,1776511918533,0,SUCCESS
B,beta,887,1776511918533,1776511918533,0,SUCCESS
B,beta,888,1776511918533,1776511918533,0,SUCCESS
B,beta,889,1776511918533,1776511918533,0,SUCCESS
B,beta,890,1776511918533,1776511918533,0,SUCCESS
B,beta,891,1776511918533,1776511918533,0,SUCCESS
B,beta,892,1776511918533,1776511918533,0,SUCCESS
B,beta,893,1776511918533,1776511918533,0,SUCCESS
B,beta,894,1776511918533,1776511918533,0,SUCCESS
B,beta,895,1776511918533,1776511918533,0,SUCCESS
B,beta,896,1776511918533,1776511918533,0,SUCCESS
B,beta,897,1776511918533,1776511918533,0,SUCCESS
B,beta,898,1776511918533,1776511918533,0,SUCCESS
B,beta,899,1776511918533,1776511918533,0,SUCCESS
B,beta,900,1776511918533,1776511918533,0,SUCCESS
B,beta,901,1776511918533,1776511918533,0,SUCCESS
B,beta,902,1776511918533,1776511918533,0,SUCCESS
B,beta,903,1776511918533,1776511918533,0,SUCCESS
B,beta,904,1776511918533,1776511918533,0,SUCCESS
B,beta,905,1776511918533,1776511918533,0,SUCCESS
B,beta,906,1776511918533,1776511918533,0,SUCCESS
B,beta,907,1776511918533,1776511918533,0,SUCCESS
B,beta,908,1776511918533,1776511918533,0,SUCCESS
B,beta,909,1776511918533,1776511918533,0,SUCCESS
B,beta,910,1776511918533,1776511918533,0,SUCCESS
B,beta,911,1776511918533,1776511918533,0,SUCCESS
B,beta,912,1776511918533,1776511918533,0,SUCCESS
B,beta,913,1776511918533,1776511918533,0,SUCCESS
B,beta,914,1776511918533,1776511918533,0,SUCCESS
B,beta,915,1776511918533,1776511918533,0,SUCCESS
B,beta,916,1776511918533,1776511918533,0,SUCCESS
B,beta,917,1776511918533,1776511918533,0,SUCCESS
B,beta,918,1776511918533,1776511918533,0,SUCCESS
B,beta,919,1776511918533,1776511918533,0,SUCCESS
B,beta,920,1776511918533,1776511918533,0,SUCCESS
B,beta,921,1776511918533,1776511918533,0,SUCCESS
B,beta,922,1776511918533,1776511918533,0,SUCCESS
B,beta,923,1776511918533,1776511918533,0,SUCCESS
B,beta,924,1776511918533,1776511918533,0,SUCCESS
B,beta,925,1776511918533,1776511918533,0,SUCCESS
B,beta,926,1776511918533,1776511918533,0,SUCCESS
B,beta,927,1776511918533,1776511918533,0,SUCCESS
B,beta,928,1776511918533,1776511918533,0,SUCCESS
B,beta,929,1776511918533,1776511918533,0,SUCCESS
B,beta,930,1776511918533,1776511918533,0,SUCCESS
B,beta,931,1776511918533,1776511918533,0,SUCCESS
B,beta,932,1776511918533,1776511918533,0,SUCCESS
B,beta,933,1776511918533,1776511918533,0,SUCCESS
B,beta,934,1776511918533,1776511918533,0,SUCCESS
B,beta,935,1776511918533,1776511918533,0,SUCCESS
B,beta,936,1776511918533,1776511918533,0,SUCCESS
B,beta,937,1776511918533,1776511918533,0,SUCCESS
B,beta,938,1776511918533,1776511918533,0,SUCCESS
B,beta,939,1776511918533,1776511918533,0,SUCCESS
B,beta,940,1776511918533,1776511918533,0,SUCCESS
B,beta,941,1776511918533,1776511918533,0,SUCCESS
B,beta,942,1776511918533,1776511918533,0,SUCCESS
B,beta,943,1776511918533,1776511918533,0,SUCCESS
B,beta,944,1776511918533,1776511918533,0,SUCCESS
B,beta,945,1776511918533,1776511918533,0,SUCCESS
B,beta,946,1776511918533,1776511918533,0,SUCCESS
B,beta,947,1776511918533,1776511918533,0,SUCCESS
B,beta,948,1776511918533,1776511918533,0,SUCCESS
B,beta,949,1776511918533,1776511918533,0,SUCCESS
B,beta,950,1776511918533,1776511918533,0,SUCCESS
B,beta,951,1776511918533,1776511918533,0,SUCCESS
B,beta,952,1776511918533,1776511918533,0,SUCCESS
B,beta,953,1776511918533,1776511918533,0,SUCCESS
B,beta,954,1776511918533,1776511918533,0,SUCCESS
B,beta,955,1776511918533,1776511918533,0,SUCCESS
B,beta,956,1776511918533,1776511918533,0,SUCCESS
B,beta,957,1776511918533,1776511918533,0,SUCCESS
B,beta,958,1776511918533,1776511918533,0,SUCCESS
B,beta,959,1776511918533,1776511918533,0,SUCCESS
B,beta,960,1776511918533,1776511918533,0,SUCCESS
B,beta,961,1776511918533,1776511918533,0,SUCCESS
B,beta,962,1776511918533,1776511918533,0,SUCCESS
B,beta,963,1776511918533,1776511918533,0,SUCCESS
B,beta,964,1776511918533,1776511918533,0,SUCCESS
B,beta,965,1776511918533,1776511918533,0,SUCCESS
B,beta,966,1776511918533,1776511918533,0,SUCCESS
B,beta,967,1776511918533,1776511918533,0,SUCCESS
B,beta,968,1776511918533,1776511918533,0,SUCCESS
B,beta,969,1776511918533,1776511918533,0,SUCCESS
B,beta,970,1776511918533,1776511918533,0,SUCCESS
B,beta,971,1776511918533,1776511918533,0,SUCCESS
B,beta,972,1776511918533,1776511918533,0,SUCCESS
B,beta,973,1776511918533,1776511918533,0,SUCCESS
B,beta,974,1776511918533,1776511918533,0,SUCCESS
B,beta,975,1776511918533,1776511918533,0,SUCCESS
B,beta,976,1776511918533,1776511918533,0,SUCCESS
B,beta,977,1776511918533,1776511918533,0,SUCCESS
B,beta,978,1776511918533,1776511918533,0,SUCCESS
B,beta,979,1776511918533,1776511918533,0,SUCCESS
B,beta,980,1776511918533,1776511918533,0,SUCCESS
B,beta,981,1776511918533,1776511918533,0,SUCCESS
B,beta,982,1776511918533,1776511918533,0,SUCCESS
B,beta,983,1776511918533,1776511918533,0,SUCCESS
B,beta,984,1776511918533,1776511918533,0,SUCCESS
B,beta,985,1776511918533,1776511918533,0,SUCCESS
B,beta,986,1776511918533,1776511918533,0,SUCCESS
B,beta,987,1776511918533,1776511918533,0,SUCCESS
B,beta,988,1776511918533,1776511918533,0,SUCCESS
B,beta,989,1776511918533,1776511918533,0,SUCCESS
B,beta,990,1776511918533,1776511918533,0,SUCCESS
B,beta,991,1776511918533,1776511918533,0,SUCCESS
B,beta,992,1776511918533,1776511918533,0,SUCCESS
B,beta,993,1776511918533,1776511918533,0,SUCCESS
B,beta,994,1776511918533,1776511918533,0,SUCCESS
B,beta,995,1776511918533,1776511918533,0,SUCCESS
B,beta,996,1776511918533,1776511918533,0,SUCCESS
B,beta,997,1776511918533,1776511918533,0,SUCCESS
B,beta,998,1776511918533,1776511918533,0,SUCCESS
B,beta,999,1776511918533,1776511918533,0,SUCCESS
B,gamma,0,1776511918533,1776511918533,0,SUCCESS
B,gamma,1,1776511918533,1776511918533,0,SUCCESS
B,gamma,2,1776511918533,1776511918533,0,SUCCESS
B,gamma,3,1776511918533,1776511918533,0,SUCCESS
B,gamma,4,1776511918533,1776511918533,0,SUCCESS
B,gamma,5,1776511918533,1776511918533,0,SUCCESS
B,gamma,6,1776511918533,1776511918533,0,SUCCESS
B,gamma,7,1776511918533,1776511918533,0,SUCCESS
B,gamma,8,1776511918533,1776511918533,0,SUCCESS
B,gamma,9,1776511918533,1776511918533,0,SUCCESS
B,gamma,10,1776511918533,1776511918533,0,SUCCESS
B,gamma,11,1776511918533,1776511918533,0,SUCCESS
B,gamma,12,1776511918533,1776511918533,0,SUCCESS
B,gamma,13,1776511918533,1776511918533,0,SUCCESS
B,gamma,14,1776511918533,1776511918533,0,SUCCESS
B,gamma,15,1776511918533,1776511918533,0,SUCCESS
B,gamma,16,1776511918533,1776511918533,0,SUCCESS
B,gamma,17,1776511918533,1776511918533,0,SUCCESS
B,gamma,18,1776511918533,1776511918533,0,SUCCESS
B,gamma,19,1776511918533,1776511918533,0,SUCCESS
B,gamma,20,1776511918533,1776511918533,0,SUCCESS
B,gamma,21,1776511918533,1776511918533,0,SUCCESS
B,gamma,22,1776511918533,1776511918533,0,SUCCESS
B,gamma,23,1776511918533,1776511918533,0,SUCCESS
B,gamma,24,1776511918533,1776511918533,0,SUCCESS
B,gamma,25,1776511918533,1776511918533,0,SUCCESS
B,gamma,26,1776511918533,1776511918533,0,SUCCESS
B,gamma,27,1776511918533,1776511918533,0,SUCCESS
B,gamma,28,1776511918533,1776511918533,0,SUCCESS
B,gamma,29,1776511918533,1776511918533,0,SUCCESS
B,gamma,30,1776511918533,1776511918533,0,SUCCESS
B,gamma,31,1776511918533,1776511918533,0,SUCCESS
B,gamma,32,1776511918533,1776511918533,0,SUCCESS
B,gamma,33,1776511918533,1776511918533,0,SUCCESS
B,gamma,34,1776511918534,1776511918534,0,SUCCESS
B,gamma,35,1776511918534,1776511918534,0,SUCCESS
B,gamma,36,1776511918534,1776511918534,0,SUCCESS
B,gamma,37,1776511918534,1776511918534,0,SUCCESS
B,gamma,38,1776511918534,1776511918534,0,SUCCESS
B,gamma,39,1776511918534,1776511918534,0,SUCCESS
B,gamma,40,1776511918534,1776511918534,0,SUCCESS
B,gamma,41,1776511918534,1776511918534,0,SUCCESS
B,gamma,42,1776511918534,1776511918534,0,SUCCESS
B,gamma,43,1776511918534,1776511918534,0,SUCCESS
B,gamma,44,1776511918534,1776511918534,0,SUCCESS
B,gamma,45,1776511918534,1776511918534,0,SUCCESS
B,gamma,46,1776511918534,1776511918534,0,SUCCESS
B,gamma,47,1776511918534,1776511918534,0,SUCCESS
B,gamma,48,1776511918534,1776511918534,0,SUCCESS
B,gamma,49,1776511918534,1776511918534,0,SUCCESS
B,gamma,50,1776511918534,1776511918534,0,SUCCESS
B,gamma,51,1776511918534,1776511918534,0,SUCCESS
B,gamma,52,1776511918534,1776511918534,0,SUCCESS
B,gamma,53,1776511918534,1776511918534,0,SUCCESS
B,gamma,54,1776511918534,1776511918534,0,SUCCESS
B,gamma,55,1776511918534,1776511918534,0,SUCCESS
B,gamma,56,1776511918534,1776511918534,0,SUCCESS
B,gamma,57,1776511918534,1776511918534,0,SUCCESS
B,gamma,58,1776511918534,1776511918534,0,SUCCESS
B,gamma,59,1776511918534,1776511918534,0,SUCCESS
B,gamma,60,1776511918534,1776511918534,0,SUCCESS
B,gamma,61,1776511918534,1776511918534,0,SUCCESS
B,gamma,62,1776511918534,1776511918534,0,SUCCESS
B,gamma,63,1776511918534,1776511918534,0,SUCCESS
B,gamma,64,1776511918534,1776511918534,0,SUCCESS
B,gamma,65,1776511918534,1776511918534,0,SUCCESS
B,gamma,66,1776511918534,1776511918534,0,SUCCESS
B,gamma,67,1776511918534,1776511918534,0,SUCCESS
B,gamma,68,1776511918534,1776511918534,0,SUCCESS
B,gamma,69,1776511918534,1776511918534,0,SUCCESS
B,gamma,70,1776511918534,1776511918534,0,SUCCESS
B,gamma,71,1776511918534,1776511918534,0,SUCCESS
B,gamma,72,1776511918534,1776511918534,0,SUCCESS
B,gamma,73,1776511918534,1776511918534,0,SUCCESS
B,gamma,74,1776511918534,1776511918534,0,SUCCESS
B,gamma,75,1776511918534,1776511918534,0,SUCCESS
B,gamma,76,1776511918534,1776511918534,0,SUCCESS
B,gamma,77,1776511918534,1776511918534,0,SUCCESS
B,gamma,78,1776511918534,1776511918534,0,SUCCESS
B,gamma,79,1776511918534,1776511918534,0,SUCCESS
B,gamma,80,1776511918534,1776511918534,0,SUCCESS
B,gamma,81,1776511918534,1776511918534,0,SUCCESS
B,gamma,82,1776511918534,1776511918534,0,SUCCESS
B,gamma,83,1776511918534,1776511918534,0,SUCCESS
B,gamma,84,1776511918534,1776511918534,0,SUCCESS
B,gamma,85,1776511918534,1776511918534,0,SUCCESS
B,gamma,86,1776511918534,1776511918534,0,SUCCESS
B,gamma,87,1776511918534,1776511918534,0,SUCCESS
B,gamma,88,1776511918534,1776511918534,0,SUCCESS
B,gamma,89,1776511918534,1776511918534,0,SUCCESS
B,gamma,90,1776511918534,1776511918534,0,SUCCESS
B,gamma,91,1776511918534,1776511918534,0,SUCCESS
B,gamma,92,1776511918534,1776511918534,0,SUCCESS
B,gamma,93,1776511918534,1776511918534,0,SUCCESS
B,gamma,94,1776511918534,1776511918534,0,SUCCESS
B,gamma,95,1776511918534,1776511918534,0,SUCCESS
B,gamma,96,1776511918534,1776511918534,0,SUCCESS
B,gamma,97,1776511918534,1776511918534,0,SUCCESS
B,gamma,98,1776511918534,1776511918534,0,SUCCESS
B,gamma,99,1776511918534,1776511918534,0,SUCCESS
B,gamma,100,1776511918534,1776511918534,0,SUCCESS
B,gamma,101,1776511918534,1776511918534,0,SUCCESS
B,gamma,102,1776511918534,1776511918534,0,SUCCESS
B,gamma,103,1776511918534,1776511918534,0,SUCCESS
B,gamma,104,1776511918534,1776511918534,0,SUCCESS
B,gamma,105,1776511918534,1776511918534,0,SUCCESS
B,gamma,106,1776511918534,1776511918534,0,SUCCESS
B,gamma,107,1776511918534,1776511918534,0,SUCCESS
B,gamma,108,1776511918534,1776511918534,0,SUCCESS
B,gamma,109,1776511918534,1776511918534,0,SUCCESS
B,gamma,110,1776511918534,1776511918534,0,SUCCESS
B,gamma,111,1776511918534,1776511918534,0,SUCCESS
B,gamma,112,1776511918534,1776511918534,0,SUCCESS
B,gamma,113,1776511918534,1776511918534,0,SUCCESS
B,gamma,114,1776511918534,1776511918534,0,SUCCESS
B,gamma,115,1776511918534,1776511918534,0,SUCCESS
B,gamma,116,1776511918534,1776511918534,0,SUCCESS
B,gamma,117,1776511918534,1776511918534,0,SUCCESS
B,gamma,118,1776511918534,1776511918534,0,SUCCESS
B,gamma,119,1776511918534,1776511918534,0,SUCCESS
B,gamma,120,1776511918534,1776511918534,0,SUCCESS
B,gamma,121,1776511918534,1776511918534,0,SUCCESS
B,gamma,122,1776511918534,1776511918534,0,SUCCESS
B,gamma,123,1776511918534,1776511918534,0,SUCCESS
B,gamma,124,1776511918534,1776511918534,0,SUCCESS
B,gamma,125,1776511918534,1776511918534,0,SUCCESS
B,gamma,126,1776511918534,1776511918534,0,SUCCESS
B,gamma,127,1776511918534,1776511918534,0,SUCCESS
B,gamma,128,1776511918534,1776511918534,0,SUCCESS
B,gamma,129,1776511918534,1776511918534,0,SUCCESS
B,gamma,130,1776511918534,1776511918534,0,SUCCESS
B,gamma,131,1776511918534,1776511918534,0,SUCCESS
B,gamma,132,1776511918534,1776511918534,0,SUCCESS
B,gamma,133,1776511918534,1776511918534,0,SUCCESS
B,gamma,134,1776511918534,1776511918534,0,SUCCESS
B,gamma,135,1776511918534,1776511918534,0,SUCCESS
B,gamma,136,1776511918534,1776511918534,0,SUCCESS
B,gamma,137,1776511918534,1776511918534,0,SUCCESS
B,gamma,138,1776511918534,1776511918534,0,SUCCESS
B,gamma,139,1776511918534,1776511918534,0,SUCCESS
B,gamma,140,1776511918534,1776511918534,0,SUCCESS
B,gamma,141,1776511918534,1776511918534,0,SUCCESS
B,gamma,142,1776511918534,1776511918534,0,SUCCESS
B,gamma,143,1776511918534,1776511918534,0,SUCCESS
B,gamma,144,1776511918534,1776511918534,0,SUCCESS
B,gamma,145,1776511918534,1776511918534,0,SUCCESS
B,gamma,146,1776511918534,1776511918534,0,SUCCESS
B,gamma,147,1776511918534,1776511918534,0,SUCCESS
B,gamma,148,1776511918534,1776511918534,0,SUCCESS
B,gamma,149,1776511918534,1776511918534,0,SUCCESS
B,gamma,150,1776511918534,1776511918534,0,SUCCESS
B,gamma,151,1776511918534,1776511918534,0,SUCCESS
B,gamma,152,1776511918534,1776511918534,0,SUCCESS
B,gamma,153,1776511918534,1776511918534,0,SUCCESS
B,gamma,154,1776511918534,1776511918534,0,SUCCESS
B,gamma,155,1776511918534,1776511918534,0,SUCCESS
B,gamma,156,1776511918534,1776511918534,0,SUCCESS
B,gamma,157,1776511918534,1776511918534,0,SUCCESS
B,gamma,158,1776511918534,1776511918534,0,SUCCESS
B,gamma,159,1776511918534,1776511918534,0,SUCCESS
B,gamma,160,1776511918534,1776511918534,0,SUCCESS
B,gamma,161,1776511918534,1776511918534,0,SUCCESS
B,gamma,162,1776511918534,1776511918534,0,SUCCESS
B,gamma,163,1776511918534,1776511918534,0,SUCCESS
B,gamma,164,1776511918534,1776511918534,0,SUCCESS
B,gamma,165,1776511918534,1776511918534,0,SUCCESS
B,gamma,166,1776511918534,1776511918534,0,SUCCESS
B,gamma,167,1776511918534,1776511918534,0,SUCCESS
B,gamma,168,1776511918534,1776511918534,0,SUCCESS
B,gamma,169,1776511918534,1776511918534,0,SUCCESS
B,gamma,170,1776511918534,1776511918534,0,SUCCESS
B,gamma,171,1776511918534,1776511918534,0,SUCCESS
B,gamma,172,1776511918534,1776511918534,0,SUCCESS
B,gamma,173,1776511918534,1776511918534,0,SUCCESS
B,gamma,174,1776511918534,1776511918534,0,SUCCESS
B,gamma,175,1776511918534,1776511918534,0,SUCCESS
B,gamma,176,1776511918534,1776511918534,0,SUCCESS
B,gamma,177,1776511918534,1776511918534,0,SUCCESS
B,gamma,178,1776511918534,1776511918534,0,SUCCESS
B,gamma,179,1776511918534,1776511918534,0,SUCCESS
B,gamma,180,1776511918534,1776511918534,0,SUCCESS
B,gamma,181,1776511918534,1776511918534,0,SUCCESS
B,gamma,182,1776511918534,1776511918534,0,SUCCESS
B,gamma,183,1776511918534,1776511918534,0,SUCCESS
B,gamma,184,1776511918534,1776511918534,0,SUCCESS
B,gamma,185,1776511918534,1776511918534,0,SUCCESS
B,gamma,186,1776511918534,1776511918534,0,SUCCESS
B,gamma,187,1776511918534,1776511918534,0,SUCCESS
B,gamma,188,1776511918534,1776511918534,0,SUCCESS
B,gamma,189,1776511918534,1776511918534,0,SUCCESS
B,gamma,190,1776511918534,1776511918534,0,SUCCESS
B,gamma,191,1776511918534,1776511918534,0,SUCCESS
B,gamma,192,1776511918534,1776511918534,0,SUCCESS
B,gamma,193,1776511918534,1776511918534,0,SUCCESS
B,gamma,194,1776511918534,1776511918534,0,SUCCESS
B,gamma,195,1776511918534,1776511918534,0,SUCCESS
B,gamma,196,1776511918534,1776511918534,0,SUCCESS
B,gamma,197,1776511918534,1776511918534,0,SUCCESS
B,gamma,198,1776511918534,1776511918534,0,SUCCESS
B,gamma,199,1776511918534,1776511918534,0,SUCCESS
B,gamma,200,1776511918534,1776511918534,0,SUCCESS
B,gamma,201,1776511918534,1776511918534,0,SUCCESS
B,gamma,202,1776511918534,1776511918534,0,SUCCESS
B,gamma,203,1776511918534,1776511918534,0,SUCCESS
B,gamma,204,1776511918534,1776511918534,0,SUCCESS
B,gamma,205,1776511918534,1776511918534,0,SUCCESS
B,gamma,206,1776511918534,1776511918534,0,SUCCESS
B,gamma,207,1776511918534,1776511918534,0,SUCCESS
B,gamma,208,1776511918534,1776511918534,0,SUCCESS
B,gamma,209,1776511918534,1776511918534,0,SUCCESS
B,gamma,210,1776511918534,1776511918534,0,SUCCESS
B,gamma,211,1776511918534,1776511918534,0,SUCCESS
B,gamma,212,1776511918534,1776511918534,0,SUCCESS
B,gamma,213,1776511918534,1776511918534,0,SUCCESS
B,gamma,214,1776511918534,1776511918534,0,SUCCESS
B,gamma,215,1776511918534,1776511918534,0,SUCCESS
B,gamma,216,1776511918534,1776511918534,0,SUCCESS
B,gamma,217,1776511918534,1776511918534,0,SUCCESS
B,gamma,218,1776511918534,1776511918534,0,SUCCESS
B,gamma,219,1776511918534,1776511918534,0,SUCCESS
B,gamma,220,1776511918534,1776511918534,0,SUCCESS
B,gamma,221,1776511918534,1776511918534,0,SUCCESS
B,gamma,222,1776511918534,1776511918534,0,SUCCESS
B,gamma,223,1776511918534,1776511918534,0,SUCCESS
B,gamma,224,1776511918534,1776511918534,0,SUCCESS
B,gamma,225,1776511918534,1776511918534,0,SUCCESS
B,gamma,226,1776511918534,1776511918534,0,SUCCESS
B,gamma,227,1776511918534,1776511918534,0,SUCCESS
B,gamma,228,1776511918534,1776511918534,0,SUCCESS
B,gamma,229,1776511918534,1776511918534,0,SUCCESS
B,gamma,230,1776511918534,1776511918534,0,SUCCESS
B,gamma,231,1776511918534,1776511918534,0,SUCCESS
B,gamma,232,1776511918534,1776511918534,0,SUCCESS
B,gamma,233,1776511918534,1776511918534,0,SUCCESS
B,gamma,234,1776511918534,1776511918534,0,SUCCESS
B,gamma,235,1776511918534,1776511918534,0,SUCCESS
B,gamma,236,1776511918534,1776511918534,0,SUCCESS
B,gamma,237,1776511918534,1776511918534,0,SUCCESS
B,gamma,238,1776511918534,1776511918534,0,SUCCESS
B,gamma,239,1776511918534,1776511918534,0,SUCCESS
B,gamma,240,1776511918534,1776511918534,0,SUCCESS
B,gamma,241,1776511918534,1776511918534,0,SUCCESS
B,gamma,242,1776511918534,1776511918534,0,SUCCESS
B,gamma,243,1776511918534,1776511918534,0,SUCCESS
B,gamma,244,1776511918534,1776511918534,0,SUCCESS
B,gamma,245,1776511918534,1776511918534,0,SUCCESS
B,gamma,246,1776511918534,1776511918534,0,SUCCESS
B,gamma,247,1776511918534,1776511918534,0,SUCCESS
B,gamma,248,1776511918534,1776511918534,0,SUCCESS
B,gamma,249,1776511918534,1776511918534,0,SUCCESS
B,gamma,250,1776511918534,1776511918534,0,SUCCESS
B,gamma,251,1776511918534,1776511918534,0,SUCCESS
B,gamma,252,1776511918534,1776511918534,0,SUCCESS
B,gamma,253,1776511918534,1776511918534,0,SUCCESS
B,gamma,254,1776511918534,1776511918534,0,SUCCESS
B,gamma,255,1776511918534,1776511918534,0,SUCCESS
B,gamma,256,1776511918534,1776511918534,0,SUCCESS
B,gamma,257,1776511918534,1776511918534,0,SUCCESS
B,gamma,258,1776511918534,1776511918534,0,SUCCESS
B,gamma,259,1776511918534,1776511918534,0,SUCCESS
B,gamma,260,1776511918534,1776511918534,0,SUCCESS
B,gamma,261,1776511918534,1776511918534,0,SUCCESS
B,gamma,262,1776511918534,1776511918534,0,SUCCESS
B,gamma,263,1776511918534,1776511918534,0,SUCCESS
B,gamma,264,1776511918534,1776511918534,0,SUCCESS
B,gamma,265,1776511918534,1776511918534,0,SUCCESS
B,gamma,266,1776511918534,1776511918534,0,SUCCESS
B,gamma,267,1776511918534,1776511918534,0,SUCCESS
B,gamma,268,1776511918534,1776511918534,0,SUCCESS
B,gamma,269,1776511918534,1776511918534,0,SUCCESS
B,gamma,270,1776511918534,1776511918534,0,SUCCESS
B,gamma,271,1776511918534,1776511918534,0,SUCCESS
B,gamma,272,1776511918534,1776511918534,0,SUCCESS
B,gamma,273,1776511918534,1776511918534,0,SUCCESS
B,gamma,274,1776511918534,1776511918534,0,SUCCESS
B,gamma,275,1776511918534,1776511918534,0,SUCCESS
B,gamma,276,1776511918534,1776511918534,0,SUCCESS
B,gamma,277,1776511918534,1776511918534,0,SUCCESS
B,gamma,278,1776511918534,1776511918534,0,SUCCESS
B,gamma,279,1776511918534,1776511918534,0,SUCCESS
B,gamma,280,1776511918534,1776511918534,0,SUCCESS
B,gamma,281,1776511918534,1776511918534,0,SUCCESS
B,gamma,282,1776511918534,1776511918534,0,SUCCESS
B,gamma,283,1776511918534,1776511918534,0,SUCCESS
B,gamma,284,1776511918534,1776511918534,0,SUCCESS
B,gamma,285,1776511918534,1776511918534,0,SUCCESS
B,gamma,286,1776511918534,1776511918534,0,SUCCESS
B,gamma,287,1776511918534,1776511918534,0,SUCCESS
B,gamma,288,1776511918534,1776511918534,0,SUCCESS
B,gamma,289,1776511918534,1776511918534,0,SUCCESS
B,gamma,290,1776511918534,1776511918534,0,SUCCESS
B,gamma,291,1776511918534,1776511918534,0,SUCCESS
B,gamma,292,1776511918534,1776511918534,0,SUCCESS
B,gamma,293,1776511918534,1776511918534,0,SUCCESS
B,gamma,294,1776511918534,1776511918534,0,SUCCESS
B,gamma,295,1776511918534,1776511918534,0,SUCCESS
B,gamma,296,1776511918534,1776511918534,0,SUCCESS
B,gamma,297,1776511918534,1776511918534,0,SUCCESS
B,gamma,298,1776511918534,1776511918534,0,SUCCESS
B,gamma,299,1776511918534,1776511918534,0,SUCCESS
B,gamma,300,1776511918534,1776511918534,0,SUCCESS
B,gamma,301,1776511918534,1776511918534,0,SUCCESS
B,gamma,302,1776511918534,1776511918534,0,SUCCESS
B,gamma,303,1776511918534,1776511918534,0,SUCCESS
B,gamma,304,1776511918534,1776511918534,0,SUCCESS
B,gamma,305,1776511918534,1776511918534,0,SUCCESS
B,gamma,306,1776511918534,1776511918534,0,SUCCESS
B,gamma,307,1776511918534,1776511918534,0,SUCCESS
B,gamma,308,1776511918534,1776511918534,0,SUCCESS
B,gamma,309,1776511918534,1776511918534,0,SUCCESS
B,gamma,310,1776511918534,1776511918534,0,SUCCESS
B,gamma,311,1776511918534,1776511918534,0,SUCCESS
B,gamma,312,1776511918534,1776511918534,0,SUCCESS
B,gamma,313,1776511918534,1776511918534,0,SUCCESS
B,gamma,314,1776511918534,1776511918534,0,SUCCESS
B,gamma,315,1776511918534,1776511918534,0,SUCCESS
B,gamma,316,1776511918534,1776511918534,0,SUCCESS
B,gamma,317,1776511918534,1776511918534,0,SUCCESS
B,gamma,318,1776511918534,1776511918534,0,SUCCESS
B,gamma,319,1776511918534,1776511918534,0,SUCCESS
B,gamma,320,1776511918534,1776511918534,0,SUCCESS
B,gamma,321,1776511918534,1776511918534,0,SUCCESS
B,gamma,322,1776511918534,1776511918534,0,SUCCESS
B,gamma,323,1776511918534,1776511918534,0,SUCCESS
B,gamma,324,1776511918534,1776511918534,0,SUCCESS
B,gamma,325,1776511918534,1776511918534,0,SUCCESS
B,gamma,326,1776511918534,1776511918534,0,SUCCESS
B,gamma,327,1776511918534,1776511918534,0,SUCCESS
B,gamma,328,1776511918534,1776511918534,0,SUCCESS
B,gamma,329,1776511918534,1776511918534,0,SUCCESS
B,gamma,330,1776511918534,1776511918534,0,SUCCESS
B,gamma,331,1776511918534,1776511918534,0,SUCCESS
B,gamma,332,1776511918534,1776511918534,0,SUCCESS
B,gamma,333,1776511918534,1776511918534,0,SUCCESS
B,gamma,334,1776511918534,1776511918534,0,SUCCESS
B,gamma,335,1776511918534,1776511918534,0,SUCCESS
B,gamma,336,1776511918534,1776511918534,0,SUCCESS
B,gamma,337,1776511918534,1776511918534,0,SUCCESS
B,gamma,338,1776511918534,1776511918534,0,SUCCESS
B,gamma,339,1776511918534,1776511918534,0,SUCCESS
B,gamma,340,1776511918534,1776511918534,0,SUCCESS
B,gamma,341,1776511918534,1776511918534,0,SUCCESS
B,gamma,342,1776511918534,1776511918534,0,SUCCESS
B,gamma,343,1776511918534,1776511918534,0,SUCCESS
B,gamma,344,1776511918534,1776511918534,0,SUCCESS
B,gamma,345,1776511918534,1776511918534,0,SUCCESS
B,gamma,346,1776511918534,1776511918534,0,SUCCESS
B,gamma,347,1776511918534,1776511918534,0,SUCCESS
B,gamma,348,1776511918534,1776511918534,0,SUCCESS
B,gamma,349,1776511918534,1776511918534,0,SUCCESS
B,gamma,350,1776511918534,1776511918534,0,SUCCESS
B,gamma,351,1776511918534,1776511918534,0,SUCCESS
B,gamma,352,1776511918534,1776511918534,0,SUCCESS
B,gamma,353,1776511918534,1776511918534,0,SUCCESS
B,gamma,354,1776511918534,1776511918534,0,SUCCESS
B,gamma,355,1776511918534,1776511918534,0,SUCCESS
B,gamma,356,1776511918534,1776511918534,0,SUCCESS
B,gamma,357,1776511918534,1776511918534,0,SUCCESS
B,gamma,358,1776511918534,1776511918534,0,SUCCESS
B,gamma,359,1776511918534,1776511918534,0,SUCCESS
B,gamma,360,1776511918534,1776511918534,0,SUCCESS
B,gamma,361,1776511918534,1776511918534,0,SUCCESS
B,gamma,362,1776511918534,1776511918534,0,SUCCESS
B,gamma,363,1776511918534,1776511918534,0,SUCCESS
B,gamma,364,1776511918534,1776511918534,0,SUCCESS
B,gamma,365,1776511918534,1776511918534,0,SUCCESS
B,gamma,366,1776511918534,1776511918534,0,SUCCESS
B,gamma,367,1776511918534,1776511918534,0,SUCCESS
B,gamma,368,1776511918534,1776511918534,0,SUCCESS
B,gamma,369,1776511918534,1776511918534,0,SUCCESS
B,gamma,370,1776511918534,1776511918534,0,SUCCESS
B,gamma,371,1776511918534,1776511918534,0,SUCCESS
B,gamma,372,1776511918534,1776511918534,0,SUCCESS
B,gamma,373,1776511918534,1776511918534,0,SUCCESS
B,gamma,374,1776511918534,1776511918534,0,SUCCESS
B,gamma,375,1776511918534,1776511918534,0,SUCCESS
B,gamma,376,1776511918534,1776511918534,0,SUCCESS
B,gamma,377,1776511918534,1776511918534,0,SUCCESS
B,gamma,378,1776511918534,1776511918534,0,SUCCESS
B,gamma,379,1776511918534,1776511918534,0,SUCCESS
B,gamma,380,1776511918534,1776511918534,0,SUCCESS
B,gamma,381,1776511918534,1776511918534,0,SUCCESS
B,gamma,382,1776511918534,1776511918534,0,SUCCESS
B,gamma,383,1776511918534,1776511918534,0,SUCCESS
B,gamma,384,1776511918534,1776511918534,0,SUCCESS
B,gamma,385,1776511918534,1776511918534,0,SUCCESS
B,gamma,386,1776511918534,1776511918534,0,SUCCESS
B,gamma,387,1776511918534,1776511918534,0,SUCCESS
B,gamma,388,1776511918534,1776511918534,0,SUCCESS
B,gamma,389,1776511918534,1776511918534,0,SUCCESS
B,gamma,390,1776511918534,1776511918534,0,SUCCESS
B,gamma,391,1776511918534,1776511918534,0,SUCCESS
B,gamma,392,1776511918534,1776511918534,0,SUCCESS
B,gamma,393,1776511918534,1776511918534,0,SUCCESS
B,gamma,394,1776511918534,1776511918534,0,SUCCESS
B,gamma,395,1776511918534,1776511918534,0,SUCCESS
B,gamma,396,1776511918534,1776511918534,0,SUCCESS
B,gamma,397,1776511918534,1776511918534,0,SUCCESS
B,gamma,398,1776511918534,1776511918534,0,SUCCESS
B,gamma,399,1776511918534,1776511918534,0,SUCCESS
B,gamma,400,1776511918534,1776511918534,0,SUCCESS
B,gamma,401,1776511918534,1776511918534,0,SUCCESS
B,gamma,402,1776511918534,1776511918534,0,SUCCESS
B,gamma,403,1776511918534,1776511918534,0,SUCCESS
B,gamma,404,1776511918534,1776511918534,0,SUCCESS
B,gamma,405,1776511918534,1776511918534,0,SUCCESS
B,gamma,406,1776511918534,1776511918534,0,SUCCESS
B,gamma,407,1776511918534,1776511918534,0,SUCCESS
B,gamma,408,1776511918534,1776511918534,0,SUCCESS
B,gamma,409,1776511918534,1776511918534,0,SUCCESS
B,gamma,410,1776511918534,1776511918534,0,SUCCESS
B,gamma,411,1776511918534,1776511918534,0,SUCCESS
B,gamma,412,1776511918534,1776511918534,0,SUCCESS
B,gamma,413,1776511918534,1776511918534,0,SUCCESS
B,gamma,414,1776511918534,1776511918534,0,SUCCESS
B,gamma,415,1776511918534,1776511918534,0,SUCCESS
B,gamma,416,1776511918534,1776511918534,0,SUCCESS
B,gamma,417,1776511918534,1776511918534,0,SUCCESS
B,gamma,418,1776511918534,1776511918534,0,SUCCESS
B,gamma,419,1776511918534,1776511918534,0,SUCCESS
B,gamma,420,1776511918534,1776511918534,0,SUCCESS
B,gamma,421,1776511918534,1776511918534,0,SUCCESS
B,gamma,422,1776511918534,1776511918534,0,SUCCESS
B,gamma,423,1776511918534,1776511918534,0,SUCCESS
B,gamma,424,1776511918534,1776511918534,0,SUCCESS
B,gamma,425,1776511918534,1776511918534,0,SUCCESS
B,gamma,426,1776511918534,1776511918534,0,SUCCESS
B,gamma,427,1776511918534,1776511918534,0,SUCCESS
B,gamma,428,1776511918534,1776511918534,0,SUCCESS
B,gamma,429,1776511918534,1776511918534,0,SUCCESS
B,gamma,430,1776511918534,1776511918534,0,SUCCESS
B,gamma,431,1776511918534,1776511918534,0,SUCCESS
B,gamma,432,1776511918534,1776511918534,0,SUCCESS
B,gamma,433,1776511918534,1776511918534,0,SUCCESS
B,gamma,434,1776511918534,1776511918534,0,SUCCESS
B,gamma,435,1776511918534,1776511918534,0,SUCCESS
B,gamma,436,1776511918534,1776511918534,0,SUCCESS
B,gamma,437,1776511918534,1776511918534,0,SUCCESS
B,gamma,438,1776511918534,1776511918534,0,SUCCESS
B,gamma,439,1776511918534,1776511918534,0,SUCCESS
B,gamma,440,1776511918534,1776511918534,0,SUCCESS
B,gamma,441,1776511918534,1776511918534,0,SUCCESS
B,gamma,442,1776511918534,1776511918534,0,SUCCESS
B,gamma,443,1776511918534,1776511918534,0,SUCCESS
B,gamma,444,1776511918534,1776511918534,0,SUCCESS
B,gamma,445,1776511918534,1776511918534,0,SUCCESS
B,gamma,446,1776511918534,1776511918534,0,SUCCESS
B,gamma,447,1776511918534,1776511918534,0,SUCCESS
B,gamma,448,1776511918534,1776511918534,0,SUCCESS
B,gamma,449,1776511918534,1776511918534,0,SUCCESS
B,gamma,450,1776511918534,1776511918534,0,SUCCESS
B,gamma,451,1776511918534,1776511918534,0,SUCCESS
B,gamma,452,1776511918534,1776511918534,0,SUCCESS
B,gamma,453,1776511918534,1776511918534,0,SUCCESS
B,gamma,454,1776511918534,1776511918534,0,SUCCESS
B,gamma,455,1776511918534,1776511918534,0,SUCCESS
B,gamma,456,1776511918534,1776511918534,0,SUCCESS
B,gamma,457,1776511918534,1776511918534,0,SUCCESS
B,gamma,458,1776511918534,1776511918534,0,SUCCESS
B,gamma,459,1776511918534,1776511918534,0,SUCCESS
B,gamma,460,1776511918534,1776511918534,0,SUCCESS
B,gamma,461,1776511918534,1776511918534,0,SUCCESS
B,gamma,462,1776511918534,1776511918534,0,SUCCESS
B,gamma,463,1776511918534,1776511918534,0,SUCCESS
B,gamma,464,1776511918534,1776511918534,0,SUCCESS
B,gamma,465,1776511918534,1776511918534,0,SUCCESS
B,gamma,466,1776511918534,1776511918534,0,SUCCESS
B,gamma,467,1776511918534,1776511918534,0,SUCCESS
B,gamma,468,1776511918534,1776511918534,0,SUCCESS
B,gamma,469,1776511918534,1776511918534,0,SUCCESS
B,gamma,470,1776511918534,1776511918534,0,SUCCESS
B,gamma,471,1776511918534,1776511918534,0,SUCCESS
B,gamma,472,1776511918534,1776511918534,0,SUCCESS
B,gamma,473,1776511918534,1776511918534,0,SUCCESS
B,gamma,474,1776511918534,1776511918534,0,SUCCESS
B,gamma,475,1776511918534,1776511918534,0,SUCCESS
B,gamma,476,1776511918534,1776511918534,0,SUCCESS
B,gamma,477,1776511918534,1776511918534,0,SUCCESS
B,gamma,478,1776511918534,1776511918534,0,SUCCESS
B,gamma,479,1776511918534,1776511918534,0,SUCCESS
B,gamma,480,1776511918534,1776511918534,0,SUCCESS
B,gamma,481,1776511918534,1776511918534,0,SUCCESS
B,gamma,482,1776511918534,1776511918534,0,SUCCESS
B,gamma,483,1776511918534,1776511918534,0,SUCCESS
B,gamma,484,1776511918534,1776511918534,0,SUCCESS
B,gamma,485,1776511918534,1776511918534,0,SUCCESS
B,gamma,486,1776511918534,1776511918534,0,SUCCESS
B,gamma,487,1776511918534,1776511918534,0,SUCCESS
B,gamma,488,1776511918534,1776511918534,0,SUCCESS
B,gamma,489,1776511918534,1776511918534,0,SUCCESS
B,gamma,490,1776511918534,1776511918534,0,SUCCESS
B,gamma,491,1776511918534,1776511918534,0,SUCCESS
B,gamma,492,1776511918534,1776511918534,0,SUCCESS
B,gamma,493,1776511918534,1776511918534,0,SUCCESS
B,gamma,494,1776511918534,1776511918534,0,SUCCESS
B,gamma,495,1776511918534,1776511918534,0,SUCCESS
B,gamma,496,1776511918534,1776511918534,0,SUCCESS
B,gamma,497,1776511918534,1776511918534,0,SUCCESS
B,gamma,498,1776511918534,1776511918534,0,SUCCESS
B,gamma,499,1776511918534,1776511918534,0,SUCCESS
B,gamma,500,1776511918534,1776511918534,0,SUCCESS
B,gamma,501,1776511918534,1776511918534,0,SUCCESS
B,gamma,502,1776511918534,1776511918534,0,SUCCESS
B,gamma,503,1776511918534,1776511918534,0,SUCCESS
B,gamma,504,1776511918534,1776511918534,0,SUCCESS
B,gamma,505,1776511918534,1776511918534,0,SUCCESS
B,gamma,506,1776511918534,1776511918534,0,SUCCESS
B,gamma,507,1776511918534,1776511918534,0,SUCCESS
B,gamma,508,1776511918534,1776511918534,0,SUCCESS
B,gamma,509,1776511918534,1776511918534,0,SUCCESS
B,gamma,510,1776511918534,1776511918534,0,SUCCESS
B,gamma,511,1776511918534,1776511918534,0,SUCCESS
B,gamma,512,1776511918534,1776511918534,0,SUCCESS
B,gamma,513,1776511918534,1776511918534,0,SUCCESS
B,gamma,514,1776511918534,1776511918534,0,SUCCESS
B,gamma,515,1776511918534,1776511918534,0,SUCCESS
B,gamma,516,1776511918534,1776511918534,0,SUCCESS
B,gamma,517,1776511918534,1776511918534,0,SUCCESS
B,gamma,518,1776511918534,1776511918534,0,SUCCESS
B,gamma,519,1776511918534,1776511918534,0,SUCCESS
B,gamma,520,1776511918534,1776511918534,0,SUCCESS
B,gamma,521,1776511918534,1776511918534,0,SUCCESS
B,gamma,522,1776511918534,1776511918534,0,SUCCESS
B,gamma,523,1776511918534,1776511918534,0,SUCCESS
B,gamma,524,1776511918534,1776511918534,0,SUCCESS
B,gamma,525,1776511918534,1776511918534,0,SUCCESS
B,gamma,526,1776511918534,1776511918534,0,SUCCESS
B,gamma,527,1776511918534,1776511918534,0,SUCCESS
B,gamma,528,1776511918534,1776511918534,0,SUCCESS
B,gamma,529,1776511918534,1776511918534,0,SUCCESS
B,gamma,530,1776511918534,1776511918534,0,SUCCESS
B,gamma,531,1776511918534,1776511918534,0,SUCCESS
B,gamma,532,1776511918534,1776511918534,0,SUCCESS
B,gamma,533,1776511918534,1776511918534,0,SUCCESS
B,gamma,534,1776511918534,1776511918534,0,SUCCESS
B,gamma,535,1776511918534,1776511918534,0,SUCCESS
B,gamma,536,1776511918534,1776511918534,0,SUCCESS
B,gamma,537,1776511918534,1776511918534,0,SUCCESS
B,gamma,538,1776511918534,1776511918534,0,SUCCESS
B,gamma,539,1776511918534,1776511918534,0,SUCCESS
B,gamma,540,1776511918534,1776511918534,0,SUCCESS
B,gamma,541,1776511918534,1776511918534,0,SUCCESS
B,gamma,542,1776511918534,1776511918534,0,SUCCESS
B,gamma,543,1776511918534,1776511918534,0,SUCCESS
B,gamma,544,1776511918534,1776511918534,0,SUCCESS
B,gamma,545,1776511918534,1776511918534,0,SUCCESS
B,gamma,546,1776511918534,1776511918534,0,SUCCESS
B,gamma,547,1776511918534,1776511918534,0,SUCCESS
B,gamma,548,1776511918534,1776511918534,0,SUCCESS
B,gamma,549,1776511918534,1776511918534,0,SUCCESS
B,gamma,550,1776511918534,1776511918534,0,SUCCESS
B,gamma,551,1776511918534,1776511918534,0,SUCCESS
B,gamma,552,1776511918534,1776511918534,0,SUCCESS
B,gamma,553,1776511918534,1776511918534,0,SUCCESS
B,gamma,554,1776511918534,1776511918534,0,SUCCESS
B,gamma,555,1776511918534,1776511918534,0,SUCCESS
B,gamma,556,1776511918534,1776511918534,0,SUCCESS
B,gamma,557,1776511918534,1776511918534,0,SUCCESS
B,gamma,558,1776511918534,1776511918534,0,SUCCESS
B,gamma,559,1776511918534,1776511918534,0,SUCCESS
B,gamma,560,1776511918534,1776511918534,0,SUCCESS
B,gamma,561,1776511918534,1776511918534,0,SUCCESS
B,gamma,562,1776511918534,1776511918534,0,SUCCESS
B,gamma,563,1776511918534,1776511918534,0,SUCCESS
B,gamma,564,1776511918534,1776511918534,0,SUCCESS
B,gamma,565,1776511918534,1776511918534,0,SUCCESS
B,gamma,566,1776511918534,1776511918534,0,SUCCESS
B,gamma,567,1776511918534,1776511918534,0,SUCCESS
B,gamma,568,1776511918535,1776511918535,0,SUCCESS
B,gamma,569,1776511918535,1776511918535,0,SUCCESS
B,gamma,570,1776511918535,1776511918535,0,SUCCESS
B,gamma,571,1776511918535,1776511918535,0,SUCCESS
B,gamma,572,1776511918535,1776511918535,0,SUCCESS
B,gamma,573,1776511918535,1776511918535,0,SUCCESS
B,gamma,574,1776511918535,1776511918535,0,SUCCESS
B,gamma,575,1776511918535,1776511918535,0,SUCCESS
B,gamma,576,1776511918535,1776511918535,0,SUCCESS
B,gamma,577,1776511918535,1776511918535,0,SUCCESS
B,gamma,578,1776511918535,1776511918535,0,SUCCESS
B,gamma,579,1776511918535,1776511918535,0,SUCCESS
B,gamma,580,1776511918535,1776511918535,0,SUCCESS
B,gamma,581,1776511918535,1776511918535,0,SUCCESS
B,gamma,582,1776511918535,1776511918535,0,SUCCESS
B,gamma,583,1776511918535,1776511918535,0,SUCCESS
B,gamma,584,1776511918535,1776511918535,0,SUCCESS
B,gamma,585,1776511918535,1776511918535,0,SUCCESS
B,gamma,586,1776511918535,1776511918535,0,SUCCESS
B,gamma,587,1776511918535,1776511918535,0,SUCCESS
B,gamma,588,1776511918535,1776511918535,0,SUCCESS
B,gamma,589,1776511918535,1776511918535,0,SUCCESS
B,gamma,590,1776511918535,1776511918535,0,SUCCESS
B,gamma,591,1776511918535,1776511918535,0,SUCCESS
B,gamma,592,1776511918535,1776511918535,0,SUCCESS
B,gamma,593,1776511918535,1776511918535,0,SUCCESS
B,gamma,594,1776511918535,1776511918535,0,SUCCESS
B,gamma,595,1776511918535,1776511918535,0,SUCCESS
B,gamma,596,1776511918535,1776511918535,0,SUCCESS
B,gamma,597,1776511918535,1776511918535,0,SUCCESS
B,gamma,598,1776511918535,1776511918535,0,SUCCESS
B,gamma,599,1776511918535,1776511918535,0,SUCCESS
B,gamma,600,1776511918535,1776511918535,0,SUCCESS
B,gamma,601,1776511918535,1776511918535,0,SUCCESS
B,gamma,602,1776511918535,1776511918535,0,SUCCESS
B,gamma,603,1776511918535,1776511918535,0,SUCCESS
B,gamma,604,1776511918535,1776511918535,0,SUCCESS
B,gamma,605,1776511918535,1776511918535,0,SUCCESS
B,gamma,606,1776511918535,1776511918535,0,SUCCESS
B,gamma,607,1776511918535,1776511918535,0,SUCCESS
B,gamma,608,1776511918535,1776511918535,0,SUCCESS
B,gamma,609,1776511918535,1776511918535,0,SUCCESS
B,gamma,610,1776511918535,1776511918535,0,SUCCESS
B,gamma,611,1776511918535,1776511918535,0,SUCCESS
B,gamma,612,1776511918535,1776511918535,0,SUCCESS
B,gamma,613,1776511918535,1776511918535,0,SUCCESS
B,gamma,614,1776511918535,1776511918535,0,SUCCESS
B,gamma,615,1776511918535,1776511918535,0,SUCCESS
B,gamma,616,1776511918535,1776511918535,0,SUCCESS
B,gamma,617,1776511918535,1776511918535,0,SUCCESS
B,gamma,618,1776511918535,1776511918535,0,SUCCESS
B,gamma,619,1776511918535,1776511918535,0,SUCCESS
B,gamma,620,1776511918535,1776511918535,0,SUCCESS
B,gamma,621,1776511918535,1776511918535,0,SUCCESS
B,gamma,622,1776511918535,1776511918535,0,SUCCESS
B,gamma,623,1776511918535,1776511918535,0,SUCCESS
B,gamma,624,1776511918535,1776511918535,0,SUCCESS
B,gamma,625,1776511918535,1776511918535,0,SUCCESS
B,gamma,626,1776511918535,1776511918535,0,SUCCESS
B,gamma,627,1776511918535,1776511918535,0,SUCCESS
B,gamma,628,1776511918535,1776511918535,0,SUCCESS
B,gamma,629,1776511918535,1776511918535,0,SUCCESS
B,gamma,630,1776511918535,1776511918535,0,SUCCESS
B,gamma,631,1776511918535,1776511918535,0,SUCCESS
B,gamma,632,1776511918535,1776511918535,0,SUCCESS
B,gamma,633,1776511918535,1776511918535,0,SUCCESS
B,gamma,634,1776511918535,1776511918535,0,SUCCESS
B,gamma,635,1776511918535,1776511918535,0,SUCCESS
B,gamma,636,1776511918535,1776511918535,0,SUCCESS
B,gamma,637,1776511918535,1776511918535,0,SUCCESS
B,gamma,638,1776511918535,1776511918535,0,SUCCESS
B,gamma,639,1776511918535,1776511918535,0,SUCCESS
B,gamma,640,1776511918535,1776511918535,0,SUCCESS
B,gamma,641,1776511918535,1776511918535,0,SUCCESS
B,gamma,642,1776511918535,1776511918535,0,SUCCESS
B,gamma,643,1776511918535,1776511918535,0,SUCCESS
B,gamma,644,1776511918535,1776511918535,0,SUCCESS
B,gamma,645,1776511918535,1776511918535,0,SUCCESS
B,gamma,646,1776511918535,1776511918535,0,SUCCESS
B,gamma,647,1776511918535,1776511918535,0,SUCCESS
B,gamma,648,1776511918535,1776511918535,0,SUCCESS
B,gamma,649,1776511918535,1776511918535,0,SUCCESS
B,gamma,650,1776511918535,1776511918535,0,SUCCESS
B,gamma,651,1776511918535,1776511918535,0,SUCCESS
B,gamma,652,1776511918535,1776511918535,0,SUCCESS
B,gamma,653,1776511918535,1776511918535,0,SUCCESS
B,gamma,654,1776511918535,1776511918535,0,SUCCESS
B,gamma,655,1776511918535,1776511918535,0,SUCCESS
B,gamma,656,1776511918535,1776511918535,0,SUCCESS
B,gamma,657,1776511918535,1776511918535,0,SUCCESS
B,gamma,658,1776511918535,1776511918535,0,SUCCESS
B,gamma,659,1776511918535,1776511918535,0,SUCCESS
B,gamma,660,1776511918535,1776511918535,0,SUCCESS
B,gamma,661,1776511918535,1776511918535,0,SUCCESS
B,gamma,662,1776511918535,1776511918535,0,SUCCESS
B,gamma,663,1776511918535,1776511918535,0,SUCCESS
B,gamma,664,1776511918535,1776511918535,0,SUCCESS
B,gamma,665,1776511918535,1776511918535,0,SUCCESS
B,gamma,666,1776511918535,1776511918535,0,SUCCESS
B,gamma,667,1776511918535,1776511918535,0,SUCCESS
B,gamma,668,1776511918535,1776511918535,0,SUCCESS
B,gamma,669,1776511918535,1776511918535,0,SUCCESS
B,gamma,670,1776511918535,1776511918535,0,SUCCESS
B,gamma,671,1776511918535,1776511918535,0,SUCCESS
B,gamma,672,1776511918535,1776511918535,0,SUCCESS
B,gamma,673,1776511918535,1776511918535,0,SUCCESS
B,gamma,674,1776511918535,1776511918535,0,SUCCESS
B,gamma,675,1776511918535,1776511918535,0,SUCCESS
B,gamma,676,1776511918535,1776511918535,0,SUCCESS
B,gamma,677,1776511918535,1776511918535,0,SUCCESS
B,gamma,678,1776511918535,1776511918535,0,SUCCESS
B,gamma,679,1776511918535,1776511918535,0,SUCCESS
B,gamma,680,1776511918535,1776511918535,0,SUCCESS
B,gamma,681,1776511918535,1776511918535,0,SUCCESS
B,gamma,682,1776511918535,1776511918535,0,SUCCESS
B,gamma,683,1776511918535,1776511918535,0,SUCCESS
B,gamma,684,1776511918535,1776511918535,0,SUCCESS
B,gamma,685,1776511918535,1776511918535,0,SUCCESS
B,gamma,686,1776511918535,1776511918535,0,SUCCESS
B,gamma,687,1776511918535,1776511918535,0,SUCCESS
B,gamma,688,1776511918535,1776511918535,0,SUCCESS
B,gamma,689,1776511918535,1776511918535,0,SUCCESS
B,gamma,690,1776511918535,1776511918535,0,SUCCESS
B,gamma,691,1776511918535,1776511918535,0,SUCCESS
B,gamma,692,1776511918535,1776511918535,0,SUCCESS
B,gamma,693,1776511918535,1776511918535,0,SUCCESS
B,gamma,694,1776511918535,1776511918535,0,SUCCESS
B,gamma,695,1776511918535,1776511918535,0,SUCCESS
B,gamma,696,1776511918535,1776511918535,0,SUCCESS
B,gamma,697,1776511918535,1776511918535,0,SUCCESS
B,gamma,698,1776511918535,1776511918535,0,SUCCESS
B,gamma,699,1776511918535,1776511918535,0,SUCCESS
B,gamma,700,1776511918535,1776511918535,0,SUCCESS
B,gamma,701,1776511918535,1776511918535,0,SUCCESS
B,gamma,702,1776511918535,1776511918535,0,SUCCESS
B,gamma,703,1776511918535,1776511918535,0,SUCCESS
B,gamma,704,1776511918535,1776511918535,0,SUCCESS
B,gamma,705,1776511918535,1776511918535,0,SUCCESS
B,gamma,706,1776511918535,1776511918535,0,SUCCESS
B,gamma,707,1776511918535,1776511918535,0,SUCCESS
B,gamma,708,1776511918535,1776511918535,0,SUCCESS
B,gamma,709,1776511918535,1776511918535,0,SUCCESS
B,gamma,710,1776511918535,1776511918535,0,SUCCESS
B,gamma,711,1776511918535,1776511918535,0,SUCCESS
B,gamma,712,1776511918535,1776511918535,0,SUCCESS
B,gamma,713,1776511918535,1776511918535,0,SUCCESS
B,gamma,714,1776511918535,1776511918535,0,SUCCESS
B,gamma,715,1776511918535,1776511918535,0,SUCCESS
B,gamma,716,1776511918535,1776511918535,0,SUCCESS
B,gamma,717,1776511918535,1776511918535,0,SUCCESS
B,gamma,718,1776511918535,1776511918535,0,SUCCESS
B,gamma,719,1776511918535,1776511918535,0,SUCCESS
B,gamma,720,1776511918535,1776511918535,0,SUCCESS
B,gamma,721,1776511918535,1776511918535,0,SUCCESS
B,gamma,722,1776511918535,1776511918535,0,SUCCESS
B,gamma,723,1776511918535,1776511918535,0,SUCCESS
B,gamma,724,1776511918535,1776511918535,0,SUCCESS
B,gamma,725,1776511918535,1776511918535,0,SUCCESS
B,gamma,726,1776511918535,1776511918535,0,SUCCESS
B,gamma,727,1776511918535,1776511918535,0,SUCCESS
B,gamma,728,1776511918535,1776511918535,0,SUCCESS
B,gamma,729,1776511918535,1776511918535,0,SUCCESS
B,gamma,730,1776511918535,1776511918535,0,SUCCESS
B,gamma,731,1776511918535,1776511918535,0,SUCCESS
B,gamma,732,1776511918535,1776511918535,0,SUCCESS
B,gamma,733,1776511918535,1776511918535,0,SUCCESS
B,gamma,734,1776511918535,1776511918535,0,SUCCESS
B,gamma,735,1776511918535,1776511918535,0,SUCCESS
B,gamma,736,1776511918535,1776511918535,0,SUCCESS
B,gamma,737,1776511918535,1776511918535,0,SUCCESS
B,gamma,738,1776511918535,1776511918535,0,SUCCESS
B,gamma,739,1776511918535,1776511918535,0,SUCCESS
B,gamma,740,1776511918535,1776511918535,0,SUCCESS
B,gamma,741,1776511918535,1776511918535,0,SUCCESS
B,gamma,742,1776511918535,1776511918535,0,SUCCESS
B,gamma,743,1776511918535,1776511918535,0,SUCCESS
B,gamma,744,1776511918535,1776511918535,0,SUCCESS
B,gamma,745,1776511918535,1776511918535,0,SUCCESS
B,gamma,746,1776511918535,1776511918535,0,SUCCESS
B,gamma,747,1776511918535,1776511918535,0,SUCCESS
B,gamma,748,1776511918535,1776511918535,0,SUCCESS
B,gamma,749,1776511918535,1776511918535,0,SUCCESS
B,gamma,750,1776511918535,1776511918535,0,SUCCESS
B,gamma,751,1776511918535,1776511918535,0,SUCCESS
B,gamma,752,1776511918535,1776511918535,0,SUCCESS
B,gamma,753,1776511918535,1776511918535,0,SUCCESS
B,gamma,754,1776511918535,1776511918535,0,SUCCESS
B,gamma,755,1776511918535,1776511918535,0,SUCCESS
B,gamma,756,1776511918535,1776511918535,0,SUCCESS
B,gamma,757,1776511918535,1776511918535,0,SUCCESS
B,gamma,758,1776511918535,1776511918535,0,SUCCESS
B,gamma,759,1776511918535,1776511918535,0,SUCCESS
B,gamma,760,1776511918535,1776511918535,0,SUCCESS
B,gamma,761,1776511918535,1776511918535,0,SUCCESS
B,gamma,762,1776511918535,1776511918535,0,SUCCESS
B,gamma,763,1776511918535,1776511918535,0,SUCCESS
B,gamma,764,1776511918535,1776511918535,0,SUCCESS
B,gamma,765,1776511918535,1776511918535,0,SUCCESS
B,gamma,766,1776511918535,1776511918535,0,SUCCESS
B,gamma,767,1776511918535,1776511918535,0,SUCCESS
B,gamma,768,1776511918535,1776511918535,0,SUCCESS
B,gamma,769,1776511918535,1776511918535,0,SUCCESS
B,gamma,770,1776511918535,1776511918535,0,SUCCESS
B,gamma,771,1776511918535,1776511918535,0,SUCCESS
B,gamma,772,1776511918535,1776511918535,0,SUCCESS
B,gamma,773,1776511918535,1776511918535,0,SUCCESS
B,gamma,774,1776511918535,1776511918535,0,SUCCESS
B,gamma,775,1776511918535,1776511918535,0,SUCCESS
B,gamma,776,1776511918535,1776511918535,0,SUCCESS
B,gamma,777,1776511918535,1776511918535,0,SUCCESS
B,gamma,778,1776511918535,1776511918535,0,SUCCESS
B,gamma,779,1776511918535,1776511918535,0,SUCCESS
B,gamma,780,1776511918535,1776511918535,0,SUCCESS
B,gamma,781,1776511918535,1776511918535,0,SUCCESS
B,gamma,782,1776511918535,1776511918535,0,SUCCESS
B,gamma,783,1776511918535,1776511918535,0,SUCCESS
B,gamma,784,1776511918535,1776511918535,0,SUCCESS
B,gamma,785,1776511918535,1776511918535,0,SUCCESS
B,gamma,786,1776511918535,1776511918535,0,SUCCESS
B,gamma,787,1776511918535,1776511918535,0,SUCCESS
B,gamma,788,1776511918535,1776511918535,0,SUCCESS
B,gamma,789,1776511918535,1776511918535,0,SUCCESS
B,gamma,790,1776511918535,1776511918535,0,SUCCESS
B,gamma,791,1776511918535,1776511918535,0,SUCCESS
B,gamma,792,1776511918535,1776511918535,0,SUCCESS
B,gamma,793,1776511918535,1776511918535,0,SUCCESS
B,gamma,794,1776511918535,1776511918535,0,SUCCESS
B,gamma,795,1776511918535,1776511918535,0,SUCCESS
B,gamma,796,1776511918535,1776511918535,0,SUCCESS
B,gamma,797,1776511918535,1776511918535,0,SUCCESS
B,gamma,798,1776511918535,1776511918535,0,SUCCESS
B,gamma,799,1776511918535,1776511918535,0,SUCCESS
B,gamma,800,1776511918535,1776511918535,0,SUCCESS
B,gamma,801,1776511918535,1776511918535,0,SUCCESS
B,gamma,802,1776511918535,1776511918535,0,SUCCESS
B,gamma,803,1776511918535,1776511918535,0,SUCCESS
B,gamma,804,1776511918535,1776511918535,0,SUCCESS
B,gamma,805,1776511918535,1776511918535,0,SUCCESS
B,gamma,806,1776511918535,1776511918535,0,SUCCESS
B,gamma,807,1776511918535,1776511918535,0,SUCCESS
B,gamma,808,1776511918535,1776511918535,0,SUCCESS
B,gamma,809,1776511918535,1776511918535,0,SUCCESS
B,gamma,810,1776511918535,1776511918535,0,SUCCESS
B,gamma,811,1776511918535,1776511918535,0,SUCCESS
B,gamma,812,1776511918535,1776511918535,0,SUCCESS
B,gamma,813,1776511918535,1776511918535,0,SUCCESS
B,gamma,814,1776511918535,1776511918535,0,SUCCESS
B,gamma,815,1776511918535,1776511918535,0,SUCCESS
B,gamma,816,1776511918535,1776511918535,0,SUCCESS
B,gamma,817,1776511918535,1776511918535,0,SUCCESS
B,gamma,818,1776511918535,1776511918535,0,SUCCESS
B,gamma,819,1776511918535,1776511918535,0,SUCCESS
B,gamma,820,1776511918535,1776511918535,0,SUCCESS
B,gamma,821,1776511918535,1776511918535,0,SUCCESS
B,gamma,822,1776511918535,1776511918535,0,SUCCESS
B,gamma,823,1776511918535,1776511918535,0,SUCCESS
B,gamma,824,1776511918535,1776511918535,0,SUCCESS
B,gamma,825,1776511918535,1776511918535,0,SUCCESS
B,gamma,826,1776511918535,1776511918535,0,SUCCESS
B,gamma,827,1776511918535,1776511918535,0,SUCCESS
B,gamma,828,1776511918535,1776511918535,0,SUCCESS
B,gamma,829,1776511918535,1776511918535,0,SUCCESS
B,gamma,830,1776511918535,1776511918535,0,SUCCESS
B,gamma,831,1776511918535,1776511918535,0,SUCCESS
B,gamma,832,1776511918535,1776511918535,0,SUCCESS
B,gamma,833,1776511918535,1776511918535,0,SUCCESS
B,gamma,834,1776511918535,1776511918535,0,SUCCESS
B,gamma,835,1776511918535,1776511918535,0,SUCCESS
B,gamma,836,1776511918535,1776511918535,0,SUCCESS
B,gamma,837,1776511918535,1776511918535,0,SUCCESS
B,gamma,838,1776511918535,1776511918535,0,SUCCESS
B,gamma,839,1776511918535,1776511918535,0,SUCCESS
B,gamma,840,1776511918535,1776511918535,0,SUCCESS
B,gamma,841,1776511918535,1776511918535,0,SUCCESS
B,gamma,842,1776511918535,1776511918535,0,SUCCESS
B,gamma,843,1776511918535,1776511918535,0,SUCCESS
B,gamma,844,1776511918535,1776511918535,0,SUCCESS
B,gamma,845,1776511918535,1776511918535,0,SUCCESS
B,gamma,846,1776511918535,1776511918535,0,SUCCESS
B,gamma,847,1776511918535,1776511918535,0,SUCCESS
B,gamma,848,1776511918535,1776511918535,0,SUCCESS
B,gamma,849,1776511918535,1776511918535,0,SUCCESS
B,gamma,850,1776511918535,1776511918535,0,SUCCESS
B,gamma,851,1776511918535,1776511918535,0,SUCCESS
B,gamma,852,1776511918535,1776511918535,0,SUCCESS
B,gamma,853,1776511918535,1776511918535,0,SUCCESS
B,gamma,854,1776511918535,1776511918535,0,SUCCESS
B,gamma,855,1776511918535,1776511918535,0,SUCCESS
B,gamma,856,1776511918535,1776511918535,0,SUCCESS
B,gamma,857,1776511918535,1776511918535,0,SUCCESS
B,gamma,858,1776511918535,1776511918535,0,SUCCESS
B,gamma,859,1776511918535,1776511918535,0,SUCCESS
B,gamma,860,1776511918535,1776511918535,0,SUCCESS
B,gamma,861,1776511918535,1776511918535,0,SUCCESS
B,gamma,862,1776511918535,1776511918535,0,SUCCESS
B,gamma,863,1776511918535,1776511918535,0,SUCCESS
B,gamma,864,1776511918535,1776511918535,0,SUCCESS
B,gamma,865,1776511918535,1776511918535,0,SUCCESS
B,gamma,866,1776511918535,1776511918535,0,SUCCESS
B,gamma,867,1776511918535,1776511918535,0,SUCCESS
B,gamma,868,1776511918535,1776511918535,0,SUCCESS
B,gamma,869,1776511918535,1776511918535,0,SUCCESS
B,gamma,870,1776511918535,1776511918535,0,SUCCESS
B,gamma,871,1776511918535,1776511918535,0,SUCCESS
B,gamma,872,1776511918535,1776511918535,0,SUCCESS
B,gamma,873,1776511918535,1776511918535,0,SUCCESS
B,gamma,874,1776511918535,1776511918535,0,SUCCESS
B,gamma,875,1776511918535,1776511918535,0,SUCCESS
B,gamma,876,1776511918535,1776511918535,0,SUCCESS
B,gamma,877,1776511918535,1776511918535,0,SUCCESS
B,gamma,878,1776511918535,1776511918535,0,SUCCESS
B,gamma,879,1776511918535,1776511918535,0,SUCCESS
B,gamma,880,1776511918535,1776511918535,0,SUCCESS
B,gamma,881,1776511918535,1776511918535,0,SUCCESS
B,gamma,882,1776511918535,1776511918535,0,SUCCESS
B,gamma,883,1776511918535,1776511918535,0,SUCCESS
B,gamma,884,1776511918535,1776511918535,0,SUCCESS
B,gamma,885,1776511918535,1776511918535,0,SUCCESS
B,gamma,886,1776511918535,1776511918535,0,SUCCESS
B,gamma,887,1776511918535,1776511918535,0,SUCCESS
B,gamma,888,1776511918535,1776511918535,0,SUCCESS
B,gamma,889,1776511918535,1776511918535,0,SUCCESS
B,gamma,890,1776511918535,1776511918535,0,SUCCESS
B,gamma,891,1776511918535,1776511918535,0,SUCCESS
B,gamma,892,1776511918535,1776511918535,0,SUCCESS
B,gamma,893,1776511918535,1776511918535,0,SUCCESS
B,gamma,894,1776511918535,1776511918535,0,SUCCESS
B,gamma,895,1776511918535,1776511918535,0,SUCCESS
B,gamma,896,1776511918535,1776511918535,0,SUCCESS
B,gamma,897,1776511918535,1776511918535,0,SUCCESS
B,gamma,898,1776511918535,1776511918535,0,SUCCESS
B,gamma,899,1776511918535,1776511918535,0,SUCCESS
B,gamma,900,1776511918535,1776511918535,0,SUCCESS
B,gamma,901,1776511918535,1776511918535,0,SUCCESS
B,gamma,902,1776511918535,1776511918535,0,SUCCESS
B,gamma,903,1776511918535,1776511918535,0,SUCCESS
B,gamma,904,1776511918535,1776511918535,0,SUCCESS
B,gamma,905,1776511918535,1776511918535,0,SUCCESS
B,gamma,906,1776511918535,1776511918535,0,SUCCESS
B,gamma,907,1776511918535,1776511918535,0,SUCCESS
B,gamma,908,1776511918535,1776511918535,0,SUCCESS
B,gamma,909,1776511918535,1776511918535,0,SUCCESS
B,gamma,910,1776511918535,1776511918535,0,SUCCESS
B,gamma,911,1776511918535,1776511918535,0,SUCCESS
B,gamma,912,1776511918535,1776511918535,0,SUCCESS
B,gamma,913,1776511918535,1776511918535,0,SUCCESS
B,gamma,914,1776511918535,1776511918535,0,SUCCESS
B,gamma,915,1776511918535,1776511918535,0,SUCCESS
B,gamma,916,1776511918535,1776511918535,0,SUCCESS
B,gamma,917,1776511918535,1776511918535,0,SUCCESS
B,gamma,918,1776511918535,1776511918535,0,SUCCESS
B,gamma,919,1776511918535,1776511918535,0,SUCCESS
B,gamma,920,1776511918535,1776511918535,0,SUCCESS
B,gamma,921,1776511918535,1776511918535,0,SUCCESS
B,gamma,922,1776511918535,1776511918535,0,SUCCESS
B,gamma,923,1776511918535,1776511918535,0,SUCCESS
B,gamma,924,1776511918535,1776511918535,0,SUCCESS
B,gamma,925,1776511918535,1776511918535,0,SUCCESS
B,gamma,926,1776511918535,1776511918535,0,SUCCESS
B,gamma,927,1776511918535,1776511918535,0,SUCCESS
B,gamma,928,1776511918535,1776511918535,0,SUCCESS
B,gamma,929,1776511918535,1776511918535,0,SUCCESS
B,gamma,930,1776511918535,1776511918535,0,SUCCESS
B,gamma,931,1776511918535,1776511918535,0,SUCCESS
B,gamma,932,1776511918535,1776511918535,0,SUCCESS
B,gamma,933,1776511918535,1776511918535,0,SUCCESS
B,gamma,934,1776511918535,1776511918535,0,SUCCESS
B,gamma,935,1776511918535,1776511918535,0,SUCCESS
B,gamma,936,1776511918535,1776511918535,0,SUCCESS
B,gamma,937,1776511918535,1776511918535,0,SUCCESS
B,gamma,938,1776511918535,1776511918535,0,SUCCESS
B,gamma,939,1776511918535,1776511918535,0,SUCCESS
B,gamma,940,1776511918535,1776511918535,0,SUCCESS
B,gamma,941,1776511918535,1776511918535,0,SUCCESS
B,gamma,942,1776511918535,1776511918535,0,SUCCESS
B,gamma,943,1776511918535,1776511918535,0,SUCCESS
B,gamma,944,1776511918535,1776511918535,0,SUCCESS
B,gamma,945,1776511918535,1776511918535,0,SUCCESS
B,gamma,946,1776511918535,1776511918535,0,SUCCESS
B,gamma,947,1776511918535,1776511918535,0,SUCCESS
B,gamma,948,1776511918535,1776511918535,0,SUCCESS
B,gamma,949,1776511918535,1776511918535,0,SUCCESS
B,gamma,950,1776511918535,1776511918535,0,SUCCESS
B,gamma,951,1776511918535,1776511918535,0,SUCCESS
B,gamma,952,1776511918535,1776511918535,0,SUCCESS
B,gamma,953,1776511918535,1776511918535,0,SUCCESS
B,gamma,954,1776511918535,1776511918535,0,SUCCESS
B,gamma,955,1776511918535,1776511918535,0,SUCCESS
B,gamma,956,1776511918535,1776511918535,0,SUCCESS
B,gamma,957,1776511918535,1776511918535,0,SUCCESS
B,gamma,958,1776511918535,1776511918535,0,SUCCESS
B,gamma,959,1776511918535,1776511918535,0,SUCCESS
B,gamma,960,1776511918535,1776511918535,0,SUCCESS
B,gamma,961,1776511918535,1776511918535,0,SUCCESS
B,gamma,962,1776511918535,1776511918535,0,SUCCESS
B,gamma,963,1776511918535,1776511918535,0,SUCCESS
B,gamma,964,1776511918535,1776511918535,0,SUCCESS
B,gamma,965,1776511918535,1776511918535,0,SUCCESS
B,gamma,966,1776511918535,1776511918535,0,SUCCESS
B,gamma,967,1776511918535,1776511918535,0,SUCCESS
B,gamma,968,1776511918535,1776511918535,0,SUCCESS
B,gamma,969,1776511918535,1776511918535,0,SUCCESS
B,gamma,970,1776511918535,1776511918535,0,SUCCESS
B,gamma,971,1776511918535,1776511918535,0,SUCCESS
B,gamma,972,1776511918535,1776511918535,0,SUCCESS
B,gamma,973,1776511918535,1776511918535,0,SUCCESS
B,gamma,974,1776511918535,1776511918535,0,SUCCESS
B,gamma,975,1776511918535,1776511918535,0,SUCCESS
B,gamma,976,1776511918535,1776511918535,0,SUCCESS
B,gamma,977,1776511918535,1776511918535,0,SUCCESS
B,gamma,978,1776511918535,1776511918535,0,SUCCESS
B,gamma,979,1776511918535,1776511918535,0,SUCCESS
B,gamma,980,1776511918535,1776511918535,0,SUCCESS
B,gamma,981,1776511918535,1776511918535,0,SUCCESS
B,gamma,982,1776511918535,1776511918535,0,SUCCESS
B,gamma,983,1776511918535,1776511918535,0,SUCCESS
B,gamma,984,1776511918535,1776511918535,0,SUCCESS
B,gamma,985,1776511918535,1776511918535,0,SUCCESS
B,gamma,986,1776511918535,1776511918535,0,SUCCESS
B,gamma,987,1776511918535,1776511918535,0,SUCCESS
B,gamma,988,1776511918535,1776511918535,0,SUCCESS
B,gamma,989,1776511918535,1776511918535,0,SUCCESS
B,gamma,990,1776511918535,1776511918535,0,SUCCESS
B,gamma,991,1776511918535,1776511918535,0,SUCCESS
B,gamma,992,1776511918535,1776511918535,0,SUCCESS
B,gamma,993,1776511918535,1776511918535,0,SUCCESS
B,gamma,994,1776511918535,1776511918535,0,SUCCESS
B,gamma,995,1776511918535,1776511918535,0,SUCCESS
B,gamma,996,1776511918535,1776511918535,0,SUCCESS
B,gamma,997,1776511918535,1776511918535,0,SUCCESS
B,gamma,998,1776511918535,1776511918535,0,SUCCESS
B,gamma,999,1776511918535,1776511918535,0,SUCCESS
B,delta,0,1776511918535,1776511918535,0,SUCCESS
B,delta,1,1776511918535,1776511918535,0,SUCCESS
B,delta,2,1776511918535,1776511918535,0,SUCCESS
B,delta,3,1776511918535,1776511918535,0,SUCCESS
B,delta,4,1776511918535,1776511918535,0,SUCCESS
B,delta,5,1776511918535,1776511918535,0,SUCCESS
B,delta,6,1776511918535,1776511918535,0,SUCCESS
B,delta,7,1776511918535,1776511918535,0,SUCCESS
B,delta,8,1776511918535,1776511918535,0,SUCCESS
B,delta,9,1776511918535,1776511918535,0,SUCCESS
B,delta,10,1776511918535,1776511918535,0,SUCCESS
B,delta,11,1776511918535,1776511918535,0,SUCCESS
B,delta,12,1776511918535,1776511918535,0,SUCCESS
B,delta,13,1776511918535,1776511918535,0,SUCCESS
B,delta,14,1776511918535,1776511918535,0,SUCCESS
B,delta,15,1776511918535,1776511918535,0,SUCCESS
B,delta,16,1776511918535,1776511918535,0,SUCCESS
B,delta,17,1776511918535,1776511918535,0,SUCCESS
B,delta,18,1776511918535,1776511918535,0,SUCCESS
B,delta,19,1776511918535,1776511918535,0,SUCCESS
B,delta,20,1776511918535,1776511918535,0,SUCCESS
B,delta,21,1776511918535,1776511918535,0,SUCCESS
B,delta,22,1776511918535,1776511918535,0,SUCCESS
B,delta,23,1776511918535,1776511918535,0,SUCCESS
B,delta,24,1776511918535,1776511918535,0,SUCCESS
B,delta,25,1776511918535,1776511918535,0,SUCCESS
B,delta,26,1776511918535,1776511918535,0,SUCCESS
B,delta,27,1776511918535,1776511918535,0,SUCCESS
B,delta,28,1776511918535,1776511918535,0,SUCCESS
B,delta,29,1776511918535,1776511918535,0,SUCCESS
B,delta,30,1776511918535,1776511918535,0,SUCCESS
B,delta,31,1776511918535,1776511918535,0,SUCCESS
B,delta,32,1776511918535,1776511918535,0,SUCCESS
B,delta,33,1776511918535,1776511918535,0,SUCCESS
B,delta,34,1776511918535,1776511918535,0,SUCCESS
B,delta,35,1776511918535,1776511918535,0,SUCCESS
B,delta,36,1776511918535,1776511918535,0,SUCCESS
B,delta,37,1776511918535,1776511918535,0,SUCCESS
B,delta,38,1776511918535,1776511918535,0,SUCCESS
B,delta,39,1776511918535,1776511918535,0,SUCCESS
B,delta,40,1776511918535,1776511918535,0,SUCCESS
B,delta,41,1776511918535,1776511918535,0,SUCCESS
B,delta,42,1776511918535,1776511918535,0,SUCCESS
B,delta,43,1776511918535,1776511918535,0,SUCCESS
B,delta,44,1776511918535,1776511918535,0,SUCCESS
B,delta,45,1776511918535,1776511918535,0,SUCCESS
B,delta,46,1776511918535,1776511918535,0,SUCCESS
B,delta,47,1776511918535,1776511918535,0,SUCCESS
B,delta,48,1776511918535,1776511918535,0,SUCCESS
B,delta,49,1776511918535,1776511918535,0,SUCCESS
B,delta,50,1776511918535,1776511918535,0,SUCCESS
B,delta,51,1776511918535,1776511918535,0,SUCCESS
B,delta,52,1776511918535,1776511918535,0,SUCCESS
B,delta,53,1776511918535,1776511918535,0,SUCCESS
B,delta,54,1776511918535,1776511918535,0,SUCCESS
B,delta,55,1776511918535,1776511918535,0,SUCCESS
B,delta,56,1776511918535,1776511918535,0,SUCCESS
B,delta,57,1776511918535,1776511918535,0,SUCCESS
B,delta,58,1776511918535,1776511918535,0,SUCCESS
B,delta,59,1776511918535,1776511918535,0,SUCCESS
B,delta,60,1776511918535,1776511918535,0,SUCCESS
B,delta,61,1776511918535,1776511918535,0,SUCCESS
B,delta,62,1776511918535,1776511918535,0,SUCCESS
B,delta,63,1776511918535,1776511918535,0,SUCCESS
B,delta,64,1776511918535,1776511918535,0,SUCCESS
B,delta,65,1776511918535,1776511918535,0,SUCCESS
B,delta,66,1776511918535,1776511918535,0,SUCCESS
B,delta,67,1776511918535,1776511918535,0,SUCCESS
B,delta,68,1776511918535,1776511918535,0,SUCCESS
B,delta,69,1776511918535,1776511918535,0,SUCCESS
B,delta,70,1776511918535,1776511918535,0,SUCCESS
B,delta,71,1776511918535,1776511918535,0,SUCCESS
B,delta,72,1776511918535,1776511918535,0,SUCCESS
B,delta,73,1776511918535,1776511918535,0,SUCCESS
B,delta,74,1776511918535,1776511918535,0,SUCCESS
B,delta,75,1776511918535,1776511918535,0,SUCCESS
B,delta,76,1776511918535,1776511918535,0,SUCCESS
B,delta,77,1776511918535,1776511918535,0,SUCCESS
B,delta,78,1776511918535,1776511918535,0,SUCCESS
B,delta,79,1776511918535,1776511918535,0,SUCCESS
B,delta,80,1776511918535,1776511918535,0,SUCCESS
B,delta,81,1776511918535,1776511918535,0,SUCCESS
B,delta,82,1776511918535,1776511918535,0,SUCCESS
B,delta,83,1776511918535,1776511918535,0,SUCCESS
B,delta,84,1776511918535,1776511918535,0,SUCCESS
B,delta,85,1776511918535,1776511918535,0,SUCCESS
B,delta,86,1776511918535,1776511918535,0,SUCCESS
B,delta,87,1776511918536,1776511918536,0,SUCCESS
B,delta,88,1776511918536,1776511918536,0,SUCCESS
B,delta,89,1776511918536,1776511918536,0,SUCCESS
B,delta,90,1776511918536,1776511918536,0,SUCCESS
B,delta,91,1776511918536,1776511918536,0,SUCCESS
B,delta,92,1776511918536,1776511918536,0,SUCCESS
B,delta,93,1776511918536,1776511918536,0,SUCCESS
B,delta,94,1776511918536,1776511918536,0,SUCCESS
B,delta,95,1776511918536,1776511918536,0,SUCCESS
B,delta,96,1776511918536,1776511918536,0,SUCCESS
B,delta,97,1776511918536,1776511918536,0,SUCCESS
B,delta,98,1776511918536,1776511918536,0,SUCCESS
B,delta,99,1776511918536,1776511918536,0,SUCCESS
B,delta,100,1776511918536,1776511918536,0,SUCCESS
B,delta,101,1776511918536,1776511918536,0,SUCCESS
B,delta,102,1776511918536,1776511918536,0,SUCCESS
B,delta,103,1776511918536,1776511918536,0,SUCCESS
B,delta,104,1776511918536,1776511918536,0,SUCCESS
B,delta,105,1776511918536,1776511918536,0,SUCCESS
B,delta,106,1776511918536,1776511918536,0,SUCCESS
B,delta,107,1776511918536,1776511918536,0,SUCCESS
B,delta,108,1776511918536,1776511918536,0,SUCCESS
B,delta,109,1776511918536,1776511918536,0,SUCCESS
B,delta,110,1776511918536,1776511918536,0,SUCCESS
B,delta,111,1776511918536,1776511918536,0,SUCCESS
B,delta,112,1776511918536,1776511918536,0,SUCCESS
B,delta,113,1776511918536,1776511918536,0,SUCCESS
B,delta,114,1776511918536,1776511918536,0,SUCCESS
B,delta,115,1776511918536,1776511918536,0,SUCCESS
B,delta,116,1776511918536,1776511918536,0,SUCCESS
B,delta,117,1776511918536,1776511918536,0,SUCCESS
B,delta,118,1776511918536,1776511918536,0,SUCCESS
B,delta,119,1776511918536,1776511918536,0,SUCCESS
B,delta,120,1776511918536,1776511918536,0,SUCCESS
B,delta,121,1776511918536,1776511918536,0,SUCCESS
B,delta,122,1776511918536,1776511918536,0,SUCCESS
B,delta,123,1776511918536,1776511918536,0,SUCCESS
B,delta,124,1776511918536,1776511918536,0,SUCCESS
B,delta,125,1776511918536,1776511918536,0,SUCCESS
B,delta,126,1776511918536,1776511918536,0,SUCCESS
B,delta,127,1776511918536,1776511918536,0,SUCCESS
B,delta,128,1776511918536,1776511918536,0,SUCCESS
B,delta,129,1776511918536,1776511918536,0,SUCCESS
B,delta,130,1776511918536,1776511918536,0,SUCCESS
B,delta,131,1776511918536,1776511918536,0,SUCCESS
B,delta,132,1776511918536,1776511918536,0,SUCCESS
B,delta,133,1776511918536,1776511918536,0,SUCCESS
B,delta,134,1776511918536,1776511918536,0,SUCCESS
B,delta,135,1776511918536,1776511918536,0,SUCCESS
B,delta,136,1776511918536,1776511918536,0,SUCCESS
B,delta,137,1776511918536,1776511918536,0,SUCCESS
B,delta,138,1776511918536,1776511918536,0,SUCCESS
B,delta,139,1776511918536,1776511918536,0,SUCCESS
B,delta,140,1776511918536,1776511918536,0,SUCCESS
B,delta,141,1776511918536,1776511918536,0,SUCCESS
B,delta,142,1776511918536,1776511918536,0,SUCCESS
B,delta,143,1776511918536,1776511918536,0,SUCCESS
B,delta,144,1776511918536,1776511918536,0,SUCCESS
B,delta,145,1776511918536,1776511918536,0,SUCCESS
B,delta,146,1776511918536,1776511918536,0,SUCCESS
B,delta,147,1776511918536,1776511918536,0,SUCCESS
B,delta,148,1776511918536,1776511918536,0,SUCCESS
B,delta,149,1776511918536,1776511918536,0,SUCCESS
B,delta,150,1776511918536,1776511918536,0,SUCCESS
B,delta,151,1776511918536,1776511918536,0,SUCCESS
B,delta,152,1776511918536,1776511918536,0,SUCCESS
B,delta,153,1776511918536,1776511918536,0,SUCCESS
B,delta,154,1776511918536,1776511918536,0,SUCCESS
B,delta,155,1776511918536,1776511918536,0,SUCCESS
B,delta,156,1776511918536,1776511918536,0,SUCCESS
B,delta,157,1776511918536,1776511918536,0,SUCCESS
B,delta,158,1776511918536,1776511918536,0,SUCCESS
B,delta,159,1776511918536,1776511918536,0,SUCCESS
B,delta,160,1776511918536,1776511918536,0,SUCCESS
B,delta,161,1776511918536,1776511918536,0,SUCCESS
B,delta,162,1776511918536,1776511918536,0,SUCCESS
B,delta,163,1776511918536,1776511918536,0,SUCCESS
B,delta,164,1776511918536,1776511918536,0,SUCCESS
B,delta,165,1776511918536,1776511918536,0,SUCCESS
B,delta,166,1776511918536,1776511918536,0,SUCCESS
B,delta,167,1776511918536,1776511918536,0,SUCCESS
B,delta,168,1776511918536,1776511918536,0,SUCCESS
B,delta,169,1776511918536,1776511918536,0,SUCCESS
B,delta,170,1776511918536,1776511918536,0,SUCCESS
B,delta,171,1776511918536,1776511918536,0,SUCCESS
B,delta,172,1776511918536,1776511918536,0,SUCCESS
B,delta,173,1776511918536,1776511918536,0,SUCCESS
B,delta,174,1776511918536,1776511918536,0,SUCCESS
B,delta,175,1776511918536,1776511918536,0,SUCCESS
B,delta,176,1776511918536,1776511918536,0,SUCCESS
B,delta,177,1776511918536,1776511918536,0,SUCCESS
B,delta,178,1776511918536,1776511918536,0,SUCCESS
B,delta,179,1776511918536,1776511918536,0,SUCCESS
B,delta,180,1776511918536,1776511918536,0,SUCCESS
B,delta,181,1776511918536,1776511918536,0,SUCCESS
B,delta,182,1776511918536,1776511918536,0,SUCCESS
B,delta,183,1776511918536,1776511918536,0,SUCCESS
B,delta,184,1776511918536,1776511918536,0,SUCCESS
B,delta,185,1776511918536,1776511918536,0,SUCCESS
B,delta,186,1776511918536,1776511918536,0,SUCCESS
B,delta,187,1776511918536,1776511918536,0,SUCCESS
B,delta,188,1776511918536,1776511918536,0,SUCCESS
B,delta,189,1776511918536,1776511918536,0,SUCCESS
B,delta,190,1776511918536,1776511918536,0,SUCCESS
B,delta,191,1776511918536,1776511918536,0,SUCCESS
B,delta,192,1776511918536,1776511918536,0,SUCCESS
B,delta,193,1776511918536,1776511918536,0,SUCCESS
B,delta,194,1776511918536,1776511918536,0,SUCCESS
B,delta,195,1776511918536,1776511918536,0,SUCCESS
B,delta,196,1776511918536,1776511918536,0,SUCCESS
B,delta,197,1776511918536,1776511918536,0,SUCCESS
B,delta,198,1776511918536,1776511918536,0,SUCCESS
B,delta,199,1776511918536,1776511918536,0,SUCCESS
B,delta,200,1776511918536,1776511918536,0,SUCCESS
B,delta,201,1776511918536,1776511918536,0,SUCCESS
B,delta,202,1776511918536,1776511918536,0,SUCCESS
B,delta,203,1776511918536,1776511918536,0,SUCCESS
B,delta,204,1776511918536,1776511918536,0,SUCCESS
B,delta,205,1776511918536,1776511918536,0,SUCCESS
B,delta,206,1776511918536,1776511918536,0,SUCCESS
B,delta,207,1776511918536,1776511918536,0,SUCCESS
B,delta,208,1776511918536,1776511918536,0,SUCCESS
B,delta,209,1776511918536,1776511918536,0,SUCCESS
B,delta,210,1776511918536,1776511918536,0,SUCCESS
B,delta,211,1776511918536,1776511918536,0,SUCCESS
B,delta,212,1776511918536,1776511918536,0,SUCCESS
B,delta,213,1776511918536,1776511918536,0,SUCCESS
B,delta,214,1776511918536,1776511918536,0,SUCCESS
B,delta,215,1776511918536,1776511918536,0,SUCCESS
B,delta,216,1776511918536,1776511918536,0,SUCCESS
B,delta,217,1776511918536,1776511918536,0,SUCCESS
B,delta,218,1776511918536,1776511918536,0,SUCCESS
B,delta,219,1776511918536,1776511918536,0,SUCCESS
B,delta,220,1776511918536,1776511918536,0,SUCCESS
B,delta,221,1776511918536,1776511918536,0,SUCCESS
B,delta,222,1776511918536,1776511918536,0,SUCCESS
B,delta,223,1776511918536,1776511918536,0,SUCCESS
B,delta,224,1776511918536,1776511918536,0,SUCCESS
B,delta,225,1776511918536,1776511918536,0,SUCCESS
B,delta,226,1776511918536,1776511918536,0,SUCCESS
B,delta,227,1776511918536,1776511918536,0,SUCCESS
B,delta,228,1776511918536,1776511918536,0,SUCCESS
B,delta,229,1776511918536,1776511918536,0,SUCCESS
B,delta,230,1776511918536,1776511918536,0,SUCCESS
B,delta,231,1776511918536,1776511918536,0,SUCCESS
B,delta,232,1776511918536,1776511918536,0,SUCCESS
B,delta,233,1776511918536,1776511918536,0,SUCCESS
B,delta,234,1776511918536,1776511918536,0,SUCCESS
B,delta,235,1776511918536,1776511918536,0,SUCCESS
B,delta,236,1776511918536,1776511918536,0,SUCCESS
B,delta,237,1776511918536,1776511918536,0,SUCCESS
B,delta,238,1776511918536,1776511918536,0,SUCCESS
B,delta,239,1776511918536,1776511918536,0,SUCCESS
B,delta,240,1776511918536,1776511918536,0,SUCCESS
B,delta,241,1776511918536,1776511918536,0,SUCCESS
B,delta,242,1776511918536,1776511918536,0,SUCCESS
B,delta,243,1776511918536,1776511918536,0,SUCCESS
B,delta,244,1776511918536,1776511918536,0,SUCCESS
B,delta,245,1776511918536,1776511918536,0,SUCCESS
B,delta,246,1776511918536,1776511918536,0,SUCCESS
B,delta,247,1776511918536,1776511918536,0,SUCCESS
B,delta,248,1776511918536,1776511918536,0,SUCCESS
B,delta,249,1776511918536,1776511918536,0,SUCCESS
B,delta,250,1776511918536,1776511918536,0,SUCCESS
B,delta,251,1776511918536,1776511918536,0,SUCCESS
B,delta,252,1776511918536,1776511918536,0,SUCCESS
B,delta,253,1776511918536,1776511918536,0,SUCCESS
B,delta,254,1776511918536,1776511918536,0,SUCCESS
B,delta,255,1776511918536,1776511918536,0,SUCCESS
B,delta,256,1776511918536,1776511918536,0,SUCCESS
B,delta,257,1776511918536,1776511918536,0,SUCCESS
B,delta,258,1776511918536,1776511918536,0,SUCCESS
B,delta,259,1776511918536,1776511918536,0,SUCCESS
B,delta,260,1776511918536,1776511918536,0,SUCCESS
B,delta,261,1776511918536,1776511918536,0,SUCCESS
B,delta,262,1776511918536,1776511918536,0,SUCCESS
B,delta,263,1776511918536,1776511918536,0,SUCCESS
B,delta,264,1776511918536,1776511918536,0,SUCCESS
B,delta,265,1776511918536,1776511918536,0,SUCCESS
B,delta,266,1776511918536,1776511918536,0,SUCCESS
B,delta,267,1776511918536,1776511918536,0,SUCCESS
B,delta,268,1776511918536,1776511918536,0,SUCCESS
B,delta,269,1776511918536,1776511918536,0,SUCCESS
B,delta,270,1776511918536,1776511918536,0,SUCCESS
B,delta,271,1776511918536,1776511918536,0,SUCCESS
B,delta,272,1776511918536,1776511918536,0,SUCCESS
B,delta,273,1776511918536,1776511918536,0,SUCCESS
B,delta,274,1776511918536,1776511918536,0,SUCCESS
B,delta,275,1776511918536,1776511918536,0,SUCCESS
B,delta,276,1776511918536,1776511918536,0,SUCCESS
B,delta,277,1776511918536,1776511918536,0,SUCCESS
B,delta,278,1776511918536,1776511918536,0,SUCCESS
B,delta,279,1776511918536,1776511918536,0,SUCCESS
B,delta,280,1776511918536,1776511918536,0,SUCCESS
B,delta,281,1776511918536,1776511918536,0,SUCCESS
B,delta,282,1776511918536,1776511918536,0,SUCCESS
B,delta,283,1776511918536,1776511918536,0,SUCCESS
B,delta,284,1776511918536,1776511918536,0,SUCCESS
B,delta,285,1776511918536,1776511918536,0,SUCCESS
B,delta,286,1776511918536,1776511918536,0,SUCCESS
B,delta,287,1776511918536,1776511918536,0,SUCCESS
B,delta,288,1776511918536,1776511918536,0,SUCCESS
B,delta,289,1776511918536,1776511918536,0,SUCCESS
B,delta,290,1776511918536,1776511918536,0,SUCCESS
B,delta,291,1776511918536,1776511918536,0,SUCCESS
B,delta,292,1776511918536,1776511918536,0,SUCCESS
B,delta,293,1776511918536,1776511918536,0,SUCCESS
B,delta,294,1776511918536,1776511918536,0,SUCCESS
B,delta,295,1776511918536,1776511918536,0,SUCCESS
B,delta,296,1776511918536,1776511918536,0,SUCCESS
B,delta,297,1776511918536,1776511918536,0,SUCCESS
B,delta,298,1776511918536,1776511918536,0,SUCCESS
B,delta,299,1776511918536,1776511918536,0,SUCCESS
B,delta,300,1776511918536,1776511918536,0,SUCCESS
B,delta,301,1776511918536,1776511918536,0,SUCCESS
B,delta,302,1776511918536,1776511918536,0,SUCCESS
B,delta,303,1776511918536,1776511918536,0,SUCCESS
B,delta,304,1776511918536,1776511918536,0,SUCCESS
B,delta,305,1776511918536,1776511918536,0,SUCCESS
B,delta,306,1776511918536,1776511918536,0,SUCCESS
B,delta,307,1776511918536,1776511918536,0,SUCCESS
B,delta,308,1776511918536,1776511918536,0,SUCCESS
B,delta,309,1776511918536,1776511918536,0,SUCCESS
B,delta,310,1776511918536,1776511918536,0,SUCCESS
B,delta,311,1776511918536,1776511918536,0,SUCCESS
B,delta,312,1776511918536,1776511918536,0,SUCCESS
B,delta,313,1776511918536,1776511918536,0,SUCCESS
B,delta,314,1776511918536,1776511918536,0,SUCCESS
B,delta,315,1776511918536,1776511918536,0,SUCCESS
B,delta,316,1776511918536,1776511918536,0,SUCCESS
B,delta,317,1776511918536,1776511918536,0,SUCCESS
B,delta,318,1776511918536,1776511918536,0,SUCCESS
B,delta,319,1776511918536,1776511918536,0,SUCCESS
B,delta,320,1776511918536,1776511918536,0,SUCCESS
B,delta,321,1776511918536,1776511918536,0,SUCCESS
B,delta,322,1776511918536,1776511918536,0,SUCCESS
B,delta,323,1776511918536,1776511918536,0,SUCCESS
B,delta,324,1776511918536,1776511918536,0,SUCCESS
B,delta,325,1776511918536,1776511918536,0,SUCCESS
B,delta,326,1776511918536,1776511918536,0,SUCCESS
B,delta,327,1776511918536,1776511918536,0,SUCCESS
B,delta,328,1776511918536,1776511918536,0,SUCCESS
B,delta,329,1776511918536,1776511918536,0,SUCCESS
B,delta,330,1776511918536,1776511918536,0,SUCCESS
B,delta,331,1776511918536,1776511918536,0,SUCCESS
B,delta,332,1776511918536,1776511918536,0,SUCCESS
B,delta,333,1776511918536,1776511918536,0,SUCCESS
B,delta,334,1776511918536,1776511918536,0,SUCCESS
B,delta,335,1776511918536,1776511918536,0,SUCCESS
B,delta,336,1776511918536,1776511918536,0,SUCCESS
B,delta,337,1776511918536,1776511918536,0,SUCCESS
B,delta,338,1776511918536,1776511918536,0,SUCCESS
B,delta,339,1776511918536,1776511918536,0,SUCCESS
B,delta,340,1776511918536,1776511918536,0,SUCCESS
B,delta,341,1776511918536,1776511918536,0,SUCCESS
B,delta,342,1776511918536,1776511918536,0,SUCCESS
B,delta,343,1776511918536,1776511918536,0,SUCCESS
B,delta,344,1776511918536,1776511918536,0,SUCCESS
B,delta,345,1776511918536,1776511918536,0,SUCCESS
B,delta,346,1776511918536,1776511918536,0,SUCCESS
B,delta,347,1776511918536,1776511918536,0,SUCCESS
B,delta,348,1776511918536,1776511918536,0,SUCCESS
B,delta,349,1776511918536,1776511918536,0,SUCCESS
B,delta,350,1776511918536,1776511918536,0,SUCCESS
B,delta,351,1776511918536,1776511918536,0,SUCCESS
B,delta,352,1776511918536,1776511918536,0,SUCCESS
B,delta,353,1776511918536,1776511918536,0,SUCCESS
B,delta,354,1776511918536,1776511918536,0,SUCCESS
B,delta,355,1776511918536,1776511918536,0,SUCCESS
B,delta,356,1776511918536,1776511918536,0,SUCCESS
B,delta,357,1776511918536,1776511918536,0,SUCCESS
B,delta,358,1776511918536,1776511918536,0,SUCCESS
B,delta,359,1776511918536,1776511918536,0,SUCCESS
B,delta,360,1776511918536,1776511918536,0,SUCCESS
B,delta,361,1776511918536,1776511918536,0,SUCCESS
B,delta,362,1776511918536,1776511918536,0,SUCCESS
B,delta,363,1776511918536,1776511918536,0,SUCCESS
B,delta,364,1776511918536,1776511918536,0,SUCCESS
B,delta,365,1776511918536,1776511918536,0,SUCCESS
B,delta,366,1776511918536,1776511918536,0,SUCCESS
B,delta,367,1776511918536,1776511918536,0,SUCCESS
B,delta,368,1776511918536,1776511918536,0,SUCCESS
B,delta,369,1776511918536,1776511918536,0,SUCCESS
B,delta,370,1776511918536,1776511918536,0,SUCCESS
B,delta,371,1776511918536,1776511918536,0,SUCCESS
B,delta,372,1776511918536,1776511918536,0,SUCCESS
B,delta,373,1776511918536,1776511918536,0,SUCCESS
B,delta,374,1776511918536,1776511918536,0,SUCCESS
B,delta,375,1776511918536,1776511918536,0,SUCCESS
B,delta,376,1776511918536,1776511918536,0,SUCCESS
B,delta,377,1776511918536,1776511918536,0,SUCCESS
B,delta,378,1776511918536,1776511918536,0,SUCCESS
B,delta,379,1776511918536,1776511918536,0,SUCCESS
B,delta,380,1776511918536,1776511918536,0,SUCCESS
B,delta,381,1776511918536,1776511918536,0,SUCCESS
B,delta,382,1776511918536,1776511918536,0,SUCCESS
B,delta,383,1776511918536,1776511918536,0,SUCCESS
B,delta,384,1776511918536,1776511918536,0,SUCCESS
B,delta,385,1776511918536,1776511918536,0,SUCCESS
B,delta,386,1776511918536,1776511918536,0,SUCCESS
B,delta,387,1776511918536,1776511918536,0,SUCCESS
B,delta,388,1776511918536,1776511918536,0,SUCCESS
B,delta,389,1776511918536,1776511918536,0,SUCCESS
B,delta,390,1776511918536,1776511918536,0,SUCCESS
B,delta,391,1776511918536,1776511918536,0,SUCCESS
B,delta,392,1776511918536,1776511918536,0,SUCCESS
B,delta,393,1776511918536,1776511918536,0,SUCCESS
B,delta,394,1776511918536,1776511918536,0,SUCCESS
B,delta,395,1776511918536,1776511918536,0,SUCCESS
B,delta,396,1776511918536,1776511918536,0,SUCCESS
B,delta,397,1776511918536,1776511918536,0,SUCCESS
B,delta,398,1776511918536,1776511918536,0,SUCCESS
B,delta,399,1776511918536,1776511918536,0,SUCCESS
B,delta,400,1776511918536,1776511918536,0,SUCCESS
B,delta,401,1776511918536,1776511918536,0,SUCCESS
B,delta,402,1776511918536,1776511918536,0,SUCCESS
B,delta,403,1776511918536,1776511918536,0,SUCCESS
B,delta,404,1776511918536,1776511918536,0,SUCCESS
B,delta,405,1776511918536,1776511918536,0,SUCCESS
B,delta,406,1776511918536,1776511918536,0,SUCCESS
B,delta,407,1776511918536,1776511918536,0,SUCCESS
B,delta,408,1776511918536,1776511918536,0,SUCCESS
B,delta,409,1776511918536,1776511918536,0,SUCCESS
B,delta,410,1776511918536,1776511918536,0,SUCCESS
B,delta,411,1776511918536,1776511918536,0,SUCCESS
B,delta,412,1776511918536,1776511918536,0,SUCCESS
B,delta,413,1776511918536,1776511918536,0,SUCCESS
B,delta,414,1776511918536,1776511918536,0,SUCCESS
B,delta,415,1776511918536,1776511918536,0,SUCCESS
B,delta,416,1776511918536,1776511918536,0,SUCCESS
B,delta,417,1776511918536,1776511918536,0,SUCCESS
B,delta,418,1776511918536,1776511918536,0,SUCCESS
B,delta,419,1776511918536,1776511918536,0,SUCCESS
B,delta,420,1776511918536,1776511918536,0,SUCCESS
B,delta,421,1776511918536,1776511918536,0,SUCCESS
B,delta,422,1776511918536,1776511918536,0,SUCCESS
B,delta,423,1776511918536,1776511918536,0,SUCCESS
B,delta,424,1776511918536,1776511918536,0,SUCCESS
B,delta,425,1776511918536,1776511918536,0,SUCCESS
B,delta,426,1776511918536,1776511918536,0,SUCCESS
B,delta,427,1776511918536,1776511918536,0,SUCCESS
B,delta,428,1776511918536,1776511918536,0,SUCCESS
B,delta,429,1776511918536,1776511918536,0,SUCCESS
B,delta,430,1776511918536,1776511918536,0,SUCCESS
B,delta,431,1776511918536,1776511918536,0,SUCCESS
B,delta,432,1776511918536,1776511918536,0,SUCCESS
B,delta,433,1776511918536,1776511918536,0,SUCCESS
B,delta,434,1776511918536,1776511918536,0,SUCCESS
B,delta,435,1776511918536,1776511918536,0,SUCCESS
B,delta,436,1776511918536,1776511918536,0,SUCCESS
B,delta,437,1776511918536,1776511918536,0,SUCCESS
B,delta,438,1776511918536,1776511918536,0,SUCCESS
B,delta,439,1776511918536,1776511918536,0,SUCCESS
B,delta,440,1776511918536,1776511918536,0,SUCCESS
B,delta,441,1776511918536,1776511918536,0,SUCCESS
B,delta,442,1776511918536,1776511918536,0,SUCCESS
B,delta,443,1776511918536,1776511918536,0,SUCCESS
B,delta,444,1776511918536,1776511918536,0,SUCCESS
B,delta,445,1776511918536,1776511918536,0,SUCCESS
B,delta,446,1776511918536,1776511918536,0,SUCCESS
B,delta,447,1776511918536,1776511918536,0,SUCCESS
B,delta,448,1776511918536,1776511918536,0,SUCCESS
B,delta,449,1776511918536,1776511918536,0,SUCCESS
B,delta,450,1776511918536,1776511918536,0,SUCCESS
B,delta,451,1776511918536,1776511918536,0,SUCCESS
B,delta,452,1776511918536,1776511918536,0,SUCCESS
B,delta,453,1776511918536,1776511918536,0,SUCCESS
B,delta,454,1776511918536,1776511918536,0,SUCCESS
B,delta,455,1776511918536,1776511918536,0,SUCCESS
B,delta,456,1776511918536,1776511918536,0,SUCCESS
B,delta,457,1776511918536,1776511918536,0,SUCCESS
B,delta,458,1776511918536,1776511918536,0,SUCCESS
B,delta,459,1776511918536,1776511918536,0,SUCCESS
B,delta,460,1776511918536,1776511918536,0,SUCCESS
B,delta,461,1776511918536,1776511918536,0,SUCCESS
B,delta,462,1776511918536,1776511918536,0,SUCCESS
B,delta,463,1776511918536,1776511918536,0,SUCCESS
B,delta,464,1776511918536,1776511918536,0,SUCCESS
B,delta,465,1776511918536,1776511918536,0,SUCCESS
B,delta,466,1776511918536,1776511918536,0,SUCCESS
B,delta,467,1776511918536,1776511918536,0,SUCCESS
B,delta,468,1776511918536,1776511918536,0,SUCCESS
B,delta,469,1776511918536,1776511918536,0,SUCCESS
B,delta,470,1776511918536,1776511918536,0,SUCCESS
B,delta,471,1776511918536,1776511918536,0,SUCCESS
B,delta,472,1776511918536,1776511918536,0,SUCCESS
B,delta,473,1776511918536,1776511918536,0,SUCCESS
B,delta,474,1776511918536,1776511918536,0,SUCCESS
B,delta,475,1776511918536,1776511918536,0,SUCCESS
B,delta,476,1776511918536,1776511918536,0,SUCCESS
B,delta,477,1776511918536,1776511918536,0,SUCCESS
B,delta,478,1776511918536,1776511918536,0,SUCCESS
B,delta,479,1776511918536,1776511918536,0,SUCCESS
B,delta,480,1776511918536,1776511918536,0,SUCCESS
B,delta,481,1776511918536,1776511918536,0,SUCCESS
B,delta,482,1776511918536,1776511918536,0,SUCCESS
B,delta,483,1776511918536,1776511918536,0,SUCCESS
B,delta,484,1776511918536,1776511918536,0,SUCCESS
B,delta,485,1776511918536,1776511918536,0,SUCCESS
B,delta,486,1776511918536,1776511918536,0,SUCCESS
B,delta,487,1776511918536,1776511918536,0,SUCCESS
B,delta,488,1776511918536,1776511918536,0,SUCCESS
B,delta,489,1776511918536,1776511918536,0,SUCCESS
B,delta,490,1776511918536,1776511918536,0,SUCCESS
B,delta,491,1776511918536,1776511918536,0,SUCCESS
B,delta,492,1776511918536,1776511918536,0,SUCCESS
B,delta,493,1776511918536,1776511918536,0,SUCCESS
B,delta,494,1776511918536,1776511918536,0,SUCCESS
B,delta,495,1776511918536,1776511918536,0,SUCCESS
B,delta,496,1776511918536,1776511918536,0,SUCCESS
B,delta,497,1776511918536,1776511918536,0,SUCCESS
B,delta,498,1776511918536,1776511918536,0,SUCCESS
B,delta,499,1776511918536,1776511918536,0,SUCCESS
B,delta,500,1776511918536,1776511918536,0,SUCCESS
B,delta,501,1776511918536,1776511918536,0,SUCCESS
B,delta,502,1776511918536,1776511918536,0,SUCCESS
B,delta,503,1776511918536,1776511918536,0,SUCCESS
B,delta,504,1776511918536,1776511918536,0,SUCCESS
B,delta,505,1776511918536,1776511918536,0,SUCCESS
B,delta,506,1776511918536,1776511918536,0,SUCCESS
B,delta,507,1776511918536,1776511918536,0,SUCCESS
B,delta,508,1776511918536,1776511918536,0,SUCCESS
B,delta,509,1776511918536,1776511918536,0,SUCCESS
B,delta,510,1776511918536,1776511918536,0,SUCCESS
B,delta,511,1776511918536,1776511918536,0,SUCCESS
B,delta,512,1776511918536,1776511918536,0,SUCCESS
B,delta,513,1776511918536,1776511918536,0,SUCCESS
B,delta,514,1776511918536,1776511918536,0,SUCCESS
B,delta,515,1776511918536,1776511918536,0,SUCCESS
B,delta,516,1776511918536,1776511918536,0,SUCCESS
B,delta,517,1776511918536,1776511918536,0,SUCCESS
B,delta,518,1776511918536,1776511918536,0,SUCCESS
B,delta,519,1776511918536,1776511918536,0,SUCCESS
B,delta,520,1776511918536,1776511918536,0,SUCCESS
B,delta,521,1776511918536,1776511918536,0,SUCCESS
B,delta,522,1776511918536,1776511918536,0,SUCCESS
B,delta,523,1776511918536,1776511918536,0,SUCCESS
B,delta,524,1776511918536,1776511918536,0,SUCCESS
B,delta,525,1776511918536,1776511918536,0,SUCCESS
B,delta,526,1776511918536,1776511918536,0,SUCCESS
B,delta,527,1776511918536,1776511918536,0,SUCCESS
B,delta,528,1776511918536,1776511918536,0,SUCCESS
B,delta,529,1776511918536,1776511918536,0,SUCCESS
B,delta,530,1776511918536,1776511918536,0,SUCCESS
B,delta,531,1776511918536,1776511918536,0,SUCCESS
B,delta,532,1776511918536,1776511918536,0,SUCCESS
B,delta,533,1776511918536,1776511918536,0,SUCCESS
B,delta,534,1776511918536,1776511918536,0,SUCCESS
B,delta,535,1776511918536,1776511918536,0,SUCCESS
B,delta,536,1776511918536,1776511918536,0,SUCCESS
B,delta,537,1776511918536,1776511918536,0,SUCCESS
B,delta,538,1776511918536,1776511918536,0,SUCCESS
B,delta,539,1776511918536,1776511918536,0,SUCCESS
B,delta,540,1776511918536,1776511918536,0,SUCCESS
B,delta,541,1776511918536,1776511918536,0,SUCCESS
B,delta,542,1776511918536,1776511918536,0,SUCCESS
B,delta,543,1776511918536,1776511918536,0,SUCCESS
B,delta,544,1776511918536,1776511918536,0,SUCCESS
B,delta,545,1776511918536,1776511918536,0,SUCCESS
B,delta,546,1776511918536,1776511918536,0,SUCCESS
B,delta,547,1776511918536,1776511918536,0,SUCCESS
B,delta,548,1776511918536,1776511918536,0,SUCCESS
B,delta,549,1776511918536,1776511918536,0,SUCCESS
B,delta,550,1776511918536,1776511918536,0,SUCCESS
B,delta,551,1776511918536,1776511918536,0,SUCCESS
B,delta,552,1776511918536,1776511918536,0,SUCCESS
B,delta,553,1776511918536,1776511918536,0,SUCCESS
B,delta,554,1776511918536,1776511918536,0,SUCCESS
B,delta,555,1776511918536,1776511918536,0,SUCCESS
B,delta,556,1776511918536,1776511918536,0,SUCCESS
B,delta,557,1776511918536,1776511918536,0,SUCCESS
B,delta,558,1776511918536,1776511918536,0,SUCCESS
B,delta,559,1776511918536,1776511918536,0,SUCCESS
B,delta,560,1776511918536,1776511918536,0,SUCCESS
B,delta,561,1776511918536,1776511918536,0,SUCCESS
B,delta,562,1776511918536,1776511918536,0,SUCCESS
B,delta,563,1776511918536,1776511918536,0,SUCCESS
B,delta,564,1776511918536,1776511918536,0,SUCCESS
B,delta,565,1776511918536,1776511918536,0,SUCCESS
B,delta,566,1776511918536,1776511918536,0,SUCCESS
B,delta,567,1776511918536,1776511918536,0,SUCCESS
B,delta,568,1776511918536,1776511918536,0,SUCCESS
B,delta,569,1776511918536,1776511918536,0,SUCCESS
B,delta,570,1776511918536,1776511918536,0,SUCCESS
B,delta,571,1776511918536,1776511918536,0,SUCCESS
B,delta,572,1776511918536,1776511918536,0,SUCCESS
B,delta,573,1776511918536,1776511918536,0,SUCCESS
B,delta,574,1776511918536,1776511918536,0,SUCCESS
B,delta,575,1776511918536,1776511918536,0,SUCCESS
B,delta,576,1776511918536,1776511918536,0,SUCCESS
B,delta,577,1776511918536,1776511918536,0,SUCCESS
B,delta,578,1776511918536,1776511918536,0,SUCCESS
B,delta,579,1776511918536,1776511918536,0,SUCCESS
B,delta,580,1776511918536,1776511918536,0,SUCCESS
B,delta,581,1776511918536,1776511918536,0,SUCCESS
B,delta,582,1776511918536,1776511918536,0,SUCCESS
B,delta,583,1776511918536,1776511918536,0,SUCCESS
B,delta,584,1776511918536,1776511918536,0,SUCCESS
B,delta,585,1776511918536,1776511918536,0,SUCCESS
B,delta,586,1776511918536,1776511918536,0,SUCCESS
B,delta,587,1776511918536,1776511918536,0,SUCCESS
B,delta,588,1776511918536,1776511918536,0,SUCCESS
B,delta,589,1776511918536,1776511918536,0,SUCCESS
B,delta,590,1776511918536,1776511918536,0,SUCCESS
B,delta,591,1776511918536,1776511918536,0,SUCCESS
B,delta,592,1776511918536,1776511918536,0,SUCCESS
B,delta,593,1776511918536,1776511918536,0,SUCCESS
B,delta,594,1776511918536,1776511918536,0,SUCCESS
B,delta,595,1776511918536,1776511918536,0,SUCCESS
B,delta,596,1776511918536,1776511918536,0,SUCCESS
B,delta,597,1776511918536,1776511918536,0,SUCCESS
B,delta,598,1776511918536,1776511918536,0,SUCCESS
B,delta,599,1776511918536,1776511918536,0,SUCCESS
B,delta,600,1776511918536,1776511918536,0,SUCCESS
B,delta,601,1776511918536,1776511918536,0,SUCCESS
B,delta,602,1776511918536,1776511918536,0,SUCCESS
B,delta,603,1776511918536,1776511918536,0,SUCCESS
B,delta,604,1776511918536,1776511918536,0,SUCCESS
B,delta,605,1776511918536,1776511918536,0,SUCCESS
B,delta,606,1776511918536,1776511918536,0,SUCCESS
B,delta,607,1776511918536,1776511918536,0,SUCCESS
B,delta,608,1776511918536,1776511918536,0,SUCCESS
B,delta,609,1776511918536,1776511918536,0,SUCCESS
B,delta,610,1776511918536,1776511918536,0,SUCCESS
B,delta,611,1776511918536,1776511918536,0,SUCCESS
B,delta,612,1776511918536,1776511918536,0,SUCCESS
B,delta,613,1776511918536,1776511918536,0,SUCCESS
B,delta,614,1776511918536,1776511918536,0,SUCCESS
B,delta,615,1776511918536,1776511918536,0,SUCCESS
B,delta,616,1776511918536,1776511918536,0,SUCCESS
B,delta,617,1776511918536,1776511918536,0,SUCCESS
B,delta,618,1776511918536,1776511918536,0,SUCCESS
B,delta,619,1776511918536,1776511918536,0,SUCCESS
B,delta,620,1776511918536,1776511918536,0,SUCCESS
B,delta,621,1776511918536,1776511918536,0,SUCCESS
B,delta,622,1776511918536,1776511918536,0,SUCCESS
B,delta,623,1776511918536,1776511918536,0,SUCCESS
B,delta,624,1776511918536,1776511918536,0,SUCCESS
B,delta,625,1776511918536,1776511918536,0,SUCCESS
B,delta,626,1776511918536,1776511918536,0,SUCCESS
B,delta,627,1776511918536,1776511918536,0,SUCCESS
B,delta,628,1776511918536,1776511918536,0,SUCCESS
B,delta,629,1776511918536,1776511918536,0,SUCCESS
B,delta,630,1776511918536,1776511918536,0,SUCCESS
B,delta,631,1776511918536,1776511918536,0,SUCCESS
B,delta,632,1776511918536,1776511918536,0,SUCCESS
B,delta,633,1776511918536,1776511918536,0,SUCCESS
B,delta,634,1776511918536,1776511918536,0,SUCCESS
B,delta,635,1776511918536,1776511918536,0,SUCCESS
B,delta,636,1776511918536,1776511918536,0,SUCCESS
B,delta,637,1776511918536,1776511918536,0,SUCCESS
B,delta,638,1776511918536,1776511918536,0,SUCCESS
B,delta,639,1776511918536,1776511918536,0,SUCCESS
B,delta,640,1776511918536,1776511918536,0,SUCCESS
B,delta,641,1776511918537,1776511918537,0,SUCCESS
B,delta,642,1776511918537,1776511918537,0,SUCCESS
B,delta,643,1776511918537,1776511918537,0,SUCCESS
B,delta,644,1776511918537,1776511918537,0,SUCCESS
B,delta,645,1776511918537,1776511918537,0,SUCCESS
B,delta,646,1776511918537,1776511918537,0,SUCCESS
B,delta,647,1776511918537,1776511918537,0,SUCCESS
B,delta,648,1776511918537,1776511918537,0,SUCCESS
B,delta,649,1776511918537,1776511918537,0,SUCCESS
B,delta,650,1776511918537,1776511918537,0,SUCCESS
B,delta,651,1776511918537,1776511918537,0,SUCCESS
B,delta,652,1776511918537,1776511918537,0,SUCCESS
B,delta,653,1776511918537,1776511918537,0,SUCCESS
B,delta,654,1776511918537,1776511918537,0,SUCCESS
B,delta,655,1776511918537,1776511918537,0,SUCCESS
B,delta,656,1776511918537,1776511918537,0,SUCCESS
B,delta,657,1776511918537,1776511918537,0,SUCCESS
B,delta,658,1776511918537,1776511918537,0,SUCCESS
B,delta,659,1776511918537,1776511918537,0,SUCCESS
B,delta,660,1776511918537,1776511918537,0,SUCCESS
B,delta,661,1776511918537,1776511918537,0,SUCCESS
B,delta,662,1776511918537,1776511918537,0,SUCCESS
B,delta,663,1776511918537,1776511918537,0,SUCCESS
B,delta,664,1776511918537,1776511918537,0,SUCCESS
B,delta,665,1776511918537,1776511918537,0,SUCCESS
B,delta,666,1776511918537,1776511918537,0,SUCCESS
B,delta,667,1776511918537,1776511918537,0,SUCCESS
B,delta,668,1776511918537,1776511918537,0,SUCCESS
B,delta,669,1776511918537,1776511918537,0,SUCCESS
B,delta,670,1776511918537,1776511918537,0,SUCCESS
B,delta,671,1776511918537,1776511918537,0,SUCCESS
B,delta,672,1776511918537,1776511918537,0,SUCCESS
B,delta,673,1776511918537,1776511918537,0,SUCCESS
B,delta,674,1776511918537,1776511918537,0,SUCCESS
B,delta,675,1776511918537,1776511918537,0,SUCCESS
B,delta,676,1776511918537,1776511918537,0,SUCCESS
B,delta,677,1776511918537,1776511918537,0,SUCCESS
B,delta,678,1776511918537,1776511918537,0,SUCCESS
B,delta,679,1776511918537,1776511918537,0,SUCCESS
B,delta,680,1776511918537,1776511918537,0,SUCCESS
B,delta,681,1776511918537,1776511918537,0,SUCCESS
B,delta,682,1776511918537,1776511918537,0,SUCCESS
B,delta,683,1776511918537,1776511918537,0,SUCCESS
B,delta,684,1776511918537,1776511918537,0,SUCCESS
B,delta,685,1776511918537,1776511918537,0,SUCCESS
B,delta,686,1776511918537,1776511918537,0,SUCCESS
B,delta,687,1776511918537,1776511918537,0,SUCCESS
B,delta,688,1776511918537,1776511918537,0,SUCCESS
B,delta,689,1776511918537,1776511918537,0,SUCCESS
B,delta,690,1776511918537,1776511918537,0,SUCCESS
B,delta,691,1776511918537,1776511918537,0,SUCCESS
B,delta,692,1776511918537,1776511918537,0,SUCCESS
B,delta,693,1776511918537,1776511918537,0,SUCCESS
B,delta,694,1776511918537,1776511918537,0,SUCCESS
B,delta,695,1776511918537,1776511918537,0,SUCCESS
B,delta,696,1776511918537,1776511918537,0,SUCCESS
B,delta,697,1776511918537,1776511918537,0,SUCCESS
B,delta,698,1776511918537,1776511918537,0,SUCCESS
B,delta,699,1776511918537,1776511918537,0,SUCCESS
B,delta,700,1776511918537,1776511918537,0,SUCCESS
B,delta,701,1776511918537,1776511918537,0,SUCCESS
B,delta,702,1776511918537,1776511918537,0,SUCCESS
B,delta,703,1776511918537,1776511918537,0,SUCCESS
B,delta,704,1776511918537,1776511918537,0,SUCCESS
B,delta,705,1776511918537,1776511918537,0,SUCCESS
B,delta,706,1776511918537,1776511918537,0,SUCCESS
B,delta,707,1776511918537,1776511918537,0,SUCCESS
B,delta,708,1776511918537,1776511918537,0,SUCCESS
B,delta,709,1776511918537,1776511918537,0,SUCCESS
B,delta,710,1776511918537,1776511918537,0,SUCCESS
B,delta,711,1776511918537,1776511918537,0,SUCCESS
B,delta,712,1776511918537,1776511918537,0,SUCCESS
B,delta,713,1776511918537,1776511918537,0,SUCCESS
B,delta,714,1776511918537,1776511918537,0,SUCCESS
B,delta,715,1776511918537,1776511918537,0,SUCCESS
B,delta,716,1776511918537,1776511918537,0,SUCCESS
B,delta,717,1776511918537,1776511918537,0,SUCCESS
B,delta,718,1776511918537,1776511918537,0,SUCCESS
B,delta,719,1776511918537,1776511918537,0,SUCCESS
B,delta,720,1776511918537,1776511918537,0,SUCCESS
B,delta,721,1776511918537,1776511918537,0,SUCCESS
B,delta,722,1776511918537,1776511918537,0,SUCCESS
B,delta,723,1776511918537,1776511918537,0,SUCCESS
B,delta,724,1776511918537,1776511918537,0,SUCCESS
B,delta,725,1776511918537,1776511918537,0,SUCCESS
B,delta,726,1776511918537,1776511918537,0,SUCCESS
B,delta,727,1776511918537,1776511918537,0,SUCCESS
B,delta,728,1776511918537,1776511918537,0,SUCCESS
B,delta,729,1776511918537,1776511918537,0,SUCCESS
B,delta,730,1776511918537,1776511918537,0,SUCCESS
B,delta,731,1776511918537,1776511918537,0,SUCCESS
B,delta,732,1776511918537,1776511918537,0,SUCCESS
B,delta,733,1776511918537,1776511918537,0,SUCCESS
B,delta,734,1776511918537,1776511918537,0,SUCCESS
B,delta,735,1776511918537,1776511918537,0,SUCCESS
B,delta,736,1776511918537,1776511918537,0,SUCCESS
B,delta,737,1776511918537,1776511918537,0,SUCCESS
B,delta,738,1776511918537,1776511918537,0,SUCCESS
B,delta,739,1776511918537,1776511918537,0,SUCCESS
B,delta,740,1776511918537,1776511918537,0,SUCCESS
B,delta,741,1776511918537,1776511918537,0,SUCCESS
B,delta,742,1776511918537,1776511918537,0,SUCCESS
B,delta,743,1776511918537,1776511918537,0,SUCCESS
B,delta,744,1776511918537,1776511918537,0,SUCCESS
B,delta,745,1776511918537,1776511918537,0,SUCCESS
B,delta,746,1776511918537,1776511918537,0,SUCCESS
B,delta,747,1776511918537,1776511918537,0,SUCCESS
B,delta,748,1776511918537,1776511918537,0,SUCCESS
B,delta,749,1776511918537,1776511918537,0,SUCCESS
B,delta,750,1776511918537,1776511918537,0,SUCCESS
B,delta,751,1776511918537,1776511918537,0,SUCCESS
B,delta,752,1776511918537,1776511918537,0,SUCCESS
B,delta,753,1776511918537,1776511918537,0,SUCCESS
B,delta,754,1776511918537,1776511918537,0,SUCCESS
B,delta,755,1776511918537,1776511918537,0,SUCCESS
B,delta,756,1776511918537,1776511918537,0,SUCCESS
B,delta,757,1776511918537,1776511918537,0,SUCCESS
B,delta,758,1776511918537,1776511918537,0,SUCCESS
B,delta,759,1776511918537,1776511918537,0,SUCCESS
B,delta,760,1776511918537,1776511918537,0,SUCCESS
B,delta,761,1776511918537,1776511918537,0,SUCCESS
B,delta,762,1776511918537,1776511918537,0,SUCCESS
B,delta,763,1776511918537,1776511918537,0,SUCCESS
B,delta,764,1776511918537,1776511918537,0,SUCCESS
B,delta,765,1776511918537,1776511918537,0,SUCCESS
B,delta,766,1776511918537,1776511918537,0,SUCCESS
B,delta,767,1776511918537,1776511918537,0,SUCCESS
B,delta,768,1776511918537,1776511918537,0,SUCCESS
B,delta,769,1776511918537,1776511918537,0,SUCCESS
B,delta,770,1776511918537,1776511918537,0,SUCCESS
B,delta,771,1776511918537,1776511918537,0,SUCCESS
B,delta,772,1776511918537,1776511918537,0,SUCCESS
B,delta,773,1776511918537,1776511918537,0,SUCCESS
B,delta,774,1776511918537,1776511918537,0,SUCCESS
B,delta,775,1776511918537,1776511918537,0,SUCCESS
B,delta,776,1776511918537,1776511918537,0,SUCCESS
B,delta,777,1776511918537,1776511918537,0,SUCCESS
B,delta,778,1776511918537,1776511918537,0,SUCCESS
B,delta,779,1776511918537,1776511918537,0,SUCCESS
B,delta,780,1776511918537,1776511918537,0,SUCCESS
B,delta,781,1776511918537,1776511918537,0,SUCCESS
B,delta,782,1776511918537,1776511918537,0,SUCCESS
B,delta,783,1776511918537,1776511918537,0,SUCCESS
B,delta,784,1776511918537,1776511918537,0,SUCCESS
B,delta,785,1776511918537,1776511918537,0,SUCCESS
B,delta,786,1776511918537,1776511918537,0,SUCCESS
B,delta,787,1776511918537,1776511918537,0,SUCCESS
B,delta,788,1776511918537,1776511918537,0,SUCCESS
B,delta,789,1776511918537,1776511918537,0,SUCCESS
B,delta,790,1776511918537,1776511918537,0,SUCCESS
B,delta,791,1776511918537,1776511918537,0,SUCCESS
B,delta,792,1776511918537,1776511918537,0,SUCCESS
B,delta,793,1776511918537,1776511918537,0,SUCCESS
B,delta,794,1776511918537,1776511918537,0,SUCCESS
B,delta,795,1776511918537,1776511918537,0,SUCCESS
B,delta,796,1776511918537,1776511918537,0,SUCCESS
B,delta,797,1776511918537,1776511918537,0,SUCCESS
B,delta,798,1776511918537,1776511918537,0,SUCCESS
B,delta,799,1776511918537,1776511918537,0,SUCCESS
B,delta,800,1776511918537,1776511918537,0,SUCCESS
B,delta,801,1776511918537,1776511918537,0,SUCCESS
B,delta,802,1776511918537,1776511918537,0,SUCCESS
B,delta,803,1776511918537,1776511918537,0,SUCCESS
B,delta,804,1776511918537,1776511918537,0,SUCCESS
B,delta,805,1776511918537,1776511918537,0,SUCCESS
B,delta,806,1776511918537,1776511918537,0,SUCCESS
B,delta,807,1776511918537,1776511918537,0,SUCCESS
B,delta,808,1776511918537,1776511918537,0,SUCCESS
B,delta,809,1776511918537,1776511918537,0,SUCCESS
B,delta,810,1776511918537,1776511918537,0,SUCCESS
B,delta,811,1776511918537,1776511918537,0,SUCCESS
B,delta,812,1776511918537,1776511918537,0,SUCCESS
B,delta,813,1776511918537,1776511918537,0,SUCCESS
B,delta,814,1776511918537,1776511918537,0,SUCCESS
B,delta,815,1776511918537,1776511918537,0,SUCCESS
B,delta,816,1776511918537,1776511918537,0,SUCCESS
B,delta,817,1776511918537,1776511918537,0,SUCCESS
B,delta,818,1776511918537,1776511918537,0,SUCCESS
B,delta,819,1776511918537,1776511918537,0,SUCCESS
B,delta,820,1776511918537,1776511918537,0,SUCCESS
B,delta,821,1776511918537,1776511918537,0,SUCCESS
B,delta,822,1776511918537,1776511918537,0,SUCCESS
B,delta,823,1776511918537,1776511918537,0,SUCCESS
B,delta,824,1776511918537,1776511918537,0,SUCCESS
B,delta,825,1776511918537,1776511918537,0,SUCCESS
B,delta,826,1776511918537,1776511918537,0,SUCCESS
B,delta,827,1776511918537,1776511918537,0,SUCCESS
B,delta,828,1776511918537,1776511918537,0,SUCCESS
B,delta,829,1776511918537,1776511918537,0,SUCCESS
B,delta,830,1776511918537,1776511918537,0,SUCCESS
B,delta,831,1776511918537,1776511918537,0,SUCCESS
B,delta,832,1776511918537,1776511918537,0,SUCCESS
B,delta,833,1776511918537,1776511918537,0,SUCCESS
B,delta,834,1776511918537,1776511918537,0,SUCCESS
B,delta,835,1776511918537,1776511918537,0,SUCCESS
B,delta,836,1776511918537,1776511918537,0,SUCCESS
B,delta,837,1776511918537,1776511918537,0,SUCCESS
B,delta,838,1776511918537,1776511918537,0,SUCCESS
B,delta,839,1776511918537,1776511918537,0,SUCCESS
B,delta,840,1776511918537,1776511918537,0,SUCCESS
B,delta,841,1776511918537,1776511918537,0,SUCCESS
B,delta,842,1776511918537,1776511918537,0,SUCCESS
B,delta,843,1776511918537,1776511918537,0,SUCCESS
B,delta,844,1776511918537,1776511918537,0,SUCCESS
B,delta,845,1776511918537,1776511918537,0,SUCCESS
B,delta,846,1776511918537,1776511918537,0,SUCCESS
B,delta,847,1776511918537,1776511918537,0,SUCCESS
B,delta,848,1776511918537,1776511918537,0,SUCCESS
B,delta,849,1776511918537,1776511918537,0,SUCCESS
B,delta,850,1776511918537,1776511918537,0,SUCCESS
B,delta,851,1776511918537,1776511918537,0,SUCCESS
B,delta,852,1776511918537,1776511918537,0,SUCCESS
B,delta,853,1776511918537,1776511918537,0,SUCCESS
B,delta,854,1776511918537,1776511918537,0,SUCCESS
B,delta,855,1776511918537,1776511918537,0,SUCCESS
B,delta,856,1776511918537,1776511918537,0,SUCCESS
B,delta,857,1776511918537,1776511918537,0,SUCCESS
B,delta,858,1776511918537,1776511918537,0,SUCCESS
B,delta,859,1776511918537,1776511918537,0,SUCCESS
B,delta,860,1776511918537,1776511918537,0,SUCCESS
B,delta,861,1776511918537,1776511918537,0,SUCCESS
B,delta,862,1776511918537,1776511918537,0,SUCCESS
B,delta,863,1776511918537,1776511918537,0,SUCCESS
B,delta,864,1776511918537,1776511918537,0,SUCCESS
B,delta,865,1776511918537,1776511918537,0,SUCCESS
B,delta,866,1776511918537,1776511918537,0,SUCCESS
B,delta,867,1776511918537,1776511918537,0,SUCCESS
B,delta,868,1776511918537,1776511918537,0,SUCCESS
B,delta,869,1776511918537,1776511918537,0,SUCCESS
B,delta,870,1776511918537,1776511918537,0,SUCCESS
B,delta,871,1776511918537,1776511918537,0,SUCCESS
B,delta,872,1776511918537,1776511918537,0,SUCCESS
B,delta,873,1776511918537,1776511918537,0,SUCCESS
B,delta,874,1776511918537,1776511918537,0,SUCCESS
B,delta,875,1776511918537,1776511918537,0,SUCCESS
B,delta,876,1776511918537,1776511918537,0,SUCCESS
B,delta,877,1776511918537,1776511918537,0,SUCCESS
B,delta,878,1776511918537,1776511918537,0,SUCCESS
B,delta,879,1776511918537,1776511918537,0,SUCCESS
B,delta,880,1776511918537,1776511918537,0,SUCCESS
B,delta,881,1776511918537,1776511918537,0,SUCCESS
B,delta,882,1776511918537,1776511918537,0,SUCCESS
B,delta,883,1776511918537,1776511918537,0,SUCCESS
B,delta,884,1776511918537,1776511918537,0,SUCCESS
B,delta,885,1776511918537,1776511918537,0,SUCCESS
B,delta,886,1776511918537,1776511918537,0,SUCCESS
B,delta,887,1776511918537,1776511918537,0,SUCCESS
B,delta,888,1776511918537,1776511918537,0,SUCCESS
B,delta,889,1776511918537,1776511918537,0,SUCCESS
B,delta,890,1776511918537,1776511918537,0,SUCCESS
B,delta,891,1776511918537,1776511918537,0,SUCCESS
B,delta,892,1776511918537,1776511918537,0,SUCCESS
B,delta,893,1776511918537,1776511918537,0,SUCCESS
B,delta,894,1776511918537,1776511918537,0,SUCCESS
B,delta,895,1776511918537,1776511918537,0,SUCCESS
B,delta,896,1776511918537,1776511918537,0,SUCCESS
B,delta,897,1776511918537,1776511918537,0,SUCCESS
B,delta,898,1776511918537,1776511918537,0,SUCCESS
B,delta,899,1776511918537,1776511918537,0,SUCCESS
B,delta,900,1776511918537,1776511918537,0,SUCCESS
B,delta,901,1776511918537,1776511918537,0,SUCCESS
B,delta,902,1776511918537,1776511918537,0,SUCCESS
B,delta,903,1776511918537,1776511918537,0,SUCCESS
B,delta,904,1776511918537,1776511918537,0,SUCCESS
B,delta,905,1776511918537,1776511918537,0,SUCCESS
B,delta,906,1776511918537,1776511918537,0,SUCCESS
B,delta,907,1776511918537,1776511918537,0,SUCCESS
B,delta,908,1776511918537,1776511918537,0,SUCCESS
B,delta,909,1776511918537,1776511918537,0,SUCCESS
B,delta,910,1776511918537,1776511918537,0,SUCCESS
B,delta,911,1776511918537,1776511918537,0,SUCCESS
B,delta,912,1776511918537,1776511918537,0,SUCCESS
B,delta,913,1776511918537,1776511918537,0,SUCCESS
B,delta,914,1776511918537,1776511918537,0,SUCCESS
B,delta,915,1776511918537,1776511918537,0,SUCCESS
B,delta,916,1776511918537,1776511918537,0,SUCCESS
B,delta,917,1776511918537,1776511918537,0,SUCCESS
B,delta,918,1776511918537,1776511918537,0,SUCCESS
B,delta,919,1776511918537,1776511918537,0,SUCCESS
B,delta,920,1776511918537,1776511918537,0,SUCCESS
B,delta,921,1776511918537,1776511918537,0,SUCCESS
B,delta,922,1776511918537,1776511918537,0,SUCCESS
B,delta,923,1776511918537,1776511918537,0,SUCCESS
B,delta,924,1776511918537,1776511918537,0,SUCCESS
B,delta,925,1776511918537,1776511918537,0,SUCCESS
B,delta,926,1776511918537,1776511918537,0,SUCCESS
B,delta,927,1776511918537,1776511918537,0,SUCCESS
B,delta,928,1776511918537,1776511918537,0,SUCCESS
B,delta,929,1776511918537,1776511918537,0,SUCCESS
B,delta,930,1776511918537,1776511918537,0,SUCCESS
B,delta,931,1776511918537,1776511918537,0,SUCCESS
B,delta,932,1776511918537,1776511918537,0,SUCCESS
B,delta,933,1776511918537,1776511918537,0,SUCCESS
B,delta,934,1776511918537,1776511918537,0,SUCCESS
B,delta,935,1776511918537,1776511918537,0,SUCCESS
B,delta,936,1776511918537,1776511918537,0,SUCCESS
B,delta,937,1776511918537,1776511918537,0,SUCCESS
B,delta,938,1776511918537,1776511918537,0,SUCCESS
B,delta,939,1776511918537,1776511918537,0,SUCCESS
B,delta,940,1776511918537,1776511918537,0,SUCCESS
B,delta,941,1776511918537,1776511918537,0,SUCCESS
B,delta,942,1776511918537,1776511918537,0,SUCCESS
B,delta,943,1776511918537,1776511918537,0,SUCCESS
B,delta,944,1776511918537,1776511918537,0,SUCCESS
B,delta,945,1776511918537,1776511918537,0,SUCCESS
B,delta,946,1776511918537,1776511918537,0,SUCCESS
B,delta,947,1776511918537,1776511918537,0,SUCCESS
B,delta,948,1776511918537,1776511918537,0,SUCCESS
B,delta,949,1776511918537,1776511918537,0,SUCCESS
B,delta,950,1776511918537,1776511918537,0,SUCCESS
B,delta,951,1776511918537,1776511918537,0,SUCCESS
B,delta,952,1776511918537,1776511918537,0,SUCCESS
B,delta,953,1776511918537,1776511918537,0,SUCCESS
B,delta,954,1776511918537,1776511918537,0,SUCCESS
B,delta,955,1776511918537,1776511918537,0,SUCCESS
B,delta,956,1776511918537,1776511918537,0,SUCCESS
B,delta,957,1776511918537,1776511918537,0,SUCCESS
B,delta,958,1776511918537,1776511918537,0,SUCCESS
B,delta,959,1776511918537,1776511918537,0,SUCCESS
B,delta,960,1776511918537,1776511918537,0,SUCCESS
B,delta,961,1776511918537,1776511918537,0,SUCCESS
B,delta,962,1776511918537,1776511918537,0,SUCCESS
B,delta,963,1776511918537,1776511918537,0,SUCCESS
B,delta,964,1776511918537,1776511918537,0,SUCCESS
B,delta,965,1776511918537,1776511918537,0,SUCCESS
B,delta,966,1776511918537,1776511918537,0,SUCCESS
B,delta,967,1776511918537,1776511918537,0,SUCCESS
B,delta,968,1776511918537,1776511918537,0,SUCCESS
B,delta,969,1776511918537,1776511918537,0,SUCCESS
B,delta,970,1776511918537,1776511918537,0,SUCCESS
B,delta,971,1776511918537,1776511918537,0,SUCCESS
B,delta,972,1776511918537,1776511918537,0,SUCCESS
B,delta,973,1776511918537,1776511918537,0,SUCCESS
B,delta,974,1776511918537,1776511918537,0,SUCCESS
B,delta,975,1776511918537,1776511918537,0,SUCCESS
B,delta,976,1776511918537,1776511918537,0,SUCCESS
B,delta,977,1776511918537,1776511918537,0,SUCCESS
B,delta,978,1776511918537,1776511918537,0,SUCCESS
B,delta,979,1776511918537,1776511918537,0,SUCCESS
B,delta,980,1776511918537,1776511918537,0,SUCCESS
B,delta,981,1776511918537,1776511918537,0,SUCCESS
B,delta,982,1776511918537,1776511918537,0,SUCCESS
B,delta,983,1776511918537,1776511918537,0,SUCCESS
B,delta,984,1776511918537,1776511918537,0,SUCCESS
B,delta,985,1776511918537,1776511918537,0,SUCCESS
B,delta,986,1776511918537,1776511918537,0,SUCCESS
B,delta,987,1776511918537,1776511918537,0,SUCCESS
B,delta,988,1776511918537,1776511918537,0,SUCCESS
B,delta,989,1776511918537,1776511918537,0,SUCCESS
B,delta,990,1776511918537,1776511918537,0,SUCCESS
B,delta,991,1776511918537,1776511918537,0,SUCCESS
B,delta,992,1776511918537,1776511918537,0,SUCCESS
B,delta,993,1776511918537,1776511918537,0,SUCCESS
B,delta,994,1776511918537,1776511918537,0,SUCCESS
B,delta,995,1776511918537,1776511918537,0,SUCCESS
B,delta,996,1776511918537,1776511918537,0,SUCCESS
B,delta,997,1776511918537,1776511918537,0,SUCCESS
B,delta,998,1776511918537,1776511918537,0,SUCCESS
B,delta,999,1776511918537,1776511918537,0,SUCCESS
B,epsilon,0,1776511918537,1776511918537,0,SUCCESS
B,epsilon,1,1776511918537,1776511918537,0,SUCCESS
B,epsilon,2,1776511918537,1776511918537,0,SUCCESS
B,epsilon,3,1776511918537,1776511918537,0,SUCCESS
B,epsilon,4,1776511918537,1776511918537,0,SUCCESS
B,epsilon,5,1776511918537,1776511918537,0,SUCCESS
B,epsilon,6,1776511918537,1776511918537,0,SUCCESS
B,epsilon,7,1776511918537,1776511918537,0,SUCCESS
B,epsilon,8,1776511918537,1776511918537,0,SUCCESS
B,epsilon,9,1776511918537,1776511918537,0,SUCCESS
B,epsilon,10,1776511918537,1776511918537,0,SUCCESS
B,epsilon,11,1776511918537,1776511918537,0,SUCCESS
B,epsilon,12,1776511918537,1776511918537,0,SUCCESS
B,epsilon,13,1776511918537,1776511918537,0,SUCCESS
B,epsilon,14,1776511918537,1776511918537,0,SUCCESS
B,epsilon,15,1776511918537,1776511918537,0,SUCCESS
B,epsilon,16,1776511918537,1776511918537,0,SUCCESS
B,epsilon,17,1776511918537,1776511918537,0,SUCCESS
B,epsilon,18,1776511918537,1776511918537,0,SUCCESS
B,epsilon,19,1776511918537,1776511918537,0,SUCCESS
B,epsilon,20,1776511918537,1776511918537,0,SUCCESS
B,epsilon,21,1776511918537,1776511918537,0,SUCCESS
B,epsilon,22,1776511918537,1776511918537,0,SUCCESS
B,epsilon,23,1776511918537,1776511918537,0,SUCCESS
B,epsilon,24,1776511918537,1776511918537,0,SUCCESS
B,epsilon,25,1776511918537,1776511918537,0,SUCCESS
B,epsilon,26,1776511918537,1776511918537,0,SUCCESS
B,epsilon,27,1776511918537,1776511918537,0,SUCCESS
B,epsilon,28,1776511918537,1776511918537,0,SUCCESS
B,epsilon,29,1776511918537,1776511918537,0,SUCCESS
B,epsilon,30,1776511918537,1776511918537,0,SUCCESS
B,epsilon,31,1776511918537,1776511918537,0,SUCCESS
B,epsilon,32,1776511918537,1776511918537,0,SUCCESS
B,epsilon,33,1776511918537,1776511918537,0,SUCCESS
B,epsilon,34,1776511918537,1776511918537,0,SUCCESS
B,epsilon,35,1776511918537,1776511918537,0,SUCCESS
B,epsilon,36,1776511918537,1776511918537,0,SUCCESS
B,epsilon,37,1776511918537,1776511918537,0,SUCCESS
B,epsilon,38,1776511918537,1776511918537,0,SUCCESS
B,epsilon,39,1776511918537,1776511918537,0,SUCCESS
B,epsilon,40,1776511918537,1776511918537,0,SUCCESS
B,epsilon,41,1776511918537,1776511918537,0,SUCCESS
B,epsilon,42,1776511918537,1776511918537,0,SUCCESS
B,epsilon,43,1776511918537,1776511918537,0,SUCCESS
B,epsilon,44,1776511918537,1776511918537,0,SUCCESS
B,epsilon,45,1776511918537,1776511918537,0,SUCCESS
B,epsilon,46,1776511918537,1776511918537,0,SUCCESS
B,epsilon,47,1776511918537,1776511918537,0,SUCCESS
B,epsilon,48,1776511918537,1776511918537,0,SUCCESS
B,epsilon,49,1776511918537,1776511918537,0,SUCCESS
B,epsilon,50,1776511918537,1776511918537,0,SUCCESS
B,epsilon,51,1776511918537,1776511918537,0,SUCCESS
B,epsilon,52,1776511918537,1776511918537,0,SUCCESS
B,epsilon,53,1776511918537,1776511918537,0,SUCCESS
B,epsilon,54,1776511918537,1776511918537,0,SUCCESS
B,epsilon,55,1776511918537,1776511918537,0,SUCCESS
B,epsilon,56,1776511918537,1776511918537,0,SUCCESS
B,epsilon,57,1776511918537,1776511918537,0,SUCCESS
B,epsilon,58,1776511918537,1776511918537,0,SUCCESS
B,epsilon,59,1776511918537,1776511918537,0,SUCCESS
B,epsilon,60,1776511918537,1776511918537,0,SUCCESS
B,epsilon,61,1776511918537,1776511918537,0,SUCCESS
B,epsilon,62,1776511918537,1776511918537,0,SUCCESS
B,epsilon,63,1776511918537,1776511918537,0,SUCCESS
B,epsilon,64,1776511918537,1776511918537,0,SUCCESS
B,epsilon,65,1776511918537,1776511918537,0,SUCCESS
B,epsilon,66,1776511918537,1776511918537,0,SUCCESS
B,epsilon,67,1776511918537,1776511918537,0,SUCCESS
B,epsilon,68,1776511918537,1776511918537,0,SUCCESS
B,epsilon,69,1776511918537,1776511918537,0,SUCCESS
B,epsilon,70,1776511918537,1776511918537,0,SUCCESS
B,epsilon,71,1776511918537,1776511918537,0,SUCCESS
B,epsilon,72,1776511918537,1776511918537,0,SUCCESS
B,epsilon,73,1776511918537,1776511918537,0,SUCCESS
B,epsilon,74,1776511918537,1776511918537,0,SUCCESS
B,epsilon,75,1776511918537,1776511918537,0,SUCCESS
B,epsilon,76,1776511918537,1776511918537,0,SUCCESS
B,epsilon,77,1776511918537,1776511918537,0,SUCCESS
B,epsilon,78,1776511918537,1776511918537,0,SUCCESS
B,epsilon,79,1776511918537,1776511918537,0,SUCCESS
B,epsilon,80,1776511918537,1776511918537,0,SUCCESS
B,epsilon,81,1776511918537,1776511918537,0,SUCCESS
B,epsilon,82,1776511918537,1776511918537,0,SUCCESS
B,epsilon,83,1776511918537,1776511918537,0,SUCCESS
B,epsilon,84,1776511918537,1776511918537,0,SUCCESS
B,epsilon,85,1776511918537,1776511918537,0,SUCCESS
B,epsilon,86,1776511918537,1776511918537,0,SUCCESS
B,epsilon,87,1776511918537,1776511918537,0,SUCCESS
B,epsilon,88,1776511918537,1776511918537,0,SUCCESS
B,epsilon,89,1776511918537,1776511918537,0,SUCCESS
B,epsilon,90,1776511918537,1776511918537,0,SUCCESS
B,epsilon,91,1776511918537,1776511918537,0,SUCCESS
B,epsilon,92,1776511918537,1776511918537,0,SUCCESS
B,epsilon,93,1776511918537,1776511918537,0,SUCCESS
B,epsilon,94,1776511918537,1776511918537,0,SUCCESS
B,epsilon,95,1776511918537,1776511918537,0,SUCCESS
B,epsilon,96,1776511918537,1776511918537,0,SUCCESS
B,epsilon,97,1776511918537,1776511918537,0,SUCCESS
B,epsilon,98,1776511918537,1776511918537,0,SUCCESS
B,epsilon,99,1776511918537,1776511918537,0,SUCCESS
B,epsilon,100,1776511918537,1776511918537,0,SUCCESS
B,epsilon,101,1776511918537,1776511918537,0,SUCCESS
B,epsilon,102,1776511918537,1776511918537,0,SUCCESS
B,epsilon,103,1776511918537,1776511918537,0,SUCCESS
B,epsilon,104,1776511918537,1776511918537,0,SUCCESS
B,epsilon,105,1776511918537,1776511918537,0,SUCCESS
B,epsilon,106,1776511918537,1776511918537,0,SUCCESS
B,epsilon,107,1776511918537,1776511918537,0,SUCCESS
B,epsilon,108,1776511918537,1776511918537,0,SUCCESS
B,epsilon,109,1776511918537,1776511918537,0,SUCCESS
B,epsilon,110,1776511918537,1776511918537,0,SUCCESS
B,epsilon,111,1776511918537,1776511918537,0,SUCCESS
B,epsilon,112,1776511918537,1776511918537,0,SUCCESS
B,epsilon,113,1776511918537,1776511918537,0,SUCCESS
B,epsilon,114,1776511918537,1776511918537,0,SUCCESS
B,epsilon,115,1776511918537,1776511918537,0,SUCCESS
B,epsilon,116,1776511918537,1776511918537,0,SUCCESS
B,epsilon,117,1776511918537,1776511918537,0,SUCCESS
B,epsilon,118,1776511918537,1776511918537,0,SUCCESS
B,epsilon,119,1776511918537,1776511918537,0,SUCCESS
B,epsilon,120,1776511918537,1776511918537,0,SUCCESS
B,epsilon,121,1776511918537,1776511918537,0,SUCCESS
B,epsilon,122,1776511918537,1776511918537,0,SUCCESS
B,epsilon,123,1776511918537,1776511918537,0,SUCCESS
B,epsilon,124,1776511918537,1776511918537,0,SUCCESS
B,epsilon,125,1776511918537,1776511918537,0,SUCCESS
B,epsilon,126,1776511918537,1776511918537,0,SUCCESS
B,epsilon,127,1776511918537,1776511918537,0,SUCCESS
B,epsilon,128,1776511918537,1776511918537,0,SUCCESS
B,epsilon,129,1776511918537,1776511918537,0,SUCCESS
B,epsilon,130,1776511918537,1776511918537,0,SUCCESS
B,epsilon,131,1776511918537,1776511918537,0,SUCCESS
B,epsilon,132,1776511918537,1776511918537,0,SUCCESS
B,epsilon,133,1776511918537,1776511918537,0,SUCCESS
B,epsilon,134,1776511918537,1776511918537,0,SUCCESS
B,epsilon,135,1776511918537,1776511918537,0,SUCCESS
B,epsilon,136,1776511918537,1776511918537,0,SUCCESS
B,epsilon,137,1776511918537,1776511918537,0,SUCCESS
B,epsilon,138,1776511918537,1776511918537,0,SUCCESS
B,epsilon,139,1776511918537,1776511918537,0,SUCCESS
B,epsilon,140,1776511918537,1776511918537,0,SUCCESS
B,epsilon,141,1776511918537,1776511918537,0,SUCCESS
B,epsilon,142,1776511918537,1776511918537,0,SUCCESS
B,epsilon,143,1776511918537,1776511918537,0,SUCCESS
B,epsilon,144,1776511918537,1776511918537,0,SUCCESS
B,epsilon,145,1776511918537,1776511918537,0,SUCCESS
B,epsilon,146,1776511918537,1776511918537,0,SUCCESS
B,epsilon,147,1776511918537,1776511918537,0,SUCCESS
B,epsilon,148,1776511918537,1776511918537,0,SUCCESS
B,epsilon,149,1776511918537,1776511918537,0,SUCCESS
B,epsilon,150,1776511918537,1776511918537,0,SUCCESS
B,epsilon,151,1776511918537,1776511918537,0,SUCCESS
B,epsilon,152,1776511918537,1776511918537,0,SUCCESS
B,epsilon,153,1776511918537,1776511918537,0,SUCCESS
B,epsilon,154,1776511918537,1776511918537,0,SUCCESS
B,epsilon,155,1776511918537,1776511918537,0,SUCCESS
B,epsilon,156,1776511918537,1776511918537,0,SUCCESS
B,epsilon,157,1776511918537,1776511918537,0,SUCCESS
B,epsilon,158,1776511918537,1776511918537,0,SUCCESS
B,epsilon,159,1776511918537,1776511918537,0,SUCCESS
B,epsilon,160,1776511918537,1776511918537,0,SUCCESS
B,epsilon,161,1776511918537,1776511918537,0,SUCCESS
B,epsilon,162,1776511918537,1776511918537,0,SUCCESS
B,epsilon,163,1776511918537,1776511918537,0,SUCCESS
B,epsilon,164,1776511918537,1776511918537,0,SUCCESS
B,epsilon,165,1776511918537,1776511918537,0,SUCCESS
B,epsilon,166,1776511918537,1776511918537,0,SUCCESS
B,epsilon,167,1776511918537,1776511918537,0,SUCCESS
B,epsilon,168,1776511918537,1776511918537,0,SUCCESS
B,epsilon,169,1776511918537,1776511918537,0,SUCCESS
B,epsilon,170,1776511918537,1776511918537,0,SUCCESS
B,epsilon,171,1776511918537,1776511918537,0,SUCCESS
B,epsilon,172,1776511918537,1776511918537,0,SUCCESS
B,epsilon,173,1776511918537,1776511918537,0,SUCCESS
B,epsilon,174,1776511918537,1776511918537,0,SUCCESS
B,epsilon,175,1776511918537,1776511918537,0,SUCCESS
B,epsilon,176,1776511918537,1776511918537,0,SUCCESS
B,epsilon,177,1776511918537,1776511918537,0,SUCCESS
B,epsilon,178,1776511918537,1776511918537,0,SUCCESS
B,epsilon,179,1776511918537,1776511918537,0,SUCCESS
B,epsilon,180,1776511918537,1776511918537,0,SUCCESS
B,epsilon,181,1776511918537,1776511918537,0,SUCCESS
B,epsilon,182,1776511918537,1776511918537,0,SUCCESS
B,epsilon,183,1776511918538,1776511918538,0,SUCCESS
B,epsilon,184,1776511918538,1776511918538,0,SUCCESS
B,epsilon,185,1776511918538,1776511918538,0,SUCCESS
B,epsilon,186,1776511918538,1776511918538,0,SUCCESS
B,epsilon,187,1776511918538,1776511918538,0,SUCCESS
B,epsilon,188,1776511918538,1776511918538,0,SUCCESS
B,epsilon,189,1776511918538,1776511918538,0,SUCCESS
B,epsilon,190,1776511918538,1776511918538,0,SUCCESS
B,epsilon,191,1776511918538,1776511918538,0,SUCCESS
B,epsilon,192,1776511918538,1776511918538,0,SUCCESS
B,epsilon,193,1776511918538,1776511918538,0,SUCCESS
B,epsilon,194,1776511918538,1776511918538,0,SUCCESS
B,epsilon,195,1776511918538,1776511918538,0,SUCCESS
B,epsilon,196,1776511918538,1776511918538,0,SUCCESS
B,epsilon,197,1776511918538,1776511918538,0,SUCCESS
B,epsilon,198,1776511918538,1776511918538,0,SUCCESS
B,epsilon,199,1776511918538,1776511918538,0,SUCCESS
B,epsilon,200,1776511918538,1776511918538,0,SUCCESS
B,epsilon,201,1776511918538,1776511918538,0,SUCCESS
B,epsilon,202,1776511918538,1776511918538,0,SUCCESS
B,epsilon,203,1776511918538,1776511918538,0,SUCCESS
B,epsilon,204,1776511918538,1776511918538,0,SUCCESS
B,epsilon,205,1776511918538,1776511918538,0,SUCCESS
B,epsilon,206,1776511918538,1776511918538,0,SUCCESS
B,epsilon,207,1776511918538,1776511918538,0,SUCCESS
B,epsilon,208,1776511918538,1776511918538,0,SUCCESS
B,epsilon,209,1776511918538,1776511918538,0,SUCCESS
B,epsilon,210,1776511918538,1776511918538,0,SUCCESS
B,epsilon,211,1776511918538,1776511918538,0,SUCCESS
B,epsilon,212,1776511918538,1776511918538,0,SUCCESS
B,epsilon,213,1776511918538,1776511918538,0,SUCCESS
B,epsilon,214,1776511918538,1776511918538,0,SUCCESS
B,epsilon,215,1776511918538,1776511918538,0,SUCCESS
B,epsilon,216,1776511918538,1776511918538,0,SUCCESS
B,epsilon,217,1776511918538,1776511918538,0,SUCCESS
B,epsilon,218,1776511918538,1776511918538,0,SUCCESS
B,epsilon,219,1776511918538,1776511918538,0,SUCCESS
B,epsilon,220,1776511918538,1776511918538,0,SUCCESS
B,epsilon,221,1776511918538,1776511918538,0,SUCCESS
B,epsilon,222,1776511918538,1776511918538,0,SUCCESS
B,epsilon,223,1776511918538,1776511918538,0,SUCCESS
B,epsilon,224,1776511918538,1776511918538,0,SUCCESS
B,epsilon,225,1776511918538,1776511918538,0,SUCCESS
B,epsilon,226,1776511918538,1776511918538,0,SUCCESS
B,epsilon,227,1776511918538,1776511918538,0,SUCCESS
B,epsilon,228,1776511918538,1776511918538,0,SUCCESS
B,epsilon,229,1776511918538,1776511918538,0,SUCCESS
B,epsilon,230,1776511918538,1776511918538,0,SUCCESS
B,epsilon,231,1776511918538,1776511918538,0,SUCCESS
B,epsilon,232,1776511918538,1776511918538,0,SUCCESS
B,epsilon,233,1776511918538,1776511918538,0,SUCCESS
B,epsilon,234,1776511918538,1776511918538,0,SUCCESS
B,epsilon,235,1776511918538,1776511918538,0,SUCCESS
B,epsilon,236,1776511918538,1776511918538,0,SUCCESS
B,epsilon,237,1776511918538,1776511918538,0,SUCCESS
B,epsilon,238,1776511918538,1776511918538,0,SUCCESS
B,epsilon,239,1776511918538,1776511918538,0,SUCCESS
B,epsilon,240,1776511918538,1776511918538,0,SUCCESS
B,epsilon,241,1776511918538,1776511918538,0,SUCCESS
B,epsilon,242,1776511918538,1776511918538,0,SUCCESS
B,epsilon,243,1776511918538,1776511918538,0,SUCCESS
B,epsilon,244,1776511918538,1776511918538,0,SUCCESS
B,epsilon,245,1776511918538,1776511918538,0,SUCCESS
B,epsilon,246,1776511918538,1776511918538,0,SUCCESS
B,epsilon,247,1776511918538,1776511918538,0,SUCCESS
B,epsilon,248,1776511918538,1776511918538,0,SUCCESS
B,epsilon,249,1776511918538,1776511918538,0,SUCCESS
B,epsilon,250,1776511918538,1776511918538,0,SUCCESS
B,epsilon,251,1776511918538,1776511918538,0,SUCCESS
B,epsilon,252,1776511918538,1776511918538,0,SUCCESS
B,epsilon,253,1776511918538,1776511918538,0,SUCCESS
B,epsilon,254,1776511918538,1776511918538,0,SUCCESS
B,epsilon,255,1776511918538,1776511918538,0,SUCCESS
B,epsilon,256,1776511918538,1776511918538,0,SUCCESS
B,epsilon,257,1776511918538,1776511918538,0,SUCCESS
B,epsilon,258,1776511918538,1776511918538,0,SUCCESS
B,epsilon,259,1776511918538,1776511918538,0,SUCCESS
B,epsilon,260,1776511918538,1776511918538,0,SUCCESS
B,epsilon,261,1776511918538,1776511918538,0,SUCCESS
B,epsilon,262,1776511918538,1776511918538,0,SUCCESS
B,epsilon,263,1776511918538,1776511918538,0,SUCCESS
B,epsilon,264,1776511918538,1776511918538,0,SUCCESS
B,epsilon,265,1776511918538,1776511918538,0,SUCCESS
B,epsilon,266,1776511918538,1776511918538,0,SUCCESS
B,epsilon,267,1776511918538,1776511918538,0,SUCCESS
B,epsilon,268,1776511918538,1776511918538,0,SUCCESS
B,epsilon,269,1776511918538,1776511918538,0,SUCCESS
B,epsilon,270,1776511918538,1776511918538,0,SUCCESS
B,epsilon,271,1776511918538,1776511918538,0,SUCCESS
B,epsilon,272,1776511918538,1776511918538,0,SUCCESS
B,epsilon,273,1776511918538,1776511918538,0,SUCCESS
B,epsilon,274,1776511918538,1776511918538,0,SUCCESS
B,epsilon,275,1776511918538,1776511918538,0,SUCCESS
B,epsilon,276,1776511918538,1776511918538,0,SUCCESS
B,epsilon,277,1776511918538,1776511918538,0,SUCCESS
B,epsilon,278,1776511918538,1776511918538,0,SUCCESS
B,epsilon,279,1776511918538,1776511918538,0,SUCCESS
B,epsilon,280,1776511918538,1776511918538,0,SUCCESS
B,epsilon,281,1776511918538,1776511918538,0,SUCCESS
B,epsilon,282,1776511918538,1776511918538,0,SUCCESS
B,epsilon,283,1776511918538,1776511918538,0,SUCCESS
B,epsilon,284,1776511918538,1776511918538,0,SUCCESS
B,epsilon,285,1776511918538,1776511918538,0,SUCCESS
B,epsilon,286,1776511918538,1776511918538,0,SUCCESS
B,epsilon,287,1776511918538,1776511918538,0,SUCCESS
B,epsilon,288,1776511918538,1776511918538,0,SUCCESS
B,epsilon,289,1776511918538,1776511918538,0,SUCCESS
B,epsilon,290,1776511918538,1776511918538,0,SUCCESS
B,epsilon,291,1776511918538,1776511918538,0,SUCCESS
B,epsilon,292,1776511918538,1776511918538,0,SUCCESS
B,epsilon,293,1776511918538,1776511918538,0,SUCCESS
B,epsilon,294,1776511918538,1776511918538,0,SUCCESS
B,epsilon,295,1776511918538,1776511918538,0,SUCCESS
B,epsilon,296,1776511918538,1776511918538,0,SUCCESS
B,epsilon,297,1776511918538,1776511918538,0,SUCCESS
B,epsilon,298,1776511918538,1776511918538,0,SUCCESS
B,epsilon,299,1776511918538,1776511918538,0,SUCCESS
B,epsilon,300,1776511918538,1776511918538,0,SUCCESS
B,epsilon,301,1776511918538,1776511918538,0,SUCCESS
B,epsilon,302,1776511918538,1776511918538,0,SUCCESS
B,epsilon,303,1776511918538,1776511918538,0,SUCCESS
B,epsilon,304,1776511918538,1776511918538,0,SUCCESS
B,epsilon,305,1776511918538,1776511918538,0,SUCCESS
B,epsilon,306,1776511918538,1776511918538,0,SUCCESS
B,epsilon,307,1776511918538,1776511918538,0,SUCCESS
B,epsilon,308,1776511918538,1776511918538,0,SUCCESS
B,epsilon,309,1776511918538,1776511918538,0,SUCCESS
B,epsilon,310,1776511918538,1776511918538,0,SUCCESS
B,epsilon,311,1776511918538,1776511918538,0,SUCCESS
B,epsilon,312,1776511918538,1776511918538,0,SUCCESS
B,epsilon,313,1776511918538,1776511918538,0,SUCCESS
B,epsilon,314,1776511918538,1776511918538,0,SUCCESS
B,epsilon,315,1776511918538,1776511918538,0,SUCCESS
B,epsilon,316,1776511918538,1776511918538,0,SUCCESS
B,epsilon,317,1776511918538,1776511918538,0,SUCCESS
B,epsilon,318,1776511918538,1776511918538,0,SUCCESS
B,epsilon,319,1776511918538,1776511918538,0,SUCCESS
B,epsilon,320,1776511918538,1776511918538,0,SUCCESS
B,epsilon,321,1776511918538,1776511918538,0,SUCCESS
B,epsilon,322,1776511918538,1776511918538,0,SUCCESS
B,epsilon,323,1776511918538,1776511918538,0,SUCCESS
B,epsilon,324,1776511918538,1776511918538,0,SUCCESS
B,epsilon,325,1776511918538,1776511918538,0,SUCCESS
B,epsilon,326,1776511918538,1776511918538,0,SUCCESS
B,epsilon,327,1776511918538,1776511918538,0,SUCCESS
B,epsilon,328,1776511918538,1776511918538,0,SUCCESS
B,epsilon,329,1776511918538,1776511918538,0,SUCCESS
B,epsilon,330,1776511918538,1776511918538,0,SUCCESS
B,epsilon,331,1776511918538,1776511918538,0,SUCCESS
B,epsilon,332,1776511918538,1776511918538,0,SUCCESS
B,epsilon,333,1776511918538,1776511918538,0,SUCCESS
B,epsilon,334,1776511918538,1776511918538,0,SUCCESS
B,epsilon,335,1776511918538,1776511918538,0,SUCCESS
B,epsilon,336,1776511918538,1776511918538,0,SUCCESS
B,epsilon,337,1776511918538,1776511918538,0,SUCCESS
B,epsilon,338,1776511918538,1776511918538,0,SUCCESS
B,epsilon,339,1776511918538,1776511918538,0,SUCCESS
B,epsilon,340,1776511918538,1776511918538,0,SUCCESS
B,epsilon,341,1776511918538,1776511918538,0,SUCCESS
B,epsilon,342,1776511918538,1776511918538,0,SUCCESS
B,epsilon,343,1776511918538,1776511918538,0,SUCCESS
B,epsilon,344,1776511918538,1776511918538,0,SUCCESS
B,epsilon,345,1776511918538,1776511918538,0,SUCCESS
B,epsilon,346,1776511918538,1776511918538,0,SUCCESS
B,epsilon,347,1776511918538,1776511918538,0,SUCCESS
B,epsilon,348,1776511918538,1776511918538,0,SUCCESS
B,epsilon,349,1776511918538,1776511918538,0,SUCCESS
B,epsilon,350,1776511918538,1776511918538,0,SUCCESS
B,epsilon,351,1776511918538,1776511918538,0,SUCCESS
B,epsilon,352,1776511918538,1776511918538,0,SUCCESS
B,epsilon,353,1776511918538,1776511918538,0,SUCCESS
B,epsilon,354,1776511918538,1776511918538,0,SUCCESS
B,epsilon,355,1776511918538,1776511918538,0,SUCCESS
B,epsilon,356,1776511918538,1776511918538,0,SUCCESS
B,epsilon,357,1776511918538,1776511918538,0,SUCCESS
B,epsilon,358,1776511918538,1776511918538,0,SUCCESS
B,epsilon,359,1776511918538,1776511918538,0,SUCCESS
B,epsilon,360,1776511918538,1776511918538,0,SUCCESS
B,epsilon,361,1776511918538,1776511918538,0,SUCCESS
B,epsilon,362,1776511918538,1776511918538,0,SUCCESS
B,epsilon,363,1776511918538,1776511918538,0,SUCCESS
B,epsilon,364,1776511918538,1776511918538,0,SUCCESS
B,epsilon,365,1776511918538,1776511918538,0,SUCCESS
B,epsilon,366,1776511918538,1776511918538,0,SUCCESS
B,epsilon,367,1776511918538,1776511918538,0,SUCCESS
B,epsilon,368,1776511918538,1776511918538,0,SUCCESS
B,epsilon,369,1776511918538,1776511918538,0,SUCCESS
B,epsilon,370,1776511918538,1776511918538,0,SUCCESS
B,epsilon,371,1776511918538,1776511918538,0,SUCCESS
B,epsilon,372,1776511918538,1776511918538,0,SUCCESS
B,epsilon,373,1776511918538,1776511918538,0,SUCCESS
B,epsilon,374,1776511918538,1776511918538,0,SUCCESS
B,epsilon,375,1776511918538,1776511918538,0,SUCCESS
B,epsilon,376,1776511918538,1776511918538,0,SUCCESS
B,epsilon,377,1776511918538,1776511918538,0,SUCCESS
B,epsilon,378,1776511918538,1776511918538,0,SUCCESS
B,epsilon,379,1776511918538,1776511918538,0,SUCCESS
B,epsilon,380,1776511918538,1776511918538,0,SUCCESS
B,epsilon,381,1776511918538,1776511918538,0,SUCCESS
B,epsilon,382,1776511918538,1776511918538,0,SUCCESS
B,epsilon,383,1776511918538,1776511918538,0,SUCCESS
B,epsilon,384,1776511918538,1776511918538,0,SUCCESS
B,epsilon,385,1776511918538,1776511918538,0,SUCCESS
B,epsilon,386,1776511918538,1776511918538,0,SUCCESS
B,epsilon,387,1776511918538,1776511918538,0,SUCCESS
B,epsilon,388,1776511918538,1776511918538,0,SUCCESS
B,epsilon,389,1776511918538,1776511918538,0,SUCCESS
B,epsilon,390,1776511918538,1776511918538,0,SUCCESS
B,epsilon,391,1776511918538,1776511918538,0,SUCCESS
B,epsilon,392,1776511918538,1776511918538,0,SUCCESS
B,epsilon,393,1776511918538,1776511918538,0,SUCCESS
B,epsilon,394,1776511918538,1776511918538,0,SUCCESS
B,epsilon,395,1776511918538,1776511918538,0,SUCCESS
B,epsilon,396,1776511918538,1776511918538,0,SUCCESS
B,epsilon,397,1776511918538,1776511918538,0,SUCCESS
B,epsilon,398,1776511918538,1776511918538,0,SUCCESS
B,epsilon,399,1776511918538,1776511918538,0,SUCCESS
B,epsilon,400,1776511918538,1776511918538,0,SUCCESS
B,epsilon,401,1776511918538,1776511918538,0,SUCCESS
B,epsilon,402,1776511918538,1776511918538,0,SUCCESS
B,epsilon,403,1776511918538,1776511918538,0,SUCCESS
B,epsilon,404,1776511918538,1776511918538,0,SUCCESS
B,epsilon,405,1776511918538,1776511918538,0,SUCCESS
B,epsilon,406,1776511918538,1776511918538,0,SUCCESS
B,epsilon,407,1776511918538,1776511918538,0,SUCCESS
B,epsilon,408,1776511918538,1776511918538,0,SUCCESS
B,epsilon,409,1776511918538,1776511918538,0,SUCCESS
B,epsilon,410,1776511918538,1776511918538,0,SUCCESS
B,epsilon,411,1776511918538,1776511918538,0,SUCCESS
B,epsilon,412,1776511918538,1776511918538,0,SUCCESS
B,epsilon,413,1776511918538,1776511918538,0,SUCCESS
B,epsilon,414,1776511918538,1776511918538,0,SUCCESS
B,epsilon,415,1776511918538,1776511918538,0,SUCCESS
B,epsilon,416,1776511918538,1776511918538,0,SUCCESS
B,epsilon,417,1776511918538,1776511918538,0,SUCCESS
B,epsilon,418,1776511918538,1776511918538,0,SUCCESS
B,epsilon,419,1776511918538,1776511918538,0,SUCCESS
B,epsilon,420,1776511918538,1776511918538,0,SUCCESS
B,epsilon,421,1776511918538,1776511918538,0,SUCCESS
B,epsilon,422,1776511918538,1776511918538,0,SUCCESS
B,epsilon,423,1776511918538,1776511918538,0,SUCCESS
B,epsilon,424,1776511918538,1776511918538,0,SUCCESS
B,epsilon,425,1776511918538,1776511918538,0,SUCCESS
B,epsilon,426,1776511918538,1776511918538,0,SUCCESS
B,epsilon,427,1776511918538,1776511918538,0,SUCCESS
B,epsilon,428,1776511918538,1776511918538,0,SUCCESS
B,epsilon,429,1776511918538,1776511918538,0,SUCCESS
B,epsilon,430,1776511918538,1776511918538,0,SUCCESS
B,epsilon,431,1776511918538,1776511918538,0,SUCCESS
B,epsilon,432,1776511918538,1776511918538,0,SUCCESS
B,epsilon,433,1776511918538,1776511918538,0,SUCCESS
B,epsilon,434,1776511918538,1776511918538,0,SUCCESS
B,epsilon,435,1776511918538,1776511918538,0,SUCCESS
B,epsilon,436,1776511918538,1776511918538,0,SUCCESS
B,epsilon,437,1776511918538,1776511918538,0,SUCCESS
B,epsilon,438,1776511918538,1776511918538,0,SUCCESS
B,epsilon,439,1776511918538,1776511918538,0,SUCCESS
B,epsilon,440,1776511918538,1776511918538,0,SUCCESS
B,epsilon,441,1776511918538,1776511918538,0,SUCCESS
B,epsilon,442,1776511918538,1776511918538,0,SUCCESS
B,epsilon,443,1776511918538,1776511918538,0,SUCCESS
B,epsilon,444,1776511918538,1776511918538,0,SUCCESS
B,epsilon,445,1776511918538,1776511918538,0,SUCCESS
B,epsilon,446,1776511918538,1776511918538,0,SUCCESS
B,epsilon,447,1776511918538,1776511918538,0,SUCCESS
B,epsilon,448,1776511918538,1776511918538,0,SUCCESS
B,epsilon,449,1776511918538,1776511918538,0,SUCCESS
B,epsilon,450,1776511918538,1776511918538,0,SUCCESS
B,epsilon,451,1776511918538,1776511918538,0,SUCCESS
B,epsilon,452,1776511918538,1776511918538,0,SUCCESS
B,epsilon,453,1776511918538,1776511918538,0,SUCCESS
B,epsilon,454,1776511918538,1776511918538,0,SUCCESS
B,epsilon,455,1776511918538,1776511918538,0,SUCCESS
B,epsilon,456,1776511918538,1776511918538,0,SUCCESS
B,epsilon,457,1776511918538,1776511918538,0,SUCCESS
B,epsilon,458,1776511918538,1776511918538,0,SUCCESS
B,epsilon,459,1776511918538,1776511918538,0,SUCCESS
B,epsilon,460,1776511918538,1776511918538,0,SUCCESS
B,epsilon,461,1776511918538,1776511918538,0,SUCCESS
B,epsilon,462,1776511918538,1776511918538,0,SUCCESS
B,epsilon,463,1776511918538,1776511918538,0,SUCCESS
B,epsilon,464,1776511918538,1776511918538,0,SUCCESS
B,epsilon,465,1776511918538,1776511918538,0,SUCCESS
B,epsilon,466,1776511918538,1776511918538,0,SUCCESS
B,epsilon,467,1776511918538,1776511918538,0,SUCCESS
B,epsilon,468,1776511918538,1776511918538,0,SUCCESS
B,epsilon,469,1776511918538,1776511918538,0,SUCCESS
B,epsilon,470,1776511918538,1776511918538,0,SUCCESS
B,epsilon,471,1776511918538,1776511918538,0,SUCCESS
B,epsilon,472,1776511918538,1776511918538,0,SUCCESS
B,epsilon,473,1776511918538,1776511918538,0,SUCCESS
B,epsilon,474,1776511918538,1776511918538,0,SUCCESS
B,epsilon,475,1776511918538,1776511918538,0,SUCCESS
B,epsilon,476,1776511918538,1776511918538,0,SUCCESS
B,epsilon,477,1776511918538,1776511918538,0,SUCCESS
B,epsilon,478,1776511918538,1776511918538,0,SUCCESS
B,epsilon,479,1776511918538,1776511918538,0,SUCCESS
B,epsilon,480,1776511918538,1776511918538,0,SUCCESS
B,epsilon,481,1776511918538,1776511918538,0,SUCCESS
B,epsilon,482,1776511918538,1776511918538,0,SUCCESS
B,epsilon,483,1776511918538,1776511918538,0,SUCCESS
B,epsilon,484,1776511918538,1776511918538,0,SUCCESS
B,epsilon,485,1776511918538,1776511918538,0,SUCCESS
B,epsilon,486,1776511918538,1776511918538,0,SUCCESS
B,epsilon,487,1776511918538,1776511918538,0,SUCCESS
B,epsilon,488,1776511918538,1776511918538,0,SUCCESS
B,epsilon,489,1776511918538,1776511918538,0,SUCCESS
B,epsilon,490,1776511918538,1776511918538,0,SUCCESS
B,epsilon,491,1776511918538,1776511918538,0,SUCCESS
B,epsilon,492,1776511918538,1776511918538,0,SUCCESS
B,epsilon,493,1776511918538,1776511918538,0,SUCCESS
B,epsilon,494,1776511918538,1776511918538,0,SUCCESS
B,epsilon,495,1776511918538,1776511918538,0,SUCCESS
B,epsilon,496,1776511918538,1776511918538,0,SUCCESS
B,epsilon,497,1776511918538,1776511918538,0,SUCCESS
B,epsilon,498,1776511918538,1776511918538,0,SUCCESS
B,epsilon,499,1776511918538,1776511918538,0,SUCCESS
B,epsilon,500,1776511918538,1776511918538,0,SUCCESS
B,epsilon,501,1776511918538,1776511918538,0,SUCCESS
B,epsilon,502,1776511918538,1776511918538,0,SUCCESS
B,epsilon,503,1776511918538,1776511918538,0,SUCCESS
B,epsilon,504,1776511918538,1776511918538,0,SUCCESS
B,epsilon,505,1776511918538,1776511918538,0,SUCCESS
B,epsilon,506,1776511918538,1776511918538,0,SUCCESS
B,epsilon,507,1776511918538,1776511918538,0,SUCCESS
B,epsilon,508,1776511918538,1776511918538,0,SUCCESS
B,epsilon,509,1776511918538,1776511918538,0,SUCCESS
B,epsilon,510,1776511918538,1776511918538,0,SUCCESS
B,epsilon,511,1776511918538,1776511918538,0,SUCCESS
B,epsilon,512,1776511918538,1776511918538,0,SUCCESS
B,epsilon,513,1776511918538,1776511918538,0,SUCCESS
B,epsilon,514,1776511918538,1776511918538,0,SUCCESS
B,epsilon,515,1776511918538,1776511918538,0,SUCCESS
B,epsilon,516,1776511918538,1776511918538,0,SUCCESS
B,epsilon,517,1776511918538,1776511918538,0,SUCCESS
B,epsilon,518,1776511918538,1776511918538,0,SUCCESS
B,epsilon,519,1776511918538,1776511918538,0,SUCCESS
B,epsilon,520,1776511918538,1776511918538,0,SUCCESS
B,epsilon,521,1776511918538,1776511918538,0,SUCCESS
B,epsilon,522,1776511918538,1776511918538,0,SUCCESS
B,epsilon,523,1776511918538,1776511918538,0,SUCCESS
B,epsilon,524,1776511918538,1776511918538,0,SUCCESS
B,epsilon,525,1776511918538,1776511918538,0,SUCCESS
B,epsilon,526,1776511918538,1776511918538,0,SUCCESS
B,epsilon,527,1776511918538,1776511918538,0,SUCCESS
B,epsilon,528,1776511918538,1776511918538,0,SUCCESS
B,epsilon,529,1776511918538,1776511918538,0,SUCCESS
B,epsilon,530,1776511918538,1776511918538,0,SUCCESS
B,epsilon,531,1776511918538,1776511918538,0,SUCCESS
B,epsilon,532,1776511918538,1776511918538,0,SUCCESS
B,epsilon,533,1776511918538,1776511918538,0,SUCCESS
B,epsilon,534,1776511918538,1776511918538,0,SUCCESS
B,epsilon,535,1776511918538,1776511918538,0,SUCCESS
B,epsilon,536,1776511918538,1776511918538,0,SUCCESS
B,epsilon,537,1776511918538,1776511918538,0,SUCCESS
B,epsilon,538,1776511918538,1776511918538,0,SUCCESS
B,epsilon,539,1776511918538,1776511918538,0,SUCCESS
B,epsilon,540,1776511918538,1776511918538,0,SUCCESS
B,epsilon,541,1776511918538,1776511918538,0,SUCCESS
B,epsilon,542,1776511918538,1776511918538,0,SUCCESS
B,epsilon,543,1776511918538,1776511918538,0,SUCCESS
B,epsilon,544,1776511918538,1776511918538,0,SUCCESS
B,epsilon,545,1776511918538,1776511918538,0,SUCCESS
B,epsilon,546,1776511918538,1776511918538,0,SUCCESS
B,epsilon,547,1776511918538,1776511918538,0,SUCCESS
B,epsilon,548,1776511918538,1776511918538,0,SUCCESS
B,epsilon,549,1776511918538,1776511918538,0,SUCCESS
B,epsilon,550,1776511918538,1776511918538,0,SUCCESS
B,epsilon,551,1776511918538,1776511918538,0,SUCCESS
B,epsilon,552,1776511918538,1776511918538,0,SUCCESS
B,epsilon,553,1776511918538,1776511918538,0,SUCCESS
B,epsilon,554,1776511918538,1776511918538,0,SUCCESS
B,epsilon,555,1776511918538,1776511918538,0,SUCCESS
B,epsilon,556,1776511918538,1776511918538,0,SUCCESS
B,epsilon,557,1776511918538,1776511918538,0,SUCCESS
B,epsilon,558,1776511918538,1776511918538,0,SUCCESS
B,epsilon,559,1776511918538,1776511918538,0,SUCCESS
B,epsilon,560,1776511918538,1776511918538,0,SUCCESS
B,epsilon,561,1776511918538,1776511918538,0,SUCCESS
B,epsilon,562,1776511918538,1776511918538,0,SUCCESS
B,epsilon,563,1776511918538,1776511918538,0,SUCCESS
B,epsilon,564,1776511918538,1776511918538,0,SUCCESS
B,epsilon,565,1776511918538,1776511918538,0,SUCCESS
B,epsilon,566,1776511918538,1776511918538,0,SUCCESS
B,epsilon,567,1776511918538,1776511918538,0,SUCCESS
B,epsilon,568,1776511918538,1776511918538,0,SUCCESS
B,epsilon,569,1776511918538,1776511918538,0,SUCCESS
B,epsilon,570,1776511918538,1776511918538,0,SUCCESS
B,epsilon,571,1776511918538,1776511918538,0,SUCCESS
B,epsilon,572,1776511918538,1776511918538,0,SUCCESS
B,epsilon,573,1776511918538,1776511918538,0,SUCCESS
B,epsilon,574,1776511918538,1776511918538,0,SUCCESS
B,epsilon,575,1776511918538,1776511918538,0,SUCCESS
B,epsilon,576,1776511918538,1776511918538,0,SUCCESS
B,epsilon,577,1776511918538,1776511918538,0,SUCCESS
B,epsilon,578,1776511918538,1776511918538,0,SUCCESS
B,epsilon,579,1776511918538,1776511918538,0,SUCCESS
B,epsilon,580,1776511918538,1776511918538,0,SUCCESS
B,epsilon,581,1776511918538,1776511918538,0,SUCCESS
B,epsilon,582,1776511918538,1776511918538,0,SUCCESS
B,epsilon,583,1776511918538,1776511918538,0,SUCCESS
B,epsilon,584,1776511918538,1776511918538,0,SUCCESS
B,epsilon,585,1776511918538,1776511918538,0,SUCCESS
B,epsilon,586,1776511918538,1776511918538,0,SUCCESS
B,epsilon,587,1776511918538,1776511918538,0,SUCCESS
B,epsilon,588,1776511918538,1776511918538,0,SUCCESS
B,epsilon,589,1776511918538,1776511918538,0,SUCCESS
B,epsilon,590,1776511918538,1776511918538,0,SUCCESS
B,epsilon,591,1776511918538,1776511918538,0,SUCCESS
B,epsilon,592,1776511918538,1776511918538,0,SUCCESS
B,epsilon,593,1776511918538,1776511918538,0,SUCCESS
B,epsilon,594,1776511918538,1776511918538,0,SUCCESS
B,epsilon,595,1776511918538,1776511918538,0,SUCCESS
B,epsilon,596,1776511918538,1776511918538,0,SUCCESS
B,epsilon,597,1776511918538,1776511918538,0,SUCCESS
B,epsilon,598,1776511918538,1776511918538,0,SUCCESS
B,epsilon,599,1776511918538,1776511918538,0,SUCCESS
B,epsilon,600,1776511918538,1776511918538,0,SUCCESS
B,epsilon,601,1776511918538,1776511918538,0,SUCCESS
B,epsilon,602,1776511918538,1776511918538,0,SUCCESS
B,epsilon,603,1776511918538,1776511918538,0,SUCCESS
B,epsilon,604,1776511918538,1776511918538,0,SUCCESS
B,epsilon,605,1776511918538,1776511918538,0,SUCCESS
B,epsilon,606,1776511918538,1776511918538,0,SUCCESS
B,epsilon,607,1776511918538,1776511918538,0,SUCCESS
B,epsilon,608,1776511918538,1776511918538,0,SUCCESS
B,epsilon,609,1776511918538,1776511918538,0,SUCCESS
B,epsilon,610,1776511918538,1776511918538,0,SUCCESS
B,epsilon,611,1776511918538,1776511918538,0,SUCCESS
B,epsilon,612,1776511918538,1776511918538,0,SUCCESS
B,epsilon,613,1776511918538,1776511918538,0,SUCCESS
B,epsilon,614,1776511918538,1776511918538,0,SUCCESS
B,epsilon,615,1776511918538,1776511918538,0,SUCCESS
B,epsilon,616,1776511918538,1776511918538,0,SUCCESS
B,epsilon,617,1776511918538,1776511918538,0,SUCCESS
B,epsilon,618,1776511918538,1776511918538,0,SUCCESS
B,epsilon,619,1776511918538,1776511918538,0,SUCCESS
B,epsilon,620,1776511918538,1776511918538,0,SUCCESS
B,epsilon,621,1776511918538,1776511918538,0,SUCCESS
B,epsilon,622,1776511918538,1776511918538,0,SUCCESS
B,epsilon,623,1776511918538,1776511918538,0,SUCCESS
B,epsilon,624,1776511918538,1776511918538,0,SUCCESS
B,epsilon,625,1776511918538,1776511918538,0,SUCCESS
B,epsilon,626,1776511918538,1776511918538,0,SUCCESS
B,epsilon,627,1776511918538,1776511918538,0,SUCCESS
B,epsilon,628,1776511918538,1776511918538,0,SUCCESS
B,epsilon,629,1776511918538,1776511918538,0,SUCCESS
B,epsilon,630,1776511918538,1776511918538,0,SUCCESS
B,epsilon,631,1776511918538,1776511918538,0,SUCCESS
B,epsilon,632,1776511918538,1776511918538,0,SUCCESS
B,epsilon,633,1776511918538,1776511918538,0,SUCCESS
B,epsilon,634,1776511918538,1776511918538,0,SUCCESS
B,epsilon,635,1776511918538,1776511918538,0,SUCCESS
B,epsilon,636,1776511918538,1776511918538,0,SUCCESS
B,epsilon,637,1776511918538,1776511918538,0,SUCCESS
B,epsilon,638,1776511918538,1776511918538,0,SUCCESS
B,epsilon,639,1776511918538,1776511918538,0,SUCCESS
B,epsilon,640,1776511918538,1776511918538,0,SUCCESS
B,epsilon,641,1776511918538,1776511918538,0,SUCCESS
B,epsilon,642,1776511918538,1776511918538,0,SUCCESS
B,epsilon,643,1776511918538,1776511918538,0,SUCCESS
B,epsilon,644,1776511918538,1776511918538,0,SUCCESS
B,epsilon,645,1776511918538,1776511918538,0,SUCCESS
B,epsilon,646,1776511918538,1776511918538,0,SUCCESS
B,epsilon,647,1776511918538,1776511918538,0,SUCCESS
B,epsilon,648,1776511918538,1776511918538,0,SUCCESS
B,epsilon,649,1776511918538,1776511918538,0,SUCCESS
B,epsilon,650,1776511918538,1776511918538,0,SUCCESS
B,epsilon,651,1776511918538,1776511918538,0,SUCCESS
B,epsilon,652,1776511918538,1776511918538,0,SUCCESS
B,epsilon,653,1776511918538,1776511918538,0,SUCCESS
B,epsilon,654,1776511918538,1776511918538,0,SUCCESS
B,epsilon,655,1776511918538,1776511918538,0,SUCCESS
B,epsilon,656,1776511918538,1776511918538,0,SUCCESS
B,epsilon,657,1776511918538,1776511918538,0,SUCCESS
B,epsilon,658,1776511918538,1776511918538,0,SUCCESS
B,epsilon,659,1776511918538,1776511918538,0,SUCCESS
B,epsilon,660,1776511918538,1776511918538,0,SUCCESS
B,epsilon,661,1776511918538,1776511918538,0,SUCCESS
B,epsilon,662,1776511918538,1776511918538,0,SUCCESS
B,epsilon,663,1776511918538,1776511918538,0,SUCCESS
B,epsilon,664,1776511918538,1776511918538,0,SUCCESS
B,epsilon,665,1776511918538,1776511918538,0,SUCCESS
B,epsilon,666,1776511918538,1776511918538,0,SUCCESS
B,epsilon,667,1776511918538,1776511918538,0,SUCCESS
B,epsilon,668,1776511918538,1776511918538,0,SUCCESS
B,epsilon,669,1776511918538,1776511918538,0,SUCCESS
B,epsilon,670,1776511918538,1776511918538,0,SUCCESS
B,epsilon,671,1776511918538,1776511918538,0,SUCCESS
B,epsilon,672,1776511918538,1776511918538,0,SUCCESS
B,epsilon,673,1776511918538,1776511918538,0,SUCCESS
B,epsilon,674,1776511918538,1776511918538,0,SUCCESS
B,epsilon,675,1776511918538,1776511918538,0,SUCCESS
B,epsilon,676,1776511918538,1776511918538,0,SUCCESS
B,epsilon,677,1776511918538,1776511918538,0,SUCCESS
B,epsilon,678,1776511918538,1776511918538,0,SUCCESS
B,epsilon,679,1776511918538,1776511918538,0,SUCCESS
B,epsilon,680,1776511918538,1776511918538,0,SUCCESS
B,epsilon,681,1776511918538,1776511918538,0,SUCCESS
B,epsilon,682,1776511918538,1776511918538,0,SUCCESS
B,epsilon,683,1776511918538,1776511918538,0,SUCCESS
B,epsilon,684,1776511918538,1776511918538,0,SUCCESS
B,epsilon,685,1776511918538,1776511918538,0,SUCCESS
B,epsilon,686,1776511918538,1776511918538,0,SUCCESS
B,epsilon,687,1776511918538,1776511918538,0,SUCCESS
B,epsilon,688,1776511918538,1776511918538,0,SUCCESS
B,epsilon,689,1776511918538,1776511918538,0,SUCCESS
B,epsilon,690,1776511918538,1776511918538,0,SUCCESS
B,epsilon,691,1776511918538,1776511918538,0,SUCCESS
B,epsilon,692,1776511918538,1776511918538,0,SUCCESS
B,epsilon,693,1776511918538,1776511918538,0,SUCCESS
B,epsilon,694,1776511918538,1776511918538,0,SUCCESS
B,epsilon,695,1776511918538,1776511918538,0,SUCCESS
B,epsilon,696,1776511918538,1776511918538,0,SUCCESS
B,epsilon,697,1776511918538,1776511918538,0,SUCCESS
B,epsilon,698,1776511918538,1776511918538,0,SUCCESS
B,epsilon,699,1776511918538,1776511918538,0,SUCCESS
B,epsilon,700,1776511918538,1776511918538,0,SUCCESS
B,epsilon,701,1776511918538,1776511918538,0,SUCCESS
B,epsilon,702,1776511918538,1776511918538,0,SUCCESS
B,epsilon,703,1776511918538,1776511918538,0,SUCCESS
B,epsilon,704,1776511918538,1776511918538,0,SUCCESS
B,epsilon,705,1776511918538,1776511918538,0,SUCCESS
B,epsilon,706,1776511918538,1776511918538,0,SUCCESS
B,epsilon,707,1776511918538,1776511918538,0,SUCCESS
B,epsilon,708,1776511918538,1776511918538,0,SUCCESS
B,epsilon,709,1776511918538,1776511918538,0,SUCCESS
B,epsilon,710,1776511918538,1776511918538,0,SUCCESS
B,epsilon,711,1776511918538,1776511918538,0,SUCCESS
B,epsilon,712,1776511918538,1776511918538,0,SUCCESS
B,epsilon,713,1776511918538,1776511918538,0,SUCCESS
B,epsilon,714,1776511918538,1776511918538,0,SUCCESS
B,epsilon,715,1776511918538,1776511918538,0,SUCCESS
B,epsilon,716,1776511918538,1776511918538,0,SUCCESS
B,epsilon,717,1776511918538,1776511918538,0,SUCCESS
B,epsilon,718,1776511918538,1776511918538,0,SUCCESS
B,epsilon,719,1776511918538,1776511918538,0,SUCCESS
B,epsilon,720,1776511918538,1776511918538,0,SUCCESS
B,epsilon,721,1776511918538,1776511918538,0,SUCCESS
B,epsilon,722,1776511918538,1776511918538,0,SUCCESS
B,epsilon,723,1776511918538,1776511918538,0,SUCCESS
B,epsilon,724,1776511918538,1776511918538,0,SUCCESS
B,epsilon,725,1776511918538,1776511918538,0,SUCCESS
B,epsilon,726,1776511918538,1776511918538,0,SUCCESS
B,epsilon,727,1776511918538,1776511918538,0,SUCCESS
B,epsilon,728,1776511918538,1776511918538,0,SUCCESS
B,epsilon,729,1776511918538,1776511918538,0,SUCCESS
B,epsilon,730,1776511918538,1776511918538,0,SUCCESS
B,epsilon,731,1776511918538,1776511918538,0,SUCCESS
B,epsilon,732,1776511918538,1776511918538,0,SUCCESS
B,epsilon,733,1776511918538,1776511918538,0,SUCCESS
B,epsilon,734,1776511918538,1776511918538,0,SUCCESS
B,epsilon,735,1776511918538,1776511918538,0,SUCCESS
B,epsilon,736,1776511918539,1776511918539,0,SUCCESS
B,epsilon,737,1776511918539,1776511918539,0,SUCCESS
B,epsilon,738,1776511918539,1776511918539,0,SUCCESS
B,epsilon,739,1776511918539,1776511918539,0,SUCCESS
B,epsilon,740,1776511918539,1776511918539,0,SUCCESS
B,epsilon,741,1776511918539,1776511918539,0,SUCCESS
B,epsilon,742,1776511918539,1776511918539,0,SUCCESS
B,epsilon,743,1776511918539,1776511918539,0,SUCCESS
B,epsilon,744,1776511918539,1776511918539,0,SUCCESS
B,epsilon,745,1776511918539,1776511918539,0,SUCCESS
B,epsilon,746,1776511918539,1776511918539,0,SUCCESS
B,epsilon,747,1776511918539,1776511918539,0,SUCCESS
B,epsilon,748,1776511918539,1776511918539,0,SUCCESS
B,epsilon,749,1776511918539,1776511918539,0,SUCCESS
B,epsilon,750,1776511918539,1776511918539,0,SUCCESS
B,epsilon,751,1776511918539,1776511918539,0,SUCCESS
B,epsilon,752,1776511918539,1776511918539,0,SUCCESS
B,epsilon,753,1776511918539,1776511918539,0,SUCCESS
B,epsilon,754,1776511918539,1776511918539,0,SUCCESS
B,epsilon,755,1776511918539,1776511918539,0,SUCCESS
B,epsilon,756,1776511918539,1776511918539,0,SUCCESS
B,epsilon,757,1776511918539,1776511918539,0,SUCCESS
B,epsilon,758,1776511918539,1776511918539,0,SUCCESS
B,epsilon,759,1776511918539,1776511918539,0,SUCCESS
B,epsilon,760,1776511918539,1776511918539,0,SUCCESS
B,epsilon,761,1776511918539,1776511918539,0,SUCCESS
B,epsilon,762,1776511918539,1776511918539,0,SUCCESS
B,epsilon,763,1776511918539,1776511918539,0,SUCCESS
B,epsilon,764,1776511918539,1776511918539,0,SUCCESS
B,epsilon,765,1776511918539,1776511918539,0,SUCCESS
B,epsilon,766,1776511918539,1776511918539,0,SUCCESS
B,epsilon,767,1776511918539,1776511918539,0,SUCCESS
B,epsilon,768,1776511918539,1776511918539,0,SUCCESS
B,epsilon,769,1776511918539,1776511918539,0,SUCCESS
B,epsilon,770,1776511918539,1776511918539,0,SUCCESS
B,epsilon,771,1776511918539,1776511918539,0,SUCCESS
B,epsilon,772,1776511918539,1776511918539,0,SUCCESS
B,epsilon,773,1776511918539,1776511918539,0,SUCCESS
B,epsilon,774,1776511918539,1776511918539,0,SUCCESS
B,epsilon,775,1776511918539,1776511918539,0,SUCCESS
B,epsilon,776,1776511918539,1776511918539,0,SUCCESS
B,epsilon,777,1776511918539,1776511918539,0,SUCCESS
B,epsilon,778,1776511918539,1776511918539,0,SUCCESS
B,epsilon,779,1776511918539,1776511918539,0,SUCCESS
B,epsilon,780,1776511918539,1776511918539,0,SUCCESS
B,epsilon,781,1776511918539,1776511918539,0,SUCCESS
B,epsilon,782,1776511918539,1776511918539,0,SUCCESS
B,epsilon,783,1776511918539,1776511918539,0,SUCCESS
B,epsilon,784,1776511918539,1776511918539,0,SUCCESS
B,epsilon,785,1776511918539,1776511918539,0,SUCCESS
B,epsilon,786,1776511918539,1776511918539,0,SUCCESS
B,epsilon,787,1776511918539,1776511918539,0,SUCCESS
B,epsilon,788,1776511918539,1776511918539,0,SUCCESS
B,epsilon,789,1776511918539,1776511918539,0,SUCCESS
B,epsilon,790,1776511918539,1776511918539,0,SUCCESS
B,epsilon,791,1776511918539,1776511918539,0,SUCCESS
B,epsilon,792,1776511918539,1776511918539,0,SUCCESS
B,epsilon,793,1776511918539,1776511918539,0,SUCCESS
B,epsilon,794,1776511918539,1776511918539,0,SUCCESS
B,epsilon,795,1776511918539,1776511918539,0,SUCCESS
B,epsilon,796,1776511918539,1776511918539,0,SUCCESS
B,epsilon,797,1776511918539,1776511918539,0,SUCCESS
B,epsilon,798,1776511918539,1776511918539,0,SUCCESS
B,epsilon,799,1776511918539,1776511918539,0,SUCCESS
B,epsilon,800,1776511918539,1776511918539,0,SUCCESS
B,epsilon,801,1776511918539,1776511918539,0,SUCCESS
B,epsilon,802,1776511918539,1776511918539,0,SUCCESS
B,epsilon,803,1776511918539,1776511918539,0,SUCCESS
B,epsilon,804,1776511918539,1776511918539,0,SUCCESS
B,epsilon,805,1776511918539,1776511918539,0,SUCCESS
B,epsilon,806,1776511918539,1776511918539,0,SUCCESS
B,epsilon,807,1776511918539,1776511918539,0,SUCCESS
B,epsilon,808,1776511918539,1776511918539,0,SUCCESS
B,epsilon,809,1776511918539,1776511918539,0,SUCCESS
B,epsilon,810,1776511918539,1776511918539,0,SUCCESS
B,epsilon,811,1776511918539,1776511918539,0,SUCCESS
B,epsilon,812,1776511918539,1776511918539,0,SUCCESS
B,epsilon,813,1776511918539,1776511918539,0,SUCCESS
B,epsilon,814,1776511918539,1776511918539,0,SUCCESS
B,epsilon,815,1776511918539,1776511918539,0,SUCCESS
B,epsilon,816,1776511918539,1776511918539,0,SUCCESS
B,epsilon,817,1776511918539,1776511918539,0,SUCCESS
B,epsilon,818,1776511918539,1776511918539,0,SUCCESS
B,epsilon,819,1776511918539,1776511918539,0,SUCCESS
B,epsilon,820,1776511918539,1776511918539,0,SUCCESS
B,epsilon,821,1776511918539,1776511918539,0,SUCCESS
B,epsilon,822,1776511918539,1776511918539,0,SUCCESS
B,epsilon,823,1776511918539,1776511918539,0,SUCCESS
B,epsilon,824,1776511918539,1776511918539,0,SUCCESS
B,epsilon,825,1776511918539,1776511918539,0,SUCCESS
B,epsilon,826,1776511918539,1776511918539,0,SUCCESS
B,epsilon,827,1776511918539,1776511918539,0,SUCCESS
B,epsilon,828,1776511918539,1776511918539,0,SUCCESS
B,epsilon,829,1776511918539,1776511918539,0,SUCCESS
B,epsilon,830,1776511918539,1776511918539,0,SUCCESS
B,epsilon,831,1776511918539,1776511918539,0,SUCCESS
B,epsilon,832,1776511918539,1776511918539,0,SUCCESS
B,epsilon,833,1776511918539,1776511918539,0,SUCCESS
B,epsilon,834,1776511918539,1776511918539,0,SUCCESS
B,epsilon,835,1776511918539,1776511918539,0,SUCCESS
B,epsilon,836,1776511918539,1776511918539,0,SUCCESS
B,epsilon,837,1776511918539,1776511918539,0,SUCCESS
B,epsilon,838,1776511918539,1776511918539,0,SUCCESS
B,epsilon,839,1776511918539,1776511918539,0,SUCCESS
B,epsilon,840,1776511918539,1776511918539,0,SUCCESS
B,epsilon,841,1776511918539,1776511918539,0,SUCCESS
B,epsilon,842,1776511918539,1776511918539,0,SUCCESS
B,epsilon,843,1776511918539,1776511918539,0,SUCCESS
B,epsilon,844,1776511918539,1776511918539,0,SUCCESS
B,epsilon,845,1776511918539,1776511918539,0,SUCCESS
B,epsilon,846,1776511918539,1776511918539,0,SUCCESS
B,epsilon,847,1776511918539,1776511918539,0,SUCCESS
B,epsilon,848,1776511918539,1776511918539,0,SUCCESS
B,epsilon,849,1776511918539,1776511918539,0,SUCCESS
B,epsilon,850,1776511918539,1776511918539,0,SUCCESS
B,epsilon,851,1776511918539,1776511918539,0,SUCCESS
B,epsilon,852,1776511918539,1776511918539,0,SUCCESS
B,epsilon,853,1776511918539,1776511918539,0,SUCCESS
B,epsilon,854,1776511918539,1776511918539,0,SUCCESS
B,epsilon,855,1776511918539,1776511918539,0,SUCCESS
B,epsilon,856,1776511918539,1776511918539,0,SUCCESS
B,epsilon,857,1776511918539,1776511918539,0,SUCCESS
B,epsilon,858,1776511918539,1776511918539,0,SUCCESS
B,epsilon,859,1776511918539,1776511918539,0,SUCCESS
B,epsilon,860,1776511918539,1776511918539,0,SUCCESS
B,epsilon,861,1776511918539,1776511918539,0,SUCCESS
B,epsilon,862,1776511918539,1776511918539,0,SUCCESS
B,epsilon,863,1776511918539,1776511918539,0,SUCCESS
B,epsilon,864,1776511918539,1776511918539,0,SUCCESS
B,epsilon,865,1776511918539,1776511918539,0,SUCCESS
B,epsilon,866,1776511918539,1776511918539,0,SUCCESS
B,epsilon,867,1776511918539,1776511918539,0,SUCCESS
B,epsilon,868,1776511918539,1776511918539,0,SUCCESS
B,epsilon,869,1776511918539,1776511918539,0,SUCCESS
B,epsilon,870,1776511918539,1776511918539,0,SUCCESS
B,epsilon,871,1776511918539,1776511918539,0,SUCCESS
B,epsilon,872,1776511918539,1776511918539,0,SUCCESS
B,epsilon,873,1776511918539,1776511918539,0,SUCCESS
B,epsilon,874,1776511918539,1776511918539,0,SUCCESS
B,epsilon,875,1776511918539,1776511918539,0,SUCCESS
B,epsilon,876,1776511918539,1776511918539,0,SUCCESS
B,epsilon,877,1776511918539,1776511918539,0,SUCCESS
B,epsilon,878,1776511918539,1776511918539,0,SUCCESS
B,epsilon,879,1776511918539,1776511918539,0,SUCCESS
B,epsilon,880,1776511918539,1776511918539,0,SUCCESS
B,epsilon,881,1776511918539,1776511918539,0,SUCCESS
B,epsilon,882,1776511918539,1776511918539,0,SUCCESS
B,epsilon,883,1776511918539,1776511918539,0,SUCCESS
B,epsilon,884,1776511918539,1776511918539,0,SUCCESS
B,epsilon,885,1776511918539,1776511918539,0,SUCCESS
B,epsilon,886,1776511918539,1776511918539,0,SUCCESS
B,epsilon,887,1776511918539,1776511918539,0,SUCCESS
B,epsilon,888,1776511918539,1776511918539,0,SUCCESS
B,epsilon,889,1776511918539,1776511918539,0,SUCCESS
B,epsilon,890,1776511918539,1776511918539,0,SUCCESS
B,epsilon,891,1776511918539,1776511918539,0,SUCCESS
B,epsilon,892,1776511918539,1776511918539,0,SUCCESS
B,epsilon,893,1776511918539,1776511918539,0,SUCCESS
B,epsilon,894,1776511918539,1776511918539,0,SUCCESS
B,epsilon,895,1776511918539,1776511918539,0,SUCCESS
B,epsilon,896,1776511918539,1776511918539,0,SUCCESS
B,epsilon,897,1776511918539,1776511918539,0,SUCCESS
B,epsilon,898,1776511918539,1776511918539,0,SUCCESS
B,epsilon,899,1776511918539,1776511918539,0,SUCCESS
B,epsilon,900,1776511918539,1776511918539,0,SUCCESS
B,epsilon,901,1776511918539,1776511918539,0,SUCCESS
B,epsilon,902,1776511918539,1776511918539,0,SUCCESS
B,epsilon,903,1776511918539,1776511918539,0,SUCCESS
B,epsilon,904,1776511918539,1776511918539,0,SUCCESS
B,epsilon,905,1776511918539,1776511918539,0,SUCCESS
B,epsilon,906,1776511918539,1776511918539,0,SUCCESS
B,epsilon,907,1776511918539,1776511918539,0,SUCCESS
B,epsilon,908,1776511918539,1776511918539,0,SUCCESS
B,epsilon,909,1776511918539,1776511918539,0,SUCCESS
B,epsilon,910,1776511918539,1776511918539,0,SUCCESS
B,epsilon,911,1776511918539,1776511918539,0,SUCCESS
B,epsilon,912,1776511918539,1776511918539,0,SUCCESS
B,epsilon,913,1776511918539,1776511918539,0,SUCCESS
B,epsilon,914,1776511918539,1776511918539,0,SUCCESS
B,epsilon,915,1776511918539,1776511918539,0,SUCCESS
B,epsilon,916,1776511918539,1776511918539,0,SUCCESS
B,epsilon,917,1776511918539,1776511918539,0,SUCCESS
B,epsilon,918,1776511918539,1776511918539,0,SUCCESS
B,epsilon,919,1776511918539,1776511918539,0,SUCCESS
B,epsilon,920,1776511918539,1776511918539,0,SUCCESS
B,epsilon,921,1776511918539,1776511918539,0,SUCCESS
B,epsilon,922,1776511918539,1776511918539,0,SUCCESS
B,epsilon,923,1776511918539,1776511918539,0,SUCCESS
B,epsilon,924,1776511918539,1776511918539,0,SUCCESS
B,epsilon,925,1776511918539,1776511918539,0,SUCCESS
B,epsilon,926,1776511918539,1776511918539,0,SUCCESS
B,epsilon,927,1776511918539,1776511918539,0,SUCCESS
B,epsilon,928,1776511918539,1776511918539,0,SUCCESS
B,epsilon,929,1776511918539,1776511918539,0,SUCCESS
B,epsilon,930,1776511918539,1776511918539,0,SUCCESS
B,epsilon,931,1776511918539,1776511918539,0,SUCCESS
B,epsilon,932,1776511918539,1776511918539,0,SUCCESS
B,epsilon,933,1776511918539,1776511918539,0,SUCCESS
B,epsilon,934,1776511918539,1776511918539,0,SUCCESS
B,epsilon,935,1776511918539,1776511918539,0,SUCCESS
B,epsilon,936,1776511918539,1776511918539,0,SUCCESS
B,epsilon,937,1776511918539,1776511918539,0,SUCCESS
B,epsilon,938,1776511918539,1776511918539,0,SUCCESS
B,epsilon,939,1776511918539,1776511918539,0,SUCCESS
B,epsilon,940,1776511918539,1776511918539,0,SUCCESS
B,epsilon,941,1776511918539,1776511918539,0,SUCCESS
B,epsilon,942,1776511918539,1776511918539,0,SUCCESS
B,epsilon,943,1776511918539,1776511918539,0,SUCCESS
B,epsilon,944,1776511918539,1776511918539,0,SUCCESS
B,epsilon,945,1776511918539,1776511918539,0,SUCCESS
B,epsilon,946,1776511918539,1776511918539,0,SUCCESS
B,epsilon,947,1776511918539,1776511918539,0,SUCCESS
B,epsilon,948,1776511918539,1776511918539,0,SUCCESS
B,epsilon,949,1776511918539,1776511918539,0,SUCCESS
B,epsilon,950,1776511918539,1776511918539,0,SUCCESS
B,epsilon,951,1776511918539,1776511918539,0,SUCCESS
B,epsilon,952,1776511918539,1776511918539,0,SUCCESS
B,epsilon,953,1776511918539,1776511918539,0,SUCCESS
B,epsilon,954,1776511918539,1776511918539,0,SUCCESS
B,epsilon,955,1776511918539,1776511918539,0,SUCCESS
B,epsilon,956,1776511918539,1776511918539,0,SUCCESS
B,epsilon,957,1776511918539,1776511918539,0,SUCCESS
B,epsilon,958,1776511918539,1776511918539,0,SUCCESS
B,epsilon,959,1776511918539,1776511918539,0,SUCCESS
B,epsilon,960,1776511918539,1776511918539,0,SUCCESS
B,epsilon,961,1776511918539,1776511918539,0,SUCCESS
B,epsilon,962,1776511918539,1776511918539,0,SUCCESS
B,epsilon,963,1776511918539,1776511918539,0,SUCCESS
B,epsilon,964,1776511918539,1776511918539,0,SUCCESS
B,epsilon,965,1776511918539,1776511918539,0,SUCCESS
B,epsilon,966,1776511918539,1776511918539,0,SUCCESS
B,epsilon,967,1776511918539,1776511918539,0,SUCCESS
B,epsilon,968,1776511918539,1776511918539,0,SUCCESS
B,epsilon,969,1776511918539,1776511918539,0,SUCCESS
B,epsilon,970,1776511918539,1776511918539,0,SUCCESS
B,epsilon,971,1776511918539,1776511918539,0,SUCCESS
B,epsilon,972,1776511918539,1776511918539,0,SUCCESS
B,epsilon,973,1776511918539,1776511918539,0,SUCCESS
B,epsilon,974,1776511918539,1776511918539,0,SUCCESS
B,epsilon,975,1776511918539,1776511918539,0,SUCCESS
B,epsilon,976,1776511918539,1776511918539,0,SUCCESS
B,epsilon,977,1776511918539,1776511918539,0,SUCCESS
B,epsilon,978,1776511918539,1776511918539,0,SUCCESS
B,epsilon,979,1776511918539,1776511918539,0,SUCCESS
B,epsilon,980,1776511918539,1776511918539,0,SUCCESS
B,epsilon,981,1776511918539,1776511918539,0,SUCCESS
B,epsilon,982,1776511918539,1776511918539,0,SUCCESS
B,epsilon,983,1776511918539,1776511918539,0,SUCCESS
B,epsilon,984,1776511918539,1776511918539,0,SUCCESS
B,epsilon,985,1776511918539,1776511918539,0,SUCCESS
B,epsilon,986,1776511918539,1776511918539,0,SUCCESS
B,epsilon,987,1776511918539,1776511918539,0,SUCCESS
B,epsilon,988,1776511918539,1776511918539,0,SUCCESS
B,epsilon,989,1776511918539,1776511918539,0,SUCCESS
B,epsilon,990,1776511918539,1776511918539,0,SUCCESS
B,epsilon,991,1776511918539,1776511918539,0,SUCCESS
B,epsilon,992,1776511918539,1776511918539,0,SUCCESS
B,epsilon,993,1776511918539,1776511918539,0,SUCCESS
B,epsilon,994,1776511918539,1776511918539,0,SUCCESS
B,epsilon,995,1776511918539,1776511918539,0,SUCCESS
B,epsilon,996,1776511918539,1776511918539,0,SUCCESS
B,epsilon,997,1776511918539,1776511918539,0,SUCCESS
B,epsilon,998,1776511918539,1776511918539,0,SUCCESS
B,epsilon,999,1776511918539,1776511918539,0,SUCCESS
B,alpha,0,1776511920406,1776511920406,0,SUCCESS
B,alpha,1,1776511920406,1776511920406,0,SUCCESS
B,alpha,2,1776511920406,1776511920406,0,SUCCESS
B,alpha,3,1776511920406,1776511920406,0,SUCCESS
B,alpha,4,1776511920406,1776511920406,0,SUCCESS
B,alpha,5,1776511920406,1776511920406,0,SUCCESS
B,alpha,6,1776511920406,1776511920406,0,SUCCESS
B,alpha,7,1776511920406,1776511920406,0,SUCCESS
B,alpha,8,1776511920406,1776511920406,0,SUCCESS
B,alpha,9,1776511920406,1776511920406,0,SUCCESS
B,alpha,10,1776511920406,1776511920406,0,SUCCESS
B,alpha,11,1776511920406,1776511920406,0,SUCCESS
B,alpha,12,1776511920406,1776511920406,0,SUCCESS
B,alpha,13,1776511920406,1776511920406,0,SUCCESS
B,alpha,14,1776511920406,1776511920406,0,SUCCESS
B,alpha,15,1776511920406,1776511920406,0,SUCCESS
B,alpha,16,1776511920406,1776511920406,0,SUCCESS
B,alpha,17,1776511920406,1776511920406,0,SUCCESS
B,alpha,18,1776511920406,1776511920406,0,SUCCESS
B,alpha,19,1776511920406,1776511920406,0,SUCCESS
B,alpha,20,1776511920406,1776511920406,0,SUCCESS
B,alpha,21,1776511920406,1776511920406,0,SUCCESS
B,alpha,22,1776511920406,1776511920406,0,SUCCESS
B,alpha,23,1776511920406,1776511920406,0,SUCCESS
B,alpha,24,1776511920406,1776511920406,0,SUCCESS
B,alpha,25,1776511920406,1776511920406,0,SUCCESS
B,alpha,26,1776511920406,1776511920406,0,SUCCESS
B,alpha,27,1776511920406,1776511920406,0,SUCCESS
B,alpha,28,1776511920406,1776511920406,0,SUCCESS
B,alpha,29,1776511920406,1776511920406,0,SUCCESS
B,alpha,30,1776511920406,1776511920406,0,SUCCESS
B,alpha,31,1776511920406,1776511920406,0,SUCCESS
B,alpha,32,1776511920406,1776511920406,0,SUCCESS
B,alpha,33,1776511920406,1776511920406,0,SUCCESS
B,alpha,34,1776511920406,1776511920406,0,SUCCESS
B,alpha,35,1776511920406,1776511920406,0,SUCCESS
B,alpha,36,1776511920406,1776511920406,0,SUCCESS
B,alpha,37,1776511920406,1776511920406,0,SUCCESS
B,alpha,38,1776511920406,1776511920406,0,SUCCESS
B,alpha,39,1776511920406,1776511920406,0,SUCCESS
B,alpha,40,1776511920406,1776511920406,0,SUCCESS
B,alpha,41,1776511920406,1776511920406,0,SUCCESS
B,alpha,42,1776511920406,1776511920406,0,SUCCESS
B,alpha,43,1776511920406,1776511920406,0,SUCCESS
B,alpha,44,1776511920406,1776511920406,0,SUCCESS
B,alpha,45,1776511920406,1776511920406,0,SUCCESS
B,alpha,46,1776511920406,1776511920406,0,SUCCESS
B,alpha,47,1776511920406,1776511920406,0,SUCCESS
B,alpha,48,1776511920406,1776511920406,0,SUCCESS
B,alpha,49,1776511920406,1776511920406,0,SUCCESS
B,alpha,50,1776511920406,1776511920406,0,SUCCESS
B,alpha,51,1776511920406,1776511920406,0,SUCCESS
B,alpha,52,1776511920406,1776511920406,0,SUCCESS
B,alpha,53,1776511920406,1776511920406,0,SUCCESS
B,alpha,54,1776511920406,1776511920406,0,SUCCESS
B,alpha,55,1776511920406,1776511920406,0,SUCCESS
B,alpha,56,1776511920406,1776511920406,0,SUCCESS
B,alpha,57,1776511920406,1776511920406,0,SUCCESS
B,alpha,58,1776511920406,1776511920406,0,SUCCESS
B,alpha,59,1776511920406,1776511920406,0,SUCCESS
B,alpha,60,1776511920406,1776511920406,0,SUCCESS
B,alpha,61,1776511920406,1776511920406,0,SUCCESS
B,alpha,62,1776511920406,1776511920406,0,SUCCESS
B,alpha,63,1776511920406,1776511920406,0,SUCCESS
B,alpha,64,1776511920406,1776511920406,0,SUCCESS
B,alpha,65,1776511920406,1776511920406,0,SUCCESS
B,alpha,66,1776511920406,1776511920406,0,SUCCESS
B,alpha,67,1776511920406,1776511920406,0,SUCCESS
B,alpha,68,1776511920406,1776511920406,0,SUCCESS
B,alpha,69,1776511920406,1776511920406,0,SUCCESS
B,alpha,70,1776511920406,1776511920406,0,SUCCESS
B,alpha,71,1776511920406,1776511920406,0,SUCCESS
B,alpha,72,1776511920406,1776511920406,0,SUCCESS
B,alpha,73,1776511920406,1776511920406,0,SUCCESS
B,alpha,74,1776511920406,1776511920406,0,SUCCESS
B,alpha,75,1776511920406,1776511920406,0,SUCCESS
B,alpha,76,1776511920406,1776511920406,0,SUCCESS
B,alpha,77,1776511920406,1776511920406,0,SUCCESS
B,alpha,78,1776511920406,1776511920406,0,SUCCESS
B,alpha,79,1776511920406,1776511920406,0,SUCCESS
B,alpha,80,1776511920406,1776511920406,0,SUCCESS
B,alpha,81,1776511920406,1776511920406,0,SUCCESS
B,alpha,82,1776511920406,1776511920406,0,SUCCESS
B,alpha,83,1776511920406,1776511920406,0,SUCCESS
B,alpha,84,1776511920406,1776511920406,0,SUCCESS
B,alpha,85,1776511920406,1776511920406,0,SUCCESS
B,alpha,86,1776511920406,1776511920406,0,SUCCESS
B,alpha,87,1776511920406,1776511920406,0,SUCCESS
B,alpha,88,1776511920406,1776511920406,0,SUCCESS
B,alpha,89,1776511920406,1776511920406,0,SUCCESS
B,alpha,90,1776511920406,1776511920406,0,SUCCESS
B,alpha,91,1776511920406,1776511920406,0,SUCCESS
B,alpha,92,1776511920406,1776511920406,0,SUCCESS
B,alpha,93,1776511920406,1776511920406,0,SUCCESS
B,alpha,94,1776511920406,1776511920406,0,SUCCESS
B,alpha,95,1776511920406,1776511920406,0,SUCCESS
B,alpha,96,1776511920406,1776511920406,0,SUCCESS
B,alpha,97,1776511920406,1776511920406,0,SUCCESS
B,alpha,98,1776511920406,1776511920406,0,SUCCESS
B,alpha,99,1776511920406,1776511920406,0,SUCCESS
B,alpha,100,1776511920406,1776511920406,0,SUCCESS
B,alpha,101,1776511920406,1776511920406,0,SUCCESS
B,alpha,102,1776511920406,1776511920406,0,SUCCESS
B,alpha,103,1776511920406,1776511920406,0,SUCCESS
B,alpha,104,1776511920406,1776511920406,0,SUCCESS
B,alpha,105,1776511920406,1776511920406,0,SUCCESS
B,alpha,106,1776511920406,1776511920406,0,SUCCESS
B,alpha,107,1776511920406,1776511920406,0,SUCCESS
B,alpha,108,1776511920406,1776511920406,0,SUCCESS
B,alpha,109,1776511920406,1776511920406,0,SUCCESS
B,alpha,110,1776511920406,1776511920406,0,SUCCESS
B,alpha,111,1776511920406,1776511920406,0,SUCCESS
B,alpha,112,1776511920406,1776511920406,0,SUCCESS
B,alpha,113,1776511920406,1776511920406,0,SUCCESS
B,alpha,114,1776511920406,1776511920406,0,SUCCESS
B,alpha,115,1776511920406,1776511920406,0,SUCCESS
B,alpha,116,1776511920406,1776511920406,0,SUCCESS
B,alpha,117,1776511920406,1776511920406,0,SUCCESS
B,alpha,118,1776511920406,1776511920406,0,SUCCESS
B,alpha,119,1776511920406,1776511920406,0,SUCCESS
B,alpha,120,1776511920406,1776511920406,0,SUCCESS
B,alpha,121,1776511920406,1776511920406,0,SUCCESS
B,alpha,122,1776511920406,1776511920406,0,SUCCESS
B,alpha,123,1776511920406,1776511920406,0,SUCCESS
B,alpha,124,1776511920406,1776511920406,0,SUCCESS
B,alpha,125,1776511920406,1776511920406,0,SUCCESS
B,alpha,126,1776511920406,1776511920406,0,SUCCESS
B,alpha,127,1776511920406,1776511920406,0,SUCCESS
B,alpha,128,1776511920406,1776511920406,0,SUCCESS
B,alpha,129,1776511920406,1776511920406,0,SUCCESS
B,alpha,130,1776511920406,1776511920406,0,SUCCESS
B,alpha,131,1776511920406,1776511920406,0,SUCCESS
B,alpha,132,1776511920406,1776511920406,0,SUCCESS
B,alpha,133,1776511920406,1776511920406,0,SUCCESS
B,alpha,134,1776511920406,1776511920406,0,SUCCESS
B,alpha,135,1776511920406,1776511920406,0,SUCCESS
B,alpha,136,1776511920406,1776511920406,0,SUCCESS
B,alpha,137,1776511920406,1776511920406,0,SUCCESS
B,alpha,138,1776511920406,1776511920406,0,SUCCESS
B,alpha,139,1776511920406,1776511920406,0,SUCCESS
B,alpha,140,1776511920406,1776511920406,0,SUCCESS
B,alpha,141,1776511920406,1776511920406,0,SUCCESS
B,alpha,142,1776511920406,1776511920406,0,SUCCESS
B,alpha,143,1776511920406,1776511920406,0,SUCCESS
B,alpha,144,1776511920406,1776511920406,0,SUCCESS
B,alpha,145,1776511920406,1776511920406,0,SUCCESS
B,alpha,146,1776511920406,1776511920406,0,SUCCESS
B,alpha,147,1776511920406,1776511920406,0,SUCCESS
B,alpha,148,1776511920406,1776511920406,0,SUCCESS
B,alpha,149,1776511920406,1776511920406,0,SUCCESS
B,alpha,150,1776511920406,1776511920406,0,SUCCESS
B,alpha,151,1776511920406,1776511920406,0,SUCCESS
B,alpha,152,1776511920406,1776511920406,0,SUCCESS
B,alpha,153,1776511920406,1776511920406,0,SUCCESS
B,alpha,154,1776511920406,1776511920406,0,SUCCESS
B,alpha,155,1776511920406,1776511920406,0,SUCCESS
B,alpha,156,1776511920406,1776511920406,0,SUCCESS
B,alpha,157,1776511920406,1776511920406,0,SUCCESS
B,alpha,158,1776511920406,1776511920406,0,SUCCESS
B,alpha,159,1776511920406,1776511920406,0,SUCCESS
B,alpha,160,1776511920406,1776511920406,0,SUCCESS
B,alpha,161,1776511920406,1776511920406,0,SUCCESS
B,alpha,162,1776511920406,1776511920406,0,SUCCESS
B,alpha,163,1776511920406,1776511920406,0,SUCCESS
B,alpha,164,1776511920406,1776511920406,0,SUCCESS
B,alpha,165,1776511920406,1776511920406,0,SUCCESS
B,alpha,166,1776511920406,1776511920406,0,SUCCESS
B,alpha,167,1776511920406,1776511920406,0,SUCCESS
B,alpha,168,1776511920406,1776511920406,0,SUCCESS
B,alpha,169,1776511920406,1776511920406,0,SUCCESS
B,alpha,170,1776511920406,1776511920406,0,SUCCESS
B,alpha,171,1776511920406,1776511920406,0,SUCCESS
B,alpha,172,1776511920406,1776511920406,0,SUCCESS
B,alpha,173,1776511920406,1776511920406,0,SUCCESS
B,alpha,174,1776511920406,1776511920406,0,SUCCESS
B,alpha,175,1776511920406,1776511920406,0,SUCCESS
B,alpha,176,1776511920406,1776511920406,0,SUCCESS
B,alpha,177,1776511920406,1776511920406,0,SUCCESS
B,alpha,178,1776511920406,1776511920406,0,SUCCESS
B,alpha,179,1776511920406,1776511920406,0,SUCCESS
B,alpha,180,1776511920406,1776511920406,0,SUCCESS
B,alpha,181,1776511920406,1776511920406,0,SUCCESS
B,alpha,182,1776511920406,1776511920406,0,SUCCESS
B,alpha,183,1776511920406,1776511920406,0,SUCCESS
B,alpha,184,1776511920406,1776511920406,0,SUCCESS
B,alpha,185,1776511920406,1776511920406,0,SUCCESS
B,alpha,186,1776511920406,1776511920406,0,SUCCESS
B,alpha,187,1776511920406,1776511920406,0,SUCCESS
B,alpha,188,1776511920406,1776511920406,0,SUCCESS
B,alpha,189,1776511920406,1776511920406,0,SUCCESS
B,alpha,190,1776511920406,1776511920406,0,SUCCESS
B,alpha,191,1776511920406,1776511920406,0,SUCCESS
B,alpha,192,1776511920406,1776511920406,0,SUCCESS
B,alpha,193,1776511920406,1776511920406,0,SUCCESS
B,alpha,194,1776511920406,1776511920406,0,SUCCESS
B,alpha,195,1776511920406,1776511920406,0,SUCCESS
B,alpha,196,1776511920406,1776511920406,0,SUCCESS
B,alpha,197,1776511920406,1776511920406,0,SUCCESS
B,alpha,198,1776511920406,1776511920406,0,SUCCESS
B,alpha,199,1776511920406,1776511920406,0,SUCCESS
B,alpha,200,1776511920406,1776511920406,0,SUCCESS
B,alpha,201,1776511920406,1776511920406,0,SUCCESS
B,alpha,202,1776511920406,1776511920406,0,SUCCESS
B,alpha,203,1776511920406,1776511920406,0,SUCCESS
B,alpha,204,1776511920406,1776511920406,0,SUCCESS
B,alpha,205,1776511920406,1776511920406,0,SUCCESS
B,alpha,206,1776511920406,1776511920406,0,SUCCESS
B,alpha,207,1776511920406,1776511920406,0,SUCCESS
B,alpha,208,1776511920406,1776511920406,0,SUCCESS
B,alpha,209,1776511920406,1776511920406,0,SUCCESS
B,alpha,210,1776511920406,1776511920406,0,SUCCESS
B,alpha,211,1776511920406,1776511920406,0,SUCCESS
B,alpha,212,1776511920406,1776511920406,0,SUCCESS
B,alpha,213,1776511920406,1776511920406,0,SUCCESS
B,alpha,214,1776511920406,1776511920406,0,SUCCESS
B,alpha,215,1776511920406,1776511920406,0,SUCCESS
B,alpha,216,1776511920406,1776511920406,0,SUCCESS
B,alpha,217,1776511920406,1776511920406,0,SUCCESS
B,alpha,218,1776511920406,1776511920406,0,SUCCESS
B,alpha,219,1776511920406,1776511920406,0,SUCCESS
B,alpha,220,1776511920406,1776511920406,0,SUCCESS
B,alpha,221,1776511920406,1776511920406,0,SUCCESS
B,alpha,222,1776511920406,1776511920406,0,SUCCESS
B,alpha,223,1776511920406,1776511920406,0,SUCCESS
B,alpha,224,1776511920406,1776511920406,0,SUCCESS
B,alpha,225,1776511920406,1776511920406,0,SUCCESS
B,alpha,226,1776511920406,1776511920406,0,SUCCESS
B,alpha,227,1776511920406,1776511920406,0,SUCCESS
B,alpha,228,1776511920406,1776511920406,0,SUCCESS
B,alpha,229,1776511920406,1776511920406,0,SUCCESS
B,alpha,230,1776511920406,1776511920406,0,SUCCESS
B,alpha,231,1776511920406,1776511920406,0,SUCCESS
B,alpha,232,1776511920406,1776511920406,0,SUCCESS
B,alpha,233,1776511920406,1776511920406,0,SUCCESS
B,alpha,234,1776511920406,1776511920406,0,SUCCESS
B,alpha,235,1776511920406,1776511920406,0,SUCCESS
B,alpha,236,1776511920406,1776511920406,0,SUCCESS
B,alpha,237,1776511920406,1776511920406,0,SUCCESS
B,alpha,238,1776511920406,1776511920406,0,SUCCESS
B,alpha,239,1776511920406,1776511920406,0,SUCCESS
B,alpha,240,1776511920406,1776511920406,0,SUCCESS
B,alpha,241,1776511920406,1776511920406,0,SUCCESS
B,alpha,242,1776511920406,1776511920406,0,SUCCESS
B,alpha,243,1776511920406,1776511920406,0,SUCCESS
B,alpha,244,1776511920406,1776511920406,0,SUCCESS
B,alpha,245,1776511920406,1776511920406,0,SUCCESS
B,alpha,246,1776511920406,1776511920406,0,SUCCESS
B,alpha,247,1776511920406,1776511920406,0,SUCCESS
B,alpha,248,1776511920406,1776511920406,0,SUCCESS
B,alpha,249,1776511920406,1776511920406,0,SUCCESS
B,alpha,250,1776511920406,1776511920406,0,SUCCESS
B,alpha,251,1776511920406,1776511920406,0,SUCCESS
B,alpha,252,1776511920406,1776511920406,0,SUCCESS
B,alpha,253,1776511920406,1776511920406,0,SUCCESS
B,alpha,254,1776511920406,1776511920406,0,SUCCESS
B,alpha,255,1776511920406,1776511920406,0,SUCCESS
B,alpha,256,1776511920406,1776511920406,0,SUCCESS
B,alpha,257,1776511920406,1776511920406,0,SUCCESS
B,alpha,258,1776511920406,1776511920406,0,SUCCESS
B,alpha,259,1776511920406,1776511920406,0,SUCCESS
B,alpha,260,1776511920406,1776511920406,0,SUCCESS
B,alpha,261,1776511920406,1776511920406,0,SUCCESS
B,alpha,262,1776511920406,1776511920406,0,SUCCESS
B,alpha,263,1776511920406,1776511920406,0,SUCCESS
B,alpha,264,1776511920406,1776511920406,0,SUCCESS
B,alpha,265,1776511920406,1776511920406,0,SUCCESS
B,alpha,266,1776511920406,1776511920406,0,SUCCESS
B,alpha,267,1776511920406,1776511920406,0,SUCCESS
B,alpha,268,1776511920406,1776511920406,0,SUCCESS
B,alpha,269,1776511920406,1776511920406,0,SUCCESS
B,alpha,270,1776511920406,1776511920406,0,SUCCESS
B,alpha,271,1776511920406,1776511920406,0,SUCCESS
B,alpha,272,1776511920406,1776511920406,0,SUCCESS
B,alpha,273,1776511920406,1776511920406,0,SUCCESS
B,alpha,274,1776511920406,1776511920406,0,SUCCESS
B,alpha,275,1776511920406,1776511920406,0,SUCCESS
B,alpha,276,1776511920406,1776511920406,0,SUCCESS
B,alpha,277,1776511920406,1776511920406,0,SUCCESS
B,alpha,278,1776511920406,1776511920406,0,SUCCESS
B,alpha,279,1776511920406,1776511920406,0,SUCCESS
B,alpha,280,1776511920406,1776511920406,0,SUCCESS
B,alpha,281,1776511920406,1776511920406,0,SUCCESS
B,alpha,282,1776511920406,1776511920406,0,SUCCESS
B,alpha,283,1776511920406,1776511920406,0,SUCCESS
B,alpha,284,1776511920406,1776511920406,0,SUCCESS
B,alpha,285,1776511920406,1776511920406,0,SUCCESS
B,alpha,286,1776511920406,1776511920406,0,SUCCESS
B,alpha,287,1776511920406,1776511920406,0,SUCCESS
B,alpha,288,1776511920406,1776511920406,0,SUCCESS
B,alpha,289,1776511920406,1776511920406,0,SUCCESS
B,alpha,290,1776511920406,1776511920406,0,SUCCESS
B,alpha,291,1776511920406,1776511920406,0,SUCCESS
B,alpha,292,1776511920406,1776511920406,0,SUCCESS
B,alpha,293,1776511920406,1776511920406,0,SUCCESS
B,alpha,294,1776511920406,1776511920406,0,SUCCESS
B,alpha,295,1776511920406,1776511920406,0,SUCCESS
B,alpha,296,1776511920406,1776511920406,0,SUCCESS
B,alpha,297,1776511920406,1776511920406,0,SUCCESS
B,alpha,298,1776511920406,1776511920406,0,SUCCESS
B,alpha,299,1776511920406,1776511920406,0,SUCCESS
B,alpha,300,1776511920406,1776511920406,0,SUCCESS
B,alpha,301,1776511920406,1776511920406,0,SUCCESS
B,alpha,302,1776511920406,1776511920406,0,SUCCESS
B,alpha,303,1776511920406,1776511920406,0,SUCCESS
B,alpha,304,1776511920406,1776511920406,0,SUCCESS
B,alpha,305,1776511920406,1776511920406,0,SUCCESS
B,alpha,306,1776511920406,1776511920406,0,SUCCESS
B,alpha,307,1776511920406,1776511920406,0,SUCCESS
B,alpha,308,1776511920406,1776511920406,0,SUCCESS
B,alpha,309,1776511920406,1776511920406,0,SUCCESS
B,alpha,310,1776511920406,1776511920406,0,SUCCESS
B,alpha,311,1776511920406,1776511920406,0,SUCCESS
B,alpha,312,1776511920406,1776511920406,0,SUCCESS
B,alpha,313,1776511920406,1776511920406,0,SUCCESS
B,alpha,314,1776511920406,1776511920406,0,SUCCESS
B,alpha,315,1776511920406,1776511920406,0,SUCCESS
B,alpha,316,1776511920406,1776511920406,0,SUCCESS
B,alpha,317,1776511920406,1776511920406,0,SUCCESS
B,alpha,318,1776511920406,1776511920406,0,SUCCESS
B,alpha,319,1776511920406,1776511920406,0,SUCCESS
B,alpha,320,1776511920406,1776511920406,0,SUCCESS
B,alpha,321,1776511920406,1776511920406,0,SUCCESS
B,alpha,322,1776511920406,1776511920406,0,SUCCESS
B,alpha,323,1776511920406,1776511920406,0,SUCCESS
B,alpha,324,1776511920406,1776511920406,0,SUCCESS
B,alpha,325,1776511920406,1776511920406,0,SUCCESS
B,alpha,326,1776511920406,1776511920406,0,SUCCESS
B,alpha,327,1776511920406,1776511920406,0,SUCCESS
B,alpha,328,1776511920406,1776511920406,0,SUCCESS
B,alpha,329,1776511920406,1776511920406,0,SUCCESS
B,alpha,330,1776511920406,1776511920406,0,SUCCESS
B,alpha,331,1776511920406,1776511920406,0,SUCCESS
B,alpha,332,1776511920406,1776511920406,0,SUCCESS
B,alpha,333,1776511920406,1776511920406,0,SUCCESS
B,alpha,334,1776511920406,1776511920406,0,SUCCESS
B,alpha,335,1776511920406,1776511920406,0,SUCCESS
B,alpha,336,1776511920406,1776511920406,0,SUCCESS
B,alpha,337,1776511920406,1776511920406,0,SUCCESS
B,alpha,338,1776511920406,1776511920406,0,SUCCESS
B,alpha,339,1776511920406,1776511920406,0,SUCCESS
B,alpha,340,1776511920406,1776511920406,0,SUCCESS
B,alpha,341,1776511920406,1776511920406,0,SUCCESS
B,alpha,342,1776511920406,1776511920406,0,SUCCESS
B,alpha,343,1776511920406,1776511920406,0,SUCCESS
B,alpha,344,1776511920407,1776511920407,0,SUCCESS
B,alpha,345,1776511920407,1776511920407,0,SUCCESS
B,alpha,346,1776511920407,1776511920407,0,SUCCESS
B,alpha,347,1776511920407,1776511920407,0,SUCCESS
B,alpha,348,1776511920407,1776511920407,0,SUCCESS
B,alpha,349,1776511920407,1776511920407,0,SUCCESS
B,alpha,350,1776511920407,1776511920407,0,SUCCESS
B,alpha,351,1776511920407,1776511920407,0,SUCCESS
B,alpha,352,1776511920407,1776511920407,0,SUCCESS
B,alpha,353,1776511920407,1776511920407,0,SUCCESS
B,alpha,354,1776511920407,1776511920407,0,SUCCESS
B,alpha,355,1776511920407,1776511920407,0,SUCCESS
B,alpha,356,1776511920407,1776511920407,0,SUCCESS
B,alpha,357,1776511920407,1776511920407,0,SUCCESS
B,alpha,358,1776511920407,1776511920407,0,SUCCESS
B,alpha,359,1776511920407,1776511920407,0,SUCCESS
B,alpha,360,1776511920407,1776511920407,0,SUCCESS
B,alpha,361,1776511920407,1776511920407,0,SUCCESS
B,alpha,362,1776511920407,1776511920407,0,SUCCESS
B,alpha,363,1776511920407,1776511920407,0,SUCCESS
B,alpha,364,1776511920407,1776511920407,0,SUCCESS
B,alpha,365,1776511920407,1776511920407,0,SUCCESS
B,alpha,366,1776511920407,1776511920407,0,SUCCESS
B,alpha,367,1776511920407,1776511920407,0,SUCCESS
B,alpha,368,1776511920407,1776511920407,0,SUCCESS
B,alpha,369,1776511920407,1776511920407,0,SUCCESS
B,alpha,370,1776511920407,1776511920407,0,SUCCESS
B,alpha,371,1776511920407,1776511920407,0,SUCCESS
B,alpha,372,1776511920407,1776511920407,0,SUCCESS
B,alpha,373,1776511920407,1776511920407,0,SUCCESS
B,alpha,374,1776511920407,1776511920407,0,SUCCESS
B,alpha,375,1776511920407,1776511920407,0,SUCCESS
B,alpha,376,1776511920407,1776511920407,0,SUCCESS
B,alpha,377,1776511920407,1776511920407,0,SUCCESS
B,alpha,378,1776511920407,1776511920407,0,SUCCESS
B,alpha,379,1776511920407,1776511920407,0,SUCCESS
B,alpha,380,1776511920407,1776511920407,0,SUCCESS
B,alpha,381,1776511920407,1776511920407,0,SUCCESS
B,alpha,382,1776511920407,1776511920407,0,SUCCESS
B,alpha,383,1776511920407,1776511920407,0,SUCCESS
B,alpha,384,1776511920407,1776511920407,0,SUCCESS
B,alpha,385,1776511920407,1776511920407,0,SUCCESS
B,alpha,386,1776511920407,1776511920407,0,SUCCESS
B,alpha,387,1776511920407,1776511920407,0,SUCCESS
B,alpha,388,1776511920407,1776511920407,0,SUCCESS
B,alpha,389,1776511920407,1776511920407,0,SUCCESS
B,alpha,390,1776511920407,1776511920407,0,SUCCESS
B,alpha,391,1776511920407,1776511920407,0,SUCCESS
B,alpha,392,1776511920407,1776511920407,0,SUCCESS
B,alpha,393,1776511920407,1776511920407,0,SUCCESS
B,alpha,394,1776511920407,1776511920407,0,SUCCESS
B,alpha,395,1776511920407,1776511920407,0,SUCCESS
B,alpha,396,1776511920407,1776511920407,0,SUCCESS
B,alpha,397,1776511920407,1776511920407,0,SUCCESS
B,alpha,398,1776511920407,1776511920407,0,SUCCESS
B,alpha,399,1776511920407,1776511920407,0,SUCCESS
B,alpha,400,1776511920407,1776511920407,0,SUCCESS
B,alpha,401,1776511920407,1776511920407,0,SUCCESS
B,alpha,402,1776511920407,1776511920407,0,SUCCESS
B,alpha,403,1776511920407,1776511920407,0,SUCCESS
B,alpha,404,1776511920407,1776511920407,0,SUCCESS
B,alpha,405,1776511920407,1776511920407,0,SUCCESS
B,alpha,406,1776511920407,1776511920407,0,SUCCESS
B,alpha,407,1776511920407,1776511920407,0,SUCCESS
B,alpha,408,1776511920407,1776511920407,0,SUCCESS
B,alpha,409,1776511920407,1776511920407,0,SUCCESS
B,alpha,410,1776511920407,1776511920407,0,SUCCESS
B,alpha,411,1776511920407,1776511920407,0,SUCCESS
B,alpha,412,1776511920407,1776511920407,0,SUCCESS
B,alpha,413,1776511920407,1776511920407,0,SUCCESS
B,alpha,414,1776511920407,1776511920407,0,SUCCESS
B,alpha,415,1776511920407,1776511920407,0,SUCCESS
B,alpha,416,1776511920407,1776511920407,0,SUCCESS
B,alpha,417,1776511920407,1776511920407,0,SUCCESS
B,alpha,418,1776511920407,1776511920407,0,SUCCESS
B,alpha,419,1776511920407,1776511920407,0,SUCCESS
B,alpha,420,1776511920407,1776511920407,0,SUCCESS
B,alpha,421,1776511920407,1776511920407,0,SUCCESS
B,alpha,422,1776511920407,1776511920407,0,SUCCESS
B,alpha,423,1776511920407,1776511920407,0,SUCCESS
B,alpha,424,1776511920407,1776511920407,0,SUCCESS
B,alpha,425,1776511920407,1776511920407,0,SUCCESS
B,alpha,426,1776511920407,1776511920407,0,SUCCESS
B,alpha,427,1776511920407,1776511920407,0,SUCCESS
B,alpha,428,1776511920407,1776511920407,0,SUCCESS
B,alpha,429,1776511920407,1776511920407,0,SUCCESS
B,alpha,430,1776511920407,1776511920407,0,SUCCESS
B,alpha,431,1776511920407,1776511920407,0,SUCCESS
B,alpha,432,1776511920407,1776511920407,0,SUCCESS
B,alpha,433,1776511920407,1776511920407,0,SUCCESS
B,alpha,434,1776511920407,1776511920407,0,SUCCESS
B,alpha,435,1776511920407,1776511920407,0,SUCCESS
B,alpha,436,1776511920407,1776511920407,0,SUCCESS
B,alpha,437,1776511920407,1776511920407,0,SUCCESS
B,alpha,438,1776511920407,1776511920407,0,SUCCESS
B,alpha,439,1776511920407,1776511920407,0,SUCCESS
B,alpha,440,1776511920407,1776511920407,0,SUCCESS
B,alpha,441,1776511920407,1776511920407,0,SUCCESS
B,alpha,442,1776511920407,1776511920407,0,SUCCESS
B,alpha,443,1776511920407,1776511920407,0,SUCCESS
B,alpha,444,1776511920407,1776511920407,0,SUCCESS
B,alpha,445,1776511920407,1776511920407,0,SUCCESS
B,alpha,446,1776511920407,1776511920407,0,SUCCESS
B,alpha,447,1776511920407,1776511920407,0,SUCCESS
B,alpha,448,1776511920407,1776511920407,0,SUCCESS
B,alpha,449,1776511920407,1776511920407,0,SUCCESS
B,alpha,450,1776511920407,1776511920407,0,SUCCESS
B,alpha,451,1776511920407,1776511920407,0,SUCCESS
B,alpha,452,1776511920407,1776511920407,0,SUCCESS
B,alpha,453,1776511920407,1776511920407,0,SUCCESS
B,alpha,454,1776511920407,1776511920407,0,SUCCESS
B,alpha,455,1776511920407,1776511920407,0,SUCCESS
B,alpha,456,1776511920407,1776511920407,0,SUCCESS
B,alpha,457,1776511920407,1776511920407,0,SUCCESS
B,alpha,458,1776511920407,1776511920407,0,SUCCESS
B,alpha,459,1776511920407,1776511920407,0,SUCCESS
B,alpha,460,1776511920407,1776511920407,0,SUCCESS
B,alpha,461,1776511920407,1776511920407,0,SUCCESS
B,alpha,462,1776511920407,1776511920407,0,SUCCESS
B,alpha,463,1776511920407,1776511920407,0,SUCCESS
B,alpha,464,1776511920407,1776511920407,0,SUCCESS
B,alpha,465,1776511920407,1776511920407,0,SUCCESS
B,alpha,466,1776511920407,1776511920407,0,SUCCESS
B,alpha,467,1776511920407,1776511920407,0,SUCCESS
B,alpha,468,1776511920407,1776511920407,0,SUCCESS
B,alpha,469,1776511920407,1776511920407,0,SUCCESS
B,alpha,470,1776511920407,1776511920407,0,SUCCESS
B,alpha,471,1776511920407,1776511920407,0,SUCCESS
B,alpha,472,1776511920407,1776511920407,0,SUCCESS
B,alpha,473,1776511920407,1776511920407,0,SUCCESS
B,alpha,474,1776511920407,1776511920407,0,SUCCESS
B,alpha,475,1776511920407,1776511920407,0,SUCCESS
B,alpha,476,1776511920407,1776511920407,0,SUCCESS
B,alpha,477,1776511920407,1776511920407,0,SUCCESS
B,alpha,478,1776511920407,1776511920407,0,SUCCESS
B,alpha,479,1776511920407,1776511920407,0,SUCCESS
B,alpha,480,1776511920407,1776511920407,0,SUCCESS
B,alpha,481,1776511920407,1776511920407,0,SUCCESS
B,alpha,482,1776511920407,1776511920407,0,SUCCESS
B,alpha,483,1776511920407,1776511920407,0,SUCCESS
B,alpha,484,1776511920407,1776511920407,0,SUCCESS
B,alpha,485,1776511920407,1776511920407,0,SUCCESS
B,alpha,486,1776511920407,1776511920407,0,SUCCESS
B,alpha,487,1776511920407,1776511920407,0,SUCCESS
B,alpha,488,1776511920407,1776511920407,0,SUCCESS
B,alpha,489,1776511920407,1776511920407,0,SUCCESS
B,alpha,490,1776511920407,1776511920407,0,SUCCESS
B,alpha,491,1776511920407,1776511920407,0,SUCCESS
B,alpha,492,1776511920407,1776511920407,0,SUCCESS
B,alpha,493,1776511920407,1776511920407,0,SUCCESS
B,alpha,494,1776511920407,1776511920407,0,SUCCESS
B,alpha,495,1776511920407,1776511920407,0,SUCCESS
B,alpha,496,1776511920407,1776511920407,0,SUCCESS
B,alpha,497,1776511920407,1776511920407,0,SUCCESS
B,alpha,498,1776511920407,1776511920407,0,SUCCESS
B,alpha,499,1776511920407,1776511920407,0,SUCCESS
B,alpha,500,1776511920407,1776511920407,0,SUCCESS
B,alpha,501,1776511920407,1776511920407,0,SUCCESS
B,alpha,502,1776511920407,1776511920407,0,SUCCESS
B,alpha,503,1776511920407,1776511920407,0,SUCCESS
B,alpha,504,1776511920407,1776511920407,0,SUCCESS
B,alpha,505,1776511920407,1776511920407,0,SUCCESS
B,alpha,506,1776511920407,1776511920407,0,SUCCESS
B,alpha,507,1776511920407,1776511920407,0,SUCCESS
B,alpha,508,1776511920407,1776511920407,0,SUCCESS
B,alpha,509,1776511920407,1776511920407,0,SUCCESS
B,alpha,510,1776511920407,1776511920407,0,SUCCESS
B,alpha,511,1776511920407,1776511920407,0,SUCCESS
B,alpha,512,1776511920407,1776511920407,0,SUCCESS
B,alpha,513,1776511920407,1776511920407,0,SUCCESS
B,alpha,514,1776511920407,1776511920407,0,SUCCESS
B,alpha,515,1776511920407,1776511920407,0,SUCCESS
B,alpha,516,1776511920407,1776511920407,0,SUCCESS
B,alpha,517,1776511920407,1776511920407,0,SUCCESS
B,alpha,518,1776511920407,1776511920407,0,SUCCESS
B,alpha,519,1776511920407,1776511920407,0,SUCCESS
B,alpha,520,1776511920407,1776511920407,0,SUCCESS
B,alpha,521,1776511920407,1776511920407,0,SUCCESS
B,alpha,522,1776511920407,1776511920407,0,SUCCESS
B,alpha,523,1776511920407,1776511920407,0,SUCCESS
B,alpha,524,1776511920407,1776511920407,0,SUCCESS
B,alpha,525,1776511920407,1776511920407,0,SUCCESS
B,alpha,526,1776511920407,1776511920407,0,SUCCESS
B,alpha,527,1776511920407,1776511920407,0,SUCCESS
B,alpha,528,1776511920407,1776511920407,0,SUCCESS
B,alpha,529,1776511920407,1776511920407,0,SUCCESS
B,alpha,530,1776511920407,1776511920407,0,SUCCESS
B,alpha,531,1776511920407,1776511920407,0,SUCCESS
B,alpha,532,1776511920407,1776511920407,0,SUCCESS
B,alpha,533,1776511920407,1776511920407,0,SUCCESS
B,alpha,534,1776511920407,1776511920407,0,SUCCESS
B,alpha,535,1776511920407,1776511920407,0,SUCCESS
B,alpha,536,1776511920407,1776511920407,0,SUCCESS
B,alpha,537,1776511920407,1776511920407,0,SUCCESS
B,alpha,538,1776511920407,1776511920407,0,SUCCESS
B,alpha,539,1776511920407,1776511920407,0,SUCCESS
B,alpha,540,1776511920407,1776511920407,0,SUCCESS
B,alpha,541,1776511920407,1776511920407,0,SUCCESS
B,alpha,542,1776511920407,1776511920407,0,SUCCESS
B,alpha,543,1776511920407,1776511920407,0,SUCCESS
B,alpha,544,1776511920407,1776511920407,0,SUCCESS
B,alpha,545,1776511920407,1776511920407,0,SUCCESS
B,alpha,546,1776511920407,1776511920407,0,SUCCESS
B,alpha,547,1776511920407,1776511920407,0,SUCCESS
B,alpha,548,1776511920407,1776511920407,0,SUCCESS
B,alpha,549,1776511920407,1776511920407,0,SUCCESS
B,alpha,550,1776511920407,1776511920407,0,SUCCESS
B,alpha,551,1776511920407,1776511920407,0,SUCCESS
B,alpha,552,1776511920407,1776511920407,0,SUCCESS
B,alpha,553,1776511920407,1776511920407,0,SUCCESS
B,alpha,554,1776511920407,1776511920407,0,SUCCESS
B,alpha,555,1776511920407,1776511920407,0,SUCCESS
B,alpha,556,1776511920407,1776511920407,0,SUCCESS
B,alpha,557,1776511920407,1776511920407,0,SUCCESS
B,alpha,558,1776511920407,1776511920407,0,SUCCESS
B,alpha,559,1776511920407,1776511920407,0,SUCCESS
B,alpha,560,1776511920407,1776511920407,0,SUCCESS
B,alpha,561,1776511920407,1776511920407,0,SUCCESS
B,alpha,562,1776511920407,1776511920407,0,SUCCESS
B,alpha,563,1776511920407,1776511920407,0,SUCCESS
B,alpha,564,1776511920407,1776511920407,0,SUCCESS
B,alpha,565,1776511920407,1776511920407,0,SUCCESS
B,alpha,566,1776511920407,1776511920407,0,SUCCESS
B,alpha,567,1776511920407,1776511920407,0,SUCCESS
B,alpha,568,1776511920407,1776511920407,0,SUCCESS
B,alpha,569,1776511920407,1776511920407,0,SUCCESS
B,alpha,570,1776511920407,1776511920407,0,SUCCESS
B,alpha,571,1776511920407,1776511920407,0,SUCCESS
B,alpha,572,1776511920407,1776511920407,0,SUCCESS
B,alpha,573,1776511920407,1776511920407,0,SUCCESS
B,alpha,574,1776511920407,1776511920407,0,SUCCESS
B,alpha,575,1776511920407,1776511920407,0,SUCCESS
B,alpha,576,1776511920407,1776511920407,0,SUCCESS
B,alpha,577,1776511920407,1776511920407,0,SUCCESS
B,alpha,578,1776511920407,1776511920407,0,SUCCESS
B,alpha,579,1776511920407,1776511920407,0,SUCCESS
B,alpha,580,1776511920407,1776511920407,0,SUCCESS
B,alpha,581,1776511920407,1776511920407,0,SUCCESS
B,alpha,582,1776511920407,1776511920407,0,SUCCESS
B,alpha,583,1776511920407,1776511920407,0,SUCCESS
B,alpha,584,1776511920407,1776511920407,0,SUCCESS
B,alpha,585,1776511920407,1776511920407,0,SUCCESS
B,alpha,586,1776511920407,1776511920407,0,SUCCESS
B,alpha,587,1776511920407,1776511920407,0,SUCCESS
B,alpha,588,1776511920407,1776511920407,0,SUCCESS
B,alpha,589,1776511920407,1776511920407,0,SUCCESS
B,alpha,590,1776511920407,1776511920407,0,SUCCESS
B,alpha,591,1776511920407,1776511920407,0,SUCCESS
B,alpha,592,1776511920407,1776511920407,0,SUCCESS
B,alpha,593,1776511920407,1776511920407,0,SUCCESS
B,alpha,594,1776511920407,1776511920407,0,SUCCESS
B,alpha,595,1776511920407,1776511920407,0,SUCCESS
B,alpha,596,1776511920407,1776511920407,0,SUCCESS
B,alpha,597,1776511920407,1776511920407,0,SUCCESS
B,alpha,598,1776511920407,1776511920407,0,SUCCESS
B,alpha,599,1776511920407,1776511920407,0,SUCCESS
B,alpha,600,1776511920407,1776511920407,0,SUCCESS
B,alpha,601,1776511920407,1776511920407,0,SUCCESS
B,alpha,602,1776511920407,1776511920407,0,SUCCESS
B,alpha,603,1776511920407,1776511920407,0,SUCCESS
B,alpha,604,1776511920407,1776511920407,0,SUCCESS
B,alpha,605,1776511920407,1776511920407,0,SUCCESS
B,alpha,606,1776511920407,1776511920407,0,SUCCESS
B,alpha,607,1776511920407,1776511920407,0,SUCCESS
B,alpha,608,1776511920407,1776511920407,0,SUCCESS
B,alpha,609,1776511920407,1776511920407,0,SUCCESS
B,alpha,610,1776511920407,1776511920407,0,SUCCESS
B,alpha,611,1776511920407,1776511920407,0,SUCCESS
B,alpha,612,1776511920407,1776511920407,0,SUCCESS
B,alpha,613,1776511920407,1776511920407,0,SUCCESS
B,alpha,614,1776511920407,1776511920407,0,SUCCESS
B,alpha,615,1776511920407,1776511920407,0,SUCCESS
B,alpha,616,1776511920407,1776511920407,0,SUCCESS
B,alpha,617,1776511920407,1776511920407,0,SUCCESS
B,alpha,618,1776511920407,1776511920407,0,SUCCESS
B,alpha,619,1776511920407,1776511920407,0,SUCCESS
B,alpha,620,1776511920407,1776511920407,0,SUCCESS
B,alpha,621,1776511920407,1776511920407,0,SUCCESS
B,alpha,622,1776511920407,1776511920407,0,SUCCESS
B,alpha,623,1776511920407,1776511920407,0,SUCCESS
B,alpha,624,1776511920407,1776511920407,0,SUCCESS
B,alpha,625,1776511920407,1776511920407,0,SUCCESS
B,alpha,626,1776511920407,1776511920407,0,SUCCESS
B,alpha,627,1776511920407,1776511920407,0,SUCCESS
B,alpha,628,1776511920407,1776511920407,0,SUCCESS
B,alpha,629,1776511920407,1776511920407,0,SUCCESS
B,alpha,630,1776511920407,1776511920407,0,SUCCESS
B,alpha,631,1776511920407,1776511920407,0,SUCCESS
B,alpha,632,1776511920407,1776511920407,0,SUCCESS
B,alpha,633,1776511920407,1776511920407,0,SUCCESS
B,alpha,634,1776511920407,1776511920407,0,SUCCESS
B,alpha,635,1776511920407,1776511920407,0,SUCCESS
B,alpha,636,1776511920407,1776511920407,0,SUCCESS
B,alpha,637,1776511920407,1776511920407,0,SUCCESS
B,alpha,638,1776511920407,1776511920407,0,SUCCESS
B,alpha,639,1776511920407,1776511920407,0,SUCCESS
B,alpha,640,1776511920407,1776511920407,0,SUCCESS
B,alpha,641,1776511920407,1776511920407,0,SUCCESS
B,alpha,642,1776511920407,1776511920407,0,SUCCESS
B,alpha,643,1776511920407,1776511920407,0,SUCCESS
B,alpha,644,1776511920407,1776511920407,0,SUCCESS
B,alpha,645,1776511920407,1776511920407,0,SUCCESS
B,alpha,646,1776511920407,1776511920407,0,SUCCESS
B,alpha,647,1776511920407,1776511920407,0,SUCCESS
B,alpha,648,1776511920407,1776511920407,0,SUCCESS
B,alpha,649,1776511920407,1776511920407,0,SUCCESS
B,alpha,650,1776511920407,1776511920407,0,SUCCESS
B,alpha,651,1776511920407,1776511920407,0,SUCCESS
B,alpha,652,1776511920407,1776511920407,0,SUCCESS
B,alpha,653,1776511920407,1776511920407,0,SUCCESS
B,alpha,654,1776511920407,1776511920407,0,SUCCESS
B,alpha,655,1776511920407,1776511920407,0,SUCCESS
B,alpha,656,1776511920407,1776511920407,0,SUCCESS
B,alpha,657,1776511920407,1776511920407,0,SUCCESS
B,alpha,658,1776511920407,1776511920407,0,SUCCESS
B,alpha,659,1776511920407,1776511920407,0,SUCCESS
B,alpha,660,1776511920407,1776511920407,0,SUCCESS
B,alpha,661,1776511920407,1776511920407,0,SUCCESS
B,alpha,662,1776511920407,1776511920407,0,SUCCESS
B,alpha,663,1776511920407,1776511920407,0,SUCCESS
B,alpha,664,1776511920407,1776511920407,0,SUCCESS
B,alpha,665,1776511920407,1776511920407,0,SUCCESS
B,alpha,666,1776511920407,1776511920407,0,SUCCESS
B,alpha,667,1776511920407,1776511920407,0,SUCCESS
B,alpha,668,1776511920407,1776511920407,0,SUCCESS
B,alpha,669,1776511920407,1776511920407,0,SUCCESS
B,alpha,670,1776511920407,1776511920407,0,SUCCESS
B,alpha,671,1776511920407,1776511920407,0,SUCCESS
B,alpha,672,1776511920407,1776511920407,0,SUCCESS
B,alpha,673,1776511920407,1776511920407,0,SUCCESS
B,alpha,674,1776511920407,1776511920407,0,SUCCESS
B,alpha,675,1776511920407,1776511920407,0,SUCCESS
B,alpha,676,1776511920407,1776511920407,0,SUCCESS
B,alpha,677,1776511920407,1776511920407,0,SUCCESS
B,alpha,678,1776511920407,1776511920407,0,SUCCESS
B,alpha,679,1776511920407,1776511920407,0,SUCCESS
B,alpha,680,1776511920407,1776511920407,0,SUCCESS
B,alpha,681,1776511920407,1776511920407,0,SUCCESS
B,alpha,682,1776511920407,1776511920407,0,SUCCESS
B,alpha,683,1776511920407,1776511920407,0,SUCCESS
B,alpha,684,1776511920407,1776511920407,0,SUCCESS
B,alpha,685,1776511920407,1776511920407,0,SUCCESS
B,alpha,686,1776511920407,1776511920407,0,SUCCESS
B,alpha,687,1776511920407,1776511920407,0,SUCCESS
B,alpha,688,1776511920407,1776511920407,0,SUCCESS
B,alpha,689,1776511920407,1776511920407,0,SUCCESS
B,alpha,690,1776511920407,1776511920407,0,SUCCESS
B,alpha,691,1776511920407,1776511920407,0,SUCCESS
B,alpha,692,1776511920407,1776511920407,0,SUCCESS
B,alpha,693,1776511920407,1776511920407,0,SUCCESS
B,alpha,694,1776511920407,1776511920407,0,SUCCESS
B,alpha,695,1776511920407,1776511920407,0,SUCCESS
B,alpha,696,1776511920407,1776511920407,0,SUCCESS
B,alpha,697,1776511920407,1776511920407,0,SUCCESS
B,alpha,698,1776511920407,1776511920407,0,SUCCESS
B,alpha,699,1776511920407,1776511920407,0,SUCCESS
B,alpha,700,1776511920407,1776511920407,0,SUCCESS
B,alpha,701,1776511920407,1776511920407,0,SUCCESS
B,alpha,702,1776511920407,1776511920407,0,SUCCESS
B,alpha,703,1776511920407,1776511920407,0,SUCCESS
B,alpha,704,1776511920407,1776511920407,0,SUCCESS
B,alpha,705,1776511920407,1776511920407,0,SUCCESS
B,alpha,706,1776511920407,1776511920407,0,SUCCESS
B,alpha,707,1776511920407,1776511920407,0,SUCCESS
B,alpha,708,1776511920407,1776511920407,0,SUCCESS
B,alpha,709,1776511920407,1776511920407,0,SUCCESS
B,alpha,710,1776511920407,1776511920407,0,SUCCESS
B,alpha,711,1776511920407,1776511920407,0,SUCCESS
B,alpha,712,1776511920407,1776511920407,0,SUCCESS
B,alpha,713,1776511920407,1776511920407,0,SUCCESS
B,alpha,714,1776511920407,1776511920407,0,SUCCESS
B,alpha,715,1776511920407,1776511920407,0,SUCCESS
B,alpha,716,1776511920407,1776511920407,0,SUCCESS
B,alpha,717,1776511920407,1776511920407,0,SUCCESS
B,alpha,718,1776511920407,1776511920407,0,SUCCESS
B,alpha,719,1776511920407,1776511920407,0,SUCCESS
B,alpha,720,1776511920407,1776511920407,0,SUCCESS
B,alpha,721,1776511920407,1776511920407,0,SUCCESS
B,alpha,722,1776511920407,1776511920407,0,SUCCESS
B,alpha,723,1776511920407,1776511920407,0,SUCCESS
B,alpha,724,1776511920407,1776511920407,0,SUCCESS
B,alpha,725,1776511920407,1776511920407,0,SUCCESS
B,alpha,726,1776511920407,1776511920407,0,SUCCESS
B,alpha,727,1776511920407,1776511920407,0,SUCCESS
B,alpha,728,1776511920407,1776511920407,0,SUCCESS
B,alpha,729,1776511920407,1776511920407,0,SUCCESS
B,alpha,730,1776511920407,1776511920407,0,SUCCESS
B,alpha,731,1776511920407,1776511920407,0,SUCCESS
B,alpha,732,1776511920407,1776511920407,0,SUCCESS
B,alpha,733,1776511920407,1776511920407,0,SUCCESS
B,alpha,734,1776511920407,1776511920407,0,SUCCESS
B,alpha,735,1776511920407,1776511920407,0,SUCCESS
B,alpha,736,1776511920407,1776511920407,0,SUCCESS
B,alpha,737,1776511920407,1776511920407,0,SUCCESS
B,alpha,738,1776511920407,1776511920407,0,SUCCESS
B,alpha,739,1776511920407,1776511920407,0,SUCCESS
B,alpha,740,1776511920407,1776511920407,0,SUCCESS
B,alpha,741,1776511920407,1776511920407,0,SUCCESS
B,alpha,742,1776511920407,1776511920407,0,SUCCESS
B,alpha,743,1776511920407,1776511920407,0,SUCCESS
B,alpha,744,1776511920407,1776511920407,0,SUCCESS
B,alpha,745,1776511920407,1776511920407,0,SUCCESS
B,alpha,746,1776511920407,1776511920407,0,SUCCESS
B,alpha,747,1776511920407,1776511920407,0,SUCCESS
B,alpha,748,1776511920407,1776511920407,0,SUCCESS
B,alpha,749,1776511920407,1776511920407,0,SUCCESS
B,alpha,750,1776511920407,1776511920407,0,SUCCESS
B,alpha,751,1776511920407,1776511920407,0,SUCCESS
B,alpha,752,1776511920407,1776511920407,0,SUCCESS
B,alpha,753,1776511920407,1776511920407,0,SUCCESS
B,alpha,754,1776511920407,1776511920407,0,SUCCESS
B,alpha,755,1776511920407,1776511920407,0,SUCCESS
B,alpha,756,1776511920407,1776511920407,0,SUCCESS
B,alpha,757,1776511920407,1776511920407,0,SUCCESS
B,alpha,758,1776511920407,1776511920407,0,SUCCESS
B,alpha,759,1776511920407,1776511920407,0,SUCCESS
B,alpha,760,1776511920407,1776511920407,0,SUCCESS
B,alpha,761,1776511920407,1776511920407,0,SUCCESS
B,alpha,762,1776511920407,1776511920407,0,SUCCESS
B,alpha,763,1776511920407,1776511920407,0,SUCCESS
B,alpha,764,1776511920407,1776511920407,0,SUCCESS
B,alpha,765,1776511920407,1776511920407,0,SUCCESS
B,alpha,766,1776511920407,1776511920407,0,SUCCESS
B,alpha,767,1776511920407,1776511920407,0,SUCCESS
B,alpha,768,1776511920407,1776511920407,0,SUCCESS
B,alpha,769,1776511920407,1776511920407,0,SUCCESS
B,alpha,770,1776511920407,1776511920407,0,SUCCESS
B,alpha,771,1776511920407,1776511920407,0,SUCCESS
B,alpha,772,1776511920407,1776511920407,0,SUCCESS
B,alpha,773,1776511920407,1776511920407,0,SUCCESS
B,alpha,774,1776511920407,1776511920407,0,SUCCESS
B,alpha,775,1776511920407,1776511920407,0,SUCCESS
B,alpha,776,1776511920407,1776511920407,0,SUCCESS
B,alpha,777,1776511920407,1776511920407,0,SUCCESS
B,alpha,778,1776511920407,1776511920407,0,SUCCESS
B,alpha,779,1776511920407,1776511920407,0,SUCCESS
B,alpha,780,1776511920407,1776511920407,0,SUCCESS
B,alpha,781,1776511920407,1776511920407,0,SUCCESS
B,alpha,782,1776511920407,1776511920407,0,SUCCESS
B,alpha,783,1776511920407,1776511920407,0,SUCCESS
B,alpha,784,1776511920407,1776511920407,0,SUCCESS
B,alpha,785,1776511920407,1776511920407,0,SUCCESS
B,alpha,786,1776511920407,1776511920407,0,SUCCESS
B,alpha,787,1776511920407,1776511920407,0,SUCCESS
B,alpha,788,1776511920407,1776511920407,0,SUCCESS
B,alpha,789,1776511920407,1776511920407,0,SUCCESS
B,alpha,790,1776511920407,1776511920407,0,SUCCESS
B,alpha,791,1776511920407,1776511920407,0,SUCCESS
B,alpha,792,1776511920407,1776511920407,0,SUCCESS
B,alpha,793,1776511920407,1776511920407,0,SUCCESS
B,alpha,794,1776511920407,1776511920407,0,SUCCESS
B,alpha,795,1776511920407,1776511920407,0,SUCCESS
B,alpha,796,1776511920407,1776511920407,0,SUCCESS
B,alpha,797,1776511920407,1776511920407,0,SUCCESS
B,alpha,798,1776511920407,1776511920407,0,SUCCESS
B,alpha,799,1776511920407,1776511920407,0,SUCCESS
B,alpha,800,1776511920407,1776511920407,0,SUCCESS
B,alpha,801,1776511920407,1776511920407,0,SUCCESS
B,alpha,802,1776511920407,1776511920407,0,SUCCESS
B,alpha,803,1776511920407,1776511920407,0,SUCCESS
B,alpha,804,1776511920407,1776511920407,0,SUCCESS
B,alpha,805,1776511920407,1776511920407,0,SUCCESS
B,alpha,806,1776511920407,1776511920407,0,SUCCESS
B,alpha,807,1776511920407,1776511920407,0,SUCCESS
B,alpha,808,1776511920407,1776511920407,0,SUCCESS
B,alpha,809,1776511920407,1776511920407,0,SUCCESS
B,alpha,810,1776511920407,1776511920407,0,SUCCESS
B,alpha,811,1776511920407,1776511920407,0,SUCCESS
B,alpha,812,1776511920407,1776511920407,0,SUCCESS
B,alpha,813,1776511920407,1776511920407,0,SUCCESS
B,alpha,814,1776511920407,1776511920407,0,SUCCESS
B,alpha,815,1776511920407,1776511920407,0,SUCCESS
B,alpha,816,1776511920407,1776511920407,0,SUCCESS
B,alpha,817,1776511920407,1776511920407,0,SUCCESS
B,alpha,818,1776511920407,1776511920407,0,SUCCESS
B,alpha,819,1776511920407,1776511920407,0,SUCCESS
B,alpha,820,1776511920407,1776511920407,0,SUCCESS
B,alpha,821,1776511920407,1776511920407,0,SUCCESS
B,alpha,822,1776511920407,1776511920407,0,SUCCESS
B,alpha,823,1776511920407,1776511920407,0,SUCCESS
B,alpha,824,1776511920407,1776511920407,0,SUCCESS
B,alpha,825,1776511920407,1776511920407,0,SUCCESS
B,alpha,826,1776511920407,1776511920407,0,SUCCESS
B,alpha,827,1776511920407,1776511920407,0,SUCCESS
B,alpha,828,1776511920407,1776511920407,0,SUCCESS
B,alpha,829,1776511920407,1776511920407,0,SUCCESS
B,alpha,830,1776511920407,1776511920407,0,SUCCESS
B,alpha,831,1776511920407,1776511920407,0,SUCCESS
B,alpha,832,1776511920407,1776511920407,0,SUCCESS
B,alpha,833,1776511920407,1776511920407,0,SUCCESS
B,alpha,834,1776511920407,1776511920407,0,SUCCESS
B,alpha,835,1776511920407,1776511920407,0,SUCCESS
B,alpha,836,1776511920407,1776511920407,0,SUCCESS
B,alpha,837,1776511920407,1776511920407,0,SUCCESS
B,alpha,838,1776511920407,1776511920407,0,SUCCESS
B,alpha,839,1776511920407,1776511920407,0,SUCCESS
B,alpha,840,1776511920408,1776511920408,0,SUCCESS
B,alpha,841,1776511920408,1776511920408,0,SUCCESS
B,alpha,842,1776511920408,1776511920408,0,SUCCESS
B,alpha,843,1776511920408,1776511920408,0,SUCCESS
B,alpha,844,1776511920408,1776511920408,0,SUCCESS
B,alpha,845,1776511920408,1776511920408,0,SUCCESS
B,alpha,846,1776511920408,1776511920408,0,SUCCESS
B,alpha,847,1776511920408,1776511920408,0,SUCCESS
B,alpha,848,1776511920408,1776511920408,0,SUCCESS
B,alpha,849,1776511920408,1776511920408,0,SUCCESS
B,alpha,850,1776511920408,1776511920408,0,SUCCESS
B,alpha,851,1776511920408,1776511920408,0,SUCCESS
B,alpha,852,1776511920408,1776511920408,0,SUCCESS
B,alpha,853,1776511920408,1776511920408,0,SUCCESS
B,alpha,854,1776511920408,1776511920408,0,SUCCESS
B,alpha,855,1776511920408,1776511920408,0,SUCCESS
B,alpha,856,1776511920408,1776511920408,0,SUCCESS
B,alpha,857,1776511920408,1776511920408,0,SUCCESS
B,alpha,858,1776511920408,1776511920408,0,SUCCESS
B,alpha,859,1776511920408,1776511920408,0,SUCCESS
B,alpha,860,1776511920408,1776511920408,0,SUCCESS
B,alpha,861,1776511920408,1776511920408,0,SUCCESS
B,alpha,862,1776511920408,1776511920408,0,SUCCESS
B,alpha,863,1776511920408,1776511920408,0,SUCCESS
B,alpha,864,1776511920408,1776511920408,0,SUCCESS
B,alpha,865,1776511920408,1776511920408,0,SUCCESS
B,alpha,866,1776511920408,1776511920408,0,SUCCESS
B,alpha,867,1776511920408,1776511920408,0,SUCCESS
B,alpha,868,1776511920408,1776511920408,0,SUCCESS
B,alpha,869,1776511920408,1776511920408,0,SUCCESS
B,alpha,870,1776511920408,1776511920408,0,SUCCESS
B,alpha,871,1776511920408,1776511920408,0,SUCCESS
B,alpha,872,1776511920408,1776511920408,0,SUCCESS
B,alpha,873,1776511920408,1776511920408,0,SUCCESS
B,alpha,874,1776511920408,1776511920408,0,SUCCESS
B,alpha,875,1776511920408,1776511920408,0,SUCCESS
B,alpha,876,1776511920408,1776511920408,0,SUCCESS
B,alpha,877,1776511920408,1776511920408,0,SUCCESS
B,alpha,878,1776511920408,1776511920408,0,SUCCESS
B,alpha,879,1776511920408,1776511920408,0,SUCCESS
B,alpha,880,1776511920408,1776511920408,0,SUCCESS
B,alpha,881,1776511920408,1776511920408,0,SUCCESS
B,alpha,882,1776511920408,1776511920408,0,SUCCESS
B,alpha,883,1776511920408,1776511920408,0,SUCCESS
B,alpha,884,1776511920408,1776511920408,0,SUCCESS
B,alpha,885,1776511920408,1776511920408,0,SUCCESS
B,alpha,886,1776511920408,1776511920408,0,SUCCESS
B,alpha,887,1776511920408,1776511920408,0,SUCCESS
B,alpha,888,1776511920408,1776511920408,0,SUCCESS
B,alpha,889,1776511920408,1776511920408,0,SUCCESS
B,alpha,890,1776511920408,1776511920408,0,SUCCESS
B,alpha,891,1776511920408,1776511920408,0,SUCCESS
B,alpha,892,1776511920408,1776511920408,0,SUCCESS
B,alpha,893,1776511920408,1776511920408,0,SUCCESS
B,alpha,894,1776511920408,1776511920408,0,SUCCESS
B,alpha,895,1776511920408,1776511920408,0,SUCCESS
B,alpha,896,1776511920408,1776511920408,0,SUCCESS
B,alpha,897,1776511920408,1776511920408,0,SUCCESS
B,alpha,898,1776511920408,1776511920408,0,SUCCESS
B,alpha,899,1776511920408,1776511920408,0,SUCCESS
B,alpha,900,1776511920408,1776511920408,0,SUCCESS
B,alpha,901,1776511920408,1776511920408,0,SUCCESS
B,alpha,902,1776511920408,1776511920408,0,SUCCESS
B,alpha,903,1776511920408,1776511920408,0,SUCCESS
B,alpha,904,1776511920408,1776511920408,0,SUCCESS
B,alpha,905,1776511920408,1776511920408,0,SUCCESS
B,alpha,906,1776511920408,1776511920408,0,SUCCESS
B,alpha,907,1776511920408,1776511920408,0,SUCCESS
B,alpha,908,1776511920408,1776511920408,0,SUCCESS
B,alpha,909,1776511920408,1776511920408,0,SUCCESS
B,alpha,910,1776511920408,1776511920408,0,SUCCESS
B,alpha,911,1776511920408,1776511920408,0,SUCCESS
B,alpha,912,1776511920408,1776511920408,0,SUCCESS
B,alpha,913,1776511920408,1776511920408,0,SUCCESS
B,alpha,914,1776511920408,1776511920408,0,SUCCESS
B,alpha,915,1776511920408,1776511920408,0,SUCCESS
B,alpha,916,1776511920408,1776511920408,0,SUCCESS
B,alpha,917,1776511920408,1776511920408,0,SUCCESS
B,alpha,918,1776511920408,1776511920408,0,SUCCESS
B,alpha,919,1776511920408,1776511920408,0,SUCCESS
B,alpha,920,1776511920408,1776511920408,0,SUCCESS
B,alpha,921,1776511920408,1776511920408,0,SUCCESS
B,alpha,922,1776511920408,1776511920408,0,SUCCESS
B,alpha,923,1776511920408,1776511920408,0,SUCCESS
B,alpha,924,1776511920408,1776511920408,0,SUCCESS
B,alpha,925,1776511920408,1776511920408,0,SUCCESS
B,alpha,926,1776511920408,1776511920408,0,SUCCESS
B,alpha,927,1776511920408,1776511920408,0,SUCCESS
B,alpha,928,1776511920408,1776511920408,0,SUCCESS
B,alpha,929,1776511920408,1776511920408,0,SUCCESS
B,alpha,930,1776511920408,1776511920408,0,SUCCESS
B,alpha,931,1776511920408,1776511920408,0,SUCCESS
B,alpha,932,1776511920408,1776511920408,0,SUCCESS
B,alpha,933,1776511920408,1776511920408,0,SUCCESS
B,alpha,934,1776511920408,1776511920408,0,SUCCESS
B,alpha,935,1776511920408,1776511920408,0,SUCCESS
B,alpha,936,1776511920408,1776511920408,0,SUCCESS
B,alpha,937,1776511920408,1776511920408,0,SUCCESS
B,alpha,938,1776511920408,1776511920408,0,SUCCESS
B,alpha,939,1776511920408,1776511920408,0,SUCCESS
B,alpha,940,1776511920408,1776511920408,0,SUCCESS
B,alpha,941,1776511920408,1776511920408,0,SUCCESS
B,alpha,942,1776511920408,1776511920408,0,SUCCESS
B,alpha,943,1776511920408,1776511920408,0,SUCCESS
B,alpha,944,1776511920408,1776511920408,0,SUCCESS
B,alpha,945,1776511920408,1776511920408,0,SUCCESS
B,alpha,946,1776511920408,1776511920408,0,SUCCESS
B,alpha,947,1776511920408,1776511920408,0,SUCCESS
B,alpha,948,1776511920408,1776511920408,0,SUCCESS
B,alpha,949,1776511920408,1776511920408,0,SUCCESS
B,alpha,950,1776511920408,1776511920408,0,SUCCESS
B,alpha,951,1776511920408,1776511920408,0,SUCCESS
B,alpha,952,1776511920408,1776511920408,0,SUCCESS
B,alpha,953,1776511920408,1776511920408,0,SUCCESS
B,alpha,954,1776511920408,1776511920408,0,SUCCESS
B,alpha,955,1776511920408,1776511920408,0,SUCCESS
B,alpha,956,1776511920408,1776511920408,0,SUCCESS
B,alpha,957,1776511920408,1776511920408,0,SUCCESS
B,alpha,958,1776511920408,1776511920408,0,SUCCESS
B,alpha,959,1776511920408,1776511920408,0,SUCCESS
B,alpha,960,1776511920408,1776511920408,0,SUCCESS
B,alpha,961,1776511920408,1776511920408,0,SUCCESS
B,alpha,962,1776511920408,1776511920408,0,SUCCESS
B,alpha,963,1776511920408,1776511920408,0,SUCCESS
B,alpha,964,1776511920408,1776511920408,0,SUCCESS
B,alpha,965,1776511920408,1776511920408,0,SUCCESS
B,alpha,966,1776511920408,1776511920408,0,SUCCESS
B,alpha,967,1776511920408,1776511920408,0,SUCCESS
B,alpha,968,1776511920408,1776511920408,0,SUCCESS
B,alpha,969,1776511920408,1776511920408,0,SUCCESS
B,alpha,970,1776511920408,1776511920408,0,SUCCESS
B,alpha,971,1776511920408,1776511920408,0,SUCCESS
B,alpha,972,1776511920408,1776511920408,0,SUCCESS
B,alpha,973,1776511920408,1776511920408,0,SUCCESS
B,alpha,974,1776511920408,1776511920408,0,SUCCESS
B,alpha,975,1776511920408,1776511920408,0,SUCCESS
B,alpha,976,1776511920408,1776511920408,0,SUCCESS
B,alpha,977,1776511920408,1776511920408,0,SUCCESS
B,alpha,978,1776511920408,1776511920408,0,SUCCESS
B,alpha,979,1776511920408,1776511920408,0,SUCCESS
B,alpha,980,1776511920408,1776511920408,0,SUCCESS
B,alpha,981,1776511920408,1776511920408,0,SUCCESS
B,alpha,982,1776511920408,1776511920408,0,SUCCESS
B,alpha,983,1776511920408,1776511920408,0,SUCCESS
B,alpha,984,1776511920408,1776511920408,0,SUCCESS
B,alpha,985,1776511920408,1776511920408,0,SUCCESS
B,alpha,986,1776511920408,1776511920408,0,SUCCESS
B,alpha,987,1776511920408,1776511920408,0,SUCCESS
B,alpha,988,1776511920408,1776511920408,0,SUCCESS
B,alpha,989,1776511920408,1776511920408,0,SUCCESS
B,alpha,990,1776511920408,1776511920408,0,SUCCESS
B,alpha,991,1776511920408,1776511920408,0,SUCCESS
B,alpha,992,1776511920408,1776511920408,0,SUCCESS
B,alpha,993,1776511920408,1776511920408,0,SUCCESS
B,alpha,994,1776511920408,1776511920408,0,SUCCESS
B,alpha,995,1776511920408,1776511920408,0,SUCCESS
B,alpha,996,1776511920408,1776511920408,0,SUCCESS
B,alpha,997,1776511920408,1776511920408,0,SUCCESS
B,alpha,998,1776511920408,1776511920408,0,SUCCESS
B,alpha,999,1776511920408,1776511920408,0,SUCCESS
B,beta,0,1776511920408,1776511920408,0,SUCCESS
B,beta,1,1776511920408,1776511920408,0,SUCCESS
B,beta,2,1776511920408,1776511920408,0,SUCCESS
B,beta,3,1776511920408,1776511920408,0,SUCCESS
B,beta,4,1776511920408,1776511920408,0,SUCCESS
B,beta,5,1776511920408,1776511920408,0,SUCCESS
B,beta,6,1776511920408,1776511920408,0,SUCCESS
B,beta,7,1776511920408,1776511920408,0,SUCCESS
B,beta,8,1776511920408,1776511920408,0,SUCCESS
B,beta,9,1776511920408,1776511920408,0,SUCCESS
B,beta,10,1776511920408,1776511920408,0,SUCCESS
B,beta,11,1776511920408,1776511920408,0,SUCCESS
B,beta,12,1776511920408,1776511920408,0,SUCCESS
B,beta,13,1776511920408,1776511920408,0,SUCCESS
B,beta,14,1776511920408,1776511920408,0,SUCCESS
B,beta,15,1776511920408,1776511920408,0,SUCCESS
B,beta,16,1776511920408,1776511920408,0,SUCCESS
B,beta,17,1776511920408,1776511920408,0,SUCCESS
B,beta,18,1776511920408,1776511920408,0,SUCCESS
B,beta,19,1776511920408,1776511920408,0,SUCCESS
B,beta,20,1776511920408,1776511920408,0,SUCCESS
B,beta,21,1776511920408,1776511920408,0,SUCCESS
B,beta,22,1776511920408,1776511920408,0,SUCCESS
B,beta,23,1776511920408,1776511920408,0,SUCCESS
B,beta,24,1776511920408,1776511920408,0,SUCCESS
B,beta,25,1776511920408,1776511920408,0,SUCCESS
B,beta,26,1776511920408,1776511920408,0,SUCCESS
B,beta,27,1776511920408,1776511920408,0,SUCCESS
B,beta,28,1776511920408,1776511920408,0,SUCCESS
B,beta,29,1776511920408,1776511920408,0,SUCCESS
B,beta,30,1776511920408,1776511920408,0,SUCCESS
B,beta,31,1776511920408,1776511920408,0,SUCCESS
B,beta,32,1776511920408,1776511920408,0,SUCCESS
B,beta,33,1776511920408,1776511920408,0,SUCCESS
B,beta,34,1776511920408,1776511920408,0,SUCCESS
B,beta,35,1776511920408,1776511920408,0,SUCCESS
B,beta,36,1776511920408,1776511920408,0,SUCCESS
B,beta,37,1776511920408,1776511920408,0,SUCCESS
B,beta,38,1776511920408,1776511920408,0,SUCCESS
B,beta,39,1776511920408,1776511920408,0,SUCCESS
B,beta,40,1776511920408,1776511920408,0,SUCCESS
B,beta,41,1776511920408,1776511920408,0,SUCCESS
B,beta,42,1776511920408,1776511920408,0,SUCCESS
B,beta,43,1776511920408,1776511920408,0,SUCCESS
B,beta,44,1776511920408,1776511920408,0,SUCCESS
B,beta,45,1776511920408,1776511920408,0,SUCCESS
B,beta,46,1776511920408,1776511920408,0,SUCCESS
B,beta,47,1776511920408,1776511920408,0,SUCCESS
B,beta,48,1776511920408,1776511920408,0,SUCCESS
B,beta,49,1776511920408,1776511920408,0,SUCCESS
B,beta,50,1776511920408,1776511920408,0,SUCCESS
B,beta,51,1776511920408,1776511920408,0,SUCCESS
B,beta,52,1776511920408,1776511920408,0,SUCCESS
B,beta,53,1776511920408,1776511920408,0,SUCCESS
B,beta,54,1776511920408,1776511920408,0,SUCCESS
B,beta,55,1776511920408,1776511920408,0,SUCCESS
B,beta,56,1776511920408,1776511920408,0,SUCCESS
B,beta,57,1776511920408,1776511920408,0,SUCCESS
B,beta,58,1776511920408,1776511920408,0,SUCCESS
B,beta,59,1776511920408,1776511920408,0,SUCCESS
B,beta,60,1776511920408,1776511920408,0,SUCCESS
B,beta,61,1776511920408,1776511920408,0,SUCCESS
B,beta,62,1776511920408,1776511920408,0,SUCCESS
B,beta,63,1776511920408,1776511920408,0,SUCCESS
B,beta,64,1776511920408,1776511920408,0,SUCCESS
B,beta,65,1776511920408,1776511920408,0,SUCCESS
B,beta,66,1776511920408,1776511920408,0,SUCCESS
B,beta,67,1776511920408,1776511920408,0,SUCCESS
B,beta,68,1776511920408,1776511920408,0,SUCCESS
B,beta,69,1776511920408,1776511920408,0,SUCCESS
B,beta,70,1776511920408,1776511920408,0,SUCCESS
B,beta,71,1776511920408,1776511920408,0,SUCCESS
B,beta,72,1776511920408,1776511920408,0,SUCCESS
B,beta,73,1776511920408,1776511920408,0,SUCCESS
B,beta,74,1776511920408,1776511920408,0,SUCCESS
B,beta,75,1776511920408,1776511920408,0,SUCCESS
B,beta,76,1776511920408,1776511920408,0,SUCCESS
B,beta,77,1776511920408,1776511920408,0,SUCCESS
B,beta,78,1776511920408,1776511920408,0,SUCCESS
B,beta,79,1776511920408,1776511920408,0,SUCCESS
B,beta,80,1776511920408,1776511920408,0,SUCCESS
B,beta,81,1776511920408,1776511920408,0,SUCCESS
B,beta,82,1776511920408,1776511920408,0,SUCCESS
B,beta,83,1776511920408,1776511920408,0,SUCCESS
B,beta,84,1776511920408,1776511920408,0,SUCCESS
B,beta,85,1776511920408,1776511920408,0,SUCCESS
B,beta,86,1776511920408,1776511920408,0,SUCCESS
B,beta,87,1776511920408,1776511920408,0,SUCCESS
B,beta,88,1776511920408,1776511920408,0,SUCCESS
B,beta,89,1776511920408,1776511920408,0,SUCCESS
B,beta,90,1776511920408,1776511920408,0,SUCCESS
B,beta,91,1776511920408,1776511920408,0,SUCCESS
B,beta,92,1776511920408,1776511920408,0,SUCCESS
B,beta,93,1776511920408,1776511920408,0,SUCCESS
B,beta,94,1776511920408,1776511920408,0,SUCCESS
B,beta,95,1776511920408,1776511920408,0,SUCCESS
B,beta,96,1776511920408,1776511920408,0,SUCCESS
B,beta,97,1776511920408,1776511920408,0,SUCCESS
B,beta,98,1776511920408,1776511920408,0,SUCCESS
B,beta,99,1776511920408,1776511920408,0,SUCCESS
B,beta,100,1776511920408,1776511920408,0,SUCCESS
B,beta,101,1776511920408,1776511920408,0,SUCCESS
B,beta,102,1776511920408,1776511920408,0,SUCCESS
B,beta,103,1776511920408,1776511920408,0,SUCCESS
B,beta,104,1776511920408,1776511920408,0,SUCCESS
B,beta,105,1776511920408,1776511920408,0,SUCCESS
B,beta,106,1776511920408,1776511920408,0,SUCCESS
B,beta,107,1776511920408,1776511920408,0,SUCCESS
B,beta,108,1776511920408,1776511920408,0,SUCCESS
B,beta,109,1776511920408,1776511920408,0,SUCCESS
B,beta,110,1776511920408,1776511920408,0,SUCCESS
B,beta,111,1776511920408,1776511920408,0,SUCCESS
B,beta,112,1776511920408,1776511920408,0,SUCCESS
B,beta,113,1776511920408,1776511920408,0,SUCCESS
B,beta,114,1776511920408,1776511920408,0,SUCCESS
B,beta,115,1776511920408,1776511920408,0,SUCCESS
B,beta,116,1776511920408,1776511920408,0,SUCCESS
B,beta,117,1776511920408,1776511920408,0,SUCCESS
B,beta,118,1776511920408,1776511920408,0,SUCCESS
B,beta,119,1776511920408,1776511920408,0,SUCCESS
B,beta,120,1776511920408,1776511920408,0,SUCCESS
B,beta,121,1776511920408,1776511920408,0,SUCCESS
B,beta,122,1776511920408,1776511920408,0,SUCCESS
B,beta,123,1776511920408,1776511920408,0,SUCCESS
B,beta,124,1776511920408,1776511920408,0,SUCCESS
B,beta,125,1776511920408,1776511920408,0,SUCCESS
B,beta,126,1776511920408,1776511920408,0,SUCCESS
B,beta,127,1776511920408,1776511920408,0,SUCCESS
B,beta,128,1776511920408,1776511920408,0,SUCCESS
B,beta,129,1776511920408,1776511920408,0,SUCCESS
B,beta,130,1776511920408,1776511920408,0,SUCCESS
B,beta,131,1776511920408,1776511920408,0,SUCCESS
B,beta,132,1776511920408,1776511920408,0,SUCCESS
B,beta,133,1776511920408,1776511920408,0,SUCCESS
B,beta,134,1776511920408,1776511920408,0,SUCCESS
B,beta,135,1776511920408,1776511920408,0,SUCCESS
B,beta,136,1776511920408,1776511920408,0,SUCCESS
B,beta,137,1776511920408,1776511920408,0,SUCCESS
B,beta,138,1776511920408,1776511920408,0,SUCCESS
B,beta,139,1776511920408,1776511920408,0,SUCCESS
B,beta,140,1776511920408,1776511920408,0,SUCCESS
B,beta,141,1776511920408,1776511920408,0,SUCCESS
B,beta,142,1776511920408,1776511920408,0,SUCCESS
B,beta,143,1776511920408,1776511920408,0,SUCCESS
B,beta,144,1776511920408,1776511920408,0,SUCCESS
B,beta,145,1776511920408,1776511920408,0,SUCCESS
B,beta,146,1776511920408,1776511920408,0,SUCCESS
B,beta,147,1776511920408,1776511920408,0,SUCCESS
B,beta,148,1776511920408,1776511920408,0,SUCCESS
B,beta,149,1776511920408,1776511920408,0,SUCCESS
B,beta,150,1776511920408,1776511920408,0,SUCCESS
B,beta,151,1776511920408,1776511920408,0,SUCCESS
B,beta,152,1776511920408,1776511920408,0,SUCCESS
B,beta,153,1776511920408,1776511920408,0,SUCCESS
B,beta,154,1776511920408,1776511920408,0,SUCCESS
B,beta,155,1776511920408,1776511920408,0,SUCCESS
B,beta,156,1776511920408,1776511920408,0,SUCCESS
B,beta,157,1776511920408,1776511920408,0,SUCCESS
B,beta,158,1776511920408,1776511920408,0,SUCCESS
B,beta,159,1776511920408,1776511920408,0,SUCCESS
B,beta,160,1776511920408,1776511920408,0,SUCCESS
B,beta,161,1776511920408,1776511920408,0,SUCCESS
B,beta,162,1776511920408,1776511920408,0,SUCCESS
B,beta,163,1776511920408,1776511920408,0,SUCCESS
B,beta,164,1776511920408,1776511920408,0,SUCCESS
B,beta,165,1776511920408,1776511920408,0,SUCCESS
B,beta,166,1776511920408,1776511920408,0,SUCCESS
B,beta,167,1776511920408,1776511920408,0,SUCCESS
B,beta,168,1776511920408,1776511920408,0,SUCCESS
B,beta,169,1776511920408,1776511920408,0,SUCCESS
B,beta,170,1776511920408,1776511920408,0,SUCCESS
B,beta,171,1776511920408,1776511920408,0,SUCCESS
B,beta,172,1776511920408,1776511920408,0,SUCCESS
B,beta,173,1776511920408,1776511920408,0,SUCCESS
B,beta,174,1776511920408,1776511920408,0,SUCCESS
B,beta,175,1776511920408,1776511920408,0,SUCCESS
B,beta,176,1776511920408,1776511920408,0,SUCCESS
B,beta,177,1776511920408,1776511920408,0,SUCCESS
B,beta,178,1776511920408,1776511920408,0,SUCCESS
B,beta,179,1776511920408,1776511920408,0,SUCCESS
B,beta,180,1776511920408,1776511920408,0,SUCCESS
B,beta,181,1776511920408,1776511920408,0,SUCCESS
B,beta,182,1776511920408,1776511920408,0,SUCCESS
B,beta,183,1776511920408,1776511920408,0,SUCCESS
B,beta,184,1776511920408,1776511920408,0,SUCCESS
B,beta,185,1776511920408,1776511920408,0,SUCCESS
B,beta,186,1776511920408,1776511920408,0,SUCCESS
B,beta,187,1776511920408,1776511920408,0,SUCCESS
B,beta,188,1776511920408,1776511920408,0,SUCCESS
B,beta,189,1776511920408,1776511920408,0,SUCCESS
B,beta,190,1776511920408,1776511920408,0,SUCCESS
B,beta,191,1776511920408,1776511920408,0,SUCCESS
B,beta,192,1776511920408,1776511920408,0,SUCCESS
B,beta,193,1776511920408,1776511920408,0,SUCCESS
B,beta,194,1776511920408,1776511920408,0,SUCCESS
B,beta,195,1776511920408,1776511920408,0,SUCCESS
B,beta,196,1776511920408,1776511920408,0,SUCCESS
B,beta,197,1776511920408,1776511920408,0,SUCCESS
B,beta,198,1776511920408,1776511920408,0,SUCCESS
B,beta,199,1776511920408,1776511920408,0,SUCCESS
B,beta,200,1776511920408,1776511920408,0,SUCCESS
B,beta,201,1776511920408,1776511920408,0,SUCCESS
B,beta,202,1776511920408,1776511920408,0,SUCCESS
B,beta,203,1776511920408,1776511920408,0,SUCCESS
B,beta,204,1776511920408,1776511920408,0,SUCCESS
B,beta,205,1776511920408,1776511920408,0,SUCCESS
B,beta,206,1776511920408,1776511920408,0,SUCCESS
B,beta,207,1776511920408,1776511920408,0,SUCCESS
B,beta,208,1776511920408,1776511920408,0,SUCCESS
B,beta,209,1776511920408,1776511920408,0,SUCCESS
B,beta,210,1776511920408,1776511920408,0,SUCCESS
B,beta,211,1776511920408,1776511920408,0,SUCCESS
B,beta,212,1776511920408,1776511920408,0,SUCCESS
B,beta,213,1776511920408,1776511920408,0,SUCCESS
B,beta,214,1776511920408,1776511920408,0,SUCCESS
B,beta,215,1776511920408,1776511920408,0,SUCCESS
B,beta,216,1776511920408,1776511920408,0,SUCCESS
B,beta,217,1776511920408,1776511920408,0,SUCCESS
B,beta,218,1776511920408,1776511920408,0,SUCCESS
B,beta,219,1776511920408,1776511920408,0,SUCCESS
B,beta,220,1776511920408,1776511920408,0,SUCCESS
B,beta,221,1776511920408,1776511920408,0,SUCCESS
B,beta,222,1776511920408,1776511920408,0,SUCCESS
B,beta,223,1776511920408,1776511920408,0,SUCCESS
B,beta,224,1776511920408,1776511920408,0,SUCCESS
B,beta,225,1776511920408,1776511920408,0,SUCCESS
B,beta,226,1776511920408,1776511920408,0,SUCCESS
B,beta,227,1776511920408,1776511920408,0,SUCCESS
B,beta,228,1776511920408,1776511920408,0,SUCCESS
B,beta,229,1776511920408,1776511920408,0,SUCCESS
B,beta,230,1776511920408,1776511920408,0,SUCCESS
B,beta,231,1776511920408,1776511920408,0,SUCCESS
B,beta,232,1776511920408,1776511920408,0,SUCCESS
B,beta,233,1776511920408,1776511920408,0,SUCCESS
B,beta,234,1776511920408,1776511920408,0,SUCCESS
B,beta,235,1776511920408,1776511920408,0,SUCCESS
B,beta,236,1776511920408,1776511920408,0,SUCCESS
B,beta,237,1776511920408,1776511920408,0,SUCCESS
B,beta,238,1776511920408,1776511920408,0,SUCCESS
B,beta,239,1776511920408,1776511920408,0,SUCCESS
B,beta,240,1776511920408,1776511920408,0,SUCCESS
B,beta,241,1776511920408,1776511920408,0,SUCCESS
B,beta,242,1776511920408,1776511920408,0,SUCCESS
B,beta,243,1776511920408,1776511920408,0,SUCCESS
B,beta,244,1776511920408,1776511920408,0,SUCCESS
B,beta,245,1776511920408,1776511920408,0,SUCCESS
B,beta,246,1776511920408,1776511920408,0,SUCCESS
B,beta,247,1776511920408,1776511920408,0,SUCCESS
B,beta,248,1776511920408,1776511920408,0,SUCCESS
B,beta,249,1776511920408,1776511920408,0,SUCCESS
B,beta,250,1776511920408,1776511920408,0,SUCCESS
B,beta,251,1776511920408,1776511920408,0,SUCCESS
B,beta,252,1776511920408,1776511920408,0,SUCCESS
B,beta,253,1776511920408,1776511920408,0,SUCCESS
B,beta,254,1776511920408,1776511920408,0,SUCCESS
B,beta,255,1776511920408,1776511920408,0,SUCCESS
B,beta,256,1776511920408,1776511920408,0,SUCCESS
B,beta,257,1776511920408,1776511920408,0,SUCCESS
B,beta,258,1776511920408,1776511920408,0,SUCCESS
B,beta,259,1776511920408,1776511920408,0,SUCCESS
B,beta,260,1776511920408,1776511920408,0,SUCCESS
B,beta,261,1776511920408,1776511920408,0,SUCCESS
B,beta,262,1776511920408,1776511920408,0,SUCCESS
B,beta,263,1776511920408,1776511920408,0,SUCCESS
B,beta,264,1776511920408,1776511920408,0,SUCCESS
B,beta,265,1776511920408,1776511920408,0,SUCCESS
B,beta,266,1776511920408,1776511920408,0,SUCCESS
B,beta,267,1776511920408,1776511920408,0,SUCCESS
B,beta,268,1776511920408,1776511920408,0,SUCCESS
B,beta,269,1776511920408,1776511920408,0,SUCCESS
B,beta,270,1776511920408,1776511920408,0,SUCCESS
B,beta,271,1776511920408,1776511920408,0,SUCCESS
B,beta,272,1776511920408,1776511920408,0,SUCCESS
B,beta,273,1776511920408,1776511920408,0,SUCCESS
B,beta,274,1776511920408,1776511920408,0,SUCCESS
B,beta,275,1776511920408,1776511920408,0,SUCCESS
B,beta,276,1776511920408,1776511920408,0,SUCCESS
B,beta,277,1776511920408,1776511920408,0,SUCCESS
B,beta,278,1776511920408,1776511920408,0,SUCCESS
B,beta,279,1776511920408,1776511920408,0,SUCCESS
B,beta,280,1776511920408,1776511920408,0,SUCCESS
B,beta,281,1776511920408,1776511920408,0,SUCCESS
B,beta,282,1776511920408,1776511920408,0,SUCCESS
B,beta,283,1776511920408,1776511920408,0,SUCCESS
B,beta,284,1776511920408,1776511920408,0,SUCCESS
B,beta,285,1776511920408,1776511920408,0,SUCCESS
B,beta,286,1776511920408,1776511920408,0,SUCCESS
B,beta,287,1776511920408,1776511920408,0,SUCCESS
B,beta,288,1776511920408,1776511920408,0,SUCCESS
B,beta,289,1776511920408,1776511920408,0,SUCCESS
B,beta,290,1776511920408,1776511920408,0,SUCCESS
B,beta,291,1776511920408,1776511920408,0,SUCCESS
B,beta,292,1776511920408,1776511920408,0,SUCCESS
B,beta,293,1776511920408,1776511920408,0,SUCCESS
B,beta,294,1776511920408,1776511920408,0,SUCCESS
B,beta,295,1776511920408,1776511920408,0,SUCCESS
B,beta,296,1776511920408,1776511920408,0,SUCCESS
B,beta,297,1776511920408,1776511920408,0,SUCCESS
B,beta,298,1776511920408,1776511920408,0,SUCCESS
B,beta,299,1776511920408,1776511920408,0,SUCCESS
B,beta,300,1776511920408,1776511920408,0,SUCCESS
B,beta,301,1776511920408,1776511920408,0,SUCCESS
B,beta,302,1776511920408,1776511920408,0,SUCCESS
B,beta,303,1776511920408,1776511920408,0,SUCCESS
B,beta,304,1776511920408,1776511920408,0,SUCCESS
B,beta,305,1776511920408,1776511920408,0,SUCCESS
B,beta,306,1776511920408,1776511920408,0,SUCCESS
B,beta,307,1776511920408,1776511920408,0,SUCCESS
B,beta,308,1776511920408,1776511920408,0,SUCCESS
B,beta,309,1776511920408,1776511920408,0,SUCCESS
B,beta,310,1776511920408,1776511920408,0,SUCCESS
B,beta,311,1776511920408,1776511920408,0,SUCCESS
B,beta,312,1776511920408,1776511920408,0,SUCCESS
B,beta,313,1776511920408,1776511920408,0,SUCCESS
B,beta,314,1776511920408,1776511920408,0,SUCCESS
B,beta,315,1776511920408,1776511920408,0,SUCCESS
B,beta,316,1776511920408,1776511920408,0,SUCCESS
B,beta,317,1776511920408,1776511920408,0,SUCCESS
B,beta,318,1776511920408,1776511920408,0,SUCCESS
B,beta,319,1776511920408,1776511920408,0,SUCCESS
B,beta,320,1776511920408,1776511920408,0,SUCCESS
B,beta,321,1776511920408,1776511920408,0,SUCCESS
B,beta,322,1776511920408,1776511920408,0,SUCCESS
B,beta,323,1776511920408,1776511920408,0,SUCCESS
B,beta,324,1776511920408,1776511920408,0,SUCCESS
B,beta,325,1776511920408,1776511920408,0,SUCCESS
B,beta,326,1776511920408,1776511920408,0,SUCCESS
B,beta,327,1776511920408,1776511920408,0,SUCCESS
B,beta,328,1776511920408,1776511920408,0,SUCCESS
B,beta,329,1776511920408,1776511920408,0,SUCCESS
B,beta,330,1776511920408,1776511920408,0,SUCCESS
B,beta,331,1776511920408,1776511920408,0,SUCCESS
B,beta,332,1776511920408,1776511920408,0,SUCCESS
B,beta,333,1776511920408,1776511920408,0,SUCCESS
B,beta,334,1776511920408,1776511920408,0,SUCCESS
B,beta,335,1776511920408,1776511920408,0,SUCCESS
B,beta,336,1776511920408,1776511920408,0,SUCCESS
B,beta,337,1776511920408,1776511920408,0,SUCCESS
B,beta,338,1776511920408,1776511920408,0,SUCCESS
B,beta,339,1776511920408,1776511920408,0,SUCCESS
B,beta,340,1776511920408,1776511920408,0,SUCCESS
B,beta,341,1776511920408,1776511920408,0,SUCCESS
B,beta,342,1776511920408,1776511920408,0,SUCCESS
B,beta,343,1776511920408,1776511920408,0,SUCCESS
B,beta,344,1776511920408,1776511920408,0,SUCCESS
B,beta,345,1776511920408,1776511920408,0,SUCCESS
B,beta,346,1776511920408,1776511920408,0,SUCCESS
B,beta,347,1776511920408,1776511920408,0,SUCCESS
B,beta,348,1776511920408,1776511920408,0,SUCCESS
B,beta,349,1776511920408,1776511920408,0,SUCCESS
B,beta,350,1776511920408,1776511920408,0,SUCCESS
B,beta,351,1776511920408,1776511920408,0,SUCCESS
B,beta,352,1776511920408,1776511920408,0,SUCCESS
B,beta,353,1776511920408,1776511920408,0,SUCCESS
B,beta,354,1776511920408,1776511920408,0,SUCCESS
B,beta,355,1776511920409,1776511920409,0,SUCCESS
B,beta,356,1776511920409,1776511920409,0,SUCCESS
B,beta,357,1776511920409,1776511920409,0,SUCCESS
B,beta,358,1776511920409,1776511920409,0,SUCCESS
B,beta,359,1776511920409,1776511920409,0,SUCCESS
B,beta,360,1776511920409,1776511920409,0,SUCCESS
B,beta,361,1776511920409,1776511920409,0,SUCCESS
B,beta,362,1776511920409,1776511920409,0,SUCCESS
B,beta,363,1776511920409,1776511920409,0,SUCCESS
B,beta,364,1776511920409,1776511920409,0,SUCCESS
B,beta,365,1776511920409,1776511920409,0,SUCCESS
B,beta,366,1776511920409,1776511920409,0,SUCCESS
B,beta,367,1776511920409,1776511920409,0,SUCCESS
B,beta,368,1776511920409,1776511920409,0,SUCCESS
B,beta,369,1776511920409,1776511920409,0,SUCCESS
B,beta,370,1776511920409,1776511920409,0,SUCCESS
B,beta,371,1776511920409,1776511920409,0,SUCCESS
B,beta,372,1776511920409,1776511920409,0,SUCCESS
B,beta,373,1776511920409,1776511920409,0,SUCCESS
B,beta,374,1776511920409,1776511920409,0,SUCCESS
B,beta,375,1776511920409,1776511920409,0,SUCCESS
B,beta,376,1776511920409,1776511920409,0,SUCCESS
B,beta,377,1776511920409,1776511920409,0,SUCCESS
B,beta,378,1776511920409,1776511920409,0,SUCCESS
B,beta,379,1776511920409,1776511920409,0,SUCCESS
B,beta,380,1776511920409,1776511920409,0,SUCCESS
B,beta,381,1776511920409,1776511920409,0,SUCCESS
B,beta,382,1776511920409,1776511920409,0,SUCCESS
B,beta,383,1776511920409,1776511920409,0,SUCCESS
B,beta,384,1776511920409,1776511920409,0,SUCCESS
B,beta,385,1776511920409,1776511920409,0,SUCCESS
B,beta,386,1776511920409,1776511920409,0,SUCCESS
B,beta,387,1776511920409,1776511920409,0,SUCCESS
B,beta,388,1776511920409,1776511920409,0,SUCCESS
B,beta,389,1776511920409,1776511920409,0,SUCCESS
B,beta,390,1776511920409,1776511920409,0,SUCCESS
B,beta,391,1776511920409,1776511920409,0,SUCCESS
B,beta,392,1776511920409,1776511920409,0,SUCCESS
B,beta,393,1776511920409,1776511920409,0,SUCCESS
B,beta,394,1776511920409,1776511920409,0,SUCCESS
B,beta,395,1776511920409,1776511920409,0,SUCCESS
B,beta,396,1776511920409,1776511920409,0,SUCCESS
B,beta,397,1776511920409,1776511920409,0,SUCCESS
B,beta,398,1776511920409,1776511920409,0,SUCCESS
B,beta,399,1776511920409,1776511920409,0,SUCCESS
B,beta,400,1776511920409,1776511920409,0,SUCCESS
B,beta,401,1776511920409,1776511920409,0,SUCCESS
B,beta,402,1776511920409,1776511920409,0,SUCCESS
B,beta,403,1776511920409,1776511920409,0,SUCCESS
B,beta,404,1776511920409,1776511920409,0,SUCCESS
B,beta,405,1776511920409,1776511920409,0,SUCCESS
B,beta,406,1776511920409,1776511920409,0,SUCCESS
B,beta,407,1776511920409,1776511920409,0,SUCCESS
B,beta,408,1776511920409,1776511920409,0,SUCCESS
B,beta,409,1776511920409,1776511920409,0,SUCCESS
B,beta,410,1776511920409,1776511920409,0,SUCCESS
B,beta,411,1776511920409,1776511920409,0,SUCCESS
B,beta,412,1776511920409,1776511920409,0,SUCCESS
B,beta,413,1776511920409,1776511920409,0,SUCCESS
B,beta,414,1776511920409,1776511920409,0,SUCCESS
B,beta,415,1776511920409,1776511920409,0,SUCCESS
B,beta,416,1776511920409,1776511920409,0,SUCCESS
B,beta,417,1776511920409,1776511920409,0,SUCCESS
B,beta,418,1776511920409,1776511920409,0,SUCCESS
B,beta,419,1776511920409,1776511920409,0,SUCCESS
B,beta,420,1776511920409,1776511920409,0,SUCCESS
B,beta,421,1776511920409,1776511920409,0,SUCCESS
B,beta,422,1776511920409,1776511920409,0,SUCCESS
B,beta,423,1776511920409,1776511920409,0,SUCCESS
B,beta,424,1776511920409,1776511920409,0,SUCCESS
B,beta,425,1776511920409,1776511920409,0,SUCCESS
B,beta,426,1776511920409,1776511920409,0,SUCCESS
B,beta,427,1776511920409,1776511920409,0,SUCCESS
B,beta,428,1776511920409,1776511920409,0,SUCCESS
B,beta,429,1776511920409,1776511920409,0,SUCCESS
B,beta,430,1776511920409,1776511920409,0,SUCCESS
B,beta,431,1776511920409,1776511920409,0,SUCCESS
B,beta,432,1776511920409,1776511920409,0,SUCCESS
B,beta,433,1776511920409,1776511920409,0,SUCCESS
B,beta,434,1776511920409,1776511920409,0,SUCCESS
B,beta,435,1776511920409,1776511920409,0,SUCCESS
B,beta,436,1776511920409,1776511920409,0,SUCCESS
B,beta,437,1776511920409,1776511920409,0,SUCCESS
B,beta,438,1776511920409,1776511920409,0,SUCCESS
B,beta,439,1776511920409,1776511920409,0,SUCCESS
B,beta,440,1776511920409,1776511920409,0,SUCCESS
B,beta,441,1776511920409,1776511920409,0,SUCCESS
B,beta,442,1776511920409,1776511920409,0,SUCCESS
B,beta,443,1776511920409,1776511920409,0,SUCCESS
B,beta,444,1776511920409,1776511920409,0,SUCCESS
B,beta,445,1776511920409,1776511920409,0,SUCCESS
B,beta,446,1776511920409,1776511920409,0,SUCCESS
B,beta,447,1776511920409,1776511920409,0,SUCCESS
B,beta,448,1776511920409,1776511920409,0,SUCCESS
B,beta,449,1776511920409,1776511920409,0,SUCCESS
B,beta,450,1776511920409,1776511920409,0,SUCCESS
B,beta,451,1776511920409,1776511920409,0,SUCCESS
B,beta,452,1776511920409,1776511920409,0,SUCCESS
B,beta,453,1776511920409,1776511920409,0,SUCCESS
B,beta,454,1776511920409,1776511920409,0,SUCCESS
B,beta,455,1776511920409,1776511920409,0,SUCCESS
B,beta,456,1776511920409,1776511920409,0,SUCCESS
B,beta,457,1776511920409,1776511920409,0,SUCCESS
B,beta,458,1776511920409,1776511920409,0,SUCCESS
B,beta,459,1776511920409,1776511920409,0,SUCCESS
B,beta,460,1776511920409,1776511920409,0,SUCCESS
B,beta,461,1776511920409,1776511920409,0,SUCCESS
B,beta,462,1776511920409,1776511920409,0,SUCCESS
B,beta,463,1776511920409,1776511920409,0,SUCCESS
B,beta,464,1776511920409,1776511920409,0,SUCCESS
B,beta,465,1776511920409,1776511920409,0,SUCCESS
B,beta,466,1776511920409,1776511920409,0,SUCCESS
B,beta,467,1776511920409,1776511920409,0,SUCCESS
B,beta,468,1776511920409,1776511920409,0,SUCCESS
B,beta,469,1776511920409,1776511920409,0,SUCCESS
B,beta,470,1776511920409,1776511920409,0,SUCCESS
B,beta,471,1776511920409,1776511920409,0,SUCCESS
B,beta,472,1776511920409,1776511920409,0,SUCCESS
B,beta,473,1776511920409,1776511920409,0,SUCCESS
B,beta,474,1776511920409,1776511920409,0,SUCCESS
B,beta,475,1776511920409,1776511920409,0,SUCCESS
B,beta,476,1776511920409,1776511920409,0,SUCCESS
B,beta,477,1776511920409,1776511920409,0,SUCCESS
B,beta,478,1776511920409,1776511920409,0,SUCCESS
B,beta,479,1776511920409,1776511920409,0,SUCCESS
B,beta,480,1776511920409,1776511920409,0,SUCCESS
B,beta,481,1776511920409,1776511920409,0,SUCCESS
B,beta,482,1776511920409,1776511920409,0,SUCCESS
B,beta,483,1776511920409,1776511920409,0,SUCCESS
B,beta,484,1776511920409,1776511920409,0,SUCCESS
B,beta,485,1776511920409,1776511920409,0,SUCCESS
B,beta,486,1776511920409,1776511920409,0,SUCCESS
B,beta,487,1776511920409,1776511920409,0,SUCCESS
B,beta,488,1776511920409,1776511920409,0,SUCCESS
B,beta,489,1776511920409,1776511920409,0,SUCCESS
B,beta,490,1776511920409,1776511920409,0,SUCCESS
B,beta,491,1776511920409,1776511920409,0,SUCCESS
B,beta,492,1776511920409,1776511920409,0,SUCCESS
B,beta,493,1776511920409,1776511920409,0,SUCCESS
B,beta,494,1776511920409,1776511920409,0,SUCCESS
B,beta,495,1776511920409,1776511920409,0,SUCCESS
B,beta,496,1776511920409,1776511920409,0,SUCCESS
B,beta,497,1776511920409,1776511920409,0,SUCCESS
B,beta,498,1776511920409,1776511920409,0,SUCCESS
B,beta,499,1776511920409,1776511920409,0,SUCCESS
B,beta,500,1776511920409,1776511920409,0,SUCCESS
B,beta,501,1776511920409,1776511920409,0,SUCCESS
B,beta,502,1776511920409,1776511920409,0,SUCCESS
B,beta,503,1776511920409,1776511920409,0,SUCCESS
B,beta,504,1776511920409,1776511920409,0,SUCCESS
B,beta,505,1776511920409,1776511920409,0,SUCCESS
B,beta,506,1776511920409,1776511920409,0,SUCCESS
B,beta,507,1776511920409,1776511920409,0,SUCCESS
B,beta,508,1776511920409,1776511920409,0,SUCCESS
B,beta,509,1776511920409,1776511920409,0,SUCCESS
B,beta,510,1776511920409,1776511920409,0,SUCCESS
B,beta,511,1776511920409,1776511920409,0,SUCCESS
B,beta,512,1776511920409,1776511920409,0,SUCCESS
B,beta,513,1776511920409,1776511920409,0,SUCCESS
B,beta,514,1776511920409,1776511920409,0,SUCCESS
B,beta,515,1776511920409,1776511920409,0,SUCCESS
B,beta,516,1776511920409,1776511920409,0,SUCCESS
B,beta,517,1776511920409,1776511920409,0,SUCCESS
B,beta,518,1776511920409,1776511920409,0,SUCCESS
B,beta,519,1776511920409,1776511920409,0,SUCCESS
B,beta,520,1776511920409,1776511920409,0,SUCCESS
B,beta,521,1776511920409,1776511920409,0,SUCCESS
B,beta,522,1776511920409,1776511920409,0,SUCCESS
B,beta,523,1776511920409,1776511920409,0,SUCCESS
B,beta,524,1776511920409,1776511920409,0,SUCCESS
B,beta,525,1776511920409,1776511920409,0,SUCCESS
B,beta,526,1776511920409,1776511920409,0,SUCCESS
B,beta,527,1776511920409,1776511920409,0,SUCCESS
B,beta,528,1776511920409,1776511920409,0,SUCCESS
B,beta,529,1776511920409,1776511920409,0,SUCCESS
B,beta,530,1776511920409,1776511920409,0,SUCCESS
B,beta,531,1776511920409,1776511920409,0,SUCCESS
B,beta,532,1776511920409,1776511920409,0,SUCCESS
B,beta,533,1776511920409,1776511920409,0,SUCCESS
B,beta,534,1776511920409,1776511920409,0,SUCCESS
B,beta,535,1776511920409,1776511920409,0,SUCCESS
B,beta,536,1776511920409,1776511920409,0,SUCCESS
B,beta,537,1776511920409,1776511920409,0,SUCCESS
B,beta,538,1776511920409,1776511920409,0,SUCCESS
B,beta,539,1776511920409,1776511920409,0,SUCCESS
B,beta,540,1776511920409,1776511920409,0,SUCCESS
B,beta,541,1776511920409,1776511920409,0,SUCCESS
B,beta,542,1776511920409,1776511920409,0,SUCCESS
B,beta,543,1776511920409,1776511920409,0,SUCCESS
B,beta,544,1776511920409,1776511920409,0,SUCCESS
B,beta,545,1776511920409,1776511920409,0,SUCCESS
B,beta,546,1776511920409,1776511920409,0,SUCCESS
B,beta,547,1776511920409,1776511920409,0,SUCCESS
B,beta,548,1776511920409,1776511920409,0,SUCCESS
B,beta,549,1776511920409,1776511920409,0,SUCCESS
B,beta,550,1776511920409,1776511920409,0,SUCCESS
B,beta,551,1776511920409,1776511920409,0,SUCCESS
B,beta,552,1776511920409,1776511920409,0,SUCCESS
B,beta,553,1776511920409,1776511920409,0,SUCCESS
B,beta,554,1776511920409,1776511920409,0,SUCCESS
B,beta,555,1776511920409,1776511920409,0,SUCCESS
B,beta,556,1776511920409,1776511920409,0,SUCCESS
B,beta,557,1776511920409,1776511920409,0,SUCCESS
B,beta,558,1776511920409,1776511920409,0,SUCCESS
B,beta,559,1776511920409,1776511920409,0,SUCCESS
B,beta,560,1776511920409,1776511920409,0,SUCCESS
B,beta,561,1776511920409,1776511920409,0,SUCCESS
B,beta,562,1776511920409,1776511920409,0,SUCCESS
B,beta,563,1776511920409,1776511920409,0,SUCCESS
B,beta,564,1776511920409,1776511920409,0,SUCCESS
B,beta,565,1776511920409,1776511920409,0,SUCCESS
B,beta,566,1776511920409,1776511920409,0,SUCCESS
B,beta,567,1776511920409,1776511920409,0,SUCCESS
B,beta,568,1776511920409,1776511920409,0,SUCCESS
B,beta,569,1776511920409,1776511920409,0,SUCCESS
B,beta,570,1776511920409,1776511920409,0,SUCCESS
B,beta,571,1776511920409,1776511920409,0,SUCCESS
B,beta,572,1776511920409,1776511920409,0,SUCCESS
B,beta,573,1776511920409,1776511920409,0,SUCCESS
B,beta,574,1776511920409,1776511920409,0,SUCCESS
B,beta,575,1776511920409,1776511920409,0,SUCCESS
B,beta,576,1776511920409,1776511920409,0,SUCCESS
B,beta,577,1776511920409,1776511920409,0,SUCCESS
B,beta,578,1776511920409,1776511920409,0,SUCCESS
B,beta,579,1776511920409,1776511920409,0,SUCCESS
B,beta,580,1776511920409,1776511920409,0,SUCCESS
B,beta,581,1776511920409,1776511920409,0,SUCCESS
B,beta,582,1776511920409,1776511920409,0,SUCCESS
B,beta,583,1776511920409,1776511920409,0,SUCCESS
B,beta,584,1776511920409,1776511920409,0,SUCCESS
B,beta,585,1776511920409,1776511920409,0,SUCCESS
B,beta,586,1776511920409,1776511920409,0,SUCCESS
B,beta,587,1776511920409,1776511920409,0,SUCCESS
B,beta,588,1776511920409,1776511920409,0,SUCCESS
B,beta,589,1776511920409,1776511920409,0,SUCCESS
B,beta,590,1776511920409,1776511920409,0,SUCCESS
B,beta,591,1776511920409,1776511920409,0,SUCCESS
B,beta,592,1776511920409,1776511920409,0,SUCCESS
B,beta,593,1776511920409,1776511920409,0,SUCCESS
B,beta,594,1776511920409,1776511920409,0,SUCCESS
B,beta,595,1776511920409,1776511920409,0,SUCCESS
B,beta,596,1776511920409,1776511920409,0,SUCCESS
B,beta,597,1776511920409,1776511920409,0,SUCCESS
B,beta,598,1776511920409,1776511920409,0,SUCCESS
B,beta,599,1776511920409,1776511920409,0,SUCCESS
B,beta,600,1776511920409,1776511920409,0,SUCCESS
B,beta,601,1776511920409,1776511920409,0,SUCCESS
B,beta,602,1776511920409,1776511920409,0,SUCCESS
B,beta,603,1776511920409,1776511920409,0,SUCCESS
B,beta,604,1776511920409,1776511920409,0,SUCCESS
B,beta,605,1776511920409,1776511920409,0,SUCCESS
B,beta,606,1776511920409,1776511920409,0,SUCCESS
B,beta,607,1776511920409,1776511920409,0,SUCCESS
B,beta,608,1776511920409,1776511920409,0,SUCCESS
B,beta,609,1776511920409,1776511920409,0,SUCCESS
B,beta,610,1776511920409,1776511920409,0,SUCCESS
B,beta,611,1776511920409,1776511920409,0,SUCCESS
B,beta,612,1776511920409,1776511920409,0,SUCCESS
B,beta,613,1776511920409,1776511920409,0,SUCCESS
B,beta,614,1776511920409,1776511920409,0,SUCCESS
B,beta,615,1776511920409,1776511920409,0,SUCCESS
B,beta,616,1776511920409,1776511920409,0,SUCCESS
B,beta,617,1776511920409,1776511920409,0,SUCCESS
B,beta,618,1776511920409,1776511920409,0,SUCCESS
B,beta,619,1776511920409,1776511920409,0,SUCCESS
B,beta,620,1776511920409,1776511920409,0,SUCCESS
B,beta,621,1776511920409,1776511920409,0,SUCCESS
B,beta,622,1776511920409,1776511920409,0,SUCCESS
B,beta,623,1776511920409,1776511920409,0,SUCCESS
B,beta,624,1776511920409,1776511920409,0,SUCCESS
B,beta,625,1776511920409,1776511920409,0,SUCCESS
B,beta,626,1776511920409,1776511920409,0,SUCCESS
B,beta,627,1776511920409,1776511920409,0,SUCCESS
B,beta,628,1776511920409,1776511920409,0,SUCCESS
B,beta,629,1776511920409,1776511920409,0,SUCCESS
B,beta,630,1776511920409,1776511920409,0,SUCCESS
B,beta,631,1776511920409,1776511920409,0,SUCCESS
B,beta,632,1776511920409,1776511920409,0,SUCCESS
B,beta,633,1776511920409,1776511920409,0,SUCCESS
B,beta,634,1776511920409,1776511920409,0,SUCCESS
B,beta,635,1776511920409,1776511920409,0,SUCCESS
B,beta,636,1776511920409,1776511920409,0,SUCCESS
B,beta,637,1776511920409,1776511920409,0,SUCCESS
B,beta,638,1776511920409,1776511920409,0,SUCCESS
B,beta,639,1776511920409,1776511920409,0,SUCCESS
B,beta,640,1776511920409,1776511920409,0,SUCCESS
B,beta,641,1776511920409,1776511920409,0,SUCCESS
B,beta,642,1776511920409,1776511920409,0,SUCCESS
B,beta,643,1776511920409,1776511920409,0,SUCCESS
B,beta,644,1776511920409,1776511920409,0,SUCCESS
B,beta,645,1776511920409,1776511920409,0,SUCCESS
B,beta,646,1776511920409,1776511920409,0,SUCCESS
B,beta,647,1776511920409,1776511920409,0,SUCCESS
B,beta,648,1776511920409,1776511920409,0,SUCCESS
B,beta,649,1776511920409,1776511920409,0,SUCCESS
B,beta,650,1776511920409,1776511920409,0,SUCCESS
B,beta,651,1776511920409,1776511920409,0,SUCCESS
B,beta,652,1776511920409,1776511920409,0,SUCCESS
B,beta,653,1776511920409,1776511920409,0,SUCCESS
B,beta,654,1776511920409,1776511920409,0,SUCCESS
B,beta,655,1776511920409,1776511920409,0,SUCCESS
B,beta,656,1776511920409,1776511920409,0,SUCCESS
B,beta,657,1776511920409,1776511920409,0,SUCCESS
B,beta,658,1776511920409,1776511920409,0,SUCCESS
B,beta,659,1776511920409,1776511920409,0,SUCCESS
B,beta,660,1776511920409,1776511920409,0,SUCCESS
B,beta,661,1776511920409,1776511920409,0,SUCCESS
B,beta,662,1776511920409,1776511920409,0,SUCCESS
B,beta,663,1776511920409,1776511920409,0,SUCCESS
B,beta,664,1776511920409,1776511920409,0,SUCCESS
B,beta,665,1776511920409,1776511920409,0,SUCCESS
B,beta,666,1776511920409,1776511920409,0,SUCCESS
B,beta,667,1776511920409,1776511920409,0,SUCCESS
B,beta,668,1776511920409,1776511920409,0,SUCCESS
B,beta,669,1776511920409,1776511920409,0,SUCCESS
B,beta,670,1776511920409,1776511920409,0,SUCCESS
B,beta,671,1776511920409,1776511920409,0,SUCCESS
B,beta,672,1776511920409,1776511920409,0,SUCCESS
B,beta,673,1776511920409,1776511920409,0,SUCCESS
B,beta,674,1776511920409,1776511920409,0,SUCCESS
B,beta,675,1776511920409,1776511920409,0,SUCCESS
B,beta,676,1776511920409,1776511920409,0,SUCCESS
B,beta,677,1776511920409,1776511920409,0,SUCCESS
B,beta,678,1776511920409,1776511920409,0,SUCCESS
B,beta,679,1776511920409,1776511920409,0,SUCCESS
B,beta,680,1776511920409,1776511920409,0,SUCCESS
B,beta,681,1776511920409,1776511920409,0,SUCCESS
B,beta,682,1776511920409,1776511920409,0,SUCCESS
B,beta,683,1776511920409,1776511920409,0,SUCCESS
B,beta,684,1776511920409,1776511920409,0,SUCCESS
B,beta,685,1776511920409,1776511920409,0,SUCCESS
B,beta,686,1776511920409,1776511920409,0,SUCCESS
B,beta,687,1776511920409,1776511920409,0,SUCCESS
B,beta,688,1776511920409,1776511920409,0,SUCCESS
B,beta,689,1776511920409,1776511920409,0,SUCCESS
B,beta,690,1776511920409,1776511920409,0,SUCCESS
B,beta,691,1776511920409,1776511920409,0,SUCCESS
B,beta,692,1776511920409,1776511920409,0,SUCCESS
B,beta,693,1776511920409,1776511920409,0,SUCCESS
B,beta,694,1776511920409,1776511920409,0,SUCCESS
B,beta,695,1776511920409,1776511920409,0,SUCCESS
B,beta,696,1776511920409,1776511920409,0,SUCCESS
B,beta,697,1776511920409,1776511920409,0,SUCCESS
B,beta,698,1776511920409,1776511920409,0,SUCCESS
B,beta,699,1776511920409,1776511920409,0,SUCCESS
B,beta,700,1776511920409,1776511920409,0,SUCCESS
B,beta,701,1776511920409,1776511920409,0,SUCCESS
B,beta,702,1776511920409,1776511920409,0,SUCCESS
B,beta,703,1776511920409,1776511920409,0,SUCCESS
B,beta,704,1776511920409,1776511920409,0,SUCCESS
B,beta,705,1776511920409,1776511920409,0,SUCCESS
B,beta,706,1776511920409,1776511920409,0,SUCCESS
B,beta,707,1776511920409,1776511920409,0,SUCCESS
B,beta,708,1776511920409,1776511920409,0,SUCCESS
B,beta,709,1776511920409,1776511920409,0,SUCCESS
B,beta,710,1776511920409,1776511920409,0,SUCCESS
B,beta,711,1776511920409,1776511920409,0,SUCCESS
B,beta,712,1776511920409,1776511920409,0,SUCCESS
B,beta,713,1776511920409,1776511920409,0,SUCCESS
B,beta,714,1776511920409,1776511920409,0,SUCCESS
B,beta,715,1776511920409,1776511920409,0,SUCCESS
B,beta,716,1776511920409,1776511920409,0,SUCCESS
B,beta,717,1776511920409,1776511920409,0,SUCCESS
B,beta,718,1776511920409,1776511920409,0,SUCCESS
B,beta,719,1776511920409,1776511920409,0,SUCCESS
B,beta,720,1776511920409,1776511920409,0,SUCCESS
B,beta,721,1776511920409,1776511920409,0,SUCCESS
B,beta,722,1776511920409,1776511920409,0,SUCCESS
B,beta,723,1776511920409,1776511920409,0,SUCCESS
B,beta,724,1776511920409,1776511920409,0,SUCCESS
B,beta,725,1776511920409,1776511920409,0,SUCCESS
B,beta,726,1776511920409,1776511920409,0,SUCCESS
B,beta,727,1776511920409,1776511920409,0,SUCCESS
B,beta,728,1776511920409,1776511920409,0,SUCCESS
B,beta,729,1776511920409,1776511920409,0,SUCCESS
B,beta,730,1776511920409,1776511920409,0,SUCCESS
B,beta,731,1776511920409,1776511920409,0,SUCCESS
B,beta,732,1776511920409,1776511920409,0,SUCCESS
B,beta,733,1776511920409,1776511920409,0,SUCCESS
B,beta,734,1776511920409,1776511920409,0,SUCCESS
B,beta,735,1776511920409,1776511920409,0,SUCCESS
B,beta,736,1776511920409,1776511920409,0,SUCCESS
B,beta,737,1776511920409,1776511920409,0,SUCCESS
B,beta,738,1776511920409,1776511920409,0,SUCCESS
B,beta,739,1776511920409,1776511920409,0,SUCCESS
B,beta,740,1776511920409,1776511920409,0,SUCCESS
B,beta,741,1776511920409,1776511920409,0,SUCCESS
B,beta,742,1776511920409,1776511920409,0,SUCCESS
B,beta,743,1776511920409,1776511920409,0,SUCCESS
B,beta,744,1776511920409,1776511920409,0,SUCCESS
B,beta,745,1776511920409,1776511920409,0,SUCCESS
B,beta,746,1776511920409,1776511920409,0,SUCCESS
B,beta,747,1776511920409,1776511920409,0,SUCCESS
B,beta,748,1776511920409,1776511920409,0,SUCCESS
B,beta,749,1776511920409,1776511920409,0,SUCCESS
B,beta,750,1776511920409,1776511920409,0,SUCCESS
B,beta,751,1776511920409,1776511920409,0,SUCCESS
B,beta,752,1776511920409,1776511920409,0,SUCCESS
B,beta,753,1776511920409,1776511920409,0,SUCCESS
B,beta,754,1776511920409,1776511920409,0,SUCCESS
B,beta,755,1776511920409,1776511920409,0,SUCCESS
B,beta,756,1776511920409,1776511920409,0,SUCCESS
B,beta,757,1776511920409,1776511920409,0,SUCCESS
B,beta,758,1776511920409,1776511920409,0,SUCCESS
B,beta,759,1776511920409,1776511920409,0,SUCCESS
B,beta,760,1776511920409,1776511920409,0,SUCCESS
B,beta,761,1776511920409,1776511920409,0,SUCCESS
B,beta,762,1776511920409,1776511920409,0,SUCCESS
B,beta,763,1776511920409,1776511920409,0,SUCCESS
B,beta,764,1776511920409,1776511920409,0,SUCCESS
B,beta,765,1776511920409,1776511920409,0,SUCCESS
B,beta,766,1776511920409,1776511920409,0,SUCCESS
B,beta,767,1776511920409,1776511920409,0,SUCCESS
B,beta,768,1776511920409,1776511920409,0,SUCCESS
B,beta,769,1776511920409,1776511920409,0,SUCCESS
B,beta,770,1776511920409,1776511920409,0,SUCCESS
B,beta,771,1776511920409,1776511920409,0,SUCCESS
B,beta,772,1776511920409,1776511920409,0,SUCCESS
B,beta,773,1776511920409,1776511920409,0,SUCCESS
B,beta,774,1776511920409,1776511920409,0,SUCCESS
B,beta,775,1776511920409,1776511920409,0,SUCCESS
B,beta,776,1776511920409,1776511920409,0,SUCCESS
B,beta,777,1776511920409,1776511920409,0,SUCCESS
B,beta,778,1776511920409,1776511920409,0,SUCCESS
B,beta,779,1776511920409,1776511920409,0,SUCCESS
B,beta,780,1776511920409,1776511920409,0,SUCCESS
B,beta,781,1776511920409,1776511920409,0,SUCCESS
B,beta,782,1776511920409,1776511920409,0,SUCCESS
B,beta,783,1776511920409,1776511920409,0,SUCCESS
B,beta,784,1776511920409,1776511920409,0,SUCCESS
B,beta,785,1776511920409,1776511920409,0,SUCCESS
B,beta,786,1776511920409,1776511920409,0,SUCCESS
B,beta,787,1776511920409,1776511920409,0,SUCCESS
B,beta,788,1776511920409,1776511920409,0,SUCCESS
B,beta,789,1776511920409,1776511920409,0,SUCCESS
B,beta,790,1776511920409,1776511920409,0,SUCCESS
B,beta,791,1776511920409,1776511920409,0,SUCCESS
B,beta,792,1776511920409,1776511920409,0,SUCCESS
B,beta,793,1776511920409,1776511920409,0,SUCCESS
B,beta,794,1776511920409,1776511920409,0,SUCCESS
B,beta,795,1776511920409,1776511920409,0,SUCCESS
B,beta,796,1776511920409,1776511920409,0,SUCCESS
B,beta,797,1776511920409,1776511920409,0,SUCCESS
B,beta,798,1776511920409,1776511920409,0,SUCCESS
B,beta,799,1776511920409,1776511920409,0,SUCCESS
B,beta,800,1776511920409,1776511920409,0,SUCCESS
B,beta,801,1776511920409,1776511920409,0,SUCCESS
B,beta,802,1776511920409,1776511920409,0,SUCCESS
B,beta,803,1776511920409,1776511920409,0,SUCCESS
B,beta,804,1776511920409,1776511920409,0,SUCCESS
B,beta,805,1776511920409,1776511920409,0,SUCCESS
B,beta,806,1776511920409,1776511920409,0,SUCCESS
B,beta,807,1776511920409,1776511920409,0,SUCCESS
B,beta,808,1776511920409,1776511920409,0,SUCCESS
B,beta,809,1776511920409,1776511920409,0,SUCCESS
B,beta,810,1776511920409,1776511920409,0,SUCCESS
B,beta,811,1776511920409,1776511920409,0,SUCCESS
B,beta,812,1776511920409,1776511920409,0,SUCCESS
B,beta,813,1776511920409,1776511920409,0,SUCCESS
B,beta,814,1776511920409,1776511920409,0,SUCCESS
B,beta,815,1776511920409,1776511920409,0,SUCCESS
B,beta,816,1776511920409,1776511920409,0,SUCCESS
B,beta,817,1776511920409,1776511920409,0,SUCCESS
B,beta,818,1776511920409,1776511920409,0,SUCCESS
B,beta,819,1776511920409,1776511920409,0,SUCCESS
B,beta,820,1776511920409,1776511920409,0,SUCCESS
B,beta,821,1776511920409,1776511920409,0,SUCCESS
B,beta,822,1776511920409,1776511920409,0,SUCCESS
B,beta,823,1776511920409,1776511920409,0,SUCCESS
B,beta,824,1776511920409,1776511920409,0,SUCCESS
B,beta,825,1776511920409,1776511920409,0,SUCCESS
B,beta,826,1776511920409,1776511920409,0,SUCCESS
B,beta,827,1776511920409,1776511920409,0,SUCCESS
B,beta,828,1776511920409,1776511920409,0,SUCCESS
B,beta,829,1776511920409,1776511920409,0,SUCCESS
B,beta,830,1776511920409,1776511920409,0,SUCCESS
B,beta,831,1776511920409,1776511920409,0,SUCCESS
B,beta,832,1776511920409,1776511920409,0,SUCCESS
B,beta,833,1776511920409,1776511920409,0,SUCCESS
B,beta,834,1776511920409,1776511920409,0,SUCCESS
B,beta,835,1776511920409,1776511920409,0,SUCCESS
B,beta,836,1776511920409,1776511920409,0,SUCCESS
B,beta,837,1776511920409,1776511920409,0,SUCCESS
B,beta,838,1776511920409,1776511920409,0,SUCCESS
B,beta,839,1776511920409,1776511920409,0,SUCCESS
B,beta,840,1776511920409,1776511920409,0,SUCCESS
B,beta,841,1776511920409,1776511920409,0,SUCCESS
B,beta,842,1776511920409,1776511920409,0,SUCCESS
B,beta,843,1776511920409,1776511920409,0,SUCCESS
B,beta,844,1776511920409,1776511920409,0,SUCCESS
B,beta,845,1776511920409,1776511920409,0,SUCCESS
B,beta,846,1776511920409,1776511920409,0,SUCCESS
B,beta,847,1776511920409,1776511920409,0,SUCCESS
B,beta,848,1776511920409,1776511920409,0,SUCCESS
B,beta,849,1776511920409,1776511920409,0,SUCCESS
B,beta,850,1776511920409,1776511920409,0,SUCCESS
B,beta,851,1776511920409,1776511920409,0,SUCCESS
B,beta,852,1776511920409,1776511920409,0,SUCCESS
B,beta,853,1776511920409,1776511920409,0,SUCCESS
B,beta,854,1776511920409,1776511920409,0,SUCCESS
B,beta,855,1776511920409,1776511920409,0,SUCCESS
B,beta,856,1776511920409,1776511920409,0,SUCCESS
B,beta,857,1776511920410,1776511920410,0,SUCCESS
B,beta,858,1776511920410,1776511920410,0,SUCCESS
B,beta,859,1776511920410,1776511920410,0,SUCCESS
B,beta,860,1776511920410,1776511920410,0,SUCCESS
B,beta,861,1776511920410,1776511920410,0,SUCCESS
B,beta,862,1776511920410,1776511920410,0,SUCCESS
B,beta,863,1776511920410,1776511920410,0,SUCCESS
B,beta,864,1776511920410,1776511920410,0,SUCCESS
B,beta,865,1776511920410,1776511920410,0,SUCCESS
B,beta,866,1776511920410,1776511920410,0,SUCCESS
B,beta,867,1776511920410,1776511920410,0,SUCCESS
B,beta,868,1776511920410,1776511920410,0,SUCCESS
B,beta,869,1776511920410,1776511920410,0,SUCCESS
B,beta,870,1776511920410,1776511920410,0,SUCCESS
B,beta,871,1776511920410,1776511920410,0,SUCCESS
B,beta,872,1776511920410,1776511920410,0,SUCCESS
B,beta,873,1776511920410,1776511920410,0,SUCCESS
B,beta,874,1776511920410,1776511920410,0,SUCCESS
B,beta,875,1776511920410,1776511920410,0,SUCCESS
B,beta,876,1776511920410,1776511920410,0,SUCCESS
B,beta,877,1776511920410,1776511920410,0,SUCCESS
B,beta,878,1776511920410,1776511920410,0,SUCCESS
B,beta,879,1776511920410,1776511920410,0,SUCCESS
B,beta,880,1776511920410,1776511920410,0,SUCCESS
B,beta,881,1776511920410,1776511920410,0,SUCCESS
B,beta,882,1776511920410,1776511920410,0,SUCCESS
B,beta,883,1776511920410,1776511920410,0,SUCCESS
B,beta,884,1776511920410,1776511920410,0,SUCCESS
B,beta,885,1776511920410,1776511920410,0,SUCCESS
B,beta,886,1776511920410,1776511920410,0,SUCCESS
B,beta,887,1776511920410,1776511920410,0,SUCCESS
B,beta,888,1776511920410,1776511920410,0,SUCCESS
B,beta,889,1776511920410,1776511920410,0,SUCCESS
B,beta,890,1776511920410,1776511920410,0,SUCCESS
B,beta,891,1776511920410,1776511920410,0,SUCCESS
B,beta,892,1776511920410,1776511920410,0,SUCCESS
B,beta,893,1776511920410,1776511920410,0,SUCCESS
B,beta,894,1776511920410,1776511920410,0,SUCCESS
B,beta,895,1776511920410,1776511920410,0,SUCCESS
B,beta,896,1776511920410,1776511920410,0,SUCCESS
B,beta,897,1776511920410,1776511920410,0,SUCCESS
B,beta,898,1776511920410,1776511920410,0,SUCCESS
B,beta,899,1776511920410,1776511920410,0,SUCCESS
B,beta,900,1776511920410,1776511920410,0,SUCCESS
B,beta,901,1776511920410,1776511920410,0,SUCCESS
B,beta,902,1776511920410,1776511920410,0,SUCCESS
B,beta,903,1776511920410,1776511920410,0,SUCCESS
B,beta,904,1776511920410,1776511920410,0,SUCCESS
B,beta,905,1776511920410,1776511920410,0,SUCCESS
B,beta,906,1776511920410,1776511920410,0,SUCCESS
B,beta,907,1776511920410,1776511920410,0,SUCCESS
B,beta,908,1776511920410,1776511920410,0,SUCCESS
B,beta,909,1776511920410,1776511920410,0,SUCCESS
B,beta,910,1776511920410,1776511920410,0,SUCCESS
B,beta,911,1776511920410,1776511920410,0,SUCCESS
B,beta,912,1776511920410,1776511920410,0,SUCCESS
B,beta,913,1776511920410,1776511920410,0,SUCCESS
B,beta,914,1776511920410,1776511920410,0,SUCCESS
B,beta,915,1776511920410,1776511920410,0,SUCCESS
B,beta,916,1776511920410,1776511920410,0,SUCCESS
B,beta,917,1776511920410,1776511920410,0,SUCCESS
B,beta,918,1776511920410,1776511920410,0,SUCCESS
B,beta,919,1776511920410,1776511920410,0,SUCCESS
B,beta,920,1776511920410,1776511920410,0,SUCCESS
B,beta,921,1776511920410,1776511920410,0,SUCCESS
B,beta,922,1776511920410,1776511920410,0,SUCCESS
B,beta,923,1776511920410,1776511920410,0,SUCCESS
B,beta,924,1776511920410,1776511920410,0,SUCCESS
B,beta,925,1776511920410,1776511920410,0,SUCCESS
B,beta,926,1776511920410,1776511920410,0,SUCCESS
B,beta,927,1776511920410,1776511920410,0,SUCCESS
B,beta,928,1776511920410,1776511920410,0,SUCCESS
B,beta,929,1776511920410,1776511920410,0,SUCCESS
B,beta,930,1776511920410,1776511920410,0,SUCCESS
B,beta,931,1776511920410,1776511920410,0,SUCCESS
B,beta,932,1776511920410,1776511920410,0,SUCCESS
B,beta,933,1776511920410,1776511920410,0,SUCCESS
B,beta,934,1776511920410,1776511920410,0,SUCCESS
B,beta,935,1776511920410,1776511920410,0,SUCCESS
B,beta,936,1776511920410,1776511920410,0,SUCCESS
B,beta,937,1776511920410,1776511920410,0,SUCCESS
B,beta,938,1776511920410,1776511920410,0,SUCCESS
B,beta,939,1776511920410,1776511920410,0,SUCCESS
B,beta,940,1776511920410,1776511920410,0,SUCCESS
B,beta,941,1776511920410,1776511920410,0,SUCCESS
B,beta,942,1776511920410,1776511920410,0,SUCCESS
B,beta,943,1776511920410,1776511920410,0,SUCCESS
B,beta,944,1776511920410,1776511920410,0,SUCCESS
B,beta,945,1776511920410,1776511920410,0,SUCCESS
B,beta,946,1776511920410,1776511920410,0,SUCCESS
B,beta,947,1776511920410,1776511920410,0,SUCCESS
B,beta,948,1776511920410,1776511920410,0,SUCCESS
B,beta,949,1776511920410,1776511920410,0,SUCCESS
B,beta,950,1776511920410,1776511920410,0,SUCCESS
B,beta,951,1776511920410,1776511920410,0,SUCCESS
B,beta,952,1776511920410,1776511920410,0,SUCCESS
B,beta,953,1776511920410,1776511920410,0,SUCCESS
B,beta,954,1776511920410,1776511920410,0,SUCCESS
B,beta,955,1776511920410,1776511920410,0,SUCCESS
B,beta,956,1776511920410,1776511920410,0,SUCCESS
B,beta,957,1776511920410,1776511920410,0,SUCCESS
B,beta,958,1776511920410,1776511920410,0,SUCCESS
B,beta,959,1776511920410,1776511920410,0,SUCCESS
B,beta,960,1776511920410,1776511920410,0,SUCCESS
B,beta,961,1776511920410,1776511920410,0,SUCCESS
B,beta,962,1776511920410,1776511920410,0,SUCCESS
B,beta,963,1776511920410,1776511920410,0,SUCCESS
B,beta,964,1776511920410,1776511920410,0,SUCCESS
B,beta,965,1776511920410,1776511920410,0,SUCCESS
B,beta,966,1776511920410,1776511920410,0,SUCCESS
B,beta,967,1776511920410,1776511920410,0,SUCCESS
B,beta,968,1776511920410,1776511920410,0,SUCCESS
B,beta,969,1776511920410,1776511920410,0,SUCCESS
B,beta,970,1776511920410,1776511920410,0,SUCCESS
B,beta,971,1776511920410,1776511920410,0,SUCCESS
B,beta,972,1776511920410,1776511920410,0,SUCCESS
B,beta,973,1776511920410,1776511920410,0,SUCCESS
B,beta,974,1776511920410,1776511920410,0,SUCCESS
B,beta,975,1776511920410,1776511920410,0,SUCCESS
B,beta,976,1776511920410,1776511920410,0,SUCCESS
B,beta,977,1776511920410,1776511920410,0,SUCCESS
B,beta,978,1776511920410,1776511920410,0,SUCCESS
B,beta,979,1776511920410,1776511920410,0,SUCCESS
B,beta,980,1776511920410,1776511920410,0,SUCCESS
B,beta,981,1776511920410,1776511920410,0,SUCCESS
B,beta,982,1776511920410,1776511920410,0,SUCCESS
B,beta,983,1776511920410,1776511920410,0,SUCCESS
B,beta,984,1776511920410,1776511920410,0,SUCCESS
B,beta,985,1776511920410,1776511920410,0,SUCCESS
B,beta,986,1776511920410,1776511920410,0,SUCCESS
B,beta,987,1776511920410,1776511920410,0,SUCCESS
B,beta,988,1776511920410,1776511920410,0,SUCCESS
B,beta,989,1776511920410,1776511920410,0,SUCCESS
B,beta,990,1776511920410,1776511920410,0,SUCCESS
B,beta,991,1776511920410,1776511920410,0,SUCCESS
B,beta,992,1776511920410,1776511920410,0,SUCCESS
B,beta,993,1776511920410,1776511920410,0,SUCCESS
B,beta,994,1776511920410,1776511920410,0,SUCCESS
B,beta,995,1776511920410,1776511920410,0,SUCCESS
B,beta,996,1776511920410,1776511920410,0,SUCCESS
B,beta,997,1776511920410,1776511920410,0,SUCCESS
B,beta,998,1776511920410,1776511920410,0,SUCCESS
B,beta,999,1776511920410,1776511920410,0,SUCCESS
B,gamma,0,1776511920410,1776511920410,0,SUCCESS
B,gamma,1,1776511920410,1776511920410,0,SUCCESS
B,gamma,2,1776511920410,1776511920410,0,SUCCESS
B,gamma,3,1776511920410,1776511920410,0,SUCCESS
B,gamma,4,1776511920410,1776511920410,0,SUCCESS
B,gamma,5,1776511920410,1776511920410,0,SUCCESS
B,gamma,6,1776511920410,1776511920410,0,SUCCESS
B,gamma,7,1776511920410,1776511920410,0,SUCCESS
B,gamma,8,1776511920410,1776511920410,0,SUCCESS
B,gamma,9,1776511920410,1776511920410,0,SUCCESS
B,gamma,10,1776511920410,1776511920410,0,SUCCESS
B,gamma,11,1776511920410,1776511920410,0,SUCCESS
B,gamma,12,1776511920410,1776511920410,0,SUCCESS
B,gamma,13,1776511920410,1776511920410,0,SUCCESS
B,gamma,14,1776511920410,1776511920410,0,SUCCESS
B,gamma,15,1776511920410,1776511920410,0,SUCCESS
B,gamma,16,1776511920410,1776511920410,0,SUCCESS
B,gamma,17,1776511920410,1776511920410,0,SUCCESS
B,gamma,18,1776511920410,1776511920410,0,SUCCESS
B,gamma,19,1776511920410,1776511920410,0,SUCCESS
B,gamma,20,1776511920410,1776511920410,0,SUCCESS
B,gamma,21,1776511920410,1776511920410,0,SUCCESS
B,gamma,22,1776511920410,1776511920410,0,SUCCESS
B,gamma,23,1776511920410,1776511920410,0,SUCCESS
B,gamma,24,1776511920410,1776511920410,0,SUCCESS
B,gamma,25,1776511920410,1776511920410,0,SUCCESS
B,gamma,26,1776511920410,1776511920410,0,SUCCESS
B,gamma,27,1776511920410,1776511920410,0,SUCCESS
B,gamma,28,1776511920410,1776511920410,0,SUCCESS
B,gamma,29,1776511920410,1776511920410,0,SUCCESS
B,gamma,30,1776511920410,1776511920410,0,SUCCESS
B,gamma,31,1776511920410,1776511920410,0,SUCCESS
B,gamma,32,1776511920410,1776511920410,0,SUCCESS
B,gamma,33,1776511920410,1776511920410,0,SUCCESS
B,gamma,34,1776511920410,1776511920410,0,SUCCESS
B,gamma,35,1776511920410,1776511920410,0,SUCCESS
B,gamma,36,1776511920410,1776511920410,0,SUCCESS
B,gamma,37,1776511920410,1776511920410,0,SUCCESS
B,gamma,38,1776511920410,1776511920410,0,SUCCESS
B,gamma,39,1776511920410,1776511920410,0,SUCCESS
B,gamma,40,1776511920410,1776511920410,0,SUCCESS
B,gamma,41,1776511920410,1776511920410,0,SUCCESS
B,gamma,42,1776511920410,1776511920410,0,SUCCESS
B,gamma,43,1776511920410,1776511920410,0,SUCCESS
B,gamma,44,1776511920410,1776511920410,0,SUCCESS
B,gamma,45,1776511920410,1776511920410,0,SUCCESS
B,gamma,46,1776511920410,1776511920410,0,SUCCESS
B,gamma,47,1776511920410,1776511920410,0,SUCCESS
B,gamma,48,1776511920410,1776511920410,0,SUCCESS
B,gamma,49,1776511920410,1776511920410,0,SUCCESS
B,gamma,50,1776511920410,1776511920410,0,SUCCESS
B,gamma,51,1776511920410,1776511920410,0,SUCCESS
B,gamma,52,1776511920410,1776511920410,0,SUCCESS
B,gamma,53,1776511920410,1776511920410,0,SUCCESS
B,gamma,54,1776511920410,1776511920410,0,SUCCESS
B,gamma,55,1776511920410,1776511920410,0,SUCCESS
B,gamma,56,1776511920410,1776511920410,0,SUCCESS
B,gamma,57,1776511920410,1776511920410,0,SUCCESS
B,gamma,58,1776511920410,1776511920410,0,SUCCESS
B,gamma,59,1776511920410,1776511920410,0,SUCCESS
B,gamma,60,1776511920410,1776511920410,0,SUCCESS
B,gamma,61,1776511920410,1776511920410,0,SUCCESS
B,gamma,62,1776511920410,1776511920410,0,SUCCESS
B,gamma,63,1776511920410,1776511920410,0,SUCCESS
B,gamma,64,1776511920410,1776511920410,0,SUCCESS
B,gamma,65,1776511920410,1776511920410,0,SUCCESS
B,gamma,66,1776511920410,1776511920410,0,SUCCESS
B,gamma,67,1776511920410,1776511920410,0,SUCCESS
B,gamma,68,1776511920410,1776511920410,0,SUCCESS
B,gamma,69,1776511920410,1776511920410,0,SUCCESS
B,gamma,70,1776511920410,1776511920410,0,SUCCESS
B,gamma,71,1776511920410,1776511920410,0,SUCCESS
B,gamma,72,1776511920410,1776511920410,0,SUCCESS
B,gamma,73,1776511920410,1776511920410,0,SUCCESS
B,gamma,74,1776511920410,1776511920410,0,SUCCESS
B,gamma,75,1776511920410,1776511920410,0,SUCCESS
B,gamma,76,1776511920410,1776511920410,0,SUCCESS
B,gamma,77,1776511920410,1776511920410,0,SUCCESS
B,gamma,78,1776511920410,1776511920410,0,SUCCESS
B,gamma,79,1776511920410,1776511920410,0,SUCCESS
B,gamma,80,1776511920410,1776511920410,0,SUCCESS
B,gamma,81,1776511920410,1776511920410,0,SUCCESS
B,gamma,82,1776511920410,1776511920410,0,SUCCESS
B,gamma,83,1776511920410,1776511920410,0,SUCCESS
B,gamma,84,1776511920410,1776511920410,0,SUCCESS
B,gamma,85,1776511920410,1776511920410,0,SUCCESS
B,gamma,86,1776511920410,1776511920410,0,SUCCESS
B,gamma,87,1776511920410,1776511920410,0,SUCCESS
B,gamma,88,1776511920410,1776511920410,0,SUCCESS
B,gamma,89,1776511920410,1776511920410,0,SUCCESS
B,gamma,90,1776511920410,1776511920410,0,SUCCESS
B,gamma,91,1776511920410,1776511920410,0,SUCCESS
B,gamma,92,1776511920410,1776511920410,0,SUCCESS
B,gamma,93,1776511920410,1776511920410,0,SUCCESS
B,gamma,94,1776511920410,1776511920410,0,SUCCESS
B,gamma,95,1776511920410,1776511920410,0,SUCCESS
B,gamma,96,1776511920410,1776511920410,0,SUCCESS
B,gamma,97,1776511920410,1776511920410,0,SUCCESS
B,gamma,98,1776511920410,1776511920410,0,SUCCESS
B,gamma,99,1776511920410,1776511920410,0,SUCCESS
B,gamma,100,1776511920410,1776511920410,0,SUCCESS
B,gamma,101,1776511920410,1776511920410,0,SUCCESS
B,gamma,102,1776511920410,1776511920410,0,SUCCESS
B,gamma,103,1776511920410,1776511920410,0,SUCCESS
B,gamma,104,1776511920410,1776511920410,0,SUCCESS
B,gamma,105,1776511920410,1776511920410,0,SUCCESS
B,gamma,106,1776511920410,1776511920410,0,SUCCESS
B,gamma,107,1776511920410,1776511920410,0,SUCCESS
B,gamma,108,1776511920410,1776511920410,0,SUCCESS
B,gamma,109,1776511920410,1776511920410,0,SUCCESS
B,gamma,110,1776511920410,1776511920410,0,SUCCESS
B,gamma,111,1776511920410,1776511920410,0,SUCCESS
B,gamma,112,1776511920410,1776511920410,0,SUCCESS
B,gamma,113,1776511920410,1776511920410,0,SUCCESS
B,gamma,114,1776511920410,1776511920410,0,SUCCESS
B,gamma,115,1776511920410,1776511920410,0,SUCCESS
B,gamma,116,1776511920410,1776511920410,0,SUCCESS
B,gamma,117,1776511920410,1776511920410,0,SUCCESS
B,gamma,118,1776511920410,1776511920410,0,SUCCESS
B,gamma,119,1776511920410,1776511920410,0,SUCCESS
B,gamma,120,1776511920410,1776511920410,0,SUCCESS
B,gamma,121,1776511920410,1776511920410,0,SUCCESS
B,gamma,122,1776511920410,1776511920410,0,SUCCESS
B,gamma,123,1776511920410,1776511920410,0,SUCCESS
B,gamma,124,1776511920410,1776511920410,0,SUCCESS
B,gamma,125,1776511920410,1776511920410,0,SUCCESS
B,gamma,126,1776511920410,1776511920410,0,SUCCESS
B,gamma,127,1776511920410,1776511920410,0,SUCCESS
B,gamma,128,1776511920410,1776511920410,0,SUCCESS
B,gamma,129,1776511920410,1776511920410,0,SUCCESS
B,gamma,130,1776511920410,1776511920410,0,SUCCESS
B,gamma,131,1776511920410,1776511920410,0,SUCCESS
B,gamma,132,1776511920410,1776511920410,0,SUCCESS
B,gamma,133,1776511920410,1776511920410,0,SUCCESS
B,gamma,134,1776511920410,1776511920410,0,SUCCESS
B,gamma,135,1776511920410,1776511920410,0,SUCCESS
B,gamma,136,1776511920410,1776511920410,0,SUCCESS
B,gamma,137,1776511920410,1776511920410,0,SUCCESS
B,gamma,138,1776511920410,1776511920410,0,SUCCESS
B,gamma,139,1776511920410,1776511920410,0,SUCCESS
B,gamma,140,1776511920410,1776511920410,0,SUCCESS
B,gamma,141,1776511920410,1776511920410,0,SUCCESS
B,gamma,142,1776511920410,1776511920410,0,SUCCESS
B,gamma,143,1776511920410,1776511920410,0,SUCCESS
B,gamma,144,1776511920410,1776511920410,0,SUCCESS
B,gamma,145,1776511920410,1776511920410,0,SUCCESS
B,gamma,146,1776511920410,1776511920410,0,SUCCESS
B,gamma,147,1776511920410,1776511920410,0,SUCCESS
B,gamma,148,1776511920410,1776511920410,0,SUCCESS
B,gamma,149,1776511920410,1776511920410,0,SUCCESS
B,gamma,150,1776511920410,1776511920410,0,SUCCESS
B,gamma,151,1776511920410,1776511920410,0,SUCCESS
B,gamma,152,1776511920410,1776511920410,0,SUCCESS
B,gamma,153,1776511920410,1776511920410,0,SUCCESS
B,gamma,154,1776511920410,1776511920410,0,SUCCESS
B,gamma,155,1776511920410,1776511920410,0,SUCCESS
B,gamma,156,1776511920410,1776511920410,0,SUCCESS
B,gamma,157,1776511920410,1776511920410,0,SUCCESS
B,gamma,158,1776511920410,1776511920410,0,SUCCESS
B,gamma,159,1776511920410,1776511920410,0,SUCCESS
B,gamma,160,1776511920410,1776511920410,0,SUCCESS
B,gamma,161,1776511920410,1776511920410,0,SUCCESS
B,gamma,162,1776511920410,1776511920410,0,SUCCESS
B,gamma,163,1776511920410,1776511920410,0,SUCCESS
B,gamma,164,1776511920410,1776511920410,0,SUCCESS
B,gamma,165,1776511920410,1776511920410,0,SUCCESS
B,gamma,166,1776511920410,1776511920410,0,SUCCESS
B,gamma,167,1776511920410,1776511920410,0,SUCCESS
B,gamma,168,1776511920410,1776511920410,0,SUCCESS
B,gamma,169,1776511920410,1776511920410,0,SUCCESS
B,gamma,170,1776511920410,1776511920410,0,SUCCESS
B,gamma,171,1776511920410,1776511920410,0,SUCCESS
B,gamma,172,1776511920410,1776511920410,0,SUCCESS
B,gamma,173,1776511920410,1776511920410,0,SUCCESS
B,gamma,174,1776511920410,1776511920410,0,SUCCESS
B,gamma,175,1776511920410,1776511920410,0,SUCCESS
B,gamma,176,1776511920410,1776511920410,0,SUCCESS
B,gamma,177,1776511920410,1776511920410,0,SUCCESS
B,gamma,178,1776511920410,1776511920410,0,SUCCESS
B,gamma,179,1776511920410,1776511920410,0,SUCCESS
B,gamma,180,1776511920410,1776511920410,0,SUCCESS
B,gamma,181,1776511920410,1776511920410,0,SUCCESS
B,gamma,182,1776511920410,1776511920410,0,SUCCESS
B,gamma,183,1776511920410,1776511920410,0,SUCCESS
B,gamma,184,1776511920410,1776511920410,0,SUCCESS
B,gamma,185,1776511920410,1776511920410,0,SUCCESS
B,gamma,186,1776511920410,1776511920410,0,SUCCESS
B,gamma,187,1776511920410,1776511920410,0,SUCCESS
B,gamma,188,1776511920410,1776511920410,0,SUCCESS
B,gamma,189,1776511920410,1776511920410,0,SUCCESS
B,gamma,190,1776511920410,1776511920410,0,SUCCESS
B,gamma,191,1776511920410,1776511920410,0,SUCCESS
B,gamma,192,1776511920410,1776511920410,0,SUCCESS
B,gamma,193,1776511920410,1776511920410,0,SUCCESS
B,gamma,194,1776511920410,1776511920410,0,SUCCESS
B,gamma,195,1776511920410,1776511920410,0,SUCCESS
B,gamma,196,1776511920410,1776511920410,0,SUCCESS
B,gamma,197,1776511920410,1776511920410,0,SUCCESS
B,gamma,198,1776511920410,1776511920410,0,SUCCESS
B,gamma,199,1776511920410,1776511920410,0,SUCCESS
B,gamma,200,1776511920410,1776511920410,0,SUCCESS
B,gamma,201,1776511920410,1776511920410,0,SUCCESS
B,gamma,202,1776511920410,1776511920410,0,SUCCESS
B,gamma,203,1776511920410,1776511920410,0,SUCCESS
B,gamma,204,1776511920410,1776511920410,0,SUCCESS
B,gamma,205,1776511920410,1776511920410,0,SUCCESS
B,gamma,206,1776511920410,1776511920410,0,SUCCESS
B,gamma,207,1776511920410,1776511920410,0,SUCCESS
B,gamma,208,1776511920410,1776511920410,0,SUCCESS
B,gamma,209,1776511920410,1776511920410,0,SUCCESS
B,gamma,210,1776511920410,1776511920410,0,SUCCESS
B,gamma,211,1776511920410,1776511920410,0,SUCCESS
B,gamma,212,1776511920410,1776511920410,0,SUCCESS
B,gamma,213,1776511920410,1776511920410,0,SUCCESS
B,gamma,214,1776511920410,1776511920410,0,SUCCESS
B,gamma,215,1776511920410,1776511920410,0,SUCCESS
B,gamma,216,1776511920410,1776511920410,0,SUCCESS
B,gamma,217,1776511920410,1776511920410,0,SUCCESS
B,gamma,218,1776511920410,1776511920410,0,SUCCESS
B,gamma,219,1776511920410,1776511920410,0,SUCCESS
B,gamma,220,1776511920410,1776511920410,0,SUCCESS
B,gamma,221,1776511920410,1776511920410,0,SUCCESS
B,gamma,222,1776511920410,1776511920410,0,SUCCESS
B,gamma,223,1776511920410,1776511920410,0,SUCCESS
B,gamma,224,1776511920410,1776511920410,0,SUCCESS
B,gamma,225,1776511920410,1776511920410,0,SUCCESS
B,gamma,226,1776511920410,1776511920410,0,SUCCESS
B,gamma,227,1776511920410,1776511920410,0,SUCCESS
B,gamma,228,1776511920410,1776511920410,0,SUCCESS
B,gamma,229,1776511920410,1776511920410,0,SUCCESS
B,gamma,230,1776511920410,1776511920410,0,SUCCESS
B,gamma,231,1776511920410,1776511920410,0,SUCCESS
B,gamma,232,1776511920410,1776511920410,0,SUCCESS
B,gamma,233,1776511920410,1776511920410,0,SUCCESS
B,gamma,234,1776511920410,1776511920410,0,SUCCESS
B,gamma,235,1776511920410,1776511920410,0,SUCCESS
B,gamma,236,1776511920410,1776511920410,0,SUCCESS
B,gamma,237,1776511920410,1776511920410,0,SUCCESS
B,gamma,238,1776511920410,1776511920410,0,SUCCESS
B,gamma,239,1776511920410,1776511920410,0,SUCCESS
B,gamma,240,1776511920410,1776511920410,0,SUCCESS
B,gamma,241,1776511920410,1776511920410,0,SUCCESS
B,gamma,242,1776511920410,1776511920410,0,SUCCESS
B,gamma,243,1776511920410,1776511920410,0,SUCCESS
B,gamma,244,1776511920410,1776511920410,0,SUCCESS
B,gamma,245,1776511920410,1776511920410,0,SUCCESS
B,gamma,246,1776511920410,1776511920410,0,SUCCESS
B,gamma,247,1776511920410,1776511920410,0,SUCCESS
B,gamma,248,1776511920410,1776511920410,0,SUCCESS
B,gamma,249,1776511920410,1776511920410,0,SUCCESS
B,gamma,250,1776511920410,1776511920410,0,SUCCESS
B,gamma,251,1776511920410,1776511920410,0,SUCCESS
B,gamma,252,1776511920410,1776511920410,0,SUCCESS
B,gamma,253,1776511920410,1776511920410,0,SUCCESS
B,gamma,254,1776511920410,1776511920410,0,SUCCESS
B,gamma,255,1776511920410,1776511920410,0,SUCCESS
B,gamma,256,1776511920410,1776511920410,0,SUCCESS
B,gamma,257,1776511920410,1776511920410,0,SUCCESS
B,gamma,258,1776511920410,1776511920410,0,SUCCESS
B,gamma,259,1776511920410,1776511920410,0,SUCCESS
B,gamma,260,1776511920410,1776511920410,0,SUCCESS
B,gamma,261,1776511920410,1776511920410,0,SUCCESS
B,gamma,262,1776511920410,1776511920410,0,SUCCESS
B,gamma,263,1776511920410,1776511920410,0,SUCCESS
B,gamma,264,1776511920410,1776511920410,0,SUCCESS
B,gamma,265,1776511920410,1776511920410,0,SUCCESS
B,gamma,266,1776511920410,1776511920410,0,SUCCESS
B,gamma,267,1776511920410,1776511920410,0,SUCCESS
B,gamma,268,1776511920410,1776511920410,0,SUCCESS
B,gamma,269,1776511920410,1776511920410,0,SUCCESS
B,gamma,270,1776511920410,1776511920410,0,SUCCESS
B,gamma,271,1776511920410,1776511920410,0,SUCCESS
B,gamma,272,1776511920410,1776511920410,0,SUCCESS
B,gamma,273,1776511920410,1776511920410,0,SUCCESS
B,gamma,274,1776511920410,1776511920410,0,SUCCESS
B,gamma,275,1776511920410,1776511920410,0,SUCCESS
B,gamma,276,1776511920410,1776511920410,0,SUCCESS
B,gamma,277,1776511920410,1776511920410,0,SUCCESS
B,gamma,278,1776511920410,1776511920410,0,SUCCESS
B,gamma,279,1776511920410,1776511920410,0,SUCCESS
B,gamma,280,1776511920410,1776511920410,0,SUCCESS
B,gamma,281,1776511920410,1776511920410,0,SUCCESS
B,gamma,282,1776511920410,1776511920410,0,SUCCESS
B,gamma,283,1776511920410,1776511920410,0,SUCCESS
B,gamma,284,1776511920411,1776511920411,0,SUCCESS
B,gamma,285,1776511920411,1776511920411,0,SUCCESS
B,gamma,286,1776511920411,1776511920411,0,SUCCESS
B,gamma,287,1776511920411,1776511920411,0,SUCCESS
B,gamma,288,1776511920411,1776511920411,0,SUCCESS
B,gamma,289,1776511920411,1776511920411,0,SUCCESS
B,gamma,290,1776511920411,1776511920411,0,SUCCESS
B,gamma,291,1776511920411,1776511920411,0,SUCCESS
B,gamma,292,1776511920411,1776511920411,0,SUCCESS
B,gamma,293,1776511920411,1776511920411,0,SUCCESS
B,gamma,294,1776511920411,1776511920411,0,SUCCESS
B,gamma,295,1776511920411,1776511920411,0,SUCCESS
B,gamma,296,1776511920411,1776511920411,0,SUCCESS
B,gamma,297,1776511920411,1776511920411,0,SUCCESS
B,gamma,298,1776511920411,1776511920411,0,SUCCESS
B,gamma,299,1776511920411,1776511920411,0,SUCCESS
B,gamma,300,1776511920411,1776511920411,0,SUCCESS
B,gamma,301,1776511920411,1776511920411,0,SUCCESS
B,gamma,302,1776511920411,1776511920411,0,SUCCESS
B,gamma,303,1776511920411,1776511920411,0,SUCCESS
B,gamma,304,1776511920411,1776511920411,0,SUCCESS
B,gamma,305,1776511920411,1776511920411,0,SUCCESS
B,gamma,306,1776511920411,1776511920411,0,SUCCESS
B,gamma,307,1776511920411,1776511920411,0,SUCCESS
B,gamma,308,1776511920411,1776511920411,0,SUCCESS
B,gamma,309,1776511920411,1776511920411,0,SUCCESS
B,gamma,310,1776511920411,1776511920411,0,SUCCESS
B,gamma,311,1776511920411,1776511920411,0,SUCCESS
B,gamma,312,1776511920411,1776511920411,0,SUCCESS
B,gamma,313,1776511920411,1776511920411,0,SUCCESS
B,gamma,314,1776511920411,1776511920411,0,SUCCESS
B,gamma,315,1776511920411,1776511920411,0,SUCCESS
B,gamma,316,1776511920411,1776511920411,0,SUCCESS
B,gamma,317,1776511920411,1776511920411,0,SUCCESS
B,gamma,318,1776511920411,1776511920411,0,SUCCESS
B,gamma,319,1776511920411,1776511920411,0,SUCCESS
B,gamma,320,1776511920411,1776511920411,0,SUCCESS
B,gamma,321,1776511920411,1776511920411,0,SUCCESS
B,gamma,322,1776511920411,1776511920411,0,SUCCESS
B,gamma,323,1776511920411,1776511920411,0,SUCCESS
B,gamma,324,1776511920411,1776511920411,0,SUCCESS
B,gamma,325,1776511920411,1776511920411,0,SUCCESS
B,gamma,326,1776511920411,1776511920411,0,SUCCESS
B,gamma,327,1776511920411,1776511920411,0,SUCCESS
B,gamma,328,1776511920411,1776511920411,0,SUCCESS
B,gamma,329,1776511920411,1776511920411,0,SUCCESS
B,gamma,330,1776511920411,1776511920411,0,SUCCESS
B,gamma,331,1776511920411,1776511920411,0,SUCCESS
B,gamma,332,1776511920411,1776511920411,0,SUCCESS
B,gamma,333,1776511920411,1776511920411,0,SUCCESS
B,gamma,334,1776511920411,1776511920411,0,SUCCESS
B,gamma,335,1776511920411,1776511920411,0,SUCCESS
B,gamma,336,1776511920411,1776511920411,0,SUCCESS
B,gamma,337,1776511920411,1776511920411,0,SUCCESS
B,gamma,338,1776511920411,1776511920411,0,SUCCESS
B,gamma,339,1776511920411,1776511920411,0,SUCCESS
B,gamma,340,1776511920411,1776511920411,0,SUCCESS
B,gamma,341,1776511920412,1776511920412,0,SUCCESS
B,gamma,342,1776511920412,1776511920412,0,SUCCESS
B,gamma,343,1776511920412,1776511920412,0,SUCCESS
B,gamma,344,1776511920412,1776511920412,0,SUCCESS
B,gamma,345,1776511920412,1776511920412,0,SUCCESS
B,gamma,346,1776511920412,1776511920412,0,SUCCESS
B,gamma,347,1776511920412,1776511920412,0,SUCCESS
B,gamma,348,1776511920412,1776511920412,0,SUCCESS
B,gamma,349,1776511920412,1776511920412,0,SUCCESS
B,gamma,350,1776511920412,1776511920412,0,SUCCESS
B,gamma,351,1776511920412,1776511920412,0,SUCCESS
B,gamma,352,1776511920412,1776511920412,0,SUCCESS
B,gamma,353,1776511920412,1776511920412,0,SUCCESS
B,gamma,354,1776511920412,1776511920412,0,SUCCESS
B,gamma,355,1776511920412,1776511920412,0,SUCCESS
B,gamma,356,1776511920412,1776511920412,0,SUCCESS
B,gamma,357,1776511920412,1776511920412,0,SUCCESS
B,gamma,358,1776511920412,1776511920412,0,SUCCESS
B,gamma,359,1776511920412,1776511920412,0,SUCCESS
B,gamma,360,1776511920412,1776511920412,0,SUCCESS
B,gamma,361,1776511920412,1776511920412,0,SUCCESS
B,gamma,362,1776511920412,1776511920412,0,SUCCESS
B,gamma,363,1776511920412,1776511920412,0,SUCCESS
B,gamma,364,1776511920412,1776511920412,0,SUCCESS
B,gamma,365,1776511920412,1776511920412,0,SUCCESS
B,gamma,366,1776511920412,1776511920412,0,SUCCESS
B,gamma,367,1776511920412,1776511920412,0,SUCCESS
B,gamma,368,1776511920412,1776511920412,0,SUCCESS
B,gamma,369,1776511920412,1776511920412,0,SUCCESS
B,gamma,370,1776511920412,1776511920412,0,SUCCESS
B,gamma,371,1776511920412,1776511920412,0,SUCCESS
B,gamma,372,1776511920412,1776511920412,0,SUCCESS
B,gamma,373,1776511920412,1776511920412,0,SUCCESS
B,gamma,374,1776511920412,1776511920412,0,SUCCESS
B,gamma,375,1776511920412,1776511920412,0,SUCCESS
B,gamma,376,1776511920412,1776511920412,0,SUCCESS
B,gamma,377,1776511920412,1776511920412,0,SUCCESS
B,gamma,378,1776511920412,1776511920412,0,SUCCESS
B,gamma,379,1776511920412,1776511920412,0,SUCCESS
B,gamma,380,1776511920412,1776511920412,0,SUCCESS
B,gamma,381,1776511920412,1776511920412,0,SUCCESS
B,gamma,382,1776511920412,1776511920412,0,SUCCESS
B,gamma,383,1776511920412,1776511920412,0,SUCCESS
B,gamma,384,1776511920412,1776511920412,0,SUCCESS
B,gamma,385,1776511920412,1776511920412,0,SUCCESS
B,gamma,386,1776511920412,1776511920412,0,SUCCESS
B,gamma,387,1776511920412,1776511920412,0,SUCCESS
B,gamma,388,1776511920412,1776511920412,0,SUCCESS
B,gamma,389,1776511920412,1776511920412,0,SUCCESS
B,gamma,390,1776511920412,1776511920412,0,SUCCESS
B,gamma,391,1776511920413,1776511920413,0,SUCCESS
B,gamma,392,1776511920413,1776511920413,0,SUCCESS
B,gamma,393,1776511920413,1776511920413,0,SUCCESS
B,gamma,394,1776511920413,1776511920413,0,SUCCESS
B,gamma,395,1776511920413,1776511920413,0,SUCCESS
B,gamma,396,1776511920413,1776511920413,0,SUCCESS
B,gamma,397,1776511920413,1776511920413,0,SUCCESS
B,gamma,398,1776511920413,1776511920413,0,SUCCESS
B,gamma,399,1776511920413,1776511920413,0,SUCCESS
B,gamma,400,1776511920413,1776511920413,0,SUCCESS
B,gamma,401,1776511920413,1776511920413,0,SUCCESS
B,gamma,402,1776511920413,1776511920413,0,SUCCESS
B,gamma,403,1776511920413,1776511920413,0,SUCCESS
B,gamma,404,1776511920413,1776511920413,0,SUCCESS
B,gamma,405,1776511920413,1776511920413,0,SUCCESS
B,gamma,406,1776511920413,1776511920413,0,SUCCESS
B,gamma,407,1776511920413,1776511920413,0,SUCCESS
B,gamma,408,1776511920413,1776511920413,0,SUCCESS
B,gamma,409,1776511920413,1776511920413,0,SUCCESS
B,gamma,410,1776511920413,1776511920413,0,SUCCESS
B,gamma,411,1776511920413,1776511920413,0,SUCCESS
B,gamma,412,1776511920413,1776511920413,0,SUCCESS
B,gamma,413,1776511920413,1776511920413,0,SUCCESS
B,gamma,414,1776511920413,1776511920413,0,SUCCESS
B,gamma,415,1776511920413,1776511920413,0,SUCCESS
B,gamma,416,1776511920413,1776511920413,0,SUCCESS
B,gamma,417,1776511920413,1776511920413,0,SUCCESS
B,gamma,418,1776511920413,1776511920413,0,SUCCESS
B,gamma,419,1776511920413,1776511920413,0,SUCCESS
B,gamma,420,1776511920413,1776511920413,0,SUCCESS
B,gamma,421,1776511920413,1776511920413,0,SUCCESS
B,gamma,422,1776511920413,1776511920413,0,SUCCESS
B,gamma,423,1776511920413,1776511920413,0,SUCCESS
B,gamma,424,1776511920413,1776511920413,0,SUCCESS
B,gamma,425,1776511920413,1776511920413,0,SUCCESS
B,gamma,426,1776511920413,1776511920413,0,SUCCESS
B,gamma,427,1776511920413,1776511920413,0,SUCCESS
B,gamma,428,1776511920413,1776511920413,0,SUCCESS
B,gamma,429,1776511920413,1776511920413,0,SUCCESS
B,gamma,430,1776511920413,1776511920413,0,SUCCESS
B,gamma,431,1776511920413,1776511920413,0,SUCCESS
B,gamma,432,1776511920413,1776511920413,0,SUCCESS
B,gamma,433,1776511920413,1776511920413,0,SUCCESS
B,gamma,434,1776511920413,1776511920413,0,SUCCESS
B,gamma,435,1776511920413,1776511920413,0,SUCCESS
B,gamma,436,1776511920413,1776511920413,0,SUCCESS
B,gamma,437,1776511920413,1776511920413,0,SUCCESS
B,gamma,438,1776511920413,1776511920413,0,SUCCESS
B,gamma,439,1776511920413,1776511920413,0,SUCCESS
B,gamma,440,1776511920413,1776511920413,0,SUCCESS
B,gamma,441,1776511920413,1776511920413,0,SUCCESS
B,gamma,442,1776511920413,1776511920413,0,SUCCESS
B,gamma,443,1776511920413,1776511920413,0,SUCCESS
B,gamma,444,1776511920413,1776511920413,0,SUCCESS
B,gamma,445,1776511920413,1776511920413,0,SUCCESS
B,gamma,446,1776511920413,1776511920413,0,SUCCESS
B,gamma,447,1776511920413,1776511920413,0,SUCCESS
B,gamma,448,1776511920413,1776511920413,0,SUCCESS
B,gamma,449,1776511920413,1776511920413,0,SUCCESS
B,gamma,450,1776511920413,1776511920413,0,SUCCESS
B,gamma,451,1776511920413,1776511920413,0,SUCCESS
B,gamma,452,1776511920413,1776511920413,0,SUCCESS
B,gamma,453,1776511920413,1776511920413,0,SUCCESS
B,gamma,454,1776511920413,1776511920413,0,SUCCESS
B,gamma,455,1776511920413,1776511920413,0,SUCCESS
B,gamma,456,1776511920413,1776511920413,0,SUCCESS
B,gamma,457,1776511920413,1776511920413,0,SUCCESS
B,gamma,458,1776511920413,1776511920413,0,SUCCESS
B,gamma,459,1776511920413,1776511920413,0,SUCCESS
B,gamma,460,1776511920413,1776511920413,0,SUCCESS
B,gamma,461,1776511920413,1776511920413,0,SUCCESS
B,gamma,462,1776511920413,1776511920413,0,SUCCESS
B,gamma,463,1776511920413,1776511920413,0,SUCCESS
B,gamma,464,1776511920413,1776511920413,0,SUCCESS
B,gamma,465,1776511920413,1776511920413,0,SUCCESS
B,gamma,466,1776511920413,1776511920413,0,SUCCESS
B,gamma,467,1776511920413,1776511920413,0,SUCCESS
B,gamma,468,1776511920413,1776511920413,0,SUCCESS
B,gamma,469,1776511920413,1776511920413,0,SUCCESS
B,gamma,470,1776511920413,1776511920413,0,SUCCESS
B,gamma,471,1776511920413,1776511920413,0,SUCCESS
B,gamma,472,1776511920413,1776511920413,0,SUCCESS
B,gamma,473,1776511920413,1776511920413,0,SUCCESS
B,gamma,474,1776511920413,1776511920413,0,SUCCESS
B,gamma,475,1776511920413,1776511920413,0,SUCCESS
B,gamma,476,1776511920413,1776511920413,0,SUCCESS
B,gamma,477,1776511920413,1776511920413,0,SUCCESS
B,gamma,478,1776511920413,1776511920413,0,SUCCESS
B,gamma,479,1776511920413,1776511920413,0,SUCCESS
B,gamma,480,1776511920413,1776511920413,0,SUCCESS
B,gamma,481,1776511920413,1776511920413,0,SUCCESS
B,gamma,482,1776511920413,1776511920413,0,SUCCESS
B,gamma,483,1776511920413,1776511920413,0,SUCCESS
B,gamma,484,1776511920413,1776511920413,0,SUCCESS
B,gamma,485,1776511920413,1776511920413,0,SUCCESS
B,gamma,486,1776511920413,1776511920413,0,SUCCESS
B,gamma,487,1776511920413,1776511920413,0,SUCCESS
B,gamma,488,1776511920413,1776511920413,0,SUCCESS
B,gamma,489,1776511920413,1776511920413,0,SUCCESS
B,gamma,490,1776511920413,1776511920413,0,SUCCESS
B,gamma,491,1776511920413,1776511920413,0,SUCCESS
B,gamma,492,1776511920413,1776511920413,0,SUCCESS
B,gamma,493,1776511920413,1776511920413,0,SUCCESS
B,gamma,494,1776511920413,1776511920413,0,SUCCESS
B,gamma,495,1776511920413,1776511920413,0,SUCCESS
B,gamma,496,1776511920413,1776511920413,0,SUCCESS
B,gamma,497,1776511920413,1776511920413,0,SUCCESS
B,gamma,498,1776511920413,1776511920413,0,SUCCESS
B,gamma,499,1776511920413,1776511920413,0,SUCCESS
B,gamma,500,1776511920413,1776511920413,0,SUCCESS
B,gamma,501,1776511920413,1776511920413,0,SUCCESS
B,gamma,502,1776511920413,1776511920413,0,SUCCESS
B,gamma,503,1776511920413,1776511920413,0,SUCCESS
B,gamma,504,1776511920413,1776511920413,0,SUCCESS
B,gamma,505,1776511920413,1776511920413,0,SUCCESS
B,gamma,506,1776511920413,1776511920413,0,SUCCESS
B,gamma,507,1776511920413,1776511920413,0,SUCCESS
B,gamma,508,1776511920413,1776511920413,0,SUCCESS
B,gamma,509,1776511920413,1776511920413,0,SUCCESS
B,gamma,510,1776511920413,1776511920413,0,SUCCESS
B,gamma,511,1776511920413,1776511920413,0,SUCCESS
B,gamma,512,1776511920413,1776511920413,0,SUCCESS
B,gamma,513,1776511920413,1776511920413,0,SUCCESS
B,gamma,514,1776511920413,1776511920413,0,SUCCESS
B,gamma,515,1776511920414,1776511920414,0,SUCCESS
B,gamma,516,1776511920414,1776511920414,0,SUCCESS
B,gamma,517,1776511920414,1776511920414,0,SUCCESS
B,gamma,518,1776511920414,1776511920414,0,SUCCESS
B,gamma,519,1776511920414,1776511920414,0,SUCCESS
B,gamma,520,1776511920414,1776511920414,0,SUCCESS
B,gamma,521,1776511920414,1776511920414,0,SUCCESS
B,gamma,522,1776511920414,1776511920414,0,SUCCESS
B,gamma,523,1776511920414,1776511920414,0,SUCCESS
B,gamma,524,1776511920414,1776511920414,0,SUCCESS
B,gamma,525,1776511920414,1776511920414,0,SUCCESS
B,gamma,526,1776511920414,1776511920414,0,SUCCESS
B,gamma,527,1776511920414,1776511920414,0,SUCCESS
B,gamma,528,1776511920414,1776511920414,0,SUCCESS
B,gamma,529,1776511920414,1776511920414,0,SUCCESS
B,gamma,530,1776511920414,1776511920414,0,SUCCESS
B,gamma,531,1776511920414,1776511920414,0,SUCCESS
B,gamma,532,1776511920414,1776511920414,0,SUCCESS
B,gamma,533,1776511920414,1776511920414,0,SUCCESS
B,gamma,534,1776511920414,1776511920414,0,SUCCESS
B,gamma,535,1776511920414,1776511920414,0,SUCCESS
B,gamma,536,1776511920414,1776511920414,0,SUCCESS
B,gamma,537,1776511920414,1776511920414,0,SUCCESS
B,gamma,538,1776511920414,1776511920414,0,SUCCESS
B,gamma,539,1776511920414,1776511920414,0,SUCCESS
B,gamma,540,1776511920414,1776511920414,0,SUCCESS
B,gamma,541,1776511920414,1776511920414,0,SUCCESS
B,gamma,542,1776511920414,1776511920414,0,SUCCESS
B,gamma,543,1776511920414,1776511920414,0,SUCCESS
B,gamma,544,1776511920414,1776511920414,0,SUCCESS
B,gamma,545,1776511920414,1776511920414,0,SUCCESS
B,gamma,546,1776511920414,1776511920414,0,SUCCESS
B,gamma,547,1776511920414,1776511920414,0,SUCCESS
B,gamma,548,1776511920414,1776511920414,0,SUCCESS
B,gamma,549,1776511920414,1776511920414,0,SUCCESS
B,gamma,550,1776511920414,1776511920414,0,SUCCESS
B,gamma,551,1776511920414,1776511920414,0,SUCCESS
B,gamma,552,1776511920414,1776511920414,0,SUCCESS
B,gamma,553,1776511920414,1776511920414,0,SUCCESS
B,gamma,554,1776511920414,1776511920414,0,SUCCESS
B,gamma,555,1776511920414,1776511920414,0,SUCCESS
B,gamma,556,1776511920414,1776511920414,0,SUCCESS
B,gamma,557,1776511920414,1776511920414,0,SUCCESS
B,gamma,558,1776511920414,1776511920414,0,SUCCESS
B,gamma,559,1776511920414,1776511920414,0,SUCCESS
B,gamma,560,1776511920414,1776511920414,0,SUCCESS
B,gamma,561,1776511920414,1776511920414,0,SUCCESS
B,gamma,562,1776511920414,1776511920414,0,SUCCESS
B,gamma,563,1776511920414,1776511920414,0,SUCCESS
B,gamma,564,1776511920414,1776511920414,0,SUCCESS
B,gamma,565,1776511920414,1776511920414,0,SUCCESS
B,gamma,566,1776511920414,1776511920414,0,SUCCESS
B,gamma,567,1776511920414,1776511920414,0,SUCCESS
B,gamma,568,1776511920414,1776511920414,0,SUCCESS
B,gamma,569,1776511920414,1776511920414,0,SUCCESS
B,gamma,570,1776511920414,1776511920414,0,SUCCESS
B,gamma,571,1776511920414,1776511920414,0,SUCCESS
B,gamma,572,1776511920414,1776511920414,0,SUCCESS
B,gamma,573,1776511920414,1776511920414,0,SUCCESS
B,gamma,574,1776511920414,1776511920414,0,SUCCESS
B,gamma,575,1776511920414,1776511920414,0,SUCCESS
B,gamma,576,1776511920414,1776511920414,0,SUCCESS
B,gamma,577,1776511920414,1776511920414,0,SUCCESS
B,gamma,578,1776511920414,1776511920414,0,SUCCESS
B,gamma,579,1776511920414,1776511920414,0,SUCCESS
B,gamma,580,1776511920414,1776511920414,0,SUCCESS
B,gamma,581,1776511920414,1776511920414,0,SUCCESS
B,gamma,582,1776511920414,1776511920414,0,SUCCESS
B,gamma,583,1776511920414,1776511920414,0,SUCCESS
B,gamma,584,1776511920414,1776511920414,0,SUCCESS
B,gamma,585,1776511920414,1776511920414,0,SUCCESS
B,gamma,586,1776511920414,1776511920414,0,SUCCESS
B,gamma,587,1776511920414,1776511920414,0,SUCCESS
B,gamma,588,1776511920414,1776511920414,0,SUCCESS
B,gamma,589,1776511920414,1776511920414,0,SUCCESS
B,gamma,590,1776511920414,1776511920414,0,SUCCESS
B,gamma,591,1776511920414,1776511920414,0,SUCCESS
B,gamma,592,1776511920414,1776511920414,0,SUCCESS
B,gamma,593,1776511920414,1776511920414,0,SUCCESS
B,gamma,594,1776511920414,1776511920414,0,SUCCESS
B,gamma,595,1776511920414,1776511920414,0,SUCCESS
B,gamma,596,1776511920414,1776511920414,0,SUCCESS
B,gamma,597,1776511920414,1776511920414,0,SUCCESS
B,gamma,598,1776511920414,1776511920414,0,SUCCESS
B,gamma,599,1776511920414,1776511920414,0,SUCCESS
B,gamma,600,1776511920414,1776511920414,0,SUCCESS
B,gamma,601,1776511920414,1776511920414,0,SUCCESS
B,gamma,602,1776511920414,1776511920414,0,SUCCESS
B,gamma,603,1776511920414,1776511920414,0,SUCCESS
B,gamma,604,1776511920414,1776511920414,0,SUCCESS
B,gamma,605,1776511920414,1776511920414,0,SUCCESS
B,gamma,606,1776511920414,1776511920414,0,SUCCESS
B,gamma,607,1776511920414,1776511920414,0,SUCCESS
B,gamma,608,1776511920414,1776511920414,0,SUCCESS
B,gamma,609,1776511920414,1776511920414,0,SUCCESS
B,gamma,610,1776511920414,1776511920414,0,SUCCESS
B,gamma,611,1776511920414,1776511920414,0,SUCCESS
B,gamma,612,1776511920414,1776511920414,0,SUCCESS
B,gamma,613,1776511920414,1776511920414,0,SUCCESS
B,gamma,614,1776511920414,1776511920414,0,SUCCESS
B,gamma,615,1776511920414,1776511920414,0,SUCCESS
B,gamma,616,1776511920414,1776511920414,0,SUCCESS
B,gamma,617,1776511920414,1776511920414,0,SUCCESS
B,gamma,618,1776511920414,1776511920414,0,SUCCESS
B,gamma,619,1776511920414,1776511920414,0,SUCCESS
B,gamma,620,1776511920414,1776511920414,0,SUCCESS
B,gamma,621,1776511920414,1776511920414,0,SUCCESS
B,gamma,622,1776511920414,1776511920414,0,SUCCESS
B,gamma,623,1776511920414,1776511920414,0,SUCCESS
B,gamma,624,1776511920414,1776511920414,0,SUCCESS
B,gamma,625,1776511920414,1776511920414,0,SUCCESS
B,gamma,626,1776511920414,1776511920414,0,SUCCESS
B,gamma,627,1776511920414,1776511920414,0,SUCCESS
B,gamma,628,1776511920414,1776511920414,0,SUCCESS
B,gamma,629,1776511920414,1776511920414,0,SUCCESS
B,gamma,630,1776511920414,1776511920414,0,SUCCESS
B,gamma,631,1776511920414,1776511920414,0,SUCCESS
B,gamma,632,1776511920414,1776511920414,0,SUCCESS
B,gamma,633,1776511920414,1776511920414,0,SUCCESS
B,gamma,634,1776511920414,1776511920414,0,SUCCESS
B,gamma,635,1776511920414,1776511920414,0,SUCCESS
B,gamma,636,1776511920414,1776511920414,0,SUCCESS
B,gamma,637,1776511920414,1776511920414,0,SUCCESS
B,gamma,638,1776511920414,1776511920414,0,SUCCESS
B,gamma,639,1776511920414,1776511920414,0,SUCCESS
B,gamma,640,1776511920414,1776511920414,0,SUCCESS
B,gamma,641,1776511920414,1776511920414,0,SUCCESS
B,gamma,642,1776511920414,1776511920414,0,SUCCESS
B,gamma,643,1776511920414,1776511920414,0,SUCCESS
B,gamma,644,1776511920414,1776511920414,0,SUCCESS
B,gamma,645,1776511920414,1776511920414,0,SUCCESS
B,gamma,646,1776511920414,1776511920414,0,SUCCESS
B,gamma,647,1776511920414,1776511920414,0,SUCCESS
B,gamma,648,1776511920414,1776511920414,0,SUCCESS
B,gamma,649,1776511920414,1776511920414,0,SUCCESS
B,gamma,650,1776511920414,1776511920414,0,SUCCESS
B,gamma,651,1776511920414,1776511920414,0,SUCCESS
B,gamma,652,1776511920414,1776511920414,0,SUCCESS
B,gamma,653,1776511920414,1776511920414,0,SUCCESS
B,gamma,654,1776511920414,1776511920414,0,SUCCESS
B,gamma,655,1776511920414,1776511920414,0,SUCCESS
B,gamma,656,1776511920414,1776511920414,0,SUCCESS
B,gamma,657,1776511920414,1776511920414,0,SUCCESS
B,gamma,658,1776511920414,1776511920414,0,SUCCESS
B,gamma,659,1776511920414,1776511920414,0,SUCCESS
B,gamma,660,1776511920414,1776511920414,0,SUCCESS
B,gamma,661,1776511920414,1776511920414,0,SUCCESS
B,gamma,662,1776511920414,1776511920414,0,SUCCESS
B,gamma,663,1776511920414,1776511920414,0,SUCCESS
B,gamma,664,1776511920414,1776511920414,0,SUCCESS
B,gamma,665,1776511920414,1776511920414,0,SUCCESS
B,gamma,666,1776511920414,1776511920414,0,SUCCESS
B,gamma,667,1776511920414,1776511920414,0,SUCCESS
B,gamma,668,1776511920414,1776511920414,0,SUCCESS
B,gamma,669,1776511920414,1776511920414,0,SUCCESS
B,gamma,670,1776511920414,1776511920414,0,SUCCESS
B,gamma,671,1776511920414,1776511920414,0,SUCCESS
B,gamma,672,1776511920414,1776511920414,0,SUCCESS
B,gamma,673,1776511920414,1776511920414,0,SUCCESS
B,gamma,674,1776511920414,1776511920414,0,SUCCESS
B,gamma,675,1776511920414,1776511920414,0,SUCCESS
B,gamma,676,1776511920414,1776511920414,0,SUCCESS
B,gamma,677,1776511920414,1776511920414,0,SUCCESS
B,gamma,678,1776511920414,1776511920414,0,SUCCESS
B,gamma,679,1776511920414,1776511920414,0,SUCCESS
B,gamma,680,1776511920414,1776511920414,0,SUCCESS
B,gamma,681,1776511920414,1776511920414,0,SUCCESS
B,gamma,682,1776511920414,1776511920414,0,SUCCESS
B,gamma,683,1776511920414,1776511920414,0,SUCCESS
B,gamma,684,1776511920414,1776511920414,0,SUCCESS
B,gamma,685,1776511920414,1776511920414,0,SUCCESS
B,gamma,686,1776511920414,1776511920414,0,SUCCESS
B,gamma,687,1776511920414,1776511920414,0,SUCCESS
B,gamma,688,1776511920414,1776511920414,0,SUCCESS
B,gamma,689,1776511920414,1776511920414,0,SUCCESS
B,gamma,690,1776511920414,1776511920414,0,SUCCESS
B,gamma,691,1776511920414,1776511920414,0,SUCCESS
B,gamma,692,1776511920414,1776511920414,0,SUCCESS
B,gamma,693,1776511920414,1776511920414,0,SUCCESS
B,gamma,694,1776511920414,1776511920414,0,SUCCESS
B,gamma,695,1776511920414,1776511920414,0,SUCCESS
B,gamma,696,1776511920414,1776511920414,0,SUCCESS
B,gamma,697,1776511920414,1776511920414,0,SUCCESS
B,gamma,698,1776511920414,1776511920414,0,SUCCESS
B,gamma,699,1776511920414,1776511920414,0,SUCCESS
B,gamma,700,1776511920414,1776511920414,0,SUCCESS
B,gamma,701,1776511920414,1776511920414,0,SUCCESS
B,gamma,702,1776511920414,1776511920414,0,SUCCESS
B,gamma,703,1776511920414,1776511920414,0,SUCCESS
B,gamma,704,1776511920414,1776511920414,0,SUCCESS
B,gamma,705,1776511920414,1776511920414,0,SUCCESS
B,gamma,706,1776511920414,1776511920414,0,SUCCESS
B,gamma,707,1776511920414,1776511920414,0,SUCCESS
B,gamma,708,1776511920414,1776511920414,0,SUCCESS
B,gamma,709,1776511920414,1776511920414,0,SUCCESS
B,gamma,710,1776511920414,1776511920414,0,SUCCESS
B,gamma,711,1776511920414,1776511920414,0,SUCCESS
B,gamma,712,1776511920414,1776511920414,0,SUCCESS
B,gamma,713,1776511920414,1776511920414,0,SUCCESS
B,gamma,714,1776511920414,1776511920414,0,SUCCESS
B,gamma,715,1776511920414,1776511920414,0,SUCCESS
B,gamma,716,1776511920414,1776511920414,0,SUCCESS
B,gamma,717,1776511920414,1776511920414,0,SUCCESS
B,gamma,718,1776511920414,1776511920414,0,SUCCESS
B,gamma,719,1776511920414,1776511920414,0,SUCCESS
B,gamma,720,1776511920414,1776511920414,0,SUCCESS
B,gamma,721,1776511920414,1776511920414,0,SUCCESS
B,gamma,722,1776511920414,1776511920414,0,SUCCESS
B,gamma,723,1776511920414,1776511920414,0,SUCCESS
B,gamma,724,1776511920414,1776511920414,0,SUCCESS
B,gamma,725,1776511920414,1776511920414,0,SUCCESS
B,gamma,726,1776511920414,1776511920414,0,SUCCESS
B,gamma,727,1776511920414,1776511920414,0,SUCCESS
B,gamma,728,1776511920414,1776511920414,0,SUCCESS
B,gamma,729,1776511920414,1776511920414,0,SUCCESS
B,gamma,730,1776511920414,1776511920414,0,SUCCESS
B,gamma,731,1776511920414,1776511920414,0,SUCCESS
B,gamma,732,1776511920414,1776511920414,0,SUCCESS
B,gamma,733,1776511920414,1776511920414,0,SUCCESS
B,gamma,734,1776511920414,1776511920414,0,SUCCESS
B,gamma,735,1776511920414,1776511920414,0,SUCCESS
B,gamma,736,1776511920414,1776511920414,0,SUCCESS
B,gamma,737,1776511920414,1776511920414,0,SUCCESS
B,gamma,738,1776511920414,1776511920414,0,SUCCESS
B,gamma,739,1776511920414,1776511920414,0,SUCCESS
B,gamma,740,1776511920414,1776511920414,0,SUCCESS
B,gamma,741,1776511920414,1776511920414,0,SUCCESS
B,gamma,742,1776511920414,1776511920414,0,SUCCESS
B,gamma,743,1776511920414,1776511920414,0,SUCCESS
B,gamma,744,1776511920414,1776511920414,0,SUCCESS
B,gamma,745,1776511920414,1776511920414,0,SUCCESS
B,gamma,746,1776511920414,1776511920414,0,SUCCESS
B,gamma,747,1776511920414,1776511920414,0,SUCCESS
B,gamma,748,1776511920414,1776511920414,0,SUCCESS
B,gamma,749,1776511920414,1776511920414,0,SUCCESS
B,gamma,750,1776511920414,1776511920414,0,SUCCESS
B,gamma,751,1776511920414,1776511920414,0,SUCCESS
B,gamma,752,1776511920414,1776511920414,0,SUCCESS
B,gamma,753,1776511920414,1776511920414,0,SUCCESS
B,gamma,754,1776511920414,1776511920414,0,SUCCESS
B,gamma,755,1776511920414,1776511920414,0,SUCCESS
B,gamma,756,1776511920414,1776511920414,0,SUCCESS
B,gamma,757,1776511920414,1776511920414,0,SUCCESS
B,gamma,758,1776511920414,1776511920414,0,SUCCESS
B,gamma,759,1776511920414,1776511920414,0,SUCCESS
B,gamma,760,1776511920414,1776511920414,0,SUCCESS
B,gamma,761,1776511920414,1776511920414,0,SUCCESS
B,gamma,762,1776511920414,1776511920414,0,SUCCESS
B,gamma,763,1776511920414,1776511920414,0,SUCCESS
B,gamma,764,1776511920414,1776511920414,0,SUCCESS
B,gamma,765,1776511920414,1776511920414,0,SUCCESS
B,gamma,766,1776511920414,1776511920414,0,SUCCESS
B,gamma,767,1776511920414,1776511920414,0,SUCCESS
B,gamma,768,1776511920414,1776511920414,0,SUCCESS
B,gamma,769,1776511920414,1776511920414,0,SUCCESS
B,gamma,770,1776511920414,1776511920414,0,SUCCESS
B,gamma,771,1776511920414,1776511920414,0,SUCCESS
B,gamma,772,1776511920414,1776511920414,0,SUCCESS
B,gamma,773,1776511920414,1776511920414,0,SUCCESS
B,gamma,774,1776511920414,1776511920414,0,SUCCESS
B,gamma,775,1776511920414,1776511920414,0,SUCCESS
B,gamma,776,1776511920414,1776511920414,0,SUCCESS
B,gamma,777,1776511920414,1776511920414,0,SUCCESS
B,gamma,778,1776511920414,1776511920414,0,SUCCESS
B,gamma,779,1776511920414,1776511920414,0,SUCCESS
B,gamma,780,1776511920414,1776511920414,0,SUCCESS
B,gamma,781,1776511920414,1776511920414,0,SUCCESS
B,gamma,782,1776511920414,1776511920414,0,SUCCESS
B,gamma,783,1776511920414,1776511920414,0,SUCCESS
B,gamma,784,1776511920414,1776511920414,0,SUCCESS
B,gamma,785,1776511920414,1776511920414,0,SUCCESS
B,gamma,786,1776511920415,1776511920415,0,SUCCESS
B,gamma,787,1776511920415,1776511920415,0,SUCCESS
B,gamma,788,1776511920415,1776511920415,0,SUCCESS
B,gamma,789,1776511920415,1776511920415,0,SUCCESS
B,gamma,790,1776511920415,1776511920415,0,SUCCESS
B,gamma,791,1776511920415,1776511920415,0,SUCCESS
B,gamma,792,1776511920415,1776511920415,0,SUCCESS
B,gamma,793,1776511920415,1776511920415,0,SUCCESS
B,gamma,794,1776511920415,1776511920415,0,SUCCESS
B,gamma,795,1776511920415,1776511920415,0,SUCCESS
B,gamma,796,1776511920415,1776511920415,0,SUCCESS
B,gamma,797,1776511920415,1776511920415,0,SUCCESS
B,gamma,798,1776511920415,1776511920415,0,SUCCESS
B,gamma,799,1776511920415,1776511920415,0,SUCCESS
B,gamma,800,1776511920415,1776511920415,0,SUCCESS
B,gamma,801,1776511920415,1776511920415,0,SUCCESS
B,gamma,802,1776511920415,1776511920415,0,SUCCESS
B,gamma,803,1776511920415,1776511920415,0,SUCCESS
B,gamma,804,1776511920415,1776511920415,0,SUCCESS
B,gamma,805,1776511920415,1776511920415,0,SUCCESS
B,gamma,806,1776511920415,1776511920415,0,SUCCESS
B,gamma,807,1776511920415,1776511920415,0,SUCCESS
B,gamma,808,1776511920415,1776511920415,0,SUCCESS
B,gamma,809,1776511920415,1776511920415,0,SUCCESS
B,gamma,810,1776511920415,1776511920415,0,SUCCESS
B,gamma,811,1776511920415,1776511920415,0,SUCCESS
B,gamma,812,1776511920415,1776511920415,0,SUCCESS
B,gamma,813,1776511920415,1776511920415,0,SUCCESS
B,gamma,814,1776511920415,1776511920415,0,SUCCESS
B,gamma,815,1776511920415,1776511920415,0,SUCCESS
B,gamma,816,1776511920415,1776511920415,0,SUCCESS
B,gamma,817,1776511920415,1776511920415,0,SUCCESS
B,gamma,818,1776511920415,1776511920415,0,SUCCESS
B,gamma,819,1776511920415,1776511920415,0,SUCCESS
B,gamma,820,1776511920415,1776511920415,0,SUCCESS
B,gamma,821,1776511920415,1776511920415,0,SUCCESS
B,gamma,822,1776511920415,1776511920415,0,SUCCESS
B,gamma,823,1776511920415,1776511920415,0,SUCCESS
B,gamma,824,1776511920415,1776511920415,0,SUCCESS
B,gamma,825,1776511920415,1776511920415,0,SUCCESS
B,gamma,826,1776511920415,1776511920415,0,SUCCESS
B,gamma,827,1776511920415,1776511920415,0,SUCCESS
B,gamma,828,1776511920415,1776511920415,0,SUCCESS
B,gamma,829,1776511920415,1776511920415,0,SUCCESS
B,gamma,830,1776511920415,1776511920415,0,SUCCESS
B,gamma,831,1776511920415,1776511920415,0,SUCCESS
B,gamma,832,1776511920415,1776511920415,0,SUCCESS
B,gamma,833,1776511920415,1776511920415,0,SUCCESS
B,gamma,834,1776511920415,1776511920415,0,SUCCESS
B,gamma,835,1776511920415,1776511920415,0,SUCCESS
B,gamma,836,1776511920415,1776511920415,0,SUCCESS
B,gamma,837,1776511920415,1776511920415,0,SUCCESS
B,gamma,838,1776511920415,1776511920415,0,SUCCESS
B,gamma,839,1776511920415,1776511920415,0,SUCCESS
B,gamma,840,1776511920415,1776511920415,0,SUCCESS
B,gamma,841,1776511920415,1776511920415,0,SUCCESS
B,gamma,842,1776511920415,1776511920415,0,SUCCESS
B,gamma,843,1776511920415,1776511920415,0,SUCCESS
B,gamma,844,1776511920415,1776511920415,0,SUCCESS
B,gamma,845,1776511920415,1776511920415,0,SUCCESS
B,gamma,846,1776511920415,1776511920415,0,SUCCESS
B,gamma,847,1776511920415,1776511920415,0,SUCCESS
B,gamma,848,1776511920415,1776511920415,0,SUCCESS
B,gamma,849,1776511920415,1776511920415,0,SUCCESS
B,gamma,850,1776511920415,1776511920415,0,SUCCESS
B,gamma,851,1776511920415,1776511920415,0,SUCCESS
B,gamma,852,1776511920415,1776511920415,0,SUCCESS
B,gamma,853,1776511920415,1776511920415,0,SUCCESS
B,gamma,854,1776511920415,1776511920415,0,SUCCESS
B,gamma,855,1776511920415,1776511920415,0,SUCCESS
B,gamma,856,1776511920415,1776511920415,0,SUCCESS
B,gamma,857,1776511920415,1776511920415,0,SUCCESS
B,gamma,858,1776511920415,1776511920415,0,SUCCESS
B,gamma,859,1776511920415,1776511920415,0,SUCCESS
B,gamma,860,1776511920415,1776511920415,0,SUCCESS
B,gamma,861,1776511920415,1776511920415,0,SUCCESS
B,gamma,862,1776511920415,1776511920415,0,SUCCESS
B,gamma,863,1776511920415,1776511920415,0,SUCCESS
B,gamma,864,1776511920415,1776511920415,0,SUCCESS
B,gamma,865,1776511920415,1776511920415,0,SUCCESS
B,gamma,866,1776511920415,1776511920415,0,SUCCESS
B,gamma,867,1776511920415,1776511920415,0,SUCCESS
B,gamma,868,1776511920415,1776511920415,0,SUCCESS
B,gamma,869,1776511920415,1776511920415,0,SUCCESS
B,gamma,870,1776511920415,1776511920415,0,SUCCESS
B,gamma,871,1776511920415,1776511920415,0,SUCCESS
B,gamma,872,1776511920415,1776511920415,0,SUCCESS
B,gamma,873,1776511920415,1776511920415,0,SUCCESS
B,gamma,874,1776511920415,1776511920415,0,SUCCESS
B,gamma,875,1776511920415,1776511920415,0,SUCCESS
B,gamma,876,1776511920415,1776511920415,0,SUCCESS
B,gamma,877,1776511920415,1776511920415,0,SUCCESS
B,gamma,878,1776511920415,1776511920415,0,SUCCESS
B,gamma,879,1776511920415,1776511920415,0,SUCCESS
B,gamma,880,1776511920415,1776511920415,0,SUCCESS
B,gamma,881,1776511920415,1776511920415,0,SUCCESS
B,gamma,882,1776511920415,1776511920725,310,SUCCESS
B,gamma,883,1776511920416,1776511920416,0,SUCCESS
B,gamma,884,1776511920416,1776511920416,0,SUCCESS
B,gamma,885,1776511920416,1776511920416,0,SUCCESS
B,gamma,886,1776511920416,1776511920416,0,SUCCESS
B,gamma,887,1776511920416,1776511920416,0,SUCCESS
B,gamma,888,1776511920416,1776511920416,0,SUCCESS
B,gamma,889,1776511920416,1776511920416,0,SUCCESS
B,gamma,890,1776511920416,1776511920416,0,SUCCESS
B,gamma,891,1776511920416,1776511920416,0,SUCCESS
B,gamma,892,1776511920416,1776511920416,0,SUCCESS
B,gamma,893,1776511920416,1776511920416,0,SUCCESS
B,gamma,894,1776511920416,1776511920416,0,SUCCESS
B,gamma,895,1776511920416,1776511920416,0,SUCCESS
B,gamma,896,1776511920417,1776511920417,0,SUCCESS
B,gamma,897,1776511920417,1776511920417,0,SUCCESS
B,gamma,898,1776511920417,1776511920417,0,SUCCESS
B,gamma,899,1776511920417,1776511920417,0,SUCCESS
B,gamma,900,1776511920417,1776511920417,0,SUCCESS
B,gamma,901,1776511920417,1776511920417,0,SUCCESS
B,gamma,902,1776511920417,1776511920417,0,SUCCESS
B,gamma,903,1776511920417,1776511920417,0,SUCCESS
B,gamma,904,1776511920417,1776511920417,0,SUCCESS
B,gamma,905,1776511920417,1776511920417,0,SUCCESS
B,gamma,906,1776511920417,1776511920417,0,SUCCESS
B,gamma,907,1776511920417,1776511920417,0,SUCCESS
B,gamma,908,1776511920417,1776511920417,0,SUCCESS
B,gamma,909,1776511920417,1776511920417,0,SUCCESS
B,gamma,910,1776511920417,1776511920417,0,SUCCESS
B,gamma,911,1776511920417,1776511920417,0,SUCCESS
B,gamma,912,1776511920417,1776511920417,0,SUCCESS
B,gamma,913,1776511920417,1776511920417,0,SUCCESS
B,gamma,914,1776511920417,1776511920417,0,SUCCESS
B,gamma,915,1776511920417,1776511920417,0,SUCCESS
B,gamma,916,1776511920417,1776511920417,0,SUCCESS
B,gamma,917,1776511920417,1776511920417,0,SUCCESS
B,gamma,918,1776511920417,1776511920417,0,SUCCESS
B,gamma,919,1776511920417,1776511920417,0,SUCCESS
B,gamma,920,1776511920417,1776511920417,0,SUCCESS
B,gamma,921,1776511920417,1776511920417,0,SUCCESS
B,gamma,922,1776511920417,1776511920417,0,SUCCESS
B,gamma,923,1776511920417,1776511920417,0,SUCCESS
B,gamma,924,1776511920417,1776511920417,0,SUCCESS
B,gamma,925,1776511920417,1776511920417,0,SUCCESS
B,gamma,926,1776511920417,1776511920417,0,SUCCESS
B,gamma,927,1776511920417,1776511920417,0,SUCCESS
B,gamma,928,1776511920417,1776511920417,0,SUCCESS
B,gamma,929,1776511920417,1776511920417,0,SUCCESS
B,gamma,930,1776511920417,1776511920417,0,SUCCESS
B,gamma,931,1776511920417,1776511920417,0,SUCCESS
B,gamma,932,1776511920417,1776511920417,0,SUCCESS
B,gamma,933,1776511920417,1776511920417,0,SUCCESS
B,gamma,934,1776511920417,1776511920417,0,SUCCESS
B,gamma,935,1776511920417,1776511920417,0,SUCCESS
B,gamma,936,1776511920417,1776511920417,0,SUCCESS
B,gamma,937,1776511920417,1776511920417,0,SUCCESS
B,gamma,938,1776511920417,1776511920417,0,SUCCESS
B,gamma,939,1776511920417,1776511920417,0,SUCCESS
B,gamma,940,1776511920417,1776511920417,0,SUCCESS
B,gamma,941,1776511920417,1776511920417,0,SUCCESS
B,gamma,942,1776511920417,1776511920417,0,SUCCESS
B,gamma,943,1776511920417,1776511920417,0,SUCCESS
B,gamma,944,1776511920417,1776511920417,0,SUCCESS
B,gamma,945,1776511920417,1776511920417,0,SUCCESS
B,gamma,946,1776511920417,1776511920417,0,SUCCESS
B,gamma,947,1776511920417,1776511920417,0,SUCCESS
B,gamma,948,1776511920417,1776511920417,0,SUCCESS
B,gamma,949,1776511920417,1776511920417,0,SUCCESS
B,gamma,950,1776511920417,1776511920417,0,SUCCESS
B,gamma,951,1776511920417,1776511920417,0,SUCCESS
B,gamma,952,1776511920417,1776511920417,0,SUCCESS
B,gamma,953,1776511920417,1776511920417,0,SUCCESS
B,gamma,954,1776511920417,1776511920417,0,SUCCESS
B,gamma,955,1776511920417,1776511920417,0,SUCCESS
B,gamma,956,1776511920417,1776511920417,0,SUCCESS
B,gamma,957,1776511920417,1776511920417,0,SUCCESS
B,gamma,958,1776511920417,1776511920417,0,SUCCESS
B,gamma,959,1776511920417,1776511920417,0,SUCCESS
B,gamma,960,1776511920417,1776511920417,0,SUCCESS
B,gamma,961,1776511920417,1776511920417,0,SUCCESS
B,gamma,962,1776511920417,1776511920417,0,SUCCESS
B,gamma,963,1776511920417,1776511920417,0,SUCCESS
B,gamma,964,1776511920417,1776511920417,0,SUCCESS
B,gamma,965,1776511920417,1776511920417,0,SUCCESS
B,gamma,966,1776511920417,1776511920417,0,SUCCESS
B,gamma,967,1776511920417,1776511920417,0,SUCCESS
B,gamma,968,1776511920417,1776511920417,0,SUCCESS
B,gamma,969,1776511920417,1776511920417,0,SUCCESS
B,gamma,970,1776511920417,1776511920417,0,SUCCESS
B,gamma,971,1776511920417,1776511920417,0,SUCCESS
B,gamma,972,1776511920417,1776511920417,0,SUCCESS
B,gamma,973,1776511920417,1776511920417,0,SUCCESS
B,gamma,974,1776511920417,1776511920417,0,SUCCESS
B,gamma,975,1776511920417,1776511920417,0,SUCCESS
B,gamma,976,1776511920417,1776511920417,0,SUCCESS
B,gamma,977,1776511920417,1776511920417,0,SUCCESS
B,gamma,978,1776511920417,1776511920417,0,SUCCESS
B,gamma,979,1776511920417,1776511920417,0,SUCCESS
B,gamma,980,1776511920417,1776511920417,0,SUCCESS
B,gamma,981,1776511920417,1776511920417,0,SUCCESS
B,gamma,982,1776511920417,1776511920417,0,SUCCESS
B,gamma,983,1776511920417,1776511920417,0,SUCCESS
B,gamma,984,1776511920417,1776511920417,0,SUCCESS
B,gamma,985,1776511920417,1776511920417,0,SUCCESS
B,gamma,986,1776511920417,1776511920417,0,SUCCESS
B,gamma,987,1776511920417,1776511920417,0,SUCCESS
B,gamma,988,1776511920417,1776511920417,0,SUCCESS
B,gamma,989,1776511920417,1776511920417,0,SUCCESS
B,gamma,990,1776511920417,1776511920417,0,SUCCESS
B,gamma,991,1776511920417,1776511920417,0,SUCCESS
B,gamma,992,1776511920417,1776511920417,0,SUCCESS
B,gamma,993,1776511920417,1776511920417,0,SUCCESS
B,gamma,994,1776511920417,1776511920417,0,SUCCESS
B,gamma,995,1776511920417,1776511920417,0,SUCCESS
B,gamma,996,1776511920417,1776511920417,0,SUCCESS
B,gamma,997,1776511920417,1776511920417,0,SUCCESS
B,gamma,998,1776511920417,1776511920417,0,SUCCESS
B,gamma,999,1776511920417,1776511920417,0,SUCCESS
B,delta,0,1776511920417,1776511920417,0,SUCCESS
B,delta,1,1776511920417,1776511920417,0,SUCCESS
B,delta,2,1776511920417,1776511920417,0,SUCCESS
B,delta,3,1776511920417,1776511920417,0,SUCCESS
B,delta,4,1776511920417,1776511920417,0,SUCCESS
B,delta,5,1776511920417,1776511920417,0,SUCCESS
B,delta,6,1776511920417,1776511920417,0,SUCCESS
B,delta,7,1776511920417,1776511920417,0,SUCCESS
B,delta,8,1776511920417,1776511920417,0,SUCCESS
B,delta,9,1776511920417,1776511920417,0,SUCCESS
B,delta,10,1776511920417,1776511920417,0,SUCCESS
B,delta,11,1776511920417,1776511920417,0,SUCCESS
B,delta,12,1776511920417,1776511920417,0,SUCCESS
B,delta,13,1776511920417,1776511920417,0,SUCCESS
B,delta,14,1776511920417,1776511920417,0,SUCCESS
B,delta,15,1776511920417,1776511920417,0,SUCCESS
B,delta,16,1776511920417,1776511920417,0,SUCCESS
B,delta,17,1776511920417,1776511920417,0,SUCCESS
B,delta,18,1776511920417,1776511920417,0,SUCCESS
B,delta,19,1776511920417,1776511920417,0,SUCCESS
B,delta,20,1776511920417,1776511920417,0,SUCCESS
B,delta,21,1776511920417,1776511920417,0,SUCCESS
B,delta,22,1776511920417,1776511920417,0,SUCCESS
B,delta,23,1776511920417,1776511920417,0,SUCCESS
B,delta,24,1776511920417,1776511920417,0,SUCCESS
B,delta,25,1776511920417,1776511920417,0,SUCCESS
B,delta,26,1776511920417,1776511920417,0,SUCCESS
B,delta,27,1776511920417,1776511920417,0,SUCCESS
B,delta,28,1776511920417,1776511920417,0,SUCCESS
B,delta,29,1776511920417,1776511920417,0,SUCCESS
B,delta,30,1776511920417,1776511920417,0,SUCCESS
B,delta,31,1776511920417,1776511920417,0,SUCCESS
B,delta,32,1776511920417,1776511920417,0,SUCCESS
B,delta,33,1776511920417,1776511920417,0,SUCCESS
B,delta,34,1776511920417,1776511920417,0,SUCCESS
B,delta,35,1776511920417,1776511920417,0,SUCCESS
B,delta,36,1776511920417,1776511920417,0,SUCCESS
B,delta,37,1776511920417,1776511920417,0,SUCCESS
B,delta,38,1776511920417,1776511920417,0,SUCCESS
B,delta,39,1776511920417,1776511920417,0,SUCCESS
B,delta,40,1776511920417,1776511920417,0,SUCCESS
B,delta,41,1776511920417,1776511920417,0,SUCCESS
B,delta,42,1776511920417,1776511920417,0,SUCCESS
B,delta,43,1776511920417,1776511920417,0,SUCCESS
B,delta,44,1776511920417,1776511920417,0,SUCCESS
B,delta,45,1776511920417,1776511920417,0,SUCCESS
B,delta,46,1776511920417,1776511920417,0,SUCCESS
B,delta,47,1776511920417,1776511920417,0,SUCCESS
B,delta,48,1776511920417,1776511920417,0,SUCCESS
B,delta,49,1776511920417,1776511920417,0,SUCCESS
B,delta,50,1776511920417,1776511920417,0,SUCCESS
B,delta,51,1776511920417,1776511920417,0,SUCCESS
B,delta,52,1776511920417,1776511920417,0,SUCCESS
B,delta,53,1776511920417,1776511920417,0,SUCCESS
B,delta,54,1776511920417,1776511920417,0,SUCCESS
B,delta,55,1776511920417,1776511920417,0,SUCCESS
B,delta,56,1776511920417,1776511920417,0,SUCCESS
B,delta,57,1776511920417,1776511920417,0,SUCCESS
B,delta,58,1776511920417,1776511920417,0,SUCCESS
B,delta,59,1776511920417,1776511920417,0,SUCCESS
B,delta,60,1776511920417,1776511920417,0,SUCCESS
B,delta,61,1776511920417,1776511920417,0,SUCCESS
B,delta,62,1776511920417,1776511920417,0,SUCCESS
B,delta,63,1776511920417,1776511920417,0,SUCCESS
B,delta,64,1776511920417,1776511920417,0,SUCCESS
B,delta,65,1776511920417,1776511920417,0,SUCCESS
B,delta,66,1776511920417,1776511920417,0,SUCCESS
B,delta,67,1776511920417,1776511920417,0,SUCCESS
B,delta,68,1776511920417,1776511920417,0,SUCCESS
B,delta,69,1776511920417,1776511920417,0,SUCCESS
B,delta,70,1776511920417,1776511920417,0,SUCCESS
B,delta,71,1776511920417,1776511920417,0,SUCCESS
B,delta,72,1776511920417,1776511920417,0,SUCCESS
B,delta,73,1776511920417,1776511920417,0,SUCCESS
B,delta,74,1776511920417,1776511920417,0,SUCCESS
B,delta,75,1776511920417,1776511920417,0,SUCCESS
B,delta,76,1776511920417,1776511920417,0,SUCCESS
B,delta,77,1776511920417,1776511920417,0,SUCCESS
B,delta,78,1776511920417,1776511920417,0,SUCCESS
B,delta,79,1776511920417,1776511920417,0,SUCCESS
B,delta,80,1776511920417,1776511920417,0,SUCCESS
B,delta,81,1776511920417,1776511920417,0,SUCCESS
B,delta,82,1776511920417,1776511920417,0,SUCCESS
B,delta,83,1776511920417,1776511920417,0,SUCCESS
B,delta,84,1776511920417,1776511920417,0,SUCCESS
B,delta,85,1776511920417,1776511920417,0,SUCCESS
B,delta,86,1776511920417,1776511920417,0,SUCCESS
B,delta,87,1776511920417,1776511920417,0,SUCCESS
B,delta,88,1776511920417,1776511920417,0,SUCCESS
B,delta,89,1776511920417,1776511920417,0,SUCCESS
B,delta,90,1776511920417,1776511920417,0,SUCCESS
B,delta,91,1776511920417,1776511920417,0,SUCCESS
B,delta,92,1776511920417,1776511920417,0,SUCCESS
B,delta,93,1776511920417,1776511920417,0,SUCCESS
B,delta,94,1776511920417,1776511920417,0,SUCCESS
B,delta,95,1776511920417,1776511920417,0,SUCCESS
B,delta,96,1776511920417,1776511920417,0,SUCCESS
B,delta,97,1776511920417,1776511920417,0,SUCCESS
B,delta,98,1776511920417,1776511920417,0,SUCCESS
B,delta,99,1776511920417,1776511920417,0,SUCCESS
B,delta,100,1776511920417,1776511920417,0,SUCCESS
B,delta,101,1776511920417,1776511920417,0,SUCCESS
B,delta,102,1776511920417,1776511920417,0,SUCCESS
B,delta,103,1776511920417,1776511920417,0,SUCCESS
B,delta,104,1776511920417,1776511920417,0,SUCCESS
B,delta,105,1776511920417,1776511920417,0,SUCCESS
B,delta,106,1776511920417,1776511920417,0,SUCCESS
B,delta,107,1776511920417,1776511920417,0,SUCCESS
B,delta,108,1776511920417,1776511920417,0,SUCCESS
B,delta,109,1776511920417,1776511920417,0,SUCCESS
B,delta,110,1776511920417,1776511920417,0,SUCCESS
B,delta,111,1776511920417,1776511920417,0,SUCCESS
B,delta,112,1776511920417,1776511920417,0,SUCCESS
B,delta,113,1776511920417,1776511920417,0,SUCCESS
B,delta,114,1776511920417,1776511920417,0,SUCCESS
B,delta,115,1776511920417,1776511920417,0,SUCCESS
B,delta,116,1776511920417,1776511920417,0,SUCCESS
B,delta,117,1776511920417,1776511920417,0,SUCCESS
B,delta,118,1776511920417,1776511920417,0,SUCCESS
B,delta,119,1776511920417,1776511920417,0,SUCCESS
B,delta,120,1776511920417,1776511920417,0,SUCCESS
B,delta,121,1776511920417,1776511920417,0,SUCCESS
B,delta,122,1776511920417,1776511920417,0,SUCCESS
B,delta,123,1776511920417,1776511920417,0,SUCCESS
B,delta,124,1776511920417,1776511920417,0,SUCCESS
B,delta,125,1776511920417,1776511920417,0,SUCCESS
B,delta,126,1776511920417,1776511920417,0,SUCCESS
B,delta,127,1776511920417,1776511920417,0,SUCCESS
B,delta,128,1776511920417,1776511920417,0,SUCCESS
B,delta,129,1776511920417,1776511920417,0,SUCCESS
B,delta,130,1776511920417,1776511920417,0,SUCCESS
B,delta,131,1776511920417,1776511920417,0,SUCCESS
B,delta,132,1776511920417,1776511920417,0,SUCCESS
B,delta,133,1776511920417,1776511920417,0,SUCCESS
B,delta,134,1776511920417,1776511920417,0,SUCCESS
B,delta,135,1776511920417,1776511920417,0,SUCCESS
B,delta,136,1776511920417,1776511920417,0,SUCCESS
B,delta,137,1776511920417,1776511920417,0,SUCCESS
B,delta,138,1776511920417,1776511920417,0,SUCCESS
B,delta,139,1776511920417,1776511920417,0,SUCCESS
B,delta,140,1776511920417,1776511920417,0,SUCCESS
B,delta,141,1776511920417,1776511920417,0,SUCCESS
B,delta,142,1776511920417,1776511920417,0,SUCCESS
B,delta,143,1776511920417,1776511920417,0,SUCCESS
B,delta,144,1776511920417,1776511920417,0,SUCCESS
B,delta,145,1776511920417,1776511920417,0,SUCCESS
B,delta,146,1776511920417,1776511920417,0,SUCCESS
B,delta,147,1776511920417,1776511920417,0,SUCCESS
B,delta,148,1776511920417,1776511920417,0,SUCCESS
B,delta,149,1776511920417,1776511920417,0,SUCCESS
B,delta,150,1776511920417,1776511920417,0,SUCCESS
B,delta,151,1776511920417,1776511920417,0,SUCCESS
B,delta,152,1776511920417,1776511920417,0,SUCCESS
B,delta,153,1776511920417,1776511920417,0,SUCCESS
B,delta,154,1776511920417,1776511920417,0,SUCCESS
B,delta,155,1776511920417,1776511920417,0,SUCCESS
B,delta,156,1776511920417,1776511920417,0,SUCCESS
B,delta,157,1776511920417,1776511920417,0,SUCCESS
B,delta,158,1776511920417,1776511920417,0,SUCCESS
B,delta,159,1776511920417,1776511920417,0,SUCCESS
B,delta,160,1776511920417,1776511920417,0,SUCCESS
B,delta,161,1776511920417,1776511920417,0,SUCCESS
B,delta,162,1776511920417,1776511920417,0,SUCCESS
B,delta,163,1776511920417,1776511920417,0,SUCCESS
B,delta,164,1776511920417,1776511920417,0,SUCCESS
B,delta,165,1776511920417,1776511920417,0,SUCCESS
B,delta,166,1776511920417,1776511920417,0,SUCCESS
B,delta,167,1776511920417,1776511920417,0,SUCCESS
B,delta,168,1776511920417,1776511920417,0,SUCCESS
B,delta,169,1776511920417,1776511920417,0,SUCCESS
B,delta,170,1776511920417,1776511920417,0,SUCCESS
B,delta,171,1776511920417,1776511920417,0,SUCCESS
B,delta,172,1776511920417,1776511920417,0,SUCCESS
B,delta,173,1776511920417,1776511920417,0,SUCCESS
B,delta,174,1776511920417,1776511920417,0,SUCCESS
B,delta,175,1776511920417,1776511920417,0,SUCCESS
B,delta,176,1776511920417,1776511920417,0,SUCCESS
B,delta,177,1776511920417,1776511920417,0,SUCCESS
B,delta,178,1776511920417,1776511920417,0,SUCCESS
B,delta,179,1776511920417,1776511920417,0,SUCCESS
B,delta,180,1776511920417,1776511920417,0,SUCCESS
B,delta,181,1776511920417,1776511920417,0,SUCCESS
B,delta,182,1776511920417,1776511920417,0,SUCCESS
B,delta,183,1776511920417,1776511920417,0,SUCCESS
B,delta,184,1776511920417,1776511920417,0,SUCCESS
B,delta,185,1776511920417,1776511920417,0,SUCCESS
B,delta,186,1776511920417,1776511920417,0,SUCCESS
B,delta,187,1776511920417,1776511920417,0,SUCCESS
B,delta,188,1776511920417,1776511920417,0,SUCCESS
B,delta,189,1776511920417,1776511920417,0,SUCCESS
B,delta,190,1776511920417,1776511920417,0,SUCCESS
B,delta,191,1776511920417,1776511920417,0,SUCCESS
B,delta,192,1776511920417,1776511920417,0,SUCCESS
B,delta,193,1776511920417,1776511920417,0,SUCCESS
B,delta,194,1776511920417,1776511920417,0,SUCCESS
B,delta,195,1776511920417,1776511920417,0,SUCCESS
B,delta,196,1776511920417,1776511920417,0,SUCCESS
B,delta,197,1776511920417,1776511920417,0,SUCCESS
B,delta,198,1776511920417,1776511920417,0,SUCCESS
B,delta,199,1776511920417,1776511920417,0,SUCCESS
B,delta,200,1776511920417,1776511920417,0,SUCCESS
B,delta,201,1776511920417,1776511920417,0,SUCCESS
B,delta,202,1776511920417,1776511920417,0,SUCCESS
B,delta,203,1776511920417,1776511920417,0,SUCCESS
B,delta,204,1776511920417,1776511920417,0,SUCCESS
B,delta,205,1776511920417,1776511920417,0,SUCCESS
B,delta,206,1776511920417,1776511920417,0,SUCCESS
B,delta,207,1776511920417,1776511920417,0,SUCCESS
B,delta,208,1776511920417,1776511920417,0,SUCCESS
B,delta,209,1776511920417,1776511920417,0,SUCCESS
B,delta,210,1776511920417,1776511920417,0,SUCCESS
B,delta,211,1776511920417,1776511920417,0,SUCCESS
B,delta,212,1776511920417,1776511920417,0,SUCCESS
B,delta,213,1776511920417,1776511920417,0,SUCCESS
B,delta,214,1776511920417,1776511920417,0,SUCCESS
B,delta,215,1776511920417,1776511920417,0,SUCCESS
B,delta,216,1776511920417,1776511920417,0,SUCCESS
B,delta,217,1776511920417,1776511920417,0,SUCCESS
B,delta,218,1776511920417,1776511920417,0,SUCCESS
B,delta,219,1776511920417,1776511920417,0,SUCCESS
B,delta,220,1776511920417,1776511920417,0,SUCCESS
B,delta,221,1776511920417,1776511920417,0,SUCCESS
B,delta,222,1776511920417,1776511920417,0,SUCCESS
B,delta,223,1776511920417,1776511920417,0,SUCCESS
B,delta,224,1776511920417,1776511920417,0,SUCCESS
B,delta,225,1776511920417,1776511920417,0,SUCCESS
B,delta,226,1776511920417,1776511920417,0,SUCCESS
B,delta,227,1776511920417,1776511920417,0,SUCCESS
B,delta,228,1776511920417,1776511920417,0,SUCCESS
B,delta,229,1776511920417,1776511920417,0,SUCCESS
B,delta,230,1776511920417,1776511920417,0,SUCCESS
B,delta,231,1776511920417,1776511920417,0,SUCCESS
B,delta,232,1776511920417,1776511920417,0,SUCCESS
B,delta,233,1776511920417,1776511920417,0,SUCCESS
B,delta,234,1776511920417,1776511920417,0,SUCCESS
B,delta,235,1776511920417,1776511920417,0,SUCCESS
B,delta,236,1776511920417,1776511920417,0,SUCCESS
B,delta,237,1776511920417,1776511920417,0,SUCCESS
B,delta,238,1776511920417,1776511920417,0,SUCCESS
B,delta,239,1776511920417,1776511920417,0,SUCCESS
B,delta,240,1776511920417,1776511920417,0,SUCCESS
B,delta,241,1776511920417,1776511920417,0,SUCCESS
B,delta,242,1776511920417,1776511920417,0,SUCCESS
B,delta,243,1776511920417,1776511920417,0,SUCCESS
B,delta,244,1776511920417,1776511920417,0,SUCCESS
B,delta,245,1776511920417,1776511920417,0,SUCCESS
B,delta,246,1776511920417,1776511920417,0,SUCCESS
B,delta,247,1776511920417,1776511920417,0,SUCCESS
B,delta,248,1776511920417,1776511920417,0,SUCCESS
B,delta,249,1776511920417,1776511920417,0,SUCCESS
B,delta,250,1776511920417,1776511920417,0,SUCCESS
B,delta,251,1776511920417,1776511920417,0,SUCCESS
B,delta,252,1776511920417,1776511920417,0,SUCCESS
B,delta,253,1776511920417,1776511920417,0,SUCCESS
B,delta,254,1776511920417,1776511920417,0,SUCCESS
B,delta,255,1776511920417,1776511920417,0,SUCCESS
B,delta,256,1776511920417,1776511920417,0,SUCCESS
B,delta,257,1776511920417,1776511920417,0,SUCCESS
B,delta,258,1776511920417,1776511920417,0,SUCCESS
B,delta,259,1776511920417,1776511920417,0,SUCCESS
B,delta,260,1776511920417,1776511920417,0,SUCCESS
B,delta,261,1776511920417,1776511920417,0,SUCCESS
B,delta,262,1776511920417,1776511920417,0,SUCCESS
B,delta,263,1776511920417,1776511920417,0,SUCCESS
B,delta,264,1776511920417,1776511920417,0,SUCCESS
B,delta,265,1776511920417,1776511920417,0,SUCCESS
B,delta,266,1776511920417,1776511920417,0,SUCCESS
B,delta,267,1776511920417,1776511920417,0,SUCCESS
B,delta,268,1776511920417,1776511920417,0,SUCCESS
B,delta,269,1776511920417,1776511920417,0,SUCCESS
B,delta,270,1776511920417,1776511920417,0,SUCCESS
B,delta,271,1776511920417,1776511920417,0,SUCCESS
B,delta,272,1776511920417,1776511920417,0,SUCCESS
B,delta,273,1776511920417,1776511920417,0,SUCCESS
B,delta,274,1776511920417,1776511920417,0,SUCCESS
B,delta,275,1776511920417,1776511920417,0,SUCCESS
B,delta,276,1776511920417,1776511920417,0,SUCCESS
B,delta,277,1776511920417,1776511920417,0,SUCCESS
B,delta,278,1776511920417,1776511920417,0,SUCCESS
B,delta,279,1776511920417,1776511920417,0,SUCCESS
B,delta,280,1776511920417,1776511920417,0,SUCCESS
B,delta,281,1776511920417,1776511920417,0,SUCCESS
B,delta,282,1776511920417,1776511920417,0,SUCCESS
B,delta,283,1776511920417,1776511920417,0,SUCCESS
B,delta,284,1776511920417,1776511920417,0,SUCCESS
B,delta,285,1776511920417,1776511920417,0,SUCCESS
B,delta,286,1776511920417,1776511920417,0,SUCCESS
B,delta,287,1776511920417,1776511920417,0,SUCCESS
B,delta,288,1776511920417,1776511920417,0,SUCCESS
B,delta,289,1776511920417,1776511920417,0,SUCCESS
B,delta,290,1776511920417,1776511920417,0,SUCCESS
B,delta,291,1776511920417,1776511920417,0,SUCCESS
B,delta,292,1776511920417,1776511920417,0,SUCCESS
B,delta,293,1776511920417,1776511920417,0,SUCCESS
B,delta,294,1776511920417,1776511920417,0,SUCCESS
B,delta,295,1776511920417,1776511920417,0,SUCCESS
B,delta,296,1776511920417,1776511920417,0,SUCCESS
B,delta,297,1776511920417,1776511920417,0,SUCCESS
B,delta,298,1776511920417,1776511920417,0,SUCCESS
B,delta,299,1776511920417,1776511920417,0,SUCCESS
B,delta,300,1776511920417,1776511920417,0,SUCCESS
B,delta,301,1776511920417,1776511920417,0,SUCCESS
B,delta,302,1776511920417,1776511920417,0,SUCCESS
B,delta,303,1776511920417,1776511920417,0,SUCCESS
B,delta,304,1776511920417,1776511920417,0,SUCCESS
B,delta,305,1776511920417,1776511920417,0,SUCCESS
B,delta,306,1776511920417,1776511920417,0,SUCCESS
B,delta,307,1776511920417,1776511920417,0,SUCCESS
B,delta,308,1776511920417,1776511920417,0,SUCCESS
B,delta,309,1776511920417,1776511920417,0,SUCCESS
B,delta,310,1776511920417,1776511920417,0,SUCCESS
B,delta,311,1776511920417,1776511920417,0,SUCCESS
B,delta,312,1776511920417,1776511920417,0,SUCCESS
B,delta,313,1776511920417,1776511920417,0,SUCCESS
B,delta,314,1776511920417,1776511920417,0,SUCCESS
B,delta,315,1776511920417,1776511920417,0,SUCCESS
B,delta,316,1776511920417,1776511920417,0,SUCCESS
B,delta,317,1776511920417,1776511920417,0,SUCCESS
B,delta,318,1776511920417,1776511920417,0,SUCCESS
B,delta,319,1776511920417,1776511920417,0,SUCCESS
B,delta,320,1776511920417,1776511920417,0,SUCCESS
B,delta,321,1776511920417,1776511920417,0,SUCCESS
B,delta,322,1776511920417,1776511920417,0,SUCCESS
B,delta,323,1776511920417,1776511920417,0,SUCCESS
B,delta,324,1776511920417,1776511920417,0,SUCCESS
B,delta,325,1776511920417,1776511920417,0,SUCCESS
B,delta,326,1776511920417,1776511920417,0,SUCCESS
B,delta,327,1776511920417,1776511920417,0,SUCCESS
B,delta,328,1776511920417,1776511920417,0,SUCCESS
B,delta,329,1776511920417,1776511920417,0,SUCCESS
B,delta,330,1776511920417,1776511920417,0,SUCCESS
B,delta,331,1776511920417,1776511920417,0,SUCCESS
B,delta,332,1776511920417,1776511920417,0,SUCCESS
B,delta,333,1776511920417,1776511920417,0,SUCCESS
B,delta,334,1776511920417,1776511920417,0,SUCCESS
B,delta,335,1776511920417,1776511920417,0,SUCCESS
B,delta,336,1776511920417,1776511920417,0,SUCCESS
B,delta,337,1776511920417,1776511920417,0,SUCCESS
B,delta,338,1776511920417,1776511920417,0,SUCCESS
B,delta,339,1776511920417,1776511920417,0,SUCCESS
B,delta,340,1776511920417,1776511920417,0,SUCCESS
B,delta,341,1776511920417,1776511920417,0,SUCCESS
B,delta,342,1776511920417,1776511920417,0,SUCCESS
B,delta,343,1776511920417,1776511920417,0,SUCCESS
B,delta,344,1776511920417,1776511920417,0,SUCCESS
B,delta,345,1776511920417,1776511920417,0,SUCCESS
B,delta,346,1776511920417,1776511920417,0,SUCCESS
B,delta,347,1776511920417,1776511920417,0,SUCCESS
B,delta,348,1776511920417,1776511920417,0,SUCCESS
B,delta,349,1776511920417,1776511920417,0,SUCCESS
B,delta,350,1776511920417,1776511920417,0,SUCCESS
B,delta,351,1776511920417,1776511920417,0,SUCCESS
B,delta,352,1776511920417,1776511920417,0,SUCCESS
B,delta,353,1776511920417,1776511920417,0,SUCCESS
B,delta,354,1776511920417,1776511920417,0,SUCCESS
B,delta,355,1776511920417,1776511920417,0,SUCCESS
B,delta,356,1776511920417,1776511920417,0,SUCCESS
B,delta,357,1776511920417,1776511920417,0,SUCCESS
B,delta,358,1776511920417,1776511920417,0,SUCCESS
B,delta,359,1776511920417,1776511920417,0,SUCCESS
B,delta,360,1776511920417,1776511920417,0,SUCCESS
B,delta,361,1776511920417,1776511920417,0,SUCCESS
B,delta,362,1776511920417,1776511920417,0,SUCCESS
B,delta,363,1776511920417,1776511920417,0,SUCCESS
B,delta,364,1776511920417,1776511920417,0,SUCCESS
B,delta,365,1776511920417,1776511920417,0,SUCCESS
B,delta,366,1776511920417,1776511920417,0,SUCCESS
B,delta,367,1776511920417,1776511920417,0,SUCCESS
B,delta,368,1776511920417,1776511920417,0,SUCCESS
B,delta,369,1776511920417,1776511920417,0,SUCCESS
B,delta,370,1776511920417,1776511920417,0,SUCCESS
B,delta,371,1776511920417,1776511920417,0,SUCCESS
B,delta,372,1776511920417,1776511920417,0,SUCCESS
B,delta,373,1776511920417,1776511920417,0,SUCCESS
B,delta,374,1776511920417,1776511920417,0,SUCCESS
B,delta,375,1776511920417,1776511920417,0,SUCCESS
B,delta,376,1776511920417,1776511920417,0,SUCCESS
B,delta,377,1776511920417,1776511920417,0,SUCCESS
B,delta,378,1776511920417,1776511920417,0,SUCCESS
B,delta,379,1776511920417,1776511920417,0,SUCCESS
B,delta,380,1776511920417,1776511920417,0,SUCCESS
B,delta,381,1776511920418,1776511920418,0,SUCCESS
B,delta,382,1776511920418,1776511920418,0,SUCCESS
B,delta,383,1776511920418,1776511920418,0,SUCCESS
B,delta,384,1776511920418,1776511920418,0,SUCCESS
B,delta,385,1776511920418,1776511920418,0,SUCCESS
B,delta,386,1776511920418,1776511920418,0,SUCCESS
B,delta,387,1776511920418,1776511920418,0,SUCCESS
B,delta,388,1776511920418,1776511920418,0,SUCCESS
B,delta,389,1776511920418,1776511920418,0,SUCCESS
B,delta,390,1776511920418,1776511920418,0,SUCCESS
B,delta,391,1776511920418,1776511920418,0,SUCCESS
B,delta,392,1776511920418,1776511920418,0,SUCCESS
B,delta,393,1776511920418,1776511920418,0,SUCCESS
B,delta,394,1776511920418,1776511920418,0,SUCCESS
B,delta,395,1776511920418,1776511920418,0,SUCCESS
B,delta,396,1776511920418,1776511920418,0,SUCCESS
B,delta,397,1776511920418,1776511920418,0,SUCCESS
B,delta,398,1776511920418,1776511920418,0,SUCCESS
B,delta,399,1776511920418,1776511920418,0,SUCCESS
B,delta,400,1776511920418,1776511920418,0,SUCCESS
B,delta,401,1776511920418,1776511920418,0,SUCCESS
B,delta,402,1776511920418,1776511920418,0,SUCCESS
B,delta,403,1776511920418,1776511920418,0,SUCCESS
B,delta,404,1776511920418,1776511920418,0,SUCCESS
B,delta,405,1776511920418,1776511920418,0,SUCCESS
B,delta,406,1776511920418,1776511920418,0,SUCCESS
B,delta,407,1776511920418,1776511920418,0,SUCCESS
B,delta,408,1776511920418,1776511920418,0,SUCCESS
B,delta,409,1776511920418,1776511920418,0,SUCCESS
B,delta,410,1776511920418,1776511920418,0,SUCCESS
B,delta,411,1776511920418,1776511920418,0,SUCCESS
B,delta,412,1776511920418,1776511920418,0,SUCCESS
B,delta,413,1776511920418,1776511920418,0,SUCCESS
B,delta,414,1776511920418,1776511920418,0,SUCCESS
B,delta,415,1776511920418,1776511920418,0,SUCCESS
B,delta,416,1776511920418,1776511920418,0,SUCCESS
B,delta,417,1776511920418,1776511920418,0,SUCCESS
B,delta,418,1776511920418,1776511920418,0,SUCCESS
B,delta,419,1776511920418,1776511920418,0,SUCCESS
B,delta,420,1776511920418,1776511920418,0,SUCCESS
B,delta,421,1776511920418,1776511920418,0,SUCCESS
B,delta,422,1776511920418,1776511920418,0,SUCCESS
B,delta,423,1776511920418,1776511920418,0,SUCCESS
B,delta,424,1776511920418,1776511920418,0,SUCCESS
B,delta,425,1776511920418,1776511920418,0,SUCCESS
B,delta,426,1776511920418,1776511920418,0,SUCCESS
B,delta,427,1776511920418,1776511920418,0,SUCCESS
B,delta,428,1776511920418,1776511920418,0,SUCCESS
B,delta,429,1776511920418,1776511920418,0,SUCCESS
B,delta,430,1776511920418,1776511920418,0,SUCCESS
B,delta,431,1776511920418,1776511920418,0,SUCCESS
B,delta,432,1776511920418,1776511920418,0,SUCCESS
B,delta,433,1776511920418,1776511920418,0,SUCCESS
B,delta,434,1776511920418,1776511920418,0,SUCCESS
B,delta,435,1776511920418,1776511920418,0,SUCCESS
B,delta,436,1776511920418,1776511920418,0,SUCCESS
B,delta,437,1776511920418,1776511920418,0,SUCCESS
B,delta,438,1776511920418,1776511920418,0,SUCCESS
B,delta,439,1776511920418,1776511920418,0,SUCCESS
B,delta,440,1776511920418,1776511920418,0,SUCCESS
B,delta,441,1776511920418,1776511920418,0,SUCCESS
B,delta,442,1776511920418,1776511920418,0,SUCCESS
B,delta,443,1776511920418,1776511920418,0,SUCCESS
B,delta,444,1776511920418,1776511920418,0,SUCCESS
B,delta,445,1776511920418,1776511920418,0,SUCCESS
B,delta,446,1776511920418,1776511920418,0,SUCCESS
B,delta,447,1776511920418,1776511920418,0,SUCCESS
B,delta,448,1776511920418,1776511920418,0,SUCCESS
B,delta,449,1776511920418,1776511920418,0,SUCCESS
B,delta,450,1776511920418,1776511920418,0,SUCCESS
B,delta,451,1776511920418,1776511920418,0,SUCCESS
B,delta,452,1776511920418,1776511920418,0,SUCCESS
B,delta,453,1776511920418,1776511920418,0,SUCCESS
B,delta,454,1776511920418,1776511920418,0,SUCCESS
B,delta,455,1776511920418,1776511920418,0,SUCCESS
B,delta,456,1776511920418,1776511920418,0,SUCCESS
B,delta,457,1776511920418,1776511920418,0,SUCCESS
B,delta,458,1776511920418,1776511920418,0,SUCCESS
B,delta,459,1776511920418,1776511920418,0,SUCCESS
B,delta,460,1776511920418,1776511920418,0,SUCCESS
B,delta,461,1776511920418,1776511920418,0,SUCCESS
B,delta,462,1776511920418,1776511920418,0,SUCCESS
B,delta,463,1776511920418,1776511920418,0,SUCCESS
B,delta,464,1776511920418,1776511920418,0,SUCCESS
B,delta,465,1776511920418,1776511920418,0,SUCCESS
B,delta,466,1776511920418,1776511920418,0,SUCCESS
B,delta,467,1776511920418,1776511920418,0,SUCCESS
B,delta,468,1776511920418,1776511920418,0,SUCCESS
B,delta,469,1776511920418,1776511920418,0,SUCCESS
B,delta,470,1776511920418,1776511920418,0,SUCCESS
B,delta,471,1776511920418,1776511920418,0,SUCCESS
B,delta,472,1776511920418,1776511920418,0,SUCCESS
B,delta,473,1776511920418,1776511920418,0,SUCCESS
B,delta,474,1776511920418,1776511920418,0,SUCCESS
B,delta,475,1776511920418,1776511920418,0,SUCCESS
B,delta,476,1776511920418,1776511920418,0,SUCCESS
B,delta,477,1776511920418,1776511920418,0,SUCCESS
B,delta,478,1776511920418,1776511920418,0,SUCCESS
B,delta,479,1776511920418,1776511920418,0,SUCCESS
B,delta,480,1776511920418,1776511920418,0,SUCCESS
B,delta,481,1776511920418,1776511920418,0,SUCCESS
B,delta,482,1776511920418,1776511920418,0,SUCCESS
B,delta,483,1776511920418,1776511920418,0,SUCCESS
B,delta,484,1776511920418,1776511920418,0,SUCCESS
B,delta,485,1776511920418,1776511920418,0,SUCCESS
B,delta,486,1776511920418,1776511920418,0,SUCCESS
B,delta,487,1776511920418,1776511920418,0,SUCCESS
B,delta,488,1776511920418,1776511920418,0,SUCCESS
B,delta,489,1776511920418,1776511920418,0,SUCCESS
B,delta,490,1776511920418,1776511920418,0,SUCCESS
B,delta,491,1776511920418,1776511920418,0,SUCCESS
B,delta,492,1776511920418,1776511920418,0,SUCCESS
B,delta,493,1776511920418,1776511920418,0,SUCCESS
B,delta,494,1776511920418,1776511920418,0,SUCCESS
B,delta,495,1776511920418,1776511920418,0,SUCCESS
B,delta,496,1776511920418,1776511920418,0,SUCCESS
B,delta,497,1776511920418,1776511920418,0,SUCCESS
B,delta,498,1776511920418,1776511920418,0,SUCCESS
B,delta,499,1776511920418,1776511920418,0,SUCCESS
B,delta,500,1776511920418,1776511920418,0,SUCCESS
B,delta,501,1776511920418,1776511920418,0,SUCCESS
B,delta,502,1776511920418,1776511920418,0,SUCCESS
B,delta,503,1776511920418,1776511920418,0,SUCCESS
B,delta,504,1776511920418,1776511920418,0,SUCCESS
B,delta,505,1776511920418,1776511920418,0,SUCCESS
B,delta,506,1776511920418,1776511920418,0,SUCCESS
B,delta,507,1776511920418,1776511920418,0,SUCCESS
B,delta,508,1776511920418,1776511920418,0,SUCCESS
B,delta,509,1776511920418,1776511920418,0,SUCCESS
B,delta,510,1776511920418,1776511920418,0,SUCCESS
B,delta,511,1776511920418,1776511920418,0,SUCCESS
B,delta,512,1776511920418,1776511920418,0,SUCCESS
B,delta,513,1776511920418,1776511920418,0,SUCCESS
B,delta,514,1776511920418,1776511920418,0,SUCCESS
B,delta,515,1776511920418,1776511920418,0,SUCCESS
B,delta,516,1776511920418,1776511920418,0,SUCCESS
B,delta,517,1776511920418,1776511920418,0,SUCCESS
B,delta,518,1776511920418,1776511920418,0,SUCCESS
B,delta,519,1776511920418,1776511920418,0,SUCCESS
B,delta,520,1776511920418,1776511920418,0,SUCCESS
B,delta,521,1776511920418,1776511920418,0,SUCCESS
B,delta,522,1776511920418,1776511920418,0,SUCCESS
B,delta,523,1776511920418,1776511920418,0,SUCCESS
B,delta,524,1776511920418,1776511920418,0,SUCCESS
B,delta,525,1776511920418,1776511920418,0,SUCCESS
B,delta,526,1776511920418,1776511920418,0,SUCCESS
B,delta,527,1776511920418,1776511920418,0,SUCCESS
B,delta,528,1776511920418,1776511920418,0,SUCCESS
B,delta,529,1776511920418,1776511920418,0,SUCCESS
B,delta,530,1776511920418,1776511920418,0,SUCCESS
B,delta,531,1776511920418,1776511920418,0,SUCCESS
B,delta,532,1776511920418,1776511920418,0,SUCCESS
B,delta,533,1776511920418,1776511920418,0,SUCCESS
B,delta,534,1776511920418,1776511920418,0,SUCCESS
B,delta,535,1776511920418,1776511920418,0,SUCCESS
B,delta,536,1776511920418,1776511920418,0,SUCCESS
B,delta,537,1776511920418,1776511920418,0,SUCCESS
B,delta,538,1776511920418,1776511920418,0,SUCCESS
B,delta,539,1776511920418,1776511920418,0,SUCCESS
B,delta,540,1776511920418,1776511920418,0,SUCCESS
B,delta,541,1776511920418,1776511920418,0,SUCCESS
B,delta,542,1776511920418,1776511920418,0,SUCCESS
B,delta,543,1776511920418,1776511920418,0,SUCCESS
B,delta,544,1776511920418,1776511920418,0,SUCCESS
B,delta,545,1776511920418,1776511920418,0,SUCCESS
B,delta,546,1776511920418,1776511920418,0,SUCCESS
B,delta,547,1776511920418,1776511920418,0,SUCCESS
B,delta,548,1776511920418,1776511920418,0,SUCCESS
B,delta,549,1776511920418,1776511920418,0,SUCCESS
B,delta,550,1776511920418,1776511920418,0,SUCCESS
B,delta,551,1776511920418,1776511920418,0,SUCCESS
B,delta,552,1776511920418,1776511920418,0,SUCCESS
B,delta,553,1776511920418,1776511920418,0,SUCCESS
B,delta,554,1776511920418,1776511920418,0,SUCCESS
B,delta,555,1776511920418,1776511920418,0,SUCCESS
B,delta,556,1776511920418,1776511920418,0,SUCCESS
B,delta,557,1776511920418,1776511920418,0,SUCCESS
B,delta,558,1776511920418,1776511920418,0,SUCCESS
B,delta,559,1776511920418,1776511920418,0,SUCCESS
B,delta,560,1776511920418,1776511920418,0,SUCCESS
B,delta,561,1776511920418,1776511920418,0,SUCCESS
B,delta,562,1776511920418,1776511920418,0,SUCCESS
B,delta,563,1776511920418,1776511920418,0,SUCCESS
B,delta,564,1776511920418,1776511920418,0,SUCCESS
B,delta,565,1776511920418,1776511920418,0,SUCCESS
B,delta,566,1776511920418,1776511920418,0,SUCCESS
B,delta,567,1776511920418,1776511920418,0,SUCCESS
B,delta,568,1776511920418,1776511920418,0,SUCCESS
B,delta,569,1776511920418,1776511920418,0,SUCCESS
B,delta,570,1776511920418,1776511920418,0,SUCCESS
B,delta,571,1776511920418,1776511920418,0,SUCCESS
B,delta,572,1776511920418,1776511920418,0,SUCCESS
B,delta,573,1776511920418,1776511920418,0,SUCCESS
B,delta,574,1776511920418,1776511920418,0,SUCCESS
B,delta,575,1776511920418,1776511920418,0,SUCCESS
B,delta,576,1776511920418,1776511920418,0,SUCCESS
B,delta,577,1776511920418,1776511920418,0,SUCCESS
B,delta,578,1776511920418,1776511920418,0,SUCCESS
B,delta,579,1776511920418,1776511920418,0,SUCCESS
B,delta,580,1776511920418,1776511920418,0,SUCCESS
B,delta,581,1776511920418,1776511920418,0,SUCCESS
B,delta,582,1776511920418,1776511920418,0,SUCCESS
B,delta,583,1776511920418,1776511920418,0,SUCCESS
B,delta,584,1776511920418,1776511920418,0,SUCCESS
B,delta,585,1776511920418,1776511920418,0,SUCCESS
B,delta,586,1776511920418,1776511920418,0,SUCCESS
B,delta,587,1776511920418,1776511920418,0,SUCCESS
B,delta,588,1776511920418,1776511920418,0,SUCCESS
B,delta,589,1776511920418,1776511920418,0,SUCCESS
B,delta,590,1776511920418,1776511920418,0,SUCCESS
B,delta,591,1776511920418,1776511920418,0,SUCCESS
B,delta,592,1776511920418,1776511920418,0,SUCCESS
B,delta,593,1776511920418,1776511920418,0,SUCCESS
B,delta,594,1776511920418,1776511920418,0,SUCCESS
B,delta,595,1776511920418,1776511920418,0,SUCCESS
B,delta,596,1776511920418,1776511920418,0,SUCCESS
B,delta,597,1776511920418,1776511920418,0,SUCCESS
B,delta,598,1776511920418,1776511920418,0,SUCCESS
B,delta,599,1776511920418,1776511920418,0,SUCCESS
B,delta,600,1776511920418,1776511920418,0,SUCCESS
B,delta,601,1776511920418,1776511920418,0,SUCCESS
B,delta,602,1776511920418,1776511920418,0,SUCCESS
B,delta,603,1776511920418,1776511920418,0,SUCCESS
B,delta,604,1776511920418,1776511920418,0,SUCCESS
B,delta,605,1776511920418,1776511920418,0,SUCCESS
B,delta,606,1776511920418,1776511920418,0,SUCCESS
B,delta,607,1776511920418,1776511920418,0,SUCCESS
B,delta,608,1776511920418,1776511920418,0,SUCCESS
B,delta,609,1776511920418,1776511920418,0,SUCCESS
B,delta,610,1776511920418,1776511920418,0,SUCCESS
B,delta,611,1776511920418,1776511920418,0,SUCCESS
B,delta,612,1776511920418,1776511920418,0,SUCCESS
B,delta,613,1776511920418,1776511920418,0,SUCCESS
B,delta,614,1776511920418,1776511920418,0,SUCCESS
B,delta,615,1776511920418,1776511920418,0,SUCCESS
B,delta,616,1776511920418,1776511920418,0,SUCCESS
B,delta,617,1776511920418,1776511920418,0,SUCCESS
B,delta,618,1776511920418,1776511920418,0,SUCCESS
B,delta,619,1776511920418,1776511920418,0,SUCCESS
B,delta,620,1776511920418,1776511920418,0,SUCCESS
B,delta,621,1776511920418,1776511920418,0,SUCCESS
B,delta,622,1776511920418,1776511920418,0,SUCCESS
B,delta,623,1776511920418,1776511920418,0,SUCCESS
B,delta,624,1776511920418,1776511920418,0,SUCCESS
B,delta,625,1776511920418,1776511920418,0,SUCCESS
B,delta,626,1776511920418,1776511920418,0,SUCCESS
B,delta,627,1776511920418,1776511920418,0,SUCCESS
B,delta,628,1776511920418,1776511920418,0,SUCCESS
B,delta,629,1776511920418,1776511920418,0,SUCCESS
B,delta,630,1776511920418,1776511920418,0,SUCCESS
B,delta,631,1776511920418,1776511920418,0,SUCCESS
B,delta,632,1776511920418,1776511920418,0,SUCCESS
B,delta,633,1776511920418,1776511920418,0,SUCCESS
B,delta,634,1776511920418,1776511920418,0,SUCCESS
B,delta,635,1776511920418,1776511920418,0,SUCCESS
B,delta,636,1776511920418,1776511920418,0,SUCCESS
B,delta,637,1776511920418,1776511920418,0,SUCCESS
B,delta,638,1776511920418,1776511920418,0,SUCCESS
B,delta,639,1776511920418,1776511920418,0,SUCCESS
B,delta,640,1776511920418,1776511920418,0,SUCCESS
B,delta,641,1776511920418,1776511920418,0,SUCCESS
B,delta,642,1776511920418,1776511920418,0,SUCCESS
B,delta,643,1776511920418,1776511920418,0,SUCCESS
B,delta,644,1776511920418,1776511920418,0,SUCCESS
B,delta,645,1776511920418,1776511920418,0,SUCCESS
B,delta,646,1776511920418,1776511920418,0,SUCCESS
B,delta,647,1776511920418,1776511920418,0,SUCCESS
B,delta,648,1776511920418,1776511920418,0,SUCCESS
B,delta,649,1776511920418,1776511920418,0,SUCCESS
B,delta,650,1776511920418,1776511920418,0,SUCCESS
B,delta,651,1776511920418,1776511920418,0,SUCCESS
B,delta,652,1776511920418,1776511920418,0,SUCCESS
B,delta,653,1776511920418,1776511920418,0,SUCCESS
B,delta,654,1776511920418,1776511920418,0,SUCCESS
B,delta,655,1776511920418,1776511920418,0,SUCCESS
B,delta,656,1776511920418,1776511920418,0,SUCCESS
B,delta,657,1776511920418,1776511920418,0,SUCCESS
B,delta,658,1776511920418,1776511920418,0,SUCCESS
B,delta,659,1776511920418,1776511920418,0,SUCCESS
B,delta,660,1776511920418,1776511920418,0,SUCCESS
B,delta,661,1776511920418,1776511920418,0,SUCCESS
B,delta,662,1776511920418,1776511920418,0,SUCCESS
B,delta,663,1776511920418,1776511920418,0,SUCCESS
B,delta,664,1776511920418,1776511920418,0,SUCCESS
B,delta,665,1776511920418,1776511920418,0,SUCCESS
B,delta,666,1776511920418,1776511920418,0,SUCCESS
B,delta,667,1776511920418,1776511920418,0,SUCCESS
B,delta,668,1776511920418,1776511920418,0,SUCCESS
B,delta,669,1776511920418,1776511920418,0,SUCCESS
B,delta,670,1776511920418,1776511920418,0,SUCCESS
B,delta,671,1776511920418,1776511920418,0,SUCCESS
B,delta,672,1776511920418,1776511920418,0,SUCCESS
B,delta,673,1776511920418,1776511920418,0,SUCCESS
B,delta,674,1776511920418,1776511920418,0,SUCCESS
B,delta,675,1776511920418,1776511920418,0,SUCCESS
B,delta,676,1776511920418,1776511920418,0,SUCCESS
B,delta,677,1776511920418,1776511920418,0,SUCCESS
B,delta,678,1776511920418,1776511920418,0,SUCCESS
B,delta,679,1776511920418,1776511920418,0,SUCCESS
B,delta,680,1776511920418,1776511920418,0,SUCCESS
B,delta,681,1776511920418,1776511920418,0,SUCCESS
B,delta,682,1776511920418,1776511920418,0,SUCCESS
B,delta,683,1776511920418,1776511920418,0,SUCCESS
B,delta,684,1776511920418,1776511920418,0,SUCCESS
B,delta,685,1776511920418,1776511920418,0,SUCCESS
B,delta,686,1776511920418,1776511920418,0,SUCCESS
B,delta,687,1776511920418,1776511920418,0,SUCCESS
B,delta,688,1776511920418,1776511920418,0,SUCCESS
B,delta,689,1776511920418,1776511920418,0,SUCCESS
B,delta,690,1776511920418,1776511920418,0,SUCCESS
B,delta,691,1776511920418,1776511920418,0,SUCCESS
B,delta,692,1776511920418,1776511920418,0,SUCCESS
B,delta,693,1776511920418,1776511920418,0,SUCCESS
B,delta,694,1776511920418,1776511920418,0,SUCCESS
B,delta,695,1776511920418,1776511920418,0,SUCCESS
B,delta,696,1776511920418,1776511920418,0,SUCCESS
B,delta,697,1776511920418,1776511920418,0,SUCCESS
B,delta,698,1776511920418,1776511920418,0,SUCCESS
B,delta,699,1776511920418,1776511920418,0,SUCCESS
B,delta,700,1776511920418,1776511920418,0,SUCCESS
B,delta,701,1776511920418,1776511920418,0,SUCCESS
B,delta,702,1776511920418,1776511920418,0,SUCCESS
B,delta,703,1776511920418,1776511920418,0,SUCCESS
B,delta,704,1776511920418,1776511920418,0,SUCCESS
B,delta,705,1776511920418,1776511920418,0,SUCCESS
B,delta,706,1776511920418,1776511920418,0,SUCCESS
B,delta,707,1776511920418,1776511920418,0,SUCCESS
B,delta,708,1776511920418,1776511920418,0,SUCCESS
B,delta,709,1776511920418,1776511920418,0,SUCCESS
B,delta,710,1776511920418,1776511920418,0,SUCCESS
B,delta,711,1776511920418,1776511920418,0,SUCCESS
B,delta,712,1776511920418,1776511920418,0,SUCCESS
B,delta,713,1776511920418,1776511920418,0,SUCCESS
B,delta,714,1776511920418,1776511920418,0,SUCCESS
B,delta,715,1776511920418,1776511920418,0,SUCCESS
B,delta,716,1776511920418,1776511920418,0,SUCCESS
B,delta,717,1776511920418,1776511920418,0,SUCCESS
B,delta,718,1776511920418,1776511920418,0,SUCCESS
B,delta,719,1776511920418,1776511920418,0,SUCCESS
B,delta,720,1776511920418,1776511920418,0,SUCCESS
B,delta,721,1776511920418,1776511920418,0,SUCCESS
B,delta,722,1776511920418,1776511920418,0,SUCCESS
B,delta,723,1776511920418,1776511920418,0,SUCCESS
B,delta,724,1776511920418,1776511920418,0,SUCCESS
B,delta,725,1776511920418,1776511920418,0,SUCCESS
B,delta,726,1776511920418,1776511920418,0,SUCCESS
B,delta,727,1776511920418,1776511920418,0,SUCCESS
B,delta,728,1776511920418,1776511920418,0,SUCCESS
B,delta,729,1776511920418,1776511920418,0,SUCCESS
B,delta,730,1776511920418,1776511920418,0,SUCCESS
B,delta,731,1776511920418,1776511920418,0,SUCCESS
B,delta,732,1776511920418,1776511920418,0,SUCCESS
B,delta,733,1776511920418,1776511920418,0,SUCCESS
B,delta,734,1776511920418,1776511920418,0,SUCCESS
B,delta,735,1776511920418,1776511920418,0,SUCCESS
B,delta,736,1776511920418,1776511920418,0,SUCCESS
B,delta,737,1776511920418,1776511920418,0,SUCCESS
B,delta,738,1776511920418,1776511920418,0,SUCCESS
B,delta,739,1776511920418,1776511920418,0,SUCCESS
B,delta,740,1776511920418,1776511920418,0,SUCCESS
B,delta,741,1776511920418,1776511920418,0,SUCCESS
B,delta,742,1776511920418,1776511920418,0,SUCCESS
B,delta,743,1776511920418,1776511920418,0,SUCCESS
B,delta,744,1776511920418,1776511920418,0,SUCCESS
B,delta,745,1776511920418,1776511920418,0,SUCCESS
B,delta,746,1776511920418,1776511920418,0,SUCCESS
B,delta,747,1776511920418,1776511920418,0,SUCCESS
B,delta,748,1776511920418,1776511920418,0,SUCCESS
B,delta,749,1776511920418,1776511920418,0,SUCCESS
B,delta,750,1776511920418,1776511920418,0,SUCCESS
B,delta,751,1776511920418,1776511920418,0,SUCCESS
B,delta,752,1776511920418,1776511920418,0,SUCCESS
B,delta,753,1776511920418,1776511920418,0,SUCCESS
B,delta,754,1776511920418,1776511920418,0,SUCCESS
B,delta,755,1776511920418,1776511920418,0,SUCCESS
B,delta,756,1776511920418,1776511920418,0,SUCCESS
B,delta,757,1776511920418,1776511920418,0,SUCCESS
B,delta,758,1776511920418,1776511920418,0,SUCCESS
B,delta,759,1776511920418,1776511920418,0,SUCCESS
B,delta,760,1776511920418,1776511920418,0,SUCCESS
B,delta,761,1776511920418,1776511920418,0,SUCCESS
B,delta,762,1776511920418,1776511920418,0,SUCCESS
B,delta,763,1776511920418,1776511920418,0,SUCCESS
B,delta,764,1776511920418,1776511920418,0,SUCCESS
B,delta,765,1776511920418,1776511920418,0,SUCCESS
B,delta,766,1776511920418,1776511920418,0,SUCCESS
B,delta,767,1776511920418,1776511920418,0,SUCCESS
B,delta,768,1776511920418,1776511920418,0,SUCCESS
B,delta,769,1776511920418,1776511920418,0,SUCCESS
B,delta,770,1776511920418,1776511920418,0,SUCCESS
B,delta,771,1776511920418,1776511920418,0,SUCCESS
B,delta,772,1776511920418,1776511920418,0,SUCCESS
B,delta,773,1776511920418,1776511920418,0,SUCCESS
B,delta,774,1776511920418,1776511920418,0,SUCCESS
B,delta,775,1776511920418,1776511920418,0,SUCCESS
B,delta,776,1776511920418,1776511920418,0,SUCCESS
B,delta,777,1776511920418,1776511920418,0,SUCCESS
B,delta,778,1776511920418,1776511920418,0,SUCCESS
B,delta,779,1776511920418,1776511920418,0,SUCCESS
B,delta,780,1776511920418,1776511920418,0,SUCCESS
B,delta,781,1776511920418,1776511920418,0,SUCCESS
B,delta,782,1776511920418,1776511920418,0,SUCCESS
B,delta,783,1776511920418,1776511920418,0,SUCCESS
B,delta,784,1776511920418,1776511920418,0,SUCCESS
B,delta,785,1776511920418,1776511920418,0,SUCCESS
B,delta,786,1776511920418,1776511920418,0,SUCCESS
B,delta,787,1776511920418,1776511920418,0,SUCCESS
B,delta,788,1776511920418,1776511920418,0,SUCCESS
B,delta,789,1776511920418,1776511920418,0,SUCCESS
B,delta,790,1776511920418,1776511920418,0,SUCCESS
B,delta,791,1776511920418,1776511920418,0,SUCCESS
B,delta,792,1776511920418,1776511920418,0,SUCCESS
B,delta,793,1776511920418,1776511920418,0,SUCCESS
B,delta,794,1776511920418,1776511920418,0,SUCCESS
B,delta,795,1776511920418,1776511920418,0,SUCCESS
B,delta,796,1776511920418,1776511920418,0,SUCCESS
B,delta,797,1776511920418,1776511920418,0,SUCCESS
B,delta,798,1776511920418,1776511920418,0,SUCCESS
B,delta,799,1776511920418,1776511920418,0,SUCCESS
B,delta,800,1776511920418,1776511920418,0,SUCCESS
B,delta,801,1776511920418,1776511920418,0,SUCCESS
B,delta,802,1776511920418,1776511920418,0,SUCCESS
B,delta,803,1776511920418,1776511920418,0,SUCCESS
B,delta,804,1776511920418,1776511920418,0,SUCCESS
B,delta,805,1776511920418,1776511920418,0,SUCCESS
B,delta,806,1776511920418,1776511920418,0,SUCCESS
B,delta,807,1776511920418,1776511920418,0,SUCCESS
B,delta,808,1776511920418,1776511920418,0,SUCCESS
B,delta,809,1776511920418,1776511920418,0,SUCCESS
B,delta,810,1776511920418,1776511920418,0,SUCCESS
B,delta,811,1776511920418,1776511920418,0,SUCCESS
B,delta,812,1776511920418,1776511920418,0,SUCCESS
B,delta,813,1776511920418,1776511920418,0,SUCCESS
B,delta,814,1776511920418,1776511920418,0,SUCCESS
B,delta,815,1776511920418,1776511920418,0,SUCCESS
B,delta,816,1776511920418,1776511920418,0,SUCCESS
B,delta,817,1776511920418,1776511920418,0,SUCCESS
B,delta,818,1776511920418,1776511920418,0,SUCCESS
B,delta,819,1776511920418,1776511920418,0,SUCCESS
B,delta,820,1776511920418,1776511920418,0,SUCCESS
B,delta,821,1776511920418,1776511920418,0,SUCCESS
B,delta,822,1776511920418,1776511920418,0,SUCCESS
B,delta,823,1776511920418,1776511920418,0,SUCCESS
B,delta,824,1776511920418,1776511920418,0,SUCCESS
B,delta,825,1776511920418,1776511920418,0,SUCCESS
B,delta,826,1776511920418,1776511920418,0,SUCCESS
B,delta,827,1776511920418,1776511920418,0,SUCCESS
B,delta,828,1776511920418,1776511920418,0,SUCCESS
B,delta,829,1776511920418,1776511920418,0,SUCCESS
B,delta,830,1776511920418,1776511920418,0,SUCCESS
B,delta,831,1776511920418,1776511920418,0,SUCCESS
B,delta,832,1776511920418,1776511920418,0,SUCCESS
B,delta,833,1776511920418,1776511920418,0,SUCCESS
B,delta,834,1776511920418,1776511920418,0,SUCCESS
B,delta,835,1776511920418,1776511920418,0,SUCCESS
B,delta,836,1776511920418,1776511920418,0,SUCCESS
B,delta,837,1776511920418,1776511920418,0,SUCCESS
B,delta,838,1776511920418,1776511920418,0,SUCCESS
B,delta,839,1776511920418,1776511920418,0,SUCCESS
B,delta,840,1776511920418,1776511920418,0,SUCCESS
B,delta,841,1776511920418,1776511920418,0,SUCCESS
B,delta,842,1776511920418,1776511920418,0,SUCCESS
B,delta,843,1776511920418,1776511920418,0,SUCCESS
B,delta,844,1776511920418,1776511920418,0,SUCCESS
B,delta,845,1776511920418,1776511920418,0,SUCCESS
B,delta,846,1776511920418,1776511920418,0,SUCCESS
B,delta,847,1776511920418,1776511920418,0,SUCCESS
B,delta,848,1776511920418,1776511920418,0,SUCCESS
B,delta,849,1776511920418,1776511920418,0,SUCCESS
B,delta,850,1776511920418,1776511920418,0,SUCCESS
B,delta,851,1776511920418,1776511920418,0,SUCCESS
B,delta,852,1776511920418,1776511920418,0,SUCCESS
B,delta,853,1776511920418,1776511920418,0,SUCCESS
B,delta,854,1776511920418,1776511920418,0,SUCCESS
B,delta,855,1776511920418,1776511920418,0,SUCCESS
B,delta,856,1776511920418,1776511920418,0,SUCCESS
B,delta,857,1776511920418,1776511920418,0,SUCCESS
B,delta,858,1776511920418,1776511920418,0,SUCCESS
B,delta,859,1776511920418,1776511920418,0,SUCCESS
B,delta,860,1776511920418,1776511920418,0,SUCCESS
B,delta,861,1776511920418,1776511920418,0,SUCCESS
B,delta,862,1776511920418,1776511920418,0,SUCCESS
B,delta,863,1776511920418,1776511920418,0,SUCCESS
B,delta,864,1776511920418,1776511920418,0,SUCCESS
B,delta,865,1776511920418,1776511920418,0,SUCCESS
B,delta,866,1776511920418,1776511920418,0,SUCCESS
B,delta,867,1776511920418,1776511920418,0,SUCCESS
B,delta,868,1776511920418,1776511920418,0,SUCCESS
B,delta,869,1776511920418,1776511920418,0,SUCCESS
B,delta,870,1776511920418,1776511920418,0,SUCCESS
B,delta,871,1776511920418,1776511920418,0,SUCCESS
B,delta,872,1776511920418,1776511920418,0,SUCCESS
B,delta,873,1776511920418,1776511920418,0,SUCCESS
B,delta,874,1776511920418,1776511920418,0,SUCCESS
B,delta,875,1776511920418,1776511920418,0,SUCCESS
B,delta,876,1776511920418,1776511920418,0,SUCCESS
B,delta,877,1776511920418,1776511920418,0,SUCCESS
B,delta,878,1776511920418,1776511920418,0,SUCCESS
B,delta,879,1776511920418,1776511920418,0,SUCCESS
B,delta,880,1776511920419,1776511920419,0,SUCCESS
B,delta,881,1776511920419,1776511920419,0,SUCCESS
B,delta,882,1776511920419,1776511920419,0,SUCCESS
B,delta,883,1776511920419,1776511920419,0,SUCCESS
B,delta,884,1776511920419,1776511920419,0,SUCCESS
B,delta,885,1776511920419,1776511920419,0,SUCCESS
B,delta,886,1776511920419,1776511920419,0,SUCCESS
B,delta,887,1776511920419,1776511920419,0,SUCCESS
B,delta,888,1776511920419,1776511920419,0,SUCCESS
B,delta,889,1776511920419,1776511920419,0,SUCCESS
B,delta,890,1776511920419,1776511920419,0,SUCCESS
B,delta,891,1776511920419,1776511920419,0,SUCCESS
B,delta,892,1776511920419,1776511920419,0,SUCCESS
B,delta,893,1776511920419,1776511920419,0,SUCCESS
B,delta,894,1776511920419,1776511920419,0,SUCCESS
B,delta,895,1776511920419,1776511920419,0,SUCCESS
B,delta,896,1776511920419,1776511920419,0,SUCCESS
B,delta,897,1776511920419,1776511920419,0,SUCCESS
B,delta,898,1776511920419,1776511920419,0,SUCCESS
B,delta,899,1776511920419,1776511920419,0,SUCCESS
B,delta,900,1776511920419,1776511920419,0,SUCCESS
B,delta,901,1776511920419,1776511920419,0,SUCCESS
B,delta,902,1776511920419,1776511920419,0,SUCCESS
B,delta,903,1776511920419,1776511920419,0,SUCCESS
B,delta,904,1776511920419,1776511920419,0,SUCCESS
B,delta,905,1776511920419,1776511920419,0,SUCCESS
B,delta,906,1776511920419,1776511920419,0,SUCCESS
B,delta,907,1776511920419,1776511920419,0,SUCCESS
B,delta,908,1776511920419,1776511920419,0,SUCCESS
B,delta,909,1776511920419,1776511920419,0,SUCCESS
B,delta,910,1776511920419,1776511920419,0,SUCCESS
B,delta,911,1776511920419,1776511920419,0,SUCCESS
B,delta,912,1776511920419,1776511920419,0,SUCCESS
B,delta,913,1776511920419,1776511920419,0,SUCCESS
B,delta,914,1776511920419,1776511920419,0,SUCCESS
B,delta,915,1776511920419,1776511920419,0,SUCCESS
B,delta,916,1776511920419,1776511920419,0,SUCCESS
B,delta,917,1776511920419,1776511920419,0,SUCCESS
B,delta,918,1776511920419,1776511920419,0,SUCCESS
B,delta,919,1776511920419,1776511920419,0,SUCCESS
B,delta,920,1776511920419,1776511920419,0,SUCCESS
B,delta,921,1776511920419,1776511920419,0,SUCCESS
B,delta,922,1776511920419,1776511920419,0,SUCCESS
B,delta,923,1776511920419,1776511920419,0,SUCCESS
B,delta,924,1776511920419,1776511920419,0,SUCCESS
B,delta,925,1776511920419,1776511920419,0,SUCCESS
B,delta,926,1776511920419,1776511920419,0,SUCCESS
B,delta,927,1776511920419,1776511920419,0,SUCCESS
B,delta,928,1776511920419,1776511920419,0,SUCCESS
B,delta,929,1776511920419,1776511920419,0,SUCCESS
B,delta,930,1776511920419,1776511920419,0,SUCCESS
B,delta,931,1776511920419,1776511920419,0,SUCCESS
B,delta,932,1776511920419,1776511920419,0,SUCCESS
B,delta,933,1776511920419,1776511920419,0,SUCCESS
B,delta,934,1776511920419,1776511920419,0,SUCCESS
B,delta,935,1776511920419,1776511920419,0,SUCCESS
B,delta,936,1776511920419,1776511920419,0,SUCCESS
B,delta,937,1776511920419,1776511920419,0,SUCCESS
B,delta,938,1776511920419,1776511920419,0,SUCCESS
B,delta,939,1776511920419,1776511920419,0,SUCCESS
B,delta,940,1776511920419,1776511920419,0,SUCCESS
B,delta,941,1776511920419,1776511920419,0,SUCCESS
B,delta,942,1776511920419,1776511920419,0,SUCCESS
B,delta,943,1776511920419,1776511920419,0,SUCCESS
B,delta,944,1776511920419,1776511920419,0,SUCCESS
B,delta,945,1776511920419,1776511920419,0,SUCCESS
B,delta,946,1776511920419,1776511920419,0,SUCCESS
B,delta,947,1776511920419,1776511920419,0,SUCCESS
B,delta,948,1776511920419,1776511920419,0,SUCCESS
B,delta,949,1776511920419,1776511920419,0,SUCCESS
B,delta,950,1776511920419,1776511920419,0,SUCCESS
B,delta,951,1776511920419,1776511920419,0,SUCCESS
B,delta,952,1776511920419,1776511920419,0,SUCCESS
B,delta,953,1776511920419,1776511920419,0,SUCCESS
B,delta,954,1776511920419,1776511920419,0,SUCCESS
B,delta,955,1776511920419,1776511920419,0,SUCCESS
B,delta,956,1776511920419,1776511920419,0,SUCCESS
B,delta,957,1776511920419,1776511920419,0,SUCCESS
B,delta,958,1776511920419,1776511920419,0,SUCCESS
B,delta,959,1776511920419,1776511920419,0,SUCCESS
B,delta,960,1776511920419,1776511920419,0,SUCCESS
B,delta,961,1776511920419,1776511920419,0,SUCCESS
B,delta,962,1776511920419,1776511920419,0,SUCCESS
B,delta,963,1776511920419,1776511920419,0,SUCCESS
B,delta,964,1776511920419,1776511920419,0,SUCCESS
B,delta,965,1776511920419,1776511920419,0,SUCCESS
B,delta,966,1776511920419,1776511920419,0,SUCCESS
B,delta,967,1776511920419,1776511920419,0,SUCCESS
B,delta,968,1776511920419,1776511920419,0,SUCCESS
B,delta,969,1776511920419,1776511920419,0,SUCCESS
B,delta,970,1776511920419,1776511920419,0,SUCCESS
B,delta,971,1776511920419,1776511920419,0,SUCCESS
B,delta,972,1776511920419,1776511920419,0,SUCCESS
B,delta,973,1776511920419,1776511920419,0,SUCCESS
B,delta,974,1776511920419,1776511920419,0,SUCCESS
B,delta,975,1776511920419,1776511920419,0,SUCCESS
B,delta,976,1776511920419,1776511920419,0,SUCCESS
B,delta,977,1776511920419,1776511920419,0,SUCCESS
B,delta,978,1776511920419,1776511920419,0,SUCCESS
B,delta,979,1776511920419,1776511920419,0,SUCCESS
B,delta,980,1776511920419,1776511920419,0,SUCCESS
B,delta,981,1776511920419,1776511920419,0,SUCCESS
B,delta,982,1776511920419,1776511920419,0,SUCCESS
B,delta,983,1776511920419,1776511920419,0,SUCCESS
B,delta,984,1776511920419,1776511920419,0,SUCCESS
B,delta,985,1776511920419,1776511920419,0,SUCCESS
B,delta,986,1776511920419,1776511920419,0,SUCCESS
B,delta,987,1776511920419,1776511920419,0,SUCCESS
B,delta,988,1776511920419,1776511920419,0,SUCCESS
B,delta,989,1776511920419,1776511920419,0,SUCCESS
B,delta,990,1776511920419,1776511920419,0,SUCCESS
B,delta,991,1776511920419,1776511920419,0,SUCCESS
B,delta,992,1776511920419,1776511920419,0,SUCCESS
B,delta,993,1776511920419,1776511920419,0,SUCCESS
B,delta,994,1776511920419,1776511920419,0,SUCCESS
B,delta,995,1776511920419,1776511920419,0,SUCCESS
B,delta,996,1776511920419,1776511920419,0,SUCCESS
B,delta,997,1776511920419,1776511920419,0,SUCCESS
B,delta,998,1776511920419,1776511920419,0,SUCCESS
B,delta,999,1776511920419,1776511920419,0,SUCCESS
B,epsilon,0,1776511920419,1776511920419,0,SUCCESS
B,epsilon,1,1776511920419,1776511920419,0,SUCCESS
B,epsilon,2,1776511920419,1776511920419,0,SUCCESS
B,epsilon,3,1776511920419,1776511920419,0,SUCCESS
B,epsilon,4,1776511920419,1776511920419,0,SUCCESS
B,epsilon,5,1776511920419,1776511920419,0,SUCCESS
B,epsilon,6,1776511920419,1776511920419,0,SUCCESS
B,epsilon,7,1776511920419,1776511920419,0,SUCCESS
B,epsilon,8,1776511920419,1776511920419,0,SUCCESS
B,epsilon,9,1776511920419,1776511920419,0,SUCCESS
B,epsilon,10,1776511920419,1776511920419,0,SUCCESS
B,epsilon,11,1776511920419,1776511920419,0,SUCCESS
B,epsilon,12,1776511920419,1776511920419,0,SUCCESS
B,epsilon,13,1776511920419,1776511920419,0,SUCCESS
B,epsilon,14,1776511920419,1776511920419,0,SUCCESS
B,epsilon,15,1776511920419,1776511920419,0,SUCCESS
B,epsilon,16,1776511920419,1776511920419,0,SUCCESS
B,epsilon,17,1776511920419,1776511920419,0,SUCCESS
B,epsilon,18,1776511920419,1776511920419,0,SUCCESS
B,epsilon,19,1776511920419,1776511920419,0,SUCCESS
B,epsilon,20,1776511920419,1776511920419,0,SUCCESS
B,epsilon,21,1776511920419,1776511920419,0,SUCCESS
B,epsilon,22,1776511920419,1776511920419,0,SUCCESS
B,epsilon,23,1776511920419,1776511920419,0,SUCCESS
B,epsilon,24,1776511920419,1776511920419,0,SUCCESS
B,epsilon,25,1776511920419,1776511920419,0,SUCCESS
B,epsilon,26,1776511920419,1776511920419,0,SUCCESS
B,epsilon,27,1776511920419,1776511920419,0,SUCCESS
B,epsilon,28,1776511920419,1776511920419,0,SUCCESS
B,epsilon,29,1776511920419,1776511920419,0,SUCCESS
B,epsilon,30,1776511920419,1776511920419,0,SUCCESS
B,epsilon,31,1776511920419,1776511920419,0,SUCCESS
B,epsilon,32,1776511920419,1776511920419,0,SUCCESS
B,epsilon,33,1776511920419,1776511920419,0,SUCCESS
B,epsilon,34,1776511920419,1776511920419,0,SUCCESS
B,epsilon,35,1776511920419,1776511920419,0,SUCCESS
B,epsilon,36,1776511920419,1776511920419,0,SUCCESS
B,epsilon,37,1776511920419,1776511920419,0,SUCCESS
B,epsilon,38,1776511920419,1776511920419,0,SUCCESS
B,epsilon,39,1776511920419,1776511920419,0,SUCCESS
B,epsilon,40,1776511920419,1776511920419,0,SUCCESS
B,epsilon,41,1776511920419,1776511920419,0,SUCCESS
B,epsilon,42,1776511920419,1776511920419,0,SUCCESS
B,epsilon,43,1776511920419,1776511920419,0,SUCCESS
B,epsilon,44,1776511920419,1776511920419,0,SUCCESS
B,epsilon,45,1776511920419,1776511920419,0,SUCCESS
B,epsilon,46,1776511920419,1776511920419,0,SUCCESS
B,epsilon,47,1776511920419,1776511920419,0,SUCCESS
B,epsilon,48,1776511920419,1776511920419,0,SUCCESS
B,epsilon,49,1776511920419,1776511920419,0,SUCCESS
B,epsilon,50,1776511920419,1776511920419,0,SUCCESS
B,epsilon,51,1776511920419,1776511920419,0,SUCCESS
B,epsilon,52,1776511920419,1776511920419,0,SUCCESS
B,epsilon,53,1776511920419,1776511920419,0,SUCCESS
B,epsilon,54,1776511920419,1776511920419,0,SUCCESS
B,epsilon,55,1776511920419,1776511920419,0,SUCCESS
B,epsilon,56,1776511920419,1776511920419,0,SUCCESS
B,epsilon,57,1776511920419,1776511920419,0,SUCCESS
B,epsilon,58,1776511920419,1776511920419,0,SUCCESS
B,epsilon,59,1776511920419,1776511920419,0,SUCCESS
B,epsilon,60,1776511920419,1776511920419,0,SUCCESS
B,epsilon,61,1776511920419,1776511920419,0,SUCCESS
B,epsilon,62,1776511920419,1776511920419,0,SUCCESS
B,epsilon,63,1776511920419,1776511920419,0,SUCCESS
B,epsilon,64,1776511920419,1776511920419,0,SUCCESS
B,epsilon,65,1776511920419,1776511920419,0,SUCCESS
B,epsilon,66,1776511920419,1776511920419,0,SUCCESS
B,epsilon,67,1776511920419,1776511920419,0,SUCCESS
B,epsilon,68,1776511920419,1776511920419,0,SUCCESS
B,epsilon,69,1776511920419,1776511920419,0,SUCCESS
B,epsilon,70,1776511920419,1776511920419,0,SUCCESS
B,epsilon,71,1776511920419,1776511920419,0,SUCCESS
B,epsilon,72,1776511920419,1776511920419,0,SUCCESS
B,epsilon,73,1776511920419,1776511920419,0,SUCCESS
B,epsilon,74,1776511920419,1776511920419,0,SUCCESS
B,epsilon,75,1776511920419,1776511920419,0,SUCCESS
B,epsilon,76,1776511920419,1776511920419,0,SUCCESS
B,epsilon,77,1776511920419,1776511920419,0,SUCCESS
B,epsilon,78,1776511920419,1776511920419,0,SUCCESS
B,epsilon,79,1776511920419,1776511920419,0,SUCCESS
B,epsilon,80,1776511920419,1776511920419,0,SUCCESS
B,epsilon,81,1776511920419,1776511920419,0,SUCCESS
B,epsilon,82,1776511920419,1776511920419,0,SUCCESS
B,epsilon,83,1776511920419,1776511920419,0,SUCCESS
B,epsilon,84,1776511920419,1776511920419,0,SUCCESS
B,epsilon,85,1776511920419,1776511920419,0,SUCCESS
B,epsilon,86,1776511920419,1776511920419,0,SUCCESS
B,epsilon,87,1776511920419,1776511920419,0,SUCCESS
B,epsilon,88,1776511920419,1776511920419,0,SUCCESS
B,epsilon,89,1776511920419,1776511920419,0,SUCCESS
B,epsilon,90,1776511920419,1776511920419,0,SUCCESS
B,epsilon,91,1776511920419,1776511920419,0,SUCCESS
B,epsilon,92,1776511920419,1776511920419,0,SUCCESS
B,epsilon,93,1776511920419,1776511920419,0,SUCCESS
B,epsilon,94,1776511920419,1776511920419,0,SUCCESS
B,epsilon,95,1776511920419,1776511920419,0,SUCCESS
B,epsilon,96,1776511920419,1776511920419,0,SUCCESS
B,epsilon,97,1776511920419,1776511920419,0,SUCCESS
B,epsilon,98,1776511920419,1776511920419,0,SUCCESS
B,epsilon,99,1776511920419,1776511920419,0,SUCCESS
B,epsilon,100,1776511920419,1776511920419,0,SUCCESS
B,epsilon,101,1776511920419,1776511920419,0,SUCCESS
B,epsilon,102,1776511920419,1776511920419,0,SUCCESS
B,epsilon,103,1776511920419,1776511920419,0,SUCCESS
B,epsilon,104,1776511920419,1776511920419,0,SUCCESS
B,epsilon,105,1776511920419,1776511920419,0,SUCCESS
B,epsilon,106,1776511920419,1776511920419,0,SUCCESS
B,epsilon,107,1776511920419,1776511920419,0,SUCCESS
B,epsilon,108,1776511920419,1776511920419,0,SUCCESS
B,epsilon,109,1776511920419,1776511920419,0,SUCCESS
B,epsilon,110,1776511920419,1776511920419,0,SUCCESS
B,epsilon,111,1776511920419,1776511920419,0,SUCCESS
B,epsilon,112,1776511920419,1776511920419,0,SUCCESS
B,epsilon,113,1776511920419,1776511920419,0,SUCCESS
B,epsilon,114,1776511920419,1776511920419,0,SUCCESS
B,epsilon,115,1776511920419,1776511920419,0,SUCCESS
B,epsilon,116,1776511920419,1776511920419,0,SUCCESS
B,epsilon,117,1776511920419,1776511920419,0,SUCCESS
B,epsilon,118,1776511920419,1776511920419,0,SUCCESS
B,epsilon,119,1776511920419,1776511920419,0,SUCCESS
B,epsilon,120,1776511920419,1776511920419,0,SUCCESS
B,epsilon,121,1776511920419,1776511920419,0,SUCCESS
B,epsilon,122,1776511920419,1776511920419,0,SUCCESS
B,epsilon,123,1776511920419,1776511920419,0,SUCCESS
B,epsilon,124,1776511920419,1776511920419,0,SUCCESS
B,epsilon,125,1776511920419,1776511920419,0,SUCCESS
B,epsilon,126,1776511920419,1776511920419,0,SUCCESS
B,epsilon,127,1776511920419,1776511920419,0,SUCCESS
B,epsilon,128,1776511920419,1776511920419,0,SUCCESS
B,epsilon,129,1776511920419,1776511920419,0,SUCCESS
B,epsilon,130,1776511920419,1776511920419,0,SUCCESS
B,epsilon,131,1776511920419,1776511920419,0,SUCCESS
B,epsilon,132,1776511920419,1776511920419,0,SUCCESS
B,epsilon,133,1776511920419,1776511920419,0,SUCCESS
B,epsilon,134,1776511920419,1776511920419,0,SUCCESS
B,epsilon,135,1776511920419,1776511920419,0,SUCCESS
B,epsilon,136,1776511920419,1776511920419,0,SUCCESS
B,epsilon,137,1776511920419,1776511920419,0,SUCCESS
B,epsilon,138,1776511920419,1776511920419,0,SUCCESS
B,epsilon,139,1776511920419,1776511920419,0,SUCCESS
B,epsilon,140,1776511920419,1776511920419,0,SUCCESS
B,epsilon,141,1776511920419,1776511920419,0,SUCCESS
B,epsilon,142,1776511920419,1776511920419,0,SUCCESS
B,epsilon,143,1776511920419,1776511920419,0,SUCCESS
B,epsilon,144,1776511920419,1776511920419,0,SUCCESS
B,epsilon,145,1776511920419,1776511920419,0,SUCCESS
B,epsilon,146,1776511920419,1776511920419,0,SUCCESS
B,epsilon,147,1776511920419,1776511920419,0,SUCCESS
B,epsilon,148,1776511920419,1776511920419,0,SUCCESS
B,epsilon,149,1776511920419,1776511920419,0,SUCCESS
B,epsilon,150,1776511920419,1776511920419,0,SUCCESS
B,epsilon,151,1776511920419,1776511920419,0,SUCCESS
B,epsilon,152,1776511920419,1776511920419,0,SUCCESS
B,epsilon,153,1776511920419,1776511920419,0,SUCCESS
B,epsilon,154,1776511920419,1776511920419,0,SUCCESS
B,epsilon,155,1776511920419,1776511920419,0,SUCCESS
B,epsilon,156,1776511920419,1776511920419,0,SUCCESS
B,epsilon,157,1776511920419,1776511920419,0,SUCCESS
B,epsilon,158,1776511920419,1776511920419,0,SUCCESS
B,epsilon,159,1776511920419,1776511920419,0,SUCCESS
B,epsilon,160,1776511920419,1776511920419,0,SUCCESS
B,epsilon,161,1776511920419,1776511920419,0,SUCCESS
B,epsilon,162,1776511920419,1776511920419,0,SUCCESS
B,epsilon,163,1776511920419,1776511920419,0,SUCCESS
B,epsilon,164,1776511920419,1776511920419,0,SUCCESS
B,epsilon,165,1776511920419,1776511920419,0,SUCCESS
B,epsilon,166,1776511920419,1776511920419,0,SUCCESS
B,epsilon,167,1776511920419,1776511920419,0,SUCCESS
B,epsilon,168,1776511920419,1776511920419,0,SUCCESS
B,epsilon,169,1776511920419,1776511920419,0,SUCCESS
B,epsilon,170,1776511920419,1776511920419,0,SUCCESS
B,epsilon,171,1776511920419,1776511920419,0,SUCCESS
B,epsilon,172,1776511920419,1776511920419,0,SUCCESS
B,epsilon,173,1776511920419,1776511920419,0,SUCCESS
B,epsilon,174,1776511920419,1776511920419,0,SUCCESS
B,epsilon,175,1776511920419,1776511920419,0,SUCCESS
B,epsilon,176,1776511920419,1776511920419,0,SUCCESS
B,epsilon,177,1776511920419,1776511920419,0,SUCCESS
B,epsilon,178,1776511920419,1776511920419,0,SUCCESS
B,epsilon,179,1776511920419,1776511920419,0,SUCCESS
B,epsilon,180,1776511920419,1776511920419,0,SUCCESS
B,epsilon,181,1776511920419,1776511920419,0,SUCCESS
B,epsilon,182,1776511920419,1776511920419,0,SUCCESS
B,epsilon,183,1776511920419,1776511920419,0,SUCCESS
B,epsilon,184,1776511920419,1776511920419,0,SUCCESS
B,epsilon,185,1776511920419,1776511920419,0,SUCCESS
B,epsilon,186,1776511920419,1776511920419,0,SUCCESS
B,epsilon,187,1776511920419,1776511920419,0,SUCCESS
B,epsilon,188,1776511920419,1776511920419,0,SUCCESS
B,epsilon,189,1776511920419,1776511920419,0,SUCCESS
B,epsilon,190,1776511920419,1776511920419,0,SUCCESS
B,epsilon,191,1776511920419,1776511920419,0,SUCCESS
B,epsilon,192,1776511920419,1776511920419,0,SUCCESS
B,epsilon,193,1776511920419,1776511920419,0,SUCCESS
B,epsilon,194,1776511920419,1776511920419,0,SUCCESS
B,epsilon,195,1776511920419,1776511920419,0,SUCCESS
B,epsilon,196,1776511920419,1776511920419,0,SUCCESS
B,epsilon,197,1776511920419,1776511920419,0,SUCCESS
B,epsilon,198,1776511920419,1776511920419,0,SUCCESS
B,epsilon,199,1776511920419,1776511920419,0,SUCCESS
B,epsilon,200,1776511920419,1776511920419,0,SUCCESS
B,epsilon,201,1776511920419,1776511920419,0,SUCCESS
B,epsilon,202,1776511920419,1776511920419,0,SUCCESS
B,epsilon,203,1776511920419,1776511920419,0,SUCCESS
B,epsilon,204,1776511920419,1776511920419,0,SUCCESS
B,epsilon,205,1776511920419,1776511920419,0,SUCCESS
B,epsilon,206,1776511920419,1776511920419,0,SUCCESS
B,epsilon,207,1776511920419,1776511920419,0,SUCCESS
B,epsilon,208,1776511920419,1776511920419,0,SUCCESS
B,epsilon,209,1776511920419,1776511920419,0,SUCCESS
B,epsilon,210,1776511920419,1776511920419,0,SUCCESS
B,epsilon,211,1776511920419,1776511920419,0,SUCCESS
B,epsilon,212,1776511920419,1776511920419,0,SUCCESS
B,epsilon,213,1776511920419,1776511920419,0,SUCCESS
B,epsilon,214,1776511920419,1776511920419,0,SUCCESS
B,epsilon,215,1776511920419,1776511920419,0,SUCCESS
B,epsilon,216,1776511920419,1776511920419,0,SUCCESS
B,epsilon,217,1776511920419,1776511920419,0,SUCCESS
B,epsilon,218,1776511920419,1776511920419,0,SUCCESS
B,epsilon,219,1776511920419,1776511920419,0,SUCCESS
B,epsilon,220,1776511920419,1776511920419,0,SUCCESS
B,epsilon,221,1776511920419,1776511920419,0,SUCCESS
B,epsilon,222,1776511920419,1776511920419,0,SUCCESS
B,epsilon,223,1776511920419,1776511920419,0,SUCCESS
B,epsilon,224,1776511920419,1776511920419,0,SUCCESS
B,epsilon,225,1776511920419,1776511920419,0,SUCCESS
B,epsilon,226,1776511920419,1776511920419,0,SUCCESS
B,epsilon,227,1776511920419,1776511920419,0,SUCCESS
B,epsilon,228,1776511920419,1776511920419,0,SUCCESS
B,epsilon,229,1776511920419,1776511920419,0,SUCCESS
B,epsilon,230,1776511920419,1776511920419,0,SUCCESS
B,epsilon,231,1776511920419,1776511920419,0,SUCCESS
B,epsilon,232,1776511920419,1776511920419,0,SUCCESS
B,epsilon,233,1776511920419,1776511920419,0,SUCCESS
B,epsilon,234,1776511920419,1776511920419,0,SUCCESS
B,epsilon,235,1776511920419,1776511920419,0,SUCCESS
B,epsilon,236,1776511920419,1776511920419,0,SUCCESS
B,epsilon,237,1776511920419,1776511920419,0,SUCCESS
B,epsilon,238,1776511920419,1776511920419,0,SUCCESS
B,epsilon,239,1776511920419,1776511920419,0,SUCCESS
B,epsilon,240,1776511920419,1776511920419,0,SUCCESS
B,epsilon,241,1776511920419,1776511920419,0,SUCCESS
B,epsilon,242,1776511920419,1776511920419,0,SUCCESS
B,epsilon,243,1776511920419,1776511920419,0,SUCCESS
B,epsilon,244,1776511920419,1776511920419,0,SUCCESS
B,epsilon,245,1776511920419,1776511920419,0,SUCCESS
B,epsilon,246,1776511920419,1776511920419,0,SUCCESS
B,epsilon,247,1776511920419,1776511920419,0,SUCCESS
B,epsilon,248,1776511920419,1776511920419,0,SUCCESS
B,epsilon,249,1776511920419,1776511920419,0,SUCCESS
B,epsilon,250,1776511920419,1776511920419,0,SUCCESS
B,epsilon,251,1776511920419,1776511920419,0,SUCCESS
B,epsilon,252,1776511920419,1776511920419,0,SUCCESS
B,epsilon,253,1776511920419,1776511920419,0,SUCCESS
B,epsilon,254,1776511920419,1776511920419,0,SUCCESS
B,epsilon,255,1776511920419,1776511920419,0,SUCCESS
B,epsilon,256,1776511920419,1776511920419,0,SUCCESS
B,epsilon,257,1776511920419,1776511920419,0,SUCCESS
B,epsilon,258,1776511920419,1776511920419,0,SUCCESS
B,epsilon,259,1776511920419,1776511920419,0,SUCCESS
B,epsilon,260,1776511920419,1776511920419,0,SUCCESS
B,epsilon,261,1776511920419,1776511920419,0,SUCCESS
B,epsilon,262,1776511920419,1776511920419,0,SUCCESS
B,epsilon,263,1776511920419,1776511920419,0,SUCCESS
B,epsilon,264,1776511920419,1776511920419,0,SUCCESS
B,epsilon,265,1776511920419,1776511920419,0,SUCCESS
B,epsilon,266,1776511920419,1776511920419,0,SUCCESS
B,epsilon,267,1776511920419,1776511920419,0,SUCCESS
B,epsilon,268,1776511920419,1776511920419,0,SUCCESS
B,epsilon,269,1776511920419,1776511920419,0,SUCCESS
B,epsilon,270,1776511920419,1776511920419,0,SUCCESS
B,epsilon,271,1776511920419,1776511920419,0,SUCCESS
B,epsilon,272,1776511920419,1776511920419,0,SUCCESS
B,epsilon,273,1776511920419,1776511920419,0,SUCCESS
B,epsilon,274,1776511920419,1776511920419,0,SUCCESS
B,epsilon,275,1776511920419,1776511920419,0,SUCCESS
B,epsilon,276,1776511920419,1776511920419,0,SUCCESS
B,epsilon,277,1776511920419,1776511920419,0,SUCCESS
B,epsilon,278,1776511920419,1776511920419,0,SUCCESS
B,epsilon,279,1776511920419,1776511920419,0,SUCCESS
B,epsilon,280,1776511920419,1776511920419,0,SUCCESS
B,epsilon,281,1776511920419,1776511920419,0,SUCCESS
B,epsilon,282,1776511920419,1776511920419,0,SUCCESS
B,epsilon,283,1776511920419,1776511920419,0,SUCCESS
B,epsilon,284,1776511920419,1776511920419,0,SUCCESS
B,epsilon,285,1776511920419,1776511920419,0,SUCCESS
B,epsilon,286,1776511920419,1776511920419,0,SUCCESS
B,epsilon,287,1776511920419,1776511920419,0,SUCCESS
B,epsilon,288,1776511920419,1776511920419,0,SUCCESS
B,epsilon,289,1776511920419,1776511920419,0,SUCCESS
B,epsilon,290,1776511920419,1776511920419,0,SUCCESS
B,epsilon,291,1776511920419,1776511920419,0,SUCCESS
B,epsilon,292,1776511920419,1776511920419,0,SUCCESS
B,epsilon,293,1776511920419,1776511920419,0,SUCCESS
B,epsilon,294,1776511920419,1776511920419,0,SUCCESS
B,epsilon,295,1776511920419,1776511920419,0,SUCCESS
B,epsilon,296,1776511920419,1776511920419,0,SUCCESS
B,epsilon,297,1776511920419,1776511920419,0,SUCCESS
B,epsilon,298,1776511920419,1776511920419,0,SUCCESS
B,epsilon,299,1776511920419,1776511920419,0,SUCCESS
B,epsilon,300,1776511920419,1776511920419,0,SUCCESS
B,epsilon,301,1776511920419,1776511920419,0,SUCCESS
B,epsilon,302,1776511920419,1776511920419,0,SUCCESS
B,epsilon,303,1776511920419,1776511920419,0,SUCCESS
B,epsilon,304,1776511920419,1776511920419,0,SUCCESS
B,epsilon,305,1776511920419,1776511920419,0,SUCCESS
B,epsilon,306,1776511920419,1776511920419,0,SUCCESS
B,epsilon,307,1776511920419,1776511920419,0,SUCCESS
B,epsilon,308,1776511920419,1776511920419,0,SUCCESS
B,epsilon,309,1776511920419,1776511920419,0,SUCCESS
B,epsilon,310,1776511920419,1776511920419,0,SUCCESS
B,epsilon,311,1776511920419,1776511920419,0,SUCCESS
B,epsilon,312,1776511920419,1776511920419,0,SUCCESS
B,epsilon,313,1776511920419,1776511920419,0,SUCCESS
B,epsilon,314,1776511920419,1776511920419,0,SUCCESS
B,epsilon,315,1776511920419,1776511920419,0,SUCCESS
B,epsilon,316,1776511920419,1776511920419,0,SUCCESS
B,epsilon,317,1776511920419,1776511920419,0,SUCCESS
B,epsilon,318,1776511920419,1776511920419,0,SUCCESS
B,epsilon,319,1776511920419,1776511920419,0,SUCCESS
B,epsilon,320,1776511920419,1776511920419,0,SUCCESS
B,epsilon,321,1776511920419,1776511920419,0,SUCCESS
B,epsilon,322,1776511920419,1776511920419,0,SUCCESS
B,epsilon,323,1776511920419,1776511920419,0,SUCCESS
B,epsilon,324,1776511920419,1776511920419,0,SUCCESS
B,epsilon,325,1776511920419,1776511920419,0,SUCCESS
B,epsilon,326,1776511920419,1776511920419,0,SUCCESS
B,epsilon,327,1776511920419,1776511920419,0,SUCCESS
B,epsilon,328,1776511920419,1776511920419,0,SUCCESS
B,epsilon,329,1776511920419,1776511920419,0,SUCCESS
B,epsilon,330,1776511920419,1776511920419,0,SUCCESS
B,epsilon,331,1776511920419,1776511920419,0,SUCCESS
B,epsilon,332,1776511920419,1776511920419,0,SUCCESS
B,epsilon,333,1776511920419,1776511920419,0,SUCCESS
B,epsilon,334,1776511920419,1776511920419,0,SUCCESS
B,epsilon,335,1776511920419,1776511920419,0,SUCCESS
B,epsilon,336,1776511920419,1776511920419,0,SUCCESS
B,epsilon,337,1776511920419,1776511920419,0,SUCCESS
B,epsilon,338,1776511920419,1776511920419,0,SUCCESS
B,epsilon,339,1776511920419,1776511920419,0,SUCCESS
B,epsilon,340,1776511920419,1776511920419,0,SUCCESS
B,epsilon,341,1776511920419,1776511920419,0,SUCCESS
B,epsilon,342,1776511920419,1776511920419,0,SUCCESS
B,epsilon,343,1776511920419,1776511920419,0,SUCCESS
B,epsilon,344,1776511920419,1776511920419,0,SUCCESS
B,epsilon,345,1776511920419,1776511920419,0,SUCCESS
B,epsilon,346,1776511920419,1776511920419,0,SUCCESS
B,epsilon,347,1776511920419,1776511920419,0,SUCCESS
B,epsilon,348,1776511920419,1776511920419,0,SUCCESS
B,epsilon,349,1776511920419,1776511920419,0,SUCCESS
B,epsilon,350,1776511920419,1776511920419,0,SUCCESS
B,epsilon,351,1776511920419,1776511920419,0,SUCCESS
B,epsilon,352,1776511920419,1776511920419,0,SUCCESS
B,epsilon,353,1776511920419,1776511920419,0,SUCCESS
B,epsilon,354,1776511920419,1776511920419,0,SUCCESS
B,epsilon,355,1776511920419,1776511920419,0,SUCCESS
B,epsilon,356,1776511920419,1776511920419,0,SUCCESS
B,epsilon,357,1776511920419,1776511920419,0,SUCCESS
B,epsilon,358,1776511920419,1776511920419,0,SUCCESS
B,epsilon,359,1776511920419,1776511920419,0,SUCCESS
B,epsilon,360,1776511920419,1776511920419,0,SUCCESS
B,epsilon,361,1776511920419,1776511920419,0,SUCCESS
B,epsilon,362,1776511920420,1776511920420,0,SUCCESS
B,epsilon,363,1776511920420,1776511920420,0,SUCCESS
B,epsilon,364,1776511920420,1776511920420,0,SUCCESS
B,epsilon,365,1776511920420,1776511920420,0,SUCCESS
B,epsilon,366,1776511920420,1776511920420,0,SUCCESS
B,epsilon,367,1776511920420,1776511920420,0,SUCCESS
B,epsilon,368,1776511920420,1776511920420,0,SUCCESS
B,epsilon,369,1776511920420,1776511920420,0,SUCCESS
B,epsilon,370,1776511920420,1776511920420,0,SUCCESS
B,epsilon,371,1776511920420,1776511920420,0,SUCCESS
B,epsilon,372,1776511920420,1776511920420,0,SUCCESS
B,epsilon,373,1776511920420,1776511920420,0,SUCCESS
B,epsilon,374,1776511920420,1776511920420,0,SUCCESS
B,epsilon,375,1776511920420,1776511920420,0,SUCCESS
B,epsilon,376,1776511920420,1776511920420,0,SUCCESS
B,epsilon,377,1776511920420,1776511920420,0,SUCCESS
B,epsilon,378,1776511920420,1776511920420,0,SUCCESS
B,epsilon,379,1776511920420,1776511920420,0,SUCCESS
B,epsilon,380,1776511920420,1776511920420,0,SUCCESS
B,epsilon,381,1776511920420,1776511920420,0,SUCCESS
B,epsilon,382,1776511920420,1776511920420,0,SUCCESS
B,epsilon,383,1776511920420,1776511920420,0,SUCCESS
B,epsilon,384,1776511920420,1776511920420,0,SUCCESS
B,epsilon,385,1776511920420,1776511920420,0,SUCCESS
B,epsilon,386,1776511920420,1776511920420,0,SUCCESS
B,epsilon,387,1776511920420,1776511920420,0,SUCCESS
B,epsilon,388,1776511920420,1776511920420,0,SUCCESS
B,epsilon,389,1776511920420,1776511920420,0,SUCCESS
B,epsilon,390,1776511920420,1776511920420,0,SUCCESS
B,epsilon,391,1776511920420,1776511920420,0,SUCCESS
B,epsilon,392,1776511920420,1776511920420,0,SUCCESS
B,epsilon,393,1776511920420,1776511920420,0,SUCCESS
B,epsilon,394,1776511920420,1776511920420,0,SUCCESS
B,epsilon,395,1776511920420,1776511920420,0,SUCCESS
B,epsilon,396,1776511920420,1776511920420,0,SUCCESS
B,epsilon,397,1776511920420,1776511920420,0,SUCCESS
B,epsilon,398,1776511920420,1776511920420,0,SUCCESS
B,epsilon,399,1776511920420,1776511920420,0,SUCCESS
B,epsilon,400,1776511920420,1776511920420,0,SUCCESS
B,epsilon,401,1776511920420,1776511920420,0,SUCCESS
B,epsilon,402,1776511920420,1776511920420,0,SUCCESS
B,epsilon,403,1776511920420,1776511920420,0,SUCCESS
B,epsilon,404,1776511920420,1776511920420,0,SUCCESS
B,epsilon,405,1776511920420,1776511920420,0,SUCCESS
B,epsilon,406,1776511920420,1776511920420,0,SUCCESS
B,epsilon,407,1776511920420,1776511920420,0,SUCCESS
B,epsilon,408,1776511920420,1776511920420,0,SUCCESS
B,epsilon,409,1776511920420,1776511920420,0,SUCCESS
B,epsilon,410,1776511920420,1776511920420,0,SUCCESS
B,epsilon,411,1776511920420,1776511920420,0,SUCCESS
B,epsilon,412,1776511920420,1776511920420,0,SUCCESS
B,epsilon,413,1776511920420,1776511920420,0,SUCCESS
B,epsilon,414,1776511920420,1776511920420,0,SUCCESS
B,epsilon,415,1776511920420,1776511920420,0,SUCCESS
B,epsilon,416,1776511920420,1776511920420,0,SUCCESS
B,epsilon,417,1776511920420,1776511920420,0,SUCCESS
B,epsilon,418,1776511920420,1776511920420,0,SUCCESS
B,epsilon,419,1776511920420,1776511920420,0,SUCCESS
B,epsilon,420,1776511920420,1776511920420,0,SUCCESS
B,epsilon,421,1776511920420,1776511920420,0,SUCCESS
B,epsilon,422,1776511920420,1776511920420,0,SUCCESS
B,epsilon,423,1776511920420,1776511920420,0,SUCCESS
B,epsilon,424,1776511920420,1776511920420,0,SUCCESS
B,epsilon,425,1776511920420,1776511920420,0,SUCCESS
B,epsilon,426,1776511920420,1776511920420,0,SUCCESS
B,epsilon,427,1776511920420,1776511920420,0,SUCCESS
B,epsilon,428,1776511920420,1776511920420,0,SUCCESS
B,epsilon,429,1776511920420,1776511920420,0,SUCCESS
B,epsilon,430,1776511920420,1776511920420,0,SUCCESS
B,epsilon,431,1776511920420,1776511920420,0,SUCCESS
B,epsilon,432,1776511920420,1776511920420,0,SUCCESS
B,epsilon,433,1776511920420,1776511920420,0,SUCCESS
B,epsilon,434,1776511920420,1776511920420,0,SUCCESS
B,epsilon,435,1776511920420,1776511920420,0,SUCCESS
B,epsilon,436,1776511920420,1776511920420,0,SUCCESS
B,epsilon,437,1776511920420,1776511920420,0,SUCCESS
B,epsilon,438,1776511920420,1776511920420,0,SUCCESS
B,epsilon,439,1776511920420,1776511920420,0,SUCCESS
B,epsilon,440,1776511920420,1776511920420,0,SUCCESS
B,epsilon,441,1776511920420,1776511920420,0,SUCCESS
B,epsilon,442,1776511920420,1776511920420,0,SUCCESS
B,epsilon,443,1776511920420,1776511920420,0,SUCCESS
B,epsilon,444,1776511920420,1776511920420,0,SUCCESS
B,epsilon,445,1776511920420,1776511920420,0,SUCCESS
B,epsilon,446,1776511920420,1776511920420,0,SUCCESS
B,epsilon,447,1776511920420,1776511920420,0,SUCCESS
B,epsilon,448,1776511920420,1776511920420,0,SUCCESS
B,epsilon,449,1776511920420,1776511920420,0,SUCCESS
B,epsilon,450,1776511920420,1776511920420,0,SUCCESS
B,epsilon,451,1776511920420,1776511920420,0,SUCCESS
B,epsilon,452,1776511920420,1776511920420,0,SUCCESS
B,epsilon,453,1776511920420,1776511920420,0,SUCCESS
B,epsilon,454,1776511920420,1776511920420,0,SUCCESS
B,epsilon,455,1776511920420,1776511920420,0,SUCCESS
B,epsilon,456,1776511920420,1776511920420,0,SUCCESS
B,epsilon,457,1776511920420,1776511920420,0,SUCCESS
B,epsilon,458,1776511920420,1776511920420,0,SUCCESS
B,epsilon,459,1776511920420,1776511920420,0,SUCCESS
B,epsilon,460,1776511920420,1776511920420,0,SUCCESS
B,epsilon,461,1776511920420,1776511920420,0,SUCCESS
B,epsilon,462,1776511920420,1776511920420,0,SUCCESS
B,epsilon,463,1776511920420,1776511920420,0,SUCCESS
B,epsilon,464,1776511920420,1776511920420,0,SUCCESS
B,epsilon,465,1776511920420,1776511920420,0,SUCCESS
B,epsilon,466,1776511920420,1776511920420,0,SUCCESS
B,epsilon,467,1776511920420,1776511920420,0,SUCCESS
B,epsilon,468,1776511920420,1776511920420,0,SUCCESS
B,epsilon,469,1776511920420,1776511920420,0,SUCCESS
B,epsilon,470,1776511920420,1776511920420,0,SUCCESS
B,epsilon,471,1776511920420,1776511920420,0,SUCCESS
B,epsilon,472,1776511920420,1776511920420,0,SUCCESS
B,epsilon,473,1776511920420,1776511920420,0,SUCCESS
B,epsilon,474,1776511920420,1776511920420,0,SUCCESS
B,epsilon,475,1776511920420,1776511920420,0,SUCCESS
B,epsilon,476,1776511920420,1776511920420,0,SUCCESS
B,epsilon,477,1776511920420,1776511920420,0,SUCCESS
B,epsilon,478,1776511920420,1776511920420,0,SUCCESS
B,epsilon,479,1776511920420,1776511920420,0,SUCCESS
B,epsilon,480,1776511920420,1776511920420,0,SUCCESS
B,epsilon,481,1776511920420,1776511920420,0,SUCCESS
B,epsilon,482,1776511920420,1776511920420,0,SUCCESS
B,epsilon,483,1776511920420,1776511920420,0,SUCCESS
B,epsilon,484,1776511920420,1776511920420,0,SUCCESS
B,epsilon,485,1776511920420,1776511920420,0,SUCCESS
B,epsilon,486,1776511920420,1776511920420,0,SUCCESS
B,epsilon,487,1776511920420,1776511920420,0,SUCCESS
B,epsilon,488,1776511920420,1776511920420,0,SUCCESS
B,epsilon,489,1776511920420,1776511920420,0,SUCCESS
B,epsilon,490,1776511920420,1776511920420,0,SUCCESS
B,epsilon,491,1776511920420,1776511920420,0,SUCCESS
B,epsilon,492,1776511920420,1776511920420,0,SUCCESS
B,epsilon,493,1776511920420,1776511920420,0,SUCCESS
B,epsilon,494,1776511920420,1776511920420,0,SUCCESS
B,epsilon,495,1776511920420,1776511920420,0,SUCCESS
B,epsilon,496,1776511920420,1776511920420,0,SUCCESS
B,epsilon,497,1776511920420,1776511920420,0,SUCCESS
B,epsilon,498,1776511920420,1776511920420,0,SUCCESS
B,epsilon,499,1776511920420,1776511920420,0,SUCCESS
B,epsilon,500,1776511920420,1776511920420,0,SUCCESS
B,epsilon,501,1776511920420,1776511920420,0,SUCCESS
B,epsilon,502,1776511920420,1776511920420,0,SUCCESS
B,epsilon,503,1776511920420,1776511920420,0,SUCCESS
B,epsilon,504,1776511920420,1776511920420,0,SUCCESS
B,epsilon,505,1776511920420,1776511920420,0,SUCCESS
B,epsilon,506,1776511920420,1776511920420,0,SUCCESS
B,epsilon,507,1776511920420,1776511920420,0,SUCCESS
B,epsilon,508,1776511920420,1776511920420,0,SUCCESS
B,epsilon,509,1776511920420,1776511920420,0,SUCCESS
B,epsilon,510,1776511920420,1776511920420,0,SUCCESS
B,epsilon,511,1776511920420,1776511920420,0,SUCCESS
B,epsilon,512,1776511920420,1776511920420,0,SUCCESS
B,epsilon,513,1776511920420,1776511920420,0,SUCCESS
B,epsilon,514,1776511920420,1776511920420,0,SUCCESS
B,epsilon,515,1776511920420,1776511920420,0,SUCCESS
B,epsilon,516,1776511920420,1776511920420,0,SUCCESS
B,epsilon,517,1776511920420,1776511920420,0,SUCCESS
B,epsilon,518,1776511920420,1776511920420,0,SUCCESS
B,epsilon,519,1776511920420,1776511920420,0,SUCCESS
B,epsilon,520,1776511920420,1776511920420,0,SUCCESS
B,epsilon,521,1776511920420,1776511920420,0,SUCCESS
B,epsilon,522,1776511920420,1776511920420,0,SUCCESS
B,epsilon,523,1776511920420,1776511920420,0,SUCCESS
B,epsilon,524,1776511920420,1776511920420,0,SUCCESS
B,epsilon,525,1776511920420,1776511920420,0,SUCCESS
B,epsilon,526,1776511920420,1776511920420,0,SUCCESS
B,epsilon,527,1776511920420,1776511920420,0,SUCCESS
B,epsilon,528,1776511920420,1776511920420,0,SUCCESS
B,epsilon,529,1776511920420,1776511920420,0,SUCCESS
B,epsilon,530,1776511920420,1776511920420,0,SUCCESS
B,epsilon,531,1776511920420,1776511920420,0,SUCCESS
B,epsilon,532,1776511920420,1776511920420,0,SUCCESS
B,epsilon,533,1776511920420,1776511920420,0,SUCCESS
B,epsilon,534,1776511920420,1776511920420,0,SUCCESS
B,epsilon,535,1776511920420,1776511920420,0,SUCCESS
B,epsilon,536,1776511920420,1776511920420,0,SUCCESS
B,epsilon,537,1776511920420,1776511920420,0,SUCCESS
B,epsilon,538,1776511920420,1776511920420,0,SUCCESS
B,epsilon,539,1776511920420,1776511920420,0,SUCCESS
B,epsilon,540,1776511920420,1776511920420,0,SUCCESS
B,epsilon,541,1776511920420,1776511920420,0,SUCCESS
B,epsilon,542,1776511920420,1776511920420,0,SUCCESS
B,epsilon,543,1776511920420,1776511920420,0,SUCCESS
B,epsilon,544,1776511920420,1776511920420,0,SUCCESS
B,epsilon,545,1776511920420,1776511920420,0,SUCCESS
B,epsilon,546,1776511920420,1776511920420,0,SUCCESS
B,epsilon,547,1776511920420,1776511920420,0,SUCCESS
B,epsilon,548,1776511920420,1776511920420,0,SUCCESS
B,epsilon,549,1776511920420,1776511920420,0,SUCCESS
B,epsilon,550,1776511920420,1776511920420,0,SUCCESS
B,epsilon,551,1776511920420,1776511920420,0,SUCCESS
B,epsilon,552,1776511920420,1776511920420,0,SUCCESS
B,epsilon,553,1776511920420,1776511920420,0,SUCCESS
B,epsilon,554,1776511920420,1776511920420,0,SUCCESS
B,epsilon,555,1776511920420,1776511920420,0,SUCCESS
B,epsilon,556,1776511920420,1776511920420,0,SUCCESS
B,epsilon,557,1776511920420,1776511920420,0,SUCCESS
B,epsilon,558,1776511920420,1776511920420,0,SUCCESS
B,epsilon,559,1776511920420,1776511920420,0,SUCCESS
B,epsilon,560,1776511920420,1776511920420,0,SUCCESS
B,epsilon,561,1776511920420,1776511920420,0,SUCCESS
B,epsilon,562,1776511920420,1776511920420,0,SUCCESS
B,epsilon,563,1776511920420,1776511920420,0,SUCCESS
B,epsilon,564,1776511920420,1776511920420,0,SUCCESS
B,epsilon,565,1776511920420,1776511920420,0,SUCCESS
B,epsilon,566,1776511920420,1776511920420,0,SUCCESS
B,epsilon,567,1776511920420,1776511920420,0,SUCCESS
B,epsilon,568,1776511920420,1776511920420,0,SUCCESS
B,epsilon,569,1776511920420,1776511920420,0,SUCCESS
B,epsilon,570,1776511920420,1776511920420,0,SUCCESS
B,epsilon,571,1776511920420,1776511920420,0,SUCCESS
B,epsilon,572,1776511920420,1776511920420,0,SUCCESS
B,epsilon,573,1776511920420,1776511920420,0,SUCCESS
B,epsilon,574,1776511920420,1776511920420,0,SUCCESS
B,epsilon,575,1776511920420,1776511920420,0,SUCCESS
B,epsilon,576,1776511920420,1776511920420,0,SUCCESS
B,epsilon,577,1776511920420,1776511920420,0,SUCCESS
B,epsilon,578,1776511920420,1776511920420,0,SUCCESS
B,epsilon,579,1776511920420,1776511920420,0,SUCCESS
B,epsilon,580,1776511920420,1776511920420,0,SUCCESS
B,epsilon,581,1776511920420,1776511920420,0,SUCCESS
B,epsilon,582,1776511920420,1776511920420,0,SUCCESS
B,epsilon,583,1776511920420,1776511920420,0,SUCCESS
B,epsilon,584,1776511920420,1776511920420,0,SUCCESS
B,epsilon,585,1776511920420,1776511920420,0,SUCCESS
B,epsilon,586,1776511920420,1776511920420,0,SUCCESS
B,epsilon,587,1776511920420,1776511920420,0,SUCCESS
B,epsilon,588,1776511920420,1776511920420,0,SUCCESS
B,epsilon,589,1776511920420,1776511920420,0,SUCCESS
B,epsilon,590,1776511920420,1776511920420,0,SUCCESS
B,epsilon,591,1776511920420,1776511920420,0,SUCCESS
B,epsilon,592,1776511920420,1776511920420,0,SUCCESS
B,epsilon,593,1776511920420,1776511920420,0,SUCCESS
B,epsilon,594,1776511920420,1776511920420,0,SUCCESS
B,epsilon,595,1776511920420,1776511920420,0,SUCCESS
B,epsilon,596,1776511920420,1776511920420,0,SUCCESS
B,epsilon,597,1776511920420,1776511920420,0,SUCCESS
B,epsilon,598,1776511920420,1776511920420,0,SUCCESS
B,epsilon,599,1776511920420,1776511920420,0,SUCCESS
B,epsilon,600,1776511920420,1776511920420,0,SUCCESS
B,epsilon,601,1776511920420,1776511920420,0,SUCCESS
B,epsilon,602,1776511920420,1776511920420,0,SUCCESS
B,epsilon,603,1776511920420,1776511920420,0,SUCCESS
B,epsilon,604,1776511920420,1776511920420,0,SUCCESS
B,epsilon,605,1776511920420,1776511920420,0,SUCCESS
B,epsilon,606,1776511920420,1776511920420,0,SUCCESS
B,epsilon,607,1776511920420,1776511920420,0,SUCCESS
B,epsilon,608,1776511920420,1776511920420,0,SUCCESS
B,epsilon,609,1776511920420,1776511920420,0,SUCCESS
B,epsilon,610,1776511920420,1776511920420,0,SUCCESS
B,epsilon,611,1776511920420,1776511920420,0,SUCCESS
B,epsilon,612,1776511920420,1776511920420,0,SUCCESS
B,epsilon,613,1776511920420,1776511920420,0,SUCCESS
B,epsilon,614,1776511920420,1776511920420,0,SUCCESS
B,epsilon,615,1776511920420,1776511920420,0,SUCCESS
B,epsilon,616,1776511920420,1776511920420,0,SUCCESS
B,epsilon,617,1776511920420,1776511920420,0,SUCCESS
B,epsilon,618,1776511920420,1776511920420,0,SUCCESS
B,epsilon,619,1776511920420,1776511920420,0,SUCCESS
B,epsilon,620,1776511920420,1776511920420,0,SUCCESS
B,epsilon,621,1776511920420,1776511920420,0,SUCCESS
B,epsilon,622,1776511920420,1776511920420,0,SUCCESS
B,epsilon,623,1776511920420,1776511920420,0,SUCCESS
B,epsilon,624,1776511920420,1776511920420,0,SUCCESS
B,epsilon,625,1776511920420,1776511920420,0,SUCCESS
B,epsilon,626,1776511920420,1776511920420,0,SUCCESS
B,epsilon,627,1776511920420,1776511920420,0,SUCCESS
B,epsilon,628,1776511920420,1776511920420,0,SUCCESS
B,epsilon,629,1776511920420,1776511920420,0,SUCCESS
B,epsilon,630,1776511920420,1776511920420,0,SUCCESS
B,epsilon,631,1776511920420,1776511920420,0,SUCCESS
B,epsilon,632,1776511920420,1776511920420,0,SUCCESS
B,epsilon,633,1776511920420,1776511920420,0,SUCCESS
B,epsilon,634,1776511920420,1776511920420,0,SUCCESS
B,epsilon,635,1776511920420,1776511920420,0,SUCCESS
B,epsilon,636,1776511920420,1776511920420,0,SUCCESS
B,epsilon,637,1776511920420,1776511920420,0,SUCCESS
B,epsilon,638,1776511920420,1776511920420,0,SUCCESS
B,epsilon,639,1776511920420,1776511920420,0,SUCCESS
B,epsilon,640,1776511920420,1776511920420,0,SUCCESS
B,epsilon,641,1776511920420,1776511920420,0,SUCCESS
B,epsilon,642,1776511920420,1776511920420,0,SUCCESS
B,epsilon,643,1776511920420,1776511920420,0,SUCCESS
B,epsilon,644,1776511920420,1776511920420,0,SUCCESS
B,epsilon,645,1776511920420,1776511920420,0,SUCCESS
B,epsilon,646,1776511920420,1776511920420,0,SUCCESS
B,epsilon,647,1776511920420,1776511920420,0,SUCCESS
B,epsilon,648,1776511920420,1776511920420,0,SUCCESS
B,epsilon,649,1776511920420,1776511920420,0,SUCCESS
B,epsilon,650,1776511920420,1776511920420,0,SUCCESS
B,epsilon,651,1776511920420,1776511920420,0,SUCCESS
B,epsilon,652,1776511920420,1776511920420,0,SUCCESS
B,epsilon,653,1776511920420,1776511920420,0,SUCCESS
B,epsilon,654,1776511920420,1776511920420,0,SUCCESS
B,epsilon,655,1776511920420,1776511920420,0,SUCCESS
B,epsilon,656,1776511920420,1776511920420,0,SUCCESS
B,epsilon,657,1776511920420,1776511920420,0,SUCCESS
B,epsilon,658,1776511920420,1776511920420,0,SUCCESS
B,epsilon,659,1776511920420,1776511920420,0,SUCCESS
B,epsilon,660,1776511920420,1776511920420,0,SUCCESS
B,epsilon,661,1776511920420,1776511920420,0,SUCCESS
B,epsilon,662,1776511920420,1776511920420,0,SUCCESS
B,epsilon,663,1776511920420,1776511920420,0,SUCCESS
B,epsilon,664,1776511920420,1776511920420,0,SUCCESS
B,epsilon,665,1776511920420,1776511920420,0,SUCCESS
B,epsilon,666,1776511920420,1776511920420,0,SUCCESS
B,epsilon,667,1776511920420,1776511920420,0,SUCCESS
B,epsilon,668,1776511920420,1776511920420,0,SUCCESS
B,epsilon,669,1776511920420,1776511920420,0,SUCCESS
B,epsilon,670,1776511920420,1776511920420,0,SUCCESS
B,epsilon,671,1776511920420,1776511920420,0,SUCCESS
B,epsilon,672,1776511920420,1776511920420,0,SUCCESS
B,epsilon,673,1776511920420,1776511920420,0,SUCCESS
B,epsilon,674,1776511920420,1776511920420,0,SUCCESS
B,epsilon,675,1776511920420,1776511920420,0,SUCCESS
B,epsilon,676,1776511920420,1776511920420,0,SUCCESS
B,epsilon,677,1776511920420,1776511920420,0,SUCCESS
B,epsilon,678,1776511920420,1776511920420,0,SUCCESS
B,epsilon,679,1776511920420,1776511920420,0,SUCCESS
B,epsilon,680,1776511920420,1776511920420,0,SUCCESS
B,epsilon,681,1776511920420,1776511920420,0,SUCCESS
B,epsilon,682,1776511920420,1776511920420,0,SUCCESS
B,epsilon,683,1776511920420,1776511920420,0,SUCCESS
B,epsilon,684,1776511920420,1776511920420,0,SUCCESS
B,epsilon,685,1776511920420,1776511920420,0,SUCCESS
B,epsilon,686,1776511920420,1776511920420,0,SUCCESS
B,epsilon,687,1776511920420,1776511920420,0,SUCCESS
B,epsilon,688,1776511920420,1776511920420,0,SUCCESS
B,epsilon,689,1776511920420,1776511920420,0,SUCCESS
B,epsilon,690,1776511920420,1776511920420,0,SUCCESS
B,epsilon,691,1776511920420,1776511920420,0,SUCCESS
B,epsilon,692,1776511920420,1776511920420,0,SUCCESS
B,epsilon,693,1776511920420,1776511920420,0,SUCCESS
B,epsilon,694,1776511920420,1776511920420,0,SUCCESS
B,epsilon,695,1776511920420,1776511920420,0,SUCCESS
B,epsilon,696,1776511920420,1776511920420,0,SUCCESS
B,epsilon,697,1776511920420,1776511920420,0,SUCCESS
B,epsilon,698,1776511920420,1776511920420,0,SUCCESS
B,epsilon,699,1776511920420,1776511920420,0,SUCCESS
B,epsilon,700,1776511920420,1776511920420,0,SUCCESS
B,epsilon,701,1776511920420,1776511920420,0,SUCCESS
B,epsilon,702,1776511920420,1776511920420,0,SUCCESS
B,epsilon,703,1776511920420,1776511920420,0,SUCCESS
B,epsilon,704,1776511920420,1776511920420,0,SUCCESS
B,epsilon,705,1776511920420,1776511920420,0,SUCCESS
B,epsilon,706,1776511920420,1776511920420,0,SUCCESS
B,epsilon,707,1776511920420,1776511920420,0,SUCCESS
B,epsilon,708,1776511920420,1776511920420,0,SUCCESS
B,epsilon,709,1776511920420,1776511920420,0,SUCCESS
B,epsilon,710,1776511920420,1776511920420,0,SUCCESS
B,epsilon,711,1776511920420,1776511920420,0,SUCCESS
B,epsilon,712,1776511920420,1776511920420,0,SUCCESS
B,epsilon,713,1776511920420,1776511920420,0,SUCCESS
B,epsilon,714,1776511920420,1776511920420,0,SUCCESS
B,epsilon,715,1776511920420,1776511920420,0,SUCCESS
B,epsilon,716,1776511920420,1776511920420,0,SUCCESS
B,epsilon,717,1776511920420,1776511920420,0,SUCCESS
B,epsilon,718,1776511920420,1776511920420,0,SUCCESS
B,epsilon,719,1776511920420,1776511920420,0,SUCCESS
B,epsilon,720,1776511920420,1776511920420,0,SUCCESS
B,epsilon,721,1776511920420,1776511920420,0,SUCCESS
B,epsilon,722,1776511920420,1776511920420,0,SUCCESS
B,epsilon,723,1776511920420,1776511920420,0,SUCCESS
B,epsilon,724,1776511920420,1776511920420,0,SUCCESS
B,epsilon,725,1776511920420,1776511920420,0,SUCCESS
B,epsilon,726,1776511920420,1776511920420,0,SUCCESS
B,epsilon,727,1776511920420,1776511920420,0,SUCCESS
B,epsilon,728,1776511920420,1776511920420,0,SUCCESS
B,epsilon,729,1776511920420,1776511920420,0,SUCCESS
B,epsilon,730,1776511920420,1776511920420,0,SUCCESS
B,epsilon,731,1776511920420,1776511920420,0,SUCCESS
B,epsilon,732,1776511920420,1776511920420,0,SUCCESS
B,epsilon,733,1776511920420,1776511920420,0,SUCCESS
B,epsilon,734,1776511920420,1776511920420,0,SUCCESS
B,epsilon,735,1776511920420,1776511920420,0,SUCCESS
B,epsilon,736,1776511920420,1776511920420,0,SUCCESS
B,epsilon,737,1776511920420,1776511920420,0,SUCCESS
B,epsilon,738,1776511920420,1776511920420,0,SUCCESS
B,epsilon,739,1776511920420,1776511920420,0,SUCCESS
B,epsilon,740,1776511920420,1776511920420,0,SUCCESS
B,epsilon,741,1776511920420,1776511920420,0,SUCCESS
B,epsilon,742,1776511920420,1776511920420,0,SUCCESS
B,epsilon,743,1776511920420,1776511920420,0,SUCCESS
B,epsilon,744,1776511920420,1776511920420,0,SUCCESS
B,epsilon,745,1776511920420,1776511920420,0,SUCCESS
B,epsilon,746,1776511920420,1776511920420,0,SUCCESS
B,epsilon,747,1776511920420,1776511920420,0,SUCCESS
B,epsilon,748,1776511920420,1776511920420,0,SUCCESS
B,epsilon,749,1776511920420,1776511920420,0,SUCCESS
B,epsilon,750,1776511920420,1776511920420,0,SUCCESS
B,epsilon,751,1776511920420,1776511920420,0,SUCCESS
B,epsilon,752,1776511920420,1776511920420,0,SUCCESS
B,epsilon,753,1776511920420,1776511920420,0,SUCCESS
B,epsilon,754,1776511920420,1776511920420,0,SUCCESS
B,epsilon,755,1776511920420,1776511920420,0,SUCCESS
B,epsilon,756,1776511920420,1776511920420,0,SUCCESS
B,epsilon,757,1776511920420,1776511920420,0,SUCCESS
B,epsilon,758,1776511920420,1776511920420,0,SUCCESS
B,epsilon,759,1776511920420,1776511920420,0,SUCCESS
B,epsilon,760,1776511920420,1776511920420,0,SUCCESS
B,epsilon,761,1776511920420,1776511920420,0,SUCCESS
B,epsilon,762,1776511920420,1776511920420,0,SUCCESS
B,epsilon,763,1776511920420,1776511920420,0,SUCCESS
B,epsilon,764,1776511920420,1776511920420,0,SUCCESS
B,epsilon,765,1776511920420,1776511920420,0,SUCCESS
B,epsilon,766,1776511920420,1776511920420,0,SUCCESS
B,epsilon,767,1776511920420,1776511920420,0,SUCCESS
B,epsilon,768,1776511920420,1776511920420,0,SUCCESS
B,epsilon,769,1776511920420,1776511920420,0,SUCCESS
B,epsilon,770,1776511920420,1776511920420,0,SUCCESS
B,epsilon,771,1776511920420,1776511920420,0,SUCCESS
B,epsilon,772,1776511920420,1776511920420,0,SUCCESS
B,epsilon,773,1776511920420,1776511920420,0,SUCCESS
B,epsilon,774,1776511920420,1776511920420,0,SUCCESS
B,epsilon,775,1776511920420,1776511920420,0,SUCCESS
B,epsilon,776,1776511920420,1776511920420,0,SUCCESS
B,epsilon,777,1776511920420,1776511920420,0,SUCCESS
B,epsilon,778,1776511920420,1776511920420,0,SUCCESS
B,epsilon,779,1776511920420,1776511920420,0,SUCCESS
B,epsilon,780,1776511920420,1776511920420,0,SUCCESS
B,epsilon,781,1776511920420,1776511920420,0,SUCCESS
B,epsilon,782,1776511920420,1776511920420,0,SUCCESS
B,epsilon,783,1776511920420,1776511920420,0,SUCCESS
B,epsilon,784,1776511920420,1776511920420,0,SUCCESS
B,epsilon,785,1776511920420,1776511920420,0,SUCCESS
B,epsilon,786,1776511920420,1776511920420,0,SUCCESS
B,epsilon,787,1776511920420,1776511920420,0,SUCCESS
B,epsilon,788,1776511920420,1776511920420,0,SUCCESS
B,epsilon,789,1776511920420,1776511920420,0,SUCCESS
B,epsilon,790,1776511920420,1776511920420,0,SUCCESS
B,epsilon,791,1776511920420,1776511920420,0,SUCCESS
B,epsilon,792,1776511920420,1776511920420,0,SUCCESS
B,epsilon,793,1776511920420,1776511920420,0,SUCCESS
B,epsilon,794,1776511920420,1776511920420,0,SUCCESS
B,epsilon,795,1776511920420,1776511920420,0,SUCCESS
B,epsilon,796,1776511920420,1776511920420,0,SUCCESS
B,epsilon,797,1776511920420,1776511920420,0,SUCCESS
B,epsilon,798,1776511920420,1776511920420,0,SUCCESS
B,epsilon,799,1776511920420,1776511920420,0,SUCCESS
B,epsilon,800,1776511920420,1776511920420,0,SUCCESS
B,epsilon,801,1776511920420,1776511920420,0,SUCCESS
B,epsilon,802,1776511920420,1776511920420,0,SUCCESS
B,epsilon,803,1776511920420,1776511920420,0,SUCCESS
B,epsilon,804,1776511920420,1776511920420,0,SUCCESS
B,epsilon,805,1776511920420,1776511920420,0,SUCCESS
B,epsilon,806,1776511920420,1776511920420,0,SUCCESS
B,epsilon,807,1776511920420,1776511920420,0,SUCCESS
B,epsilon,808,1776511920420,1776511920420,0,SUCCESS
B,epsilon,809,1776511920420,1776511920420,0,SUCCESS
B,epsilon,810,1776511920420,1776511920420,0,SUCCESS
B,epsilon,811,1776511920420,1776511920420,0,SUCCESS
B,epsilon,812,1776511920420,1776511920420,0,SUCCESS
B,epsilon,813,1776511920420,1776511920420,0,SUCCESS
B,epsilon,814,1776511920420,1776511920420,0,SUCCESS
B,epsilon,815,1776511920420,1776511920420,0,SUCCESS
B,epsilon,816,1776511920420,1776511920420,0,SUCCESS
B,epsilon,817,1776511920420,1776511920420,0,SUCCESS
B,epsilon,818,1776511920420,1776511920420,0,SUCCESS
B,epsilon,819,1776511920420,1776511920420,0,SUCCESS
B,epsilon,820,1776511920420,1776511920420,0,SUCCESS
B,epsilon,821,1776511920420,1776511920420,0,SUCCESS
B,epsilon,822,1776511920420,1776511920420,0,SUCCESS
B,epsilon,823,1776511920420,1776511920420,0,SUCCESS
B,epsilon,824,1776511920420,1776511920420,0,SUCCESS
B,epsilon,825,1776511920420,1776511920420,0,SUCCESS
B,epsilon,826,1776511920420,1776511920420,0,SUCCESS
B,epsilon,827,1776511920420,1776511920420,0,SUCCESS
B,epsilon,828,1776511920420,1776511920420,0,SUCCESS
B,epsilon,829,1776511920420,1776511920420,0,SUCCESS
B,epsilon,830,1776511920420,1776511920420,0,SUCCESS
B,epsilon,831,1776511920420,1776511920420,0,SUCCESS
B,epsilon,832,1776511920420,1776511920420,0,SUCCESS
B,epsilon,833,1776511920420,1776511920420,0,SUCCESS
B,epsilon,834,1776511920420,1776511920420,0,SUCCESS
B,epsilon,835,1776511920420,1776511920420,0,SUCCESS
B,epsilon,836,1776511920420,1776511920420,0,SUCCESS
B,epsilon,837,1776511920420,1776511920420,0,SUCCESS
B,epsilon,838,1776511920420,1776511920420,0,SUCCESS
B,epsilon,839,1776511920420,1776511920420,0,SUCCESS
B,epsilon,840,1776511920420,1776511920420,0,SUCCESS
B,epsilon,841,1776511920420,1776511920420,0,SUCCESS
B,epsilon,842,1776511920420,1776511920420,0,SUCCESS
B,epsilon,843,1776511920420,1776511920420,0,SUCCESS
B,epsilon,844,1776511920420,1776511920420,0,SUCCESS
B,epsilon,845,1776511920420,1776511920420,0,SUCCESS
B,epsilon,846,1776511920420,1776511920420,0,SUCCESS
B,epsilon,847,1776511920420,1776511920420,0,SUCCESS
B,epsilon,848,1776511920420,1776511920420,0,SUCCESS
B,epsilon,849,1776511920420,1776511920420,0,SUCCESS
B,epsilon,850,1776511920420,1776511920420,0,SUCCESS
B,epsilon,851,1776511920420,1776511920420,0,SUCCESS
B,epsilon,852,1776511920420,1776511920420,0,SUCCESS
B,epsilon,853,1776511920420,1776511920420,0,SUCCESS
B,epsilon,854,1776511920420,1776511920420,0,SUCCESS
B,epsilon,855,1776511920420,1776511920420,0,SUCCESS
B,epsilon,856,1776511920420,1776511920420,0,SUCCESS
B,epsilon,857,1776511920420,1776511920420,0,SUCCESS
B,epsilon,858,1776511920420,1776511920420,0,SUCCESS
B,epsilon,859,1776511920420,1776511920420,0,SUCCESS
B,epsilon,860,1776511920420,1776511920420,0,SUCCESS
B,epsilon,861,1776511920420,1776511920420,0,SUCCESS
B,epsilon,862,1776511920420,1776511920420,0,SUCCESS
B,epsilon,863,1776511920420,1776511920420,0,SUCCESS
B,epsilon,864,1776511920420,1776511920420,0,SUCCESS
B,epsilon,865,1776511920420,1776511920420,0,SUCCESS
B,epsilon,866,1776511920420,1776511920420,0,SUCCESS
B,epsilon,867,1776511920420,1776511920420,0,SUCCESS
B,epsilon,868,1776511920420,1776511920420,0,SUCCESS
B,epsilon,869,1776511920420,1776511920420,0,SUCCESS
B,epsilon,870,1776511920420,1776511920420,0,SUCCESS
B,epsilon,871,1776511920420,1776511920420,0,SUCCESS
B,epsilon,872,1776511920420,1776511920420,0,SUCCESS
B,epsilon,873,1776511920420,1776511920420,0,SUCCESS
B,epsilon,874,1776511920420,1776511920420,0,SUCCESS
B,epsilon,875,1776511920420,1776511920420,0,SUCCESS
B,epsilon,876,1776511920420,1776511920420,0,SUCCESS
B,epsilon,877,1776511920420,1776511920420,0,SUCCESS
B,epsilon,878,1776511920420,1776511920420,0,SUCCESS
B,epsilon,879,1776511920420,1776511920420,0,SUCCESS
B,epsilon,880,1776511920420,1776511920420,0,SUCCESS
B,epsilon,881,1776511920420,1776511920420,0,SUCCESS
B,epsilon,882,1776511920420,1776511920420,0,SUCCESS
B,epsilon,883,1776511920420,1776511920420,0,SUCCESS
B,epsilon,884,1776511920420,1776511920420,0,SUCCESS
B,epsilon,885,1776511920420,1776511920420,0,SUCCESS
B,epsilon,886,1776511920420,1776511920420,0,SUCCESS
B,epsilon,887,1776511920420,1776511920420,0,SUCCESS
B,epsilon,888,1776511920420,1776511920420,0,SUCCESS
B,epsilon,889,1776511920420,1776511920420,0,SUCCESS
B,epsilon,890,1776511920420,1776511920420,0,SUCCESS
B,epsilon,891,1776511920420,1776511920420,0,SUCCESS
B,epsilon,892,1776511920420,1776511920420,0,SUCCESS
B,epsilon,893,1776511920420,1776511920420,0,SUCCESS
B,epsilon,894,1776511920420,1776511920420,0,SUCCESS
B,epsilon,895,1776511920420,1776511920420,0,SUCCESS
B,epsilon,896,1776511920420,1776511920420,0,SUCCESS
B,epsilon,897,1776511920420,1776511920420,0,SUCCESS
B,epsilon,898,1776511920420,1776511920420,0,SUCCESS
B,epsilon,899,1776511920420,1776511920420,0,SUCCESS
B,epsilon,900,1776511920420,1776511920420,0,SUCCESS
B,epsilon,901,1776511920421,1776511920421,0,SUCCESS
B,epsilon,902,1776511920421,1776511920421,0,SUCCESS
B,epsilon,903,1776511920421,1776511920421,0,SUCCESS
B,epsilon,904,1776511920421,1776511920421,0,SUCCESS
B,epsilon,905,1776511920421,1776511920421,0,SUCCESS
B,epsilon,906,1776511920421,1776511920421,0,SUCCESS
B,epsilon,907,1776511920421,1776511920421,0,SUCCESS
B,epsilon,908,1776511920421,1776511920421,0,SUCCESS
B,epsilon,909,1776511920421,1776511920421,0,SUCCESS
B,epsilon,910,1776511920421,1776511920421,0,SUCCESS
B,epsilon,911,1776511920421,1776511920421,0,SUCCESS
B,epsilon,912,1776511920421,1776511920421,0,SUCCESS
B,epsilon,913,1776511920421,1776511920421,0,SUCCESS
B,epsilon,914,1776511920421,1776511920421,0,SUCCESS
B,epsilon,915,1776511920421,1776511920421,0,SUCCESS
B,epsilon,916,1776511920421,1776511920421,0,SUCCESS
B,epsilon,917,1776511920421,1776511920421,0,SUCCESS
B,epsilon,918,1776511920421,1776511920421,0,SUCCESS
B,epsilon,919,1776511920421,1776511920421,0,SUCCESS
B,epsilon,920,1776511920421,1776511920421,0,SUCCESS
B,epsilon,921,1776511920421,1776511920421,0,SUCCESS
B,epsilon,922,1776511920421,1776511920421,0,SUCCESS
B,epsilon,923,1776511920421,1776511920421,0,SUCCESS
B,epsilon,924,1776511920421,1776511920421,0,SUCCESS
B,epsilon,925,1776511920421,1776511920421,0,SUCCESS
B,epsilon,926,1776511920421,1776511920421,0,SUCCESS
B,epsilon,927,1776511920421,1776511920421,0,SUCCESS
B,epsilon,928,1776511920421,1776511920421,0,SUCCESS
B,epsilon,929,1776511920421,1776511920421,0,SUCCESS
B,epsilon,930,1776511920421,1776511920421,0,SUCCESS
B,epsilon,931,1776511920421,1776511920421,0,SUCCESS
B,epsilon,932,1776511920421,1776511920421,0,SUCCESS
B,epsilon,933,1776511920421,1776511920421,0,SUCCESS
B,epsilon,934,1776511920421,1776511920421,0,SUCCESS
B,epsilon,935,1776511920421,1776511920421,0,SUCCESS
B,epsilon,936,1776511920421,1776511920421,0,SUCCESS
B,epsilon,937,1776511920421,1776511920421,0,SUCCESS
B,epsilon,938,1776511920421,1776511920421,0,SUCCESS
B,epsilon,939,1776511920421,1776511920421,0,SUCCESS
B,epsilon,940,1776511920421,1776511920421,0,SUCCESS
B,epsilon,941,1776511920421,1776511920421,0,SUCCESS
B,epsilon,942,1776511920421,1776511920421,0,SUCCESS
B,epsilon,943,1776511920421,1776511920421,0,SUCCESS
B,epsilon,944,1776511920421,1776511920421,0,SUCCESS
B,epsilon,945,1776511920421,1776511920421,0,SUCCESS
B,epsilon,946,1776511920421,1776511920421,0,SUCCESS
B,epsilon,947,1776511920421,1776511920421,0,SUCCESS
B,epsilon,948,1776511920421,1776511920421,0,SUCCESS
B,epsilon,949,1776511920421,1776511920421,0,SUCCESS
B,epsilon,950,1776511920421,1776511920421,0,SUCCESS
B,epsilon,951,1776511920421,1776511920421,0,SUCCESS
B,epsilon,952,1776511920421,1776511920421,0,SUCCESS
B,epsilon,953,1776511920421,1776511920421,0,SUCCESS
B,epsilon,954,1776511920421,1776511920421,0,SUCCESS
B,epsilon,955,1776511920421,1776511920421,0,SUCCESS
B,epsilon,956,1776511920421,1776511920421,0,SUCCESS
B,epsilon,957,1776511920421,1776511920421,0,SUCCESS
B,epsilon,958,1776511920421,1776511920421,0,SUCCESS
B,epsilon,959,1776511920421,1776511920421,0,SUCCESS
B,epsilon,960,1776511920421,1776511920421,0,SUCCESS
B,epsilon,961,1776511920421,1776511920421,0,SUCCESS
B,epsilon,962,1776511920421,1776511920421,0,SUCCESS
B,epsilon,963,1776511920421,1776511920421,0,SUCCESS
B,epsilon,964,1776511920421,1776511920421,0,SUCCESS
B,epsilon,965,1776511920421,1776511920421,0,SUCCESS
B,epsilon,966,1776511920421,1776511920421,0,SUCCESS
B,epsilon,967,1776511920421,1776511920421,0,SUCCESS
B,epsilon,968,1776511920421,1776511920421,0,SUCCESS
B,epsilon,969,1776511920421,1776511920421,0,SUCCESS
B,epsilon,970,1776511920421,1776511920421,0,SUCCESS
B,epsilon,971,1776511920421,1776511920421,0,SUCCESS
B,epsilon,972,1776511920421,1776511920421,0,SUCCESS
B,epsilon,973,1776511920421,1776511920421,0,SUCCESS
B,epsilon,974,1776511920421,1776511920421,0,SUCCESS
B,epsilon,975,1776511920421,1776511920421,0,SUCCESS
B,epsilon,976,1776511920421,1776511920421,0,SUCCESS
B,epsilon,977,1776511920421,1776511920421,0,SUCCESS
B,epsilon,978,1776511920421,1776511920421,0,SUCCESS
B,epsilon,979,1776511920421,1776511920421,0,SUCCESS
B,epsilon,980,1776511920421,1776511920421,0,SUCCESS
B,epsilon,981,1776511920421,1776511920421,0,SUCCESS
B,epsilon,982,1776511920421,1776511920421,0,SUCCESS
B,epsilon,983,1776511920421,1776511920421,0,SUCCESS
B,epsilon,984,1776511920421,1776511920421,0,SUCCESS
B,epsilon,985,1776511920421,1776511920421,0,SUCCESS
B,epsilon,986,1776511920421,1776511920421,0,SUCCESS
B,epsilon,987,1776511920421,1776511920421,0,SUCCESS
B,epsilon,988,1776511920421,1776511920421,0,SUCCESS
B,epsilon,989,1776511920421,1776511920421,0,SUCCESS
B,epsilon,990,1776511920421,1776511920421,0,SUCCESS
B,epsilon,991,1776511920421,1776511920421,0,SUCCESS
B,epsilon,992,1776511920421,1776511920421,0,SUCCESS
B,epsilon,993,1776511920421,1776511920421,0,SUCCESS
B,epsilon,994,1776511920421,1776511920421,0,SUCCESS
B,epsilon,995,1776511920421,1776511920421,0,SUCCESS
B,epsilon,996,1776511920421,1776511920421,0,SUCCESS
B,epsilon,997,1776511920421,1776511920421,0,SUCCESS
B,epsilon,998,1776511920421,1776511920421,0,SUCCESS
B,epsilon,999,1776511920421,1776511920421,0,SUCCESS
B,alpha,0,6600,SUCCESS
B,alpha,1,4800,SUCCESS
B,alpha,2,4900,SUCCESS
B,alpha,3,4000,SUCCESS
B,alpha,4,5200,SUCCESS
B,alpha,5,4000,SUCCESS
B,alpha,6,3900,SUCCESS
B,alpha,7,3900,SUCCESS
B,alpha,8,4000,SUCCESS
B,alpha,9,4100,SUCCESS
B,alpha,10,4000,SUCCESS
B,alpha,11,3900,SUCCESS
B,alpha,12,23800,SUCCESS
B,alpha,13,4000,SUCCESS
B,alpha,14,4000,SUCCESS
B,alpha,15,4000,SUCCESS
B,alpha,16,4000,SUCCESS
B,alpha,17,4000,SUCCESS
B,alpha,18,4500,SUCCESS
B,alpha,19,4000,SUCCESS
B,alpha,20,4300,SUCCESS
B,alpha,21,4100,SUCCESS
B,alpha,22,3900,SUCCESS
B,alpha,23,4000,SUCCESS
B,alpha,24,4000,SUCCESS
B,alpha,25,4300,SUCCESS
B,alpha,26,4100,SUCCESS
B,alpha,27,4000,SUCCESS
B,alpha,28,4100,SUCCESS
B,alpha,29,4000,SUCCESS
B,alpha,30,4200,SUCCESS
B,alpha,31,4000,SUCCESS
B,alpha,32,4000,SUCCESS
B,alpha,33,4000,SUCCESS
B,alpha,34,4000,SUCCESS
B,alpha,35,4600,SUCCESS
B,alpha,36,4000,SUCCESS
B,alpha,37,4000,SUCCESS
B,alpha,38,4000,SUCCESS
B,alpha,39,4100,SUCCESS
B,alpha,40,4100,SUCCESS
B,alpha,41,4000,SUCCESS
B,alpha,42,4200,SUCCESS
B,alpha,43,4000,SUCCESS
B,alpha,44,4000,SUCCESS
B,alpha,45,4000,SUCCESS
B,alpha,46,4000,SUCCESS
B,alpha,47,4000,SUCCESS
B,alpha,48,10200,SUCCESS
B,alpha,49,9500,SUCCESS
B,alpha,50,9500,SUCCESS
B,alpha,51,9400,SUCCESS
B,alpha,52,4800,SUCCESS
B,alpha,53,4200,SUCCESS
B,alpha,54,4000,SUCCESS
B,alpha,55,4000,SUCCESS
B,alpha,56,4000,SUCCESS
B,alpha,57,4000,SUCCESS
B,alpha,58,4000,SUCCESS
B,alpha,59,4500,SUCCESS
B,alpha,60,3900,SUCCESS
B,alpha,61,4000,SUCCESS
B,alpha,62,4000,SUCCESS
B,alpha,63,4000,SUCCESS
B,alpha,64,4100,SUCCESS
B,alpha,65,4000,SUCCESS
B,alpha,66,4100,SUCCESS
B,alpha,67,3900,SUCCESS
B,alpha,68,4100,SUCCESS
B,alpha,69,4000,SUCCESS
B,alpha,70,3900,SUCCESS
B,alpha,71,4000,SUCCESS
B,alpha,72,4000,SUCCESS
B,alpha,73,4000,SUCCESS
B,alpha,74,4000,SUCCESS
B,alpha,75,4000,SUCCESS
B,alpha,76,4000,SUCCESS
B,alpha,77,4100,SUCCESS
B,alpha,78,4000,SUCCESS
B,alpha,79,4000,SUCCESS
B,alpha,80,4000,SUCCESS
B,alpha,81,4000,SUCCESS
B,alpha,82,4000,SUCCESS
B,alpha,83,4000,SUCCESS
B,alpha,84,4000,SUCCESS
B,alpha,85,4000,SUCCESS
B,alpha,86,4000,SUCCESS
B,alpha,87,4000,SUCCESS
B,alpha,88,8700,SUCCESS
B,alpha,89,4000,SUCCESS
B,alpha,90,3900,SUCCESS
B,alpha,91,4300,SUCCESS
B,alpha,92,4000,SUCCESS
B,alpha,93,22500,SUCCESS
B,alpha,94,4000,SUCCESS
B,alpha,95,4200,SUCCESS
B,alpha,96,4000,SUCCESS
B,alpha,97,3900,SUCCESS
B,alpha,98,3900,SUCCESS
B,alpha,99,4000,SUCCESS
B,alpha,100,4000,SUCCESS
B,alpha,101,3900,SUCCESS
B,alpha,102,4000,SUCCESS
B,alpha,103,3900,SUCCESS
B,alpha,104,4000,SUCCESS
B,alpha,105,4000,SUCCESS
B,alpha,106,4000,SUCCESS
B,alpha,107,3900,SUCCESS
B,alpha,108,3900,SUCCESS
B,alpha,109,4000,SUCCESS
B,alpha,110,3900,SUCCESS
B,alpha,111,4100,SUCCESS
B,alpha,112,4000,SUCCESS
B,alpha,113,4100,SUCCESS
B,alpha,114,4100,SUCCESS
B,alpha,115,4000,SUCCESS
B,alpha,116,4000,SUCCESS
B,alpha,117,4100,SUCCESS
B,alpha,118,3900,SUCCESS
B,alpha,119,4000,SUCCESS
B,alpha,120,4000,SUCCESS
B,alpha,121,3900,SUCCESS
B,alpha,122,3900,SUCCESS
B,alpha,123,4000,SUCCESS
B,alpha,124,4000,SUCCESS
B,alpha,125,3900,SUCCESS
B,alpha,126,3900,SUCCESS
B,alpha,127,4000,SUCCESS
B,alpha,128,4100,SUCCESS
B,alpha,129,4900,SUCCESS
B,alpha,130,4300,SUCCESS
B,alpha,131,4200,SUCCESS
B,alpha,132,4000,SUCCESS
B,alpha,133,4100,SUCCESS
B,alpha,134,4100,SUCCESS
B,alpha,135,4000,SUCCESS
B,alpha,136,4000,SUCCESS
B,alpha,137,4200,SUCCESS
B,alpha,138,4100,SUCCESS
B,alpha,139,4000,SUCCESS
B,alpha,140,4100,SUCCESS
B,alpha,141,4000,SUCCESS
B,alpha,142,4000,SUCCESS
B,alpha,143,4000,SUCCESS
B,alpha,144,4000,SUCCESS
B,alpha,145,4000,SUCCESS
B,alpha,146,4100,SUCCESS
B,alpha,147,4000,SUCCESS
B,alpha,148,5000,SUCCESS
B,alpha,149,4000,SUCCESS
B,alpha,150,3800,SUCCESS
B,alpha,151,3800,SUCCESS
B,alpha,152,3900,SUCCESS
B,alpha,153,3900,SUCCESS
B,alpha,154,4100,SUCCESS
B,alpha,155,3900,SUCCESS
B,alpha,156,3900,SUCCESS
B,alpha,157,4100,SUCCESS
B,alpha,158,4300,SUCCESS
B,alpha,159,4100,SUCCESS
B,alpha,160,4200,SUCCESS
B,alpha,161,4100,SUCCESS
B,alpha,162,4000,SUCCESS
B,alpha,163,4200,SUCCESS
B,alpha,164,4300,SUCCESS
B,alpha,165,4400,SUCCESS
B,alpha,166,4100,SUCCESS
B,alpha,167,4300,SUCCESS
B,alpha,168,4400,SUCCESS
B,alpha,169,4100,SUCCESS
B,alpha,170,4300,SUCCESS
B,alpha,171,4100,SUCCESS
B,alpha,172,4100,SUCCESS
B,alpha,173,4000,SUCCESS
B,alpha,174,4000,SUCCESS
B,alpha,175,4000,SUCCESS
B,alpha,176,4000,SUCCESS
B,alpha,177,4000,SUCCESS
B,alpha,178,4000,SUCCESS
B,alpha,179,4000,SUCCESS
B,alpha,180,4000,SUCCESS
B,alpha,181,4100,SUCCESS
B,alpha,182,4100,SUCCESS
B,alpha,183,4200,SUCCESS
B,alpha,184,4000,SUCCESS
B,alpha,185,4000,SUCCESS
B,alpha,186,4100,SUCCESS
B,alpha,187,4000,SUCCESS
B,alpha,188,4000,SUCCESS
B,alpha,189,4000,SUCCESS
B,alpha,190,4100,SUCCESS
B,alpha,191,4100,SUCCESS
B,alpha,192,4200,SUCCESS
B,alpha,193,4100,SUCCESS
B,alpha,194,4000,SUCCESS
B,alpha,195,4000,SUCCESS
B,alpha,196,4100,SUCCESS
B,alpha,197,4000,SUCCESS
B,alpha,198,4000,SUCCESS
B,alpha,199,4200,SUCCESS
B,alpha,200,4000,SUCCESS
B,alpha,201,4300,SUCCESS
B,alpha,202,4100,SUCCESS
B,alpha,203,4300,SUCCESS
B,alpha,204,4100,SUCCESS
B,alpha,205,4200,SUCCESS
B,alpha,206,4000,SUCCESS
B,alpha,207,4300,SUCCESS
B,alpha,208,4200,SUCCESS
B,alpha,209,4100,SUCCESS
B,alpha,210,4100,SUCCESS
B,alpha,211,4100,SUCCESS
B,alpha,212,4000,SUCCESS
B,alpha,213,4100,SUCCESS
B,alpha,214,4000,SUCCESS
B,alpha,215,4000,SUCCESS
B,alpha,216,4100,SUCCESS
B,alpha,217,4400,SUCCESS
B,alpha,218,4200,SUCCESS
B,alpha,219,4100,SUCCESS
B,alpha,220,4200,SUCCESS
B,alpha,221,4100,SUCCESS
B,alpha,222,4100,SUCCESS
B,alpha,223,4100,SUCCESS
B,alpha,224,4100,SUCCESS
B,alpha,225,4100,SUCCESS
B,alpha,226,4200,SUCCESS
B,alpha,227,4000,SUCCESS
B,alpha,228,4000,SUCCESS
B,alpha,229,3900,SUCCESS
B,alpha,230,4000,SUCCESS
B,alpha,231,4000,SUCCESS
B,alpha,232,4000,SUCCESS
B,alpha,233,4000,SUCCESS
B,alpha,234,4000,SUCCESS
B,alpha,235,4000,SUCCESS
B,alpha,236,4000,SUCCESS
B,alpha,237,4000,SUCCESS
B,alpha,238,4000,SUCCESS
B,alpha,239,4000,SUCCESS
B,alpha,240,4100,SUCCESS
B,alpha,241,4000,SUCCESS
B,alpha,242,4200,SUCCESS
B,alpha,243,4000,SUCCESS
B,alpha,244,4000,SUCCESS
B,alpha,245,4000,SUCCESS
B,alpha,246,4000,SUCCESS
B,alpha,247,4100,SUCCESS
B,alpha,248,4000,SUCCESS
B,alpha,249,4000,SUCCESS
B,alpha,250,4000,SUCCESS
B,alpha,251,4000,SUCCESS
B,alpha,252,4100,SUCCESS
B,alpha,253,4100,SUCCESS
B,alpha,254,4000,SUCCESS
B,alpha,255,4100,SUCCESS
B,alpha,256,4000,SUCCESS
B,alpha,257,4000,SUCCESS
B,alpha,258,3900,SUCCESS
B,alpha,259,4000,SUCCESS
B,alpha,260,3900,SUCCESS
B,alpha,261,3900,SUCCESS
B,alpha,262,4000,SUCCESS
B,alpha,263,4000,SUCCESS
B,alpha,264,4000,SUCCESS
B,alpha,265,4000,SUCCESS
B,alpha,266,4000,SUCCESS
B,alpha,267,4000,SUCCESS
B,alpha,268,4000,SUCCESS
B,alpha,269,4000,SUCCESS
B,alpha,270,3900,SUCCESS
B,alpha,271,3900,SUCCESS
B,alpha,272,4000,SUCCESS
B,alpha,273,4000,SUCCESS
B,alpha,274,4000,SUCCESS
B,alpha,275,4000,SUCCESS
B,alpha,276,4000,SUCCESS
B,alpha,277,4000,SUCCESS
B,alpha,278,3900,SUCCESS
B,alpha,279,4000,SUCCESS
B,alpha,280,4000,SUCCESS
B,alpha,281,3900,SUCCESS
B,alpha,282,4000,SUCCESS
B,alpha,283,4000,SUCCESS
B,alpha,284,4000,SUCCESS
B,alpha,285,3900,SUCCESS
B,alpha,286,4000,SUCCESS
B,alpha,287,4000,SUCCESS
B,alpha,288,4000,SUCCESS
B,alpha,289,3900,SUCCESS
B,alpha,290,3900,SUCCESS
B,alpha,291,4000,SUCCESS
B,alpha,292,4000,SUCCESS
B,alpha,293,4000,SUCCESS
B,alpha,294,4000,SUCCESS
B,alpha,295,4100,SUCCESS
B,alpha,296,3900,SUCCESS
B,alpha,297,4000,SUCCESS
B,alpha,298,4000,SUCCESS
B,alpha,299,3900,SUCCESS
B,alpha,300,4000,SUCCESS
B,alpha,301,4000,SUCCESS
B,alpha,302,3900,SUCCESS
B,alpha,303,4000,SUCCESS
B,alpha,304,4000,SUCCESS
B,alpha,305,4000,SUCCESS
B,alpha,306,3900,SUCCESS
B,alpha,307,3900,SUCCESS
B,alpha,308,4000,SUCCESS
B,alpha,309,4000,SUCCESS
B,alpha,310,3900,SUCCESS
B,alpha,311,3900,SUCCESS
B,alpha,312,4100,SUCCESS
B,alpha,313,4000,SUCCESS
B,alpha,314,3900,SUCCESS
B,alpha,315,4000,SUCCESS
B,alpha,316,5100,SUCCESS
B,alpha,317,4000,SUCCESS
B,alpha,318,4000,SUCCESS
B,alpha,319,4000,SUCCESS
B,alpha,320,3900,SUCCESS
B,alpha,321,4100,SUCCESS
B,alpha,322,4000,SUCCESS
B,alpha,323,4000,SUCCESS
B,alpha,324,4000,SUCCESS
B,alpha,325,4100,SUCCESS
B,alpha,326,4000,SUCCESS
B,alpha,327,3900,SUCCESS
B,alpha,328,4100,SUCCESS
B,alpha,329,3900,SUCCESS
B,alpha,330,4100,SUCCESS
B,alpha,331,4100,SUCCESS
B,alpha,332,4000,SUCCESS
B,alpha,333,4100,SUCCESS
B,alpha,334,4100,SUCCESS
B,alpha,335,4200,SUCCESS
B,alpha,336,4000,SUCCESS
B,alpha,337,4100,SUCCESS
B,alpha,338,3900,SUCCESS
B,alpha,339,4200,SUCCESS
B,alpha,340,4300,SUCCESS
B,alpha,341,3900,SUCCESS
B,alpha,342,3900,SUCCESS
B,alpha,343,4000,SUCCESS
B,alpha,344,4000,SUCCESS
B,alpha,345,4800,SUCCESS
B,alpha,346,4400,SUCCESS
B,alpha,347,4000,SUCCESS
B,alpha,348,4000,SUCCESS
B,alpha,349,3900,SUCCESS
B,alpha,350,4000,SUCCESS
B,alpha,351,4000,SUCCESS
B,alpha,352,3900,SUCCESS
B,alpha,353,4000,SUCCESS
B,alpha,354,4000,SUCCESS
B,alpha,355,4100,SUCCESS
B,alpha,356,4000,SUCCESS
B,alpha,357,4000,SUCCESS
B,alpha,358,4100,SUCCESS
B,alpha,359,4000,SUCCESS
B,alpha,360,4000,SUCCESS
B,alpha,361,3900,SUCCESS
B,alpha,362,4000,SUCCESS
B,alpha,363,4000,SUCCESS
B,alpha,364,4000,SUCCESS
B,alpha,365,4000,SUCCESS
B,alpha,366,4100,SUCCESS
B,alpha,367,4000,SUCCESS
B,alpha,368,4000,SUCCESS
B,alpha,369,4000,SUCCESS
B,alpha,370,3900,SUCCESS
B,alpha,371,3900,SUCCESS
B,alpha,372,4800,SUCCESS
B,alpha,373,4000,SUCCESS
B,alpha,374,3900,SUCCESS
B,alpha,375,4000,SUCCESS
B,alpha,376,4100,SUCCESS
B,alpha,377,4000,SUCCESS
B,alpha,378,4100,SUCCESS
B,alpha,379,4000,SUCCESS
B,alpha,380,4000,SUCCESS
B,alpha,381,4000,SUCCESS
B,alpha,382,4000,SUCCESS
B,alpha,383,4000,SUCCESS
B,alpha,384,4000,SUCCESS
B,alpha,385,4000,SUCCESS
B,alpha,386,4000,SUCCESS
B,alpha,387,4100,SUCCESS
B,alpha,388,4600,SUCCESS
B,alpha,389,3900,SUCCESS
B,alpha,390,4000,SUCCESS
B,alpha,391,4000,SUCCESS
B,alpha,392,4000,SUCCESS
B,alpha,393,3900,SUCCESS
B,alpha,394,4000,SUCCESS
B,alpha,395,4000,SUCCESS
B,alpha,396,4200,SUCCESS
B,alpha,397,4000,SUCCESS
B,alpha,398,3900,SUCCESS
B,alpha,399,4000,SUCCESS
B,alpha,400,4000,SUCCESS
B,alpha,401,5200,SUCCESS
B,alpha,402,4100,SUCCESS
B,alpha,403,4000,SUCCESS
B,alpha,404,3900,SUCCESS
B,alpha,405,4000,SUCCESS
B,alpha,406,3900,SUCCESS
B,alpha,407,4000,SUCCESS
B,alpha,408,3900,SUCCESS
B,alpha,409,3900,SUCCESS
B,alpha,410,3900,SUCCESS
B,alpha,411,4000,SUCCESS
B,alpha,412,4000,SUCCESS
B,alpha,413,4000,SUCCESS
B,alpha,414,4000,SUCCESS
B,alpha,415,4000,SUCCESS
B,alpha,416,4000,SUCCESS
B,alpha,417,4000,SUCCESS
B,alpha,418,4000,SUCCESS
B,alpha,419,4000,SUCCESS
B,alpha,420,4000,SUCCESS
B,alpha,421,3900,SUCCESS
B,alpha,422,4000,SUCCESS
B,alpha,423,3900,SUCCESS
B,alpha,424,4000,SUCCESS
B,alpha,425,4000,SUCCESS
B,alpha,426,3900,SUCCESS
B,alpha,427,4000,SUCCESS
B,alpha,428,4000,SUCCESS
B,alpha,429,4100,SUCCESS
B,alpha,430,4000,SUCCESS
B,alpha,431,4000,SUCCESS
B,alpha,432,4100,SUCCESS
B,alpha,433,4000,SUCCESS
B,alpha,434,4000,SUCCESS
B,alpha,435,4000,SUCCESS
B,alpha,436,4000,SUCCESS
B,alpha,437,4000,SUCCESS
B,alpha,438,4000,SUCCESS
B,alpha,439,3900,SUCCESS
B,alpha,440,4000,SUCCESS
B,alpha,441,4000,SUCCESS
B,alpha,442,3700,SUCCESS
B,alpha,443,4000,SUCCESS
B,alpha,444,4000,SUCCESS
B,alpha,445,4000,SUCCESS
B,alpha,446,3900,SUCCESS
B,alpha,447,4000,SUCCESS
B,alpha,448,3900,SUCCESS
B,alpha,449,4000,SUCCESS
B,alpha,450,4000,SUCCESS
B,alpha,451,4000,SUCCESS
B,alpha,452,3900,SUCCESS
B,alpha,453,3900,SUCCESS
B,alpha,454,4000,SUCCESS
B,alpha,455,5000,SUCCESS
B,alpha,456,3800,SUCCESS
B,alpha,457,3700,SUCCESS
B,alpha,458,3700,SUCCESS
B,alpha,459,3800,SUCCESS
B,alpha,460,3700,SUCCESS
B,alpha,461,3700,SUCCESS
B,alpha,462,3800,SUCCESS
B,alpha,463,3700,SUCCESS
B,alpha,464,3700,SUCCESS
B,alpha,465,3800,SUCCESS
B,alpha,466,3700,SUCCESS
B,alpha,467,3800,SUCCESS
B,alpha,468,3700,SUCCESS
B,alpha,469,3700,SUCCESS
B,alpha,470,3700,SUCCESS
B,alpha,471,3700,SUCCESS
B,alpha,472,3700,SUCCESS
B,alpha,473,3700,SUCCESS
B,alpha,474,3800,SUCCESS
B,alpha,475,3800,SUCCESS
B,alpha,476,3700,SUCCESS
B,alpha,477,3700,SUCCESS
B,alpha,478,3700,SUCCESS
B,alpha,479,3700,SUCCESS
B,alpha,480,3900,SUCCESS
B,alpha,481,3800,SUCCESS
B,alpha,482,3700,SUCCESS
B,alpha,483,3800,SUCCESS
B,alpha,484,3700,SUCCESS
B,alpha,485,3700,SUCCESS
B,alpha,486,3700,SUCCESS
B,alpha,487,3700,SUCCESS
B,alpha,488,3700,SUCCESS
B,alpha,489,3800,SUCCESS
B,alpha,490,3700,SUCCESS
B,alpha,491,3800,SUCCESS
B,alpha,492,3800,SUCCESS
B,alpha,493,3700,SUCCESS
B,alpha,494,4500,SUCCESS
B,alpha,495,3700,SUCCESS
B,alpha,496,3800,SUCCESS
B,alpha,497,3700,SUCCESS
B,alpha,498,3700,SUCCESS
B,alpha,499,3700,SUCCESS
B,alpha,500,3700,SUCCESS
B,alpha,501,3800,SUCCESS
B,alpha,502,3700,SUCCESS
B,alpha,503,3700,SUCCESS
B,alpha,504,3800,SUCCESS
B,alpha,505,3700,SUCCESS
B,alpha,506,3800,SUCCESS
B,alpha,507,3700,SUCCESS
B,alpha,508,3700,SUCCESS
B,alpha,509,3800,SUCCESS
B,alpha,510,3700,SUCCESS
B,alpha,511,4000,SUCCESS
B,alpha,512,4000,SUCCESS
B,alpha,513,3900,SUCCESS
B,alpha,514,4000,SUCCESS
B,alpha,515,4000,SUCCESS
B,alpha,516,4000,SUCCESS
B,alpha,517,3900,SUCCESS
B,alpha,518,4000,SUCCESS
B,alpha,519,4000,SUCCESS
B,alpha,520,4000,SUCCESS
B,alpha,521,4000,SUCCESS
B,alpha,522,3900,SUCCESS
B,alpha,523,4700,SUCCESS
B,alpha,524,4000,SUCCESS
B,alpha,525,4000,SUCCESS
B,alpha,526,4000,SUCCESS
B,alpha,527,4000,SUCCESS
B,alpha,528,4000,SUCCESS
B,alpha,529,4000,SUCCESS
B,alpha,530,4000,SUCCESS
B,alpha,531,3700,SUCCESS
B,alpha,532,3700,SUCCESS
B,alpha,533,3700,SUCCESS
B,alpha,534,3800,SUCCESS
B,alpha,535,3700,SUCCESS
B,alpha,536,3700,SUCCESS
B,alpha,537,3700,SUCCESS
B,alpha,538,3800,SUCCESS
B,alpha,539,3700,SUCCESS
B,alpha,540,3700,SUCCESS
B,alpha,541,3700,SUCCESS
B,alpha,542,4400,SUCCESS
B,alpha,543,3700,SUCCESS
B,alpha,544,3700,SUCCESS
B,alpha,545,3700,SUCCESS
B,alpha,546,3700,SUCCESS
B,alpha,547,3700,SUCCESS
B,alpha,548,3700,SUCCESS
B,alpha,549,3700,SUCCESS
B,alpha,550,3700,SUCCESS
B,alpha,551,3700,SUCCESS
B,alpha,552,3800,SUCCESS
B,alpha,553,3800,SUCCESS
B,alpha,554,3700,SUCCESS
B,alpha,555,3700,SUCCESS
B,alpha,556,3800,SUCCESS
B,alpha,557,3700,SUCCESS
B,alpha,558,3700,SUCCESS
B,alpha,559,3700,SUCCESS
B,alpha,560,3800,SUCCESS
B,alpha,561,3700,SUCCESS
B,alpha,562,3700,SUCCESS
B,alpha,563,3700,SUCCESS
B,alpha,564,3700,SUCCESS
B,alpha,565,3800,SUCCESS
B,alpha,566,3800,SUCCESS
B,alpha,567,3800,SUCCESS
B,alpha,568,3800,SUCCESS
B,alpha,569,3800,SUCCESS
B,alpha,570,4000,SUCCESS
B,alpha,571,4000,SUCCESS
B,alpha,572,4000,SUCCESS
B,alpha,573,3900,SUCCESS
B,alpha,574,4000,SUCCESS
B,alpha,575,3900,SUCCESS
B,alpha,576,4000,SUCCESS
B,alpha,577,4000,SUCCESS
B,alpha,578,4000,SUCCESS
B,alpha,579,4000,SUCCESS
B,alpha,580,4000,SUCCESS
B,alpha,581,3900,SUCCESS
B,alpha,582,4000,SUCCESS
B,alpha,583,3800,SUCCESS
B,alpha,584,3700,SUCCESS
B,alpha,585,3800,SUCCESS
B,alpha,586,3800,SUCCESS
B,alpha,587,4100,SUCCESS
B,alpha,588,4000,SUCCESS
B,alpha,589,4000,SUCCESS
B,alpha,590,4000,SUCCESS
B,alpha,591,4000,SUCCESS
B,alpha,592,4000,SUCCESS
B,alpha,593,4000,SUCCESS
B,alpha,594,4000,SUCCESS
B,alpha,595,4000,SUCCESS
B,alpha,596,3900,SUCCESS
B,alpha,597,3900,SUCCESS
B,alpha,598,4000,SUCCESS
B,alpha,599,3900,SUCCESS
B,alpha,600,4000,SUCCESS
B,alpha,601,3900,SUCCESS
B,alpha,602,3900,SUCCESS
B,alpha,603,3700,SUCCESS
B,alpha,604,3900,SUCCESS
B,alpha,605,3700,SUCCESS
B,alpha,606,3900,SUCCESS
B,alpha,607,3700,SUCCESS
B,alpha,608,4000,SUCCESS
B,alpha,609,3700,SUCCESS
B,alpha,610,3800,SUCCESS
B,alpha,611,3800,SUCCESS
B,alpha,612,3700,SUCCESS
B,alpha,613,3700,SUCCESS
B,alpha,614,3700,SUCCESS
B,alpha,615,3800,SUCCESS
B,alpha,616,3700,SUCCESS
B,alpha,617,4000,SUCCESS
B,alpha,618,3700,SUCCESS
B,alpha,619,3800,SUCCESS
B,alpha,620,5600,SUCCESS
B,alpha,621,5800,SUCCESS
B,alpha,622,6700,SUCCESS
B,alpha,623,5700,SUCCESS
B,alpha,624,5700,SUCCESS
B,alpha,625,5600,SUCCESS
B,alpha,626,5700,SUCCESS
B,alpha,627,5700,SUCCESS
B,alpha,628,5700,SUCCESS
B,alpha,629,5700,SUCCESS
B,alpha,630,8900,SUCCESS
B,alpha,631,7400,SUCCESS
B,alpha,632,5800,SUCCESS
B,alpha,633,5700,SUCCESS
B,alpha,634,7200,SUCCESS
B,alpha,635,5500,SUCCESS
B,alpha,636,5500,SUCCESS
B,alpha,637,5500,SUCCESS
B,alpha,638,5700,SUCCESS
B,alpha,639,5500,SUCCESS
B,alpha,640,5600,SUCCESS
B,alpha,641,5600,SUCCESS
B,alpha,642,5700,SUCCESS
B,alpha,643,5500,SUCCESS
B,alpha,644,5500,SUCCESS
B,alpha,645,5600,SUCCESS
B,alpha,646,5500,SUCCESS
B,alpha,647,5500,SUCCESS
B,alpha,648,5500,SUCCESS
B,alpha,649,6000,SUCCESS
B,alpha,650,5500,SUCCESS
B,alpha,651,5500,SUCCESS
B,alpha,652,5500,SUCCESS
B,alpha,653,5700,SUCCESS
B,alpha,654,5500,SUCCESS
B,alpha,655,5600,SUCCESS
B,alpha,656,5500,SUCCESS
B,alpha,657,5700,SUCCESS
B,alpha,658,5500,SUCCESS
B,alpha,659,5500,SUCCESS
B,alpha,660,5500,SUCCESS
B,alpha,661,5800,SUCCESS
B,alpha,662,5600,SUCCESS
B,alpha,663,5500,SUCCESS
B,alpha,664,5500,SUCCESS
B,alpha,665,5400,SUCCESS
B,alpha,666,5500,SUCCESS
B,alpha,667,5500,SUCCESS
B,alpha,668,5500,SUCCESS
B,alpha,669,5500,SUCCESS
B,alpha,670,5800,SUCCESS
B,alpha,671,5700,SUCCESS
B,alpha,672,5900,SUCCESS
B,alpha,673,5700,SUCCESS
B,alpha,674,5500,SUCCESS
B,alpha,675,5500,SUCCESS
B,alpha,676,3700,SUCCESS
B,alpha,677,3700,SUCCESS
B,alpha,678,3800,SUCCESS
B,alpha,679,3800,SUCCESS
B,alpha,680,3700,SUCCESS
B,alpha,681,3700,SUCCESS
B,alpha,682,3700,SUCCESS
B,alpha,683,3700,SUCCESS
B,alpha,684,3800,SUCCESS
B,alpha,685,3700,SUCCESS
B,alpha,686,3700,SUCCESS
B,alpha,687,3700,SUCCESS
B,alpha,688,3800,SUCCESS
B,alpha,689,3700,SUCCESS
B,alpha,690,3700,SUCCESS
B,alpha,691,3800,SUCCESS
B,alpha,692,3700,SUCCESS
B,alpha,693,3700,SUCCESS
B,alpha,694,3800,SUCCESS
B,alpha,695,3700,SUCCESS
B,alpha,696,3800,SUCCESS
B,alpha,697,3700,SUCCESS
B,alpha,698,3700,SUCCESS
B,alpha,699,3800,SUCCESS
B,alpha,700,3700,SUCCESS
B,alpha,701,3800,SUCCESS
B,alpha,702,3700,SUCCESS
B,alpha,703,3800,SUCCESS
B,alpha,704,3700,SUCCESS
B,alpha,705,3700,SUCCESS
B,alpha,706,3900,SUCCESS
B,alpha,707,3900,SUCCESS
B,alpha,708,4000,SUCCESS
B,alpha,709,3900,SUCCESS
B,alpha,710,3900,SUCCESS
B,alpha,711,4000,SUCCESS
B,alpha,712,4000,SUCCESS
B,alpha,713,4000,SUCCESS
B,alpha,714,4000,SUCCESS
B,alpha,715,4000,SUCCESS
B,alpha,716,3900,SUCCESS
B,alpha,717,4000,SUCCESS
B,alpha,718,3900,SUCCESS
B,alpha,719,4000,SUCCESS
B,alpha,720,4000,SUCCESS
B,alpha,721,4000,SUCCESS
B,alpha,722,3800,SUCCESS
B,alpha,723,3700,SUCCESS
B,alpha,724,3800,SUCCESS
B,alpha,725,3800,SUCCESS
B,alpha,726,3700,SUCCESS
B,alpha,727,3700,SUCCESS
B,alpha,728,3800,SUCCESS
B,alpha,729,3700,SUCCESS
B,alpha,730,3800,SUCCESS
B,alpha,731,3800,SUCCESS
B,alpha,732,3800,SUCCESS
B,alpha,733,3800,SUCCESS
B,alpha,734,3800,SUCCESS
B,alpha,735,3800,SUCCESS
B,alpha,736,3700,SUCCESS
B,alpha,737,3800,SUCCESS
B,alpha,738,3800,SUCCESS
B,alpha,739,3700,SUCCESS
B,alpha,740,3700,SUCCESS
B,alpha,741,3800,SUCCESS
B,alpha,742,3700,SUCCESS
B,alpha,743,3800,SUCCESS
B,alpha,744,4000,SUCCESS
B,alpha,745,4000,SUCCESS
B,alpha,746,3900,SUCCESS
B,alpha,747,4000,SUCCESS
B,alpha,748,4000,SUCCESS
B,alpha,749,4000,SUCCESS
B,alpha,750,4000,SUCCESS
B,alpha,751,4000,SUCCESS
B,alpha,752,4000,SUCCESS
B,alpha,753,4800,SUCCESS
B,alpha,754,5000,SUCCESS
B,alpha,755,3700,SUCCESS
B,alpha,756,3700,SUCCESS
B,alpha,757,3700,SUCCESS
B,alpha,758,4000,SUCCESS
B,alpha,759,4000,SUCCESS
B,alpha,760,3900,SUCCESS
B,alpha,761,4000,SUCCESS
B,alpha,762,4000,SUCCESS
B,alpha,763,4000,SUCCESS
B,alpha,764,4000,SUCCESS
B,alpha,765,4000,SUCCESS
B,alpha,766,4000,SUCCESS
B,alpha,767,4000,SUCCESS
B,alpha,768,4000,SUCCESS
B,alpha,769,3900,SUCCESS
B,alpha,770,4000,SUCCESS
B,alpha,771,3900,SUCCESS
B,alpha,772,4000,SUCCESS
B,alpha,773,3900,SUCCESS
B,alpha,774,4000,SUCCESS
B,alpha,775,4000,SUCCESS
B,alpha,776,4000,SUCCESS
B,alpha,777,4000,SUCCESS
B,alpha,778,4000,SUCCESS
B,alpha,779,4000,SUCCESS
B,alpha,780,4000,SUCCESS
B,alpha,781,4000,SUCCESS
B,alpha,782,4000,SUCCESS
B,alpha,783,4000,SUCCESS
B,alpha,784,4000,SUCCESS
B,alpha,785,4000,SUCCESS
B,alpha,786,4000,SUCCESS
B,alpha,787,4000,SUCCESS
B,alpha,788,4000,SUCCESS
B,alpha,789,4000,SUCCESS
B,alpha,790,4000,SUCCESS
B,alpha,791,4000,SUCCESS
B,alpha,792,4000,SUCCESS
B,alpha,793,11500,SUCCESS
B,alpha,794,4200,SUCCESS
B,alpha,795,4000,SUCCESS
B,alpha,796,4000,SUCCESS
B,alpha,797,4000,SUCCESS
B,alpha,798,4400,SUCCESS
B,alpha,799,4400,SUCCESS
B,alpha,800,4500,SUCCESS
B,alpha,801,4500,SUCCESS
B,alpha,802,4500,SUCCESS
B,alpha,803,23200,SUCCESS
B,alpha,804,10100,SUCCESS
B,alpha,805,13400,SUCCESS
B,alpha,806,9400,SUCCESS
B,alpha,807,9400,SUCCESS
B,alpha,808,9600,SUCCESS
B,alpha,809,4600,SUCCESS
B,alpha,810,4500,SUCCESS
B,alpha,811,4500,SUCCESS
B,alpha,812,4500,SUCCESS
B,alpha,813,4500,SUCCESS
B,alpha,814,4400,SUCCESS
B,alpha,815,4400,SUCCESS
B,alpha,816,4500,SUCCESS
B,alpha,817,4400,SUCCESS
B,alpha,818,4500,SUCCESS
B,alpha,819,4400,SUCCESS
B,alpha,820,4500,SUCCESS
B,alpha,821,4400,SUCCESS
B,alpha,822,4400,SUCCESS
B,alpha,823,4400,SUCCESS
B,alpha,824,4500,SUCCESS
B,alpha,825,4500,SUCCESS
B,alpha,826,4500,SUCCESS
B,alpha,827,4500,SUCCESS
B,alpha,828,4500,SUCCESS
B,alpha,829,4400,SUCCESS
B,alpha,830,4500,SUCCESS
B,alpha,831,4600,SUCCESS
B,alpha,832,4400,SUCCESS
B,alpha,833,4500,SUCCESS
B,alpha,834,4500,SUCCESS
B,alpha,835,4400,SUCCESS
B,alpha,836,4500,SUCCESS
B,alpha,837,4400,SUCCESS
B,alpha,838,4500,SUCCESS
B,alpha,839,4400,SUCCESS
B,alpha,840,4500,SUCCESS
B,alpha,841,4600,SUCCESS
B,alpha,842,4400,SUCCESS
B,alpha,843,4400,SUCCESS
B,alpha,844,4500,SUCCESS
B,alpha,845,4400,SUCCESS
B,alpha,846,4500,SUCCESS
B,alpha,847,4500,SUCCESS
B,alpha,848,4400,SUCCESS
B,alpha,849,4400,SUCCESS
B,alpha,850,4500,SUCCESS
B,alpha,851,4400,SUCCESS
B,alpha,852,4400,SUCCESS
B,alpha,853,4400,SUCCESS
B,alpha,854,4400,SUCCESS
B,alpha,855,4400,SUCCESS
B,alpha,856,4400,SUCCESS
B,alpha,857,4600,SUCCESS
B,alpha,858,3900,SUCCESS
B,alpha,859,4000,SUCCESS
B,alpha,860,4000,SUCCESS
B,alpha,861,4000,SUCCESS
B,alpha,862,4000,SUCCESS
B,alpha,863,4700,SUCCESS
B,alpha,864,4000,SUCCESS
B,alpha,865,3900,SUCCESS
B,alpha,866,4200,SUCCESS
B,alpha,867,4000,SUCCESS
B,alpha,868,4900,SUCCESS
B,alpha,869,4000,SUCCESS
B,alpha,870,4000,SUCCESS
B,alpha,871,4100,SUCCESS
B,alpha,872,4700,SUCCESS
B,alpha,873,4100,SUCCESS
B,alpha,874,3800,SUCCESS
B,alpha,875,3800,SUCCESS
B,alpha,876,3700,SUCCESS
B,alpha,877,3700,SUCCESS
B,alpha,878,3700,SUCCESS
B,alpha,879,3700,SUCCESS
B,alpha,880,3800,SUCCESS
B,alpha,881,3700,SUCCESS
B,alpha,882,3700,SUCCESS
B,alpha,883,3700,SUCCESS
B,alpha,884,3800,SUCCESS
B,alpha,885,3800,SUCCESS
B,alpha,886,3700,SUCCESS
B,alpha,887,3800,SUCCESS
B,alpha,888,3800,SUCCESS
B,alpha,889,3900,SUCCESS
B,alpha,890,3800,SUCCESS
B,alpha,891,3700,SUCCESS
B,alpha,892,3700,SUCCESS
B,alpha,893,3700,SUCCESS
B,alpha,894,3800,SUCCESS
B,alpha,895,3700,SUCCESS
B,alpha,896,3700,SUCCESS
B,alpha,897,3700,SUCCESS
B,alpha,898,3800,SUCCESS
B,alpha,899,3700,SUCCESS
B,alpha,900,3800,SUCCESS
B,alpha,901,3700,SUCCESS
B,alpha,902,3800,SUCCESS
B,alpha,903,3700,SUCCESS
B,alpha,904,3800,SUCCESS
B,alpha,905,3700,SUCCESS
B,alpha,906,3800,SUCCESS
B,alpha,907,3700,SUCCESS
B,alpha,908,3900,SUCCESS
B,alpha,909,3700,SUCCESS
B,alpha,910,3800,SUCCESS
B,alpha,911,3800,SUCCESS
B,alpha,912,3800,SUCCESS
B,alpha,913,3800,SUCCESS
B,alpha,914,3900,SUCCESS
B,alpha,915,3800,SUCCESS
B,alpha,916,3900,SUCCESS
B,alpha,917,3800,SUCCESS
B,alpha,918,3900,SUCCESS
B,alpha,919,3800,SUCCESS
B,alpha,920,3800,SUCCESS
B,alpha,921,3800,SUCCESS
B,alpha,922,3900,SUCCESS
B,alpha,923,4000,SUCCESS
B,alpha,924,3900,SUCCESS
B,alpha,925,3800,SUCCESS
B,alpha,926,3800,SUCCESS
B,alpha,927,3800,SUCCESS
B,alpha,928,3800,SUCCESS
B,alpha,929,4000,SUCCESS
B,alpha,930,3900,SUCCESS
B,alpha,931,4000,SUCCESS
B,alpha,932,3800,SUCCESS
B,alpha,933,3800,SUCCESS
B,alpha,934,3700,SUCCESS
B,alpha,935,3700,SUCCESS
B,alpha,936,3800,SUCCESS
B,alpha,937,3700,SUCCESS
B,alpha,938,3800,SUCCESS
B,alpha,939,3700,SUCCESS
B,alpha,940,3800,SUCCESS
B,alpha,941,3700,SUCCESS
B,alpha,942,3800,SUCCESS
B,alpha,943,3800,SUCCESS
B,alpha,944,8700,SUCCESS
B,alpha,945,3800,SUCCESS
B,alpha,946,3700,SUCCESS
B,alpha,947,3800,SUCCESS
B,alpha,948,3800,SUCCESS
B,alpha,949,3700,SUCCESS
B,alpha,950,3700,SUCCESS
B,alpha,951,3800,SUCCESS
B,alpha,952,3700,SUCCESS
B,alpha,953,3700,SUCCESS
B,alpha,954,3800,SUCCESS
B,alpha,955,3700,SUCCESS
B,alpha,956,3700,SUCCESS
B,alpha,957,3800,SUCCESS
B,alpha,958,3800,SUCCESS
B,alpha,959,3800,SUCCESS
B,alpha,960,3700,SUCCESS
B,alpha,961,3700,SUCCESS
B,alpha,962,3700,SUCCESS
B,alpha,963,4500,SUCCESS
B,alpha,964,3700,SUCCESS
B,alpha,965,3800,SUCCESS
B,alpha,966,3700,SUCCESS
B,alpha,967,4600,SUCCESS
B,alpha,968,4500,SUCCESS
B,alpha,969,3800,SUCCESS
B,alpha,970,3700,SUCCESS
B,alpha,971,3700,SUCCESS
B,alpha,972,3800,SUCCESS
B,alpha,973,3700,SUCCESS
B,alpha,974,3800,SUCCESS
B,alpha,975,3700,SUCCESS
B,alpha,976,3700,SUCCESS
B,alpha,977,3800,SUCCESS
B,alpha,978,3700,SUCCESS
B,alpha,979,3700,SUCCESS
B,alpha,980,3800,SUCCESS
B,alpha,981,3800,SUCCESS
B,alpha,982,3800,SUCCESS
B,alpha,983,3800,SUCCESS
B,alpha,984,3700,SUCCESS
B,alpha,985,3700,SUCCESS
B,alpha,986,3800,SUCCESS
B,alpha,987,3900,SUCCESS
B,alpha,988,4000,SUCCESS
B,alpha,989,4000,SUCCESS
B,alpha,990,3700,SUCCESS
B,alpha,991,3700,SUCCESS
B,alpha,992,4000,SUCCESS
B,alpha,993,4000,SUCCESS
B,alpha,994,3900,SUCCESS
B,alpha,995,6700,SUCCESS
B,alpha,996,3700,SUCCESS
B,alpha,997,3700,SUCCESS
B,alpha,998,3700,SUCCESS
B,alpha,999,3900,SUCCESS
B,beta,0,4200,SUCCESS
B,beta,1,4000,SUCCESS
B,beta,2,4000,SUCCESS
B,beta,3,4100,SUCCESS
B,beta,4,4100,SUCCESS
B,beta,5,4000,SUCCESS
B,beta,6,4000,SUCCESS
B,beta,7,4000,SUCCESS
B,beta,8,4100,SUCCESS
B,beta,9,4000,SUCCESS
B,beta,10,4000,SUCCESS
B,beta,11,3800,SUCCESS
B,beta,12,3800,SUCCESS
B,beta,13,3700,SUCCESS
B,beta,14,3700,SUCCESS
B,beta,15,3900,SUCCESS
B,beta,16,3700,SUCCESS
B,beta,17,4100,SUCCESS
B,beta,18,4100,SUCCESS
B,beta,19,3800,SUCCESS
B,beta,20,3900,SUCCESS
B,beta,21,3700,SUCCESS
B,beta,22,3900,SUCCESS
B,beta,23,3800,SUCCESS
B,beta,24,3700,SUCCESS
B,beta,25,3800,SUCCESS
B,beta,26,3700,SUCCESS
B,beta,27,3700,SUCCESS
B,beta,28,3700,SUCCESS
B,beta,29,3800,SUCCESS
B,beta,30,3800,SUCCESS
B,beta,31,4700,SUCCESS
B,beta,32,5300,SUCCESS
B,beta,33,5200,SUCCESS
B,beta,34,5200,SUCCESS
B,beta,35,5200,SUCCESS
B,beta,36,5200,SUCCESS
B,beta,37,5200,SUCCESS
B,beta,38,5200,SUCCESS
B,beta,39,5200,SUCCESS
B,beta,40,5200,SUCCESS
B,beta,41,5200,SUCCESS
B,beta,42,5200,SUCCESS
B,beta,43,6100,SUCCESS
B,beta,44,4000,SUCCESS
B,beta,45,4000,SUCCESS
B,beta,46,5000,SUCCESS
B,beta,47,4000,SUCCESS
B,beta,48,4000,SUCCESS
B,beta,49,4000,SUCCESS
B,beta,50,4000,SUCCESS
B,beta,51,4000,SUCCESS
B,beta,52,5000,SUCCESS
B,beta,53,3800,SUCCESS
B,beta,54,3700,SUCCESS
B,beta,55,3700,SUCCESS
B,beta,56,3700,SUCCESS
B,beta,57,3800,SUCCESS
B,beta,58,3700,SUCCESS
B,beta,59,3700,SUCCESS
B,beta,60,3700,SUCCESS
B,beta,61,3700,SUCCESS
B,beta,62,3700,SUCCESS
B,beta,63,3700,SUCCESS
B,beta,64,3700,SUCCESS
B,beta,65,4000,SUCCESS
B,beta,66,4000,SUCCESS
B,beta,67,4000,SUCCESS
B,beta,68,4000,SUCCESS
B,beta,69,4000,SUCCESS
B,beta,70,4000,SUCCESS
B,beta,71,4100,SUCCESS
B,beta,72,4000,SUCCESS
B,beta,73,4000,SUCCESS
B,beta,74,4000,SUCCESS
B,beta,75,4000,SUCCESS
B,beta,76,4000,SUCCESS
B,beta,77,4100,SUCCESS
B,beta,78,4000,SUCCESS
B,beta,79,4000,SUCCESS
B,beta,80,4000,SUCCESS
B,beta,81,4900,SUCCESS
B,beta,82,3700,SUCCESS
B,beta,83,3700,SUCCESS
B,beta,84,3700,SUCCESS
B,beta,85,3700,SUCCESS
B,beta,86,3700,SUCCESS
B,beta,87,3700,SUCCESS
B,beta,88,3700,SUCCESS
B,beta,89,4000,SUCCESS
B,beta,90,4000,SUCCESS
B,beta,91,4000,SUCCESS
B,beta,92,4000,SUCCESS
B,beta,93,4000,SUCCESS
B,beta,94,4000,SUCCESS
B,beta,95,4000,SUCCESS
B,beta,96,4000,SUCCESS
B,beta,97,4000,SUCCESS
B,beta,98,4000,SUCCESS
B,beta,99,4000,SUCCESS
B,beta,100,4000,SUCCESS
B,beta,101,4000,SUCCESS
B,beta,102,4000,SUCCESS
B,beta,103,4000,SUCCESS
B,beta,104,4000,SUCCESS
B,beta,105,4000,SUCCESS
B,beta,106,4000,SUCCESS
B,beta,107,5100,SUCCESS
B,beta,108,3800,SUCCESS
B,beta,109,3800,SUCCESS
B,beta,110,3800,SUCCESS
B,beta,111,3800,SUCCESS
B,beta,112,3800,SUCCESS
B,beta,113,3700,SUCCESS
B,beta,114,3800,SUCCESS
B,beta,115,3700,SUCCESS
B,beta,116,3700,SUCCESS
B,beta,117,3800,SUCCESS
B,beta,118,3800,SUCCESS
B,beta,119,3700,SUCCESS
B,beta,120,3700,SUCCESS
B,beta,121,3700,SUCCESS
B,beta,122,3700,SUCCESS
B,beta,123,3700,SUCCESS
B,beta,124,3700,SUCCESS
B,beta,125,3700,SUCCESS
B,beta,126,3800,SUCCESS
B,beta,127,3800,SUCCESS
B,beta,128,3800,SUCCESS
B,beta,129,3800,SUCCESS
B,beta,130,3800,SUCCESS
B,beta,131,3700,SUCCESS
B,beta,132,3800,SUCCESS
B,beta,133,3800,SUCCESS
B,beta,134,3700,SUCCESS
B,beta,135,3700,SUCCESS
B,beta,136,3700,SUCCESS
B,beta,137,3700,SUCCESS
B,beta,138,3700,SUCCESS
B,beta,139,3800,SUCCESS
B,beta,140,3700,SUCCESS
B,beta,141,3700,SUCCESS
B,beta,142,3800,SUCCESS
B,beta,143,3800,SUCCESS
B,beta,144,3800,SUCCESS
B,beta,145,3800,SUCCESS
B,beta,146,3800,SUCCESS
B,beta,147,3700,SUCCESS
B,beta,148,3700,SUCCESS
B,beta,149,3800,SUCCESS
B,beta,150,3800,SUCCESS
B,beta,151,3700,SUCCESS
B,beta,152,6700,SUCCESS
B,beta,153,6700,SUCCESS
B,beta,154,6700,SUCCESS
B,beta,155,6700,SUCCESS
B,beta,156,6700,SUCCESS
B,beta,157,6700,SUCCESS
B,beta,158,6800,SUCCESS
B,beta,159,6700,SUCCESS
B,beta,160,6700,SUCCESS
B,beta,161,6800,SUCCESS
B,beta,162,6700,SUCCESS
B,beta,163,6700,SUCCESS
B,beta,164,6700,SUCCESS
B,beta,165,6700,SUCCESS
B,beta,166,6700,SUCCESS
B,beta,167,6700,SUCCESS
B,beta,168,6700,SUCCESS
B,beta,169,6700,SUCCESS
B,beta,170,6700,SUCCESS
B,beta,171,8100,SUCCESS
B,beta,172,6700,SUCCESS
B,beta,173,8100,SUCCESS
B,beta,174,6700,SUCCESS
B,beta,175,8400,SUCCESS
B,beta,176,7200,SUCCESS
B,beta,177,7100,SUCCESS
B,beta,178,7000,SUCCESS
B,beta,179,6700,SUCCESS
B,beta,180,6700,SUCCESS
B,beta,181,6700,SUCCESS
B,beta,182,6700,SUCCESS
B,beta,183,6700,SUCCESS
B,beta,184,6700,SUCCESS
B,beta,185,6700,SUCCESS
B,beta,186,6700,SUCCESS
B,beta,187,6700,SUCCESS
B,beta,188,6700,SUCCESS
B,beta,189,6600,SUCCESS
B,beta,190,6700,SUCCESS
B,beta,191,6700,SUCCESS
B,beta,192,6700,SUCCESS
B,beta,193,6700,SUCCESS
B,beta,194,6700,SUCCESS
B,beta,195,6700,SUCCESS
B,beta,196,6700,SUCCESS
B,beta,197,6700,SUCCESS
B,beta,198,6700,SUCCESS
B,beta,199,6700,SUCCESS
B,beta,200,6700,SUCCESS
B,beta,201,6800,SUCCESS
B,beta,202,6700,SUCCESS
B,beta,203,6700,SUCCESS
B,beta,204,6700,SUCCESS
B,beta,205,6800,SUCCESS
B,beta,206,6700,SUCCESS
B,beta,207,6700,SUCCESS
B,beta,208,6700,SUCCESS
B,beta,209,6700,SUCCESS
B,beta,210,6700,SUCCESS
B,beta,211,6700,SUCCESS
B,beta,212,6700,SUCCESS
B,beta,213,6700,SUCCESS
B,beta,214,6700,SUCCESS
B,beta,215,6700,SUCCESS
B,beta,216,6700,SUCCESS
B,beta,217,6700,SUCCESS
B,beta,218,6700,SUCCESS
B,beta,219,6700,SUCCESS
B,beta,220,6700,SUCCESS
B,beta,221,6600,SUCCESS
B,beta,222,6700,SUCCESS
B,beta,223,6700,SUCCESS
B,beta,224,6700,SUCCESS
B,beta,225,6700,SUCCESS
B,beta,226,6800,SUCCESS
B,beta,227,6700,SUCCESS
B,beta,228,6700,SUCCESS
B,beta,229,6700,SUCCESS
B,beta,230,6800,SUCCESS
B,beta,231,6700,SUCCESS
B,beta,232,6700,SUCCESS
B,beta,233,6700,SUCCESS
B,beta,234,6700,SUCCESS
B,beta,235,6700,SUCCESS
B,beta,236,6700,SUCCESS
B,beta,237,6700,SUCCESS
B,beta,238,6700,SUCCESS
B,beta,239,6700,SUCCESS
B,beta,240,6700,SUCCESS
B,beta,241,6700,SUCCESS
B,beta,242,7900,SUCCESS
B,beta,243,6700,SUCCESS
B,beta,244,6700,SUCCESS
B,beta,245,6700,SUCCESS
B,beta,246,7600,SUCCESS
B,beta,247,6400,SUCCESS
B,beta,248,6500,SUCCESS
B,beta,249,7700,SUCCESS
B,beta,250,6400,SUCCESS
B,beta,251,6500,SUCCESS
B,beta,252,6400,SUCCESS
B,beta,253,6500,SUCCESS
B,beta,254,6500,SUCCESS
B,beta,255,6500,SUCCESS
B,beta,256,13600,SUCCESS
B,beta,257,6500,SUCCESS
B,beta,258,6500,SUCCESS
B,beta,259,6400,SUCCESS
B,beta,260,6500,SUCCESS
B,beta,261,6500,SUCCESS
B,beta,262,6500,SUCCESS
B,beta,263,6500,SUCCESS
B,beta,264,6500,SUCCESS
B,beta,265,6400,SUCCESS
B,beta,266,6400,SUCCESS
B,beta,267,6500,SUCCESS
B,beta,268,6500,SUCCESS
B,beta,269,6400,SUCCESS
B,beta,270,6500,SUCCESS
B,beta,271,6500,SUCCESS
B,beta,272,6600,SUCCESS
B,beta,273,6400,SUCCESS
B,beta,274,6500,SUCCESS
B,beta,275,6500,SUCCESS
B,beta,276,6500,SUCCESS
B,beta,277,6500,SUCCESS
B,beta,278,6500,SUCCESS
B,beta,279,6500,SUCCESS
B,beta,280,6500,SUCCESS
B,beta,281,6500,SUCCESS
B,beta,282,6500,SUCCESS
B,beta,283,6500,SUCCESS
B,beta,284,6600,SUCCESS
B,beta,285,6500,SUCCESS
B,beta,286,6400,SUCCESS
B,beta,287,6500,SUCCESS
B,beta,288,6500,SUCCESS
B,beta,289,6500,SUCCESS
B,beta,290,6400,SUCCESS
B,beta,291,6400,SUCCESS
B,beta,292,6400,SUCCESS
B,beta,293,6500,SUCCESS
B,beta,294,6500,SUCCESS
B,beta,295,6500,SUCCESS
B,beta,296,6500,SUCCESS
B,beta,297,6500,SUCCESS
B,beta,298,6500,SUCCESS
B,beta,299,6500,SUCCESS
B,beta,300,6500,SUCCESS
B,beta,301,6500,SUCCESS
B,beta,302,6500,SUCCESS
B,beta,303,6500,SUCCESS
B,beta,304,6500,SUCCESS
B,beta,305,6500,SUCCESS
B,beta,306,6500,SUCCESS
B,beta,307,6400,SUCCESS
B,beta,308,6500,SUCCESS
B,beta,309,6500,SUCCESS
B,beta,310,6500,SUCCESS
B,beta,311,6500,SUCCESS
B,beta,312,6500,SUCCESS
B,beta,313,7900,SUCCESS
B,beta,314,6500,SUCCESS
B,beta,315,6400,SUCCESS
B,beta,316,6500,SUCCESS
B,beta,317,6500,SUCCESS
B,beta,318,6500,SUCCESS
B,beta,319,6400,SUCCESS
B,beta,320,6500,SUCCESS
B,beta,321,6500,SUCCESS
B,beta,322,6400,SUCCESS
B,beta,323,6400,SUCCESS
B,beta,324,6500,SUCCESS
B,beta,325,6500,SUCCESS
B,beta,326,6500,SUCCESS
B,beta,327,6400,SUCCESS
B,beta,328,7700,SUCCESS
B,beta,329,6500,SUCCESS
B,beta,330,6500,SUCCESS
B,beta,331,6400,SUCCESS
B,beta,332,6500,SUCCESS
B,beta,333,6500,SUCCESS
B,beta,334,6400,SUCCESS
B,beta,335,6400,SUCCESS
B,beta,336,6500,SUCCESS
B,beta,337,6400,SUCCESS
B,beta,338,6500,SUCCESS
B,beta,339,6500,SUCCESS
B,beta,340,6400,SUCCESS
B,beta,341,6400,SUCCESS
B,beta,342,6500,SUCCESS
B,beta,343,6500,SUCCESS
B,beta,344,6500,SUCCESS
B,beta,345,6500,SUCCESS
B,beta,346,6500,SUCCESS
B,beta,347,6500,SUCCESS
B,beta,348,6500,SUCCESS
B,beta,349,6500,SUCCESS
B,beta,350,6500,SUCCESS
B,beta,351,6400,SUCCESS
B,beta,352,6500,SUCCESS
B,beta,353,6500,SUCCESS
B,beta,354,6500,SUCCESS
B,beta,355,6400,SUCCESS
B,beta,356,6500,SUCCESS
B,beta,357,7700,SUCCESS
B,beta,358,6500,SUCCESS
B,beta,359,6500,SUCCESS
B,beta,360,6500,SUCCESS
B,beta,361,6500,SUCCESS
B,beta,362,6400,SUCCESS
B,beta,363,6500,SUCCESS
B,beta,364,6400,SUCCESS
B,beta,365,6500,SUCCESS
B,beta,366,6700,SUCCESS
B,beta,367,6500,SUCCESS
B,beta,368,6500,SUCCESS
B,beta,369,6500,SUCCESS
B,beta,370,5800,SUCCESS
B,beta,371,3700,SUCCESS
B,beta,372,3800,SUCCESS
B,beta,373,3700,SUCCESS
B,beta,374,3700,SUCCESS
B,beta,375,3700,SUCCESS
B,beta,376,3700,SUCCESS
B,beta,377,3800,SUCCESS
B,beta,378,3800,SUCCESS
B,beta,379,3700,SUCCESS
B,beta,380,3700,SUCCESS
B,beta,381,3700,SUCCESS
B,beta,382,3700,SUCCESS
B,beta,383,3700,SUCCESS
B,beta,384,3700,SUCCESS
B,beta,385,3700,SUCCESS
B,beta,386,3700,SUCCESS
B,beta,387,3800,SUCCESS
B,beta,388,3800,SUCCESS
B,beta,389,3700,SUCCESS
B,beta,390,3800,SUCCESS
B,beta,391,3800,SUCCESS
B,beta,392,3800,SUCCESS
B,beta,393,3800,SUCCESS
B,beta,394,3800,SUCCESS
B,beta,395,3800,SUCCESS
B,beta,396,3800,SUCCESS
B,beta,397,3800,SUCCESS
B,beta,398,3800,SUCCESS
B,beta,399,3800,SUCCESS
B,beta,400,3800,SUCCESS
B,beta,401,3800,SUCCESS
B,beta,402,3800,SUCCESS
B,beta,403,3800,SUCCESS
B,beta,404,3800,SUCCESS
B,beta,405,3800,SUCCESS
B,beta,406,3800,SUCCESS
B,beta,407,3800,SUCCESS
B,beta,408,3800,SUCCESS
B,beta,409,3800,SUCCESS
B,beta,410,3800,SUCCESS
B,beta,411,3700,SUCCESS
B,beta,412,3700,SUCCESS
B,beta,413,3800,SUCCESS
B,beta,414,3800,SUCCESS
B,beta,415,3800,SUCCESS
B,beta,416,3700,SUCCESS
B,beta,417,3800,SUCCESS
B,beta,418,3900,SUCCESS
B,beta,419,3700,SUCCESS
B,beta,420,3700,SUCCESS
B,beta,421,3700,SUCCESS
B,beta,422,3700,SUCCESS
B,beta,423,3700,SUCCESS
B,beta,424,3800,SUCCESS
B,beta,425,3800,SUCCESS
B,beta,426,3800,SUCCESS
B,beta,427,3700,SUCCESS
B,beta,428,3800,SUCCESS
B,beta,429,3800,SUCCESS
B,beta,430,3700,SUCCESS
B,beta,431,3700,SUCCESS
B,beta,432,3700,SUCCESS
B,beta,433,3700,SUCCESS
B,beta,434,3700,SUCCESS
B,beta,435,3700,SUCCESS
B,beta,436,3700,SUCCESS
B,beta,437,3700,SUCCESS
B,beta,438,3700,SUCCESS
B,beta,439,3800,SUCCESS
B,beta,440,4000,SUCCESS
B,beta,441,4000,SUCCESS
B,beta,442,4000,SUCCESS
B,beta,443,4900,SUCCESS
B,beta,444,4000,SUCCESS
B,beta,445,4000,SUCCESS
B,beta,446,4000,SUCCESS
B,beta,447,4000,SUCCESS
B,beta,448,4000,SUCCESS
B,beta,449,4100,SUCCESS
B,beta,450,4000,SUCCESS
B,beta,451,4000,SUCCESS
B,beta,452,4000,SUCCESS
B,beta,453,4100,SUCCESS
B,beta,454,4000,SUCCESS
B,beta,455,4000,SUCCESS
B,beta,456,3900,SUCCESS
B,beta,457,4000,SUCCESS
B,beta,458,4000,SUCCESS
B,beta,459,4000,SUCCESS
B,beta,460,4000,SUCCESS
B,beta,461,4000,SUCCESS
B,beta,462,4000,SUCCESS
B,beta,463,4000,SUCCESS
B,beta,464,4000,SUCCESS
B,beta,465,4000,SUCCESS
B,beta,466,4000,SUCCESS
B,beta,467,4000,SUCCESS
B,beta,468,4000,SUCCESS
B,beta,469,4000,SUCCESS
B,beta,470,4000,SUCCESS
B,beta,471,4000,SUCCESS
B,beta,472,4000,SUCCESS
B,beta,473,4000,SUCCESS
B,beta,474,4000,SUCCESS
B,beta,475,4000,SUCCESS
B,beta,476,4000,SUCCESS
B,beta,477,4000,SUCCESS
B,beta,478,4000,SUCCESS
B,beta,479,4000,SUCCESS
B,beta,480,4000,SUCCESS
B,beta,481,4000,SUCCESS
B,beta,482,4000,SUCCESS
B,beta,483,4000,SUCCESS
B,beta,484,3900,SUCCESS
B,beta,485,4000,SUCCESS
B,beta,486,4000,SUCCESS
B,beta,487,4000,SUCCESS
B,beta,488,4000,SUCCESS
B,beta,489,4000,SUCCESS
B,beta,490,4000,SUCCESS
B,beta,491,4000,SUCCESS
B,beta,492,4000,SUCCESS
B,beta,493,4100,SUCCESS
B,beta,494,4000,SUCCESS
B,beta,495,4000,SUCCESS
B,beta,496,4000,SUCCESS
B,beta,497,3900,SUCCESS
B,beta,498,4000,SUCCESS
B,beta,499,4000,SUCCESS
B,beta,500,4000,SUCCESS
B,beta,501,4000,SUCCESS
B,beta,502,4000,SUCCESS
B,beta,503,3700,SUCCESS
B,beta,504,3700,SUCCESS
B,beta,505,3700,SUCCESS
B,beta,506,3800,SUCCESS
B,beta,507,3800,SUCCESS
B,beta,508,3800,SUCCESS
B,beta,509,3800,SUCCESS
B,beta,510,3800,SUCCESS
B,beta,511,3800,SUCCESS
B,beta,512,3800,SUCCESS
B,beta,513,6500,SUCCESS
B,beta,514,3700,SUCCESS
B,beta,515,3700,SUCCESS
B,beta,516,4500,SUCCESS
B,beta,517,3700,SUCCESS
B,beta,518,3700,SUCCESS
B,beta,519,3700,SUCCESS
B,beta,520,3800,SUCCESS
B,beta,521,3800,SUCCESS
B,beta,522,3700,SUCCESS
B,beta,523,3800,SUCCESS
B,beta,524,3700,SUCCESS
B,beta,525,3700,SUCCESS
B,beta,526,3700,SUCCESS
B,beta,527,3800,SUCCESS
B,beta,528,3700,SUCCESS
B,beta,529,3800,SUCCESS
B,beta,530,3800,SUCCESS
B,beta,531,3800,SUCCESS
B,beta,532,3700,SUCCESS
B,beta,533,3800,SUCCESS
B,beta,534,3800,SUCCESS
B,beta,535,3800,SUCCESS
B,beta,536,3700,SUCCESS
B,beta,537,3700,SUCCESS
B,beta,538,3700,SUCCESS
B,beta,539,3700,SUCCESS
B,beta,540,3700,SUCCESS
B,beta,541,3800,SUCCESS
B,beta,542,3800,SUCCESS
B,beta,543,4500,SUCCESS
B,beta,544,3700,SUCCESS
B,beta,545,3700,SUCCESS
B,beta,546,3700,SUCCESS
B,beta,547,3800,SUCCESS
B,beta,548,3800,SUCCESS
B,beta,549,3800,SUCCESS
B,beta,550,3700,SUCCESS
B,beta,551,3700,SUCCESS
B,beta,552,3800,SUCCESS
B,beta,553,3800,SUCCESS
B,beta,554,3800,SUCCESS
B,beta,555,3800,SUCCESS
B,beta,556,3800,SUCCESS
B,beta,557,3800,SUCCESS
B,beta,558,3700,SUCCESS
B,beta,559,4500,SUCCESS
B,beta,560,3800,SUCCESS
B,beta,561,3800,SUCCESS
B,beta,562,3800,SUCCESS
B,beta,563,4500,SUCCESS
B,beta,564,3800,SUCCESS
B,beta,565,3800,SUCCESS
B,beta,566,3800,SUCCESS
B,beta,567,3800,SUCCESS
B,beta,568,3700,SUCCESS
B,beta,569,3700,SUCCESS
B,beta,570,3700,SUCCESS
B,beta,571,3700,SUCCESS
B,beta,572,3700,SUCCESS
B,beta,573,3700,SUCCESS
B,beta,574,3700,SUCCESS
B,beta,575,3700,SUCCESS
B,beta,576,3700,SUCCESS
B,beta,577,3700,SUCCESS
B,beta,578,3700,SUCCESS
B,beta,579,4000,SUCCESS
B,beta,580,4000,SUCCESS
B,beta,581,3900,SUCCESS
B,beta,582,4000,SUCCESS
B,beta,583,4000,SUCCESS
B,beta,584,4000,SUCCESS
B,beta,585,4000,SUCCESS
B,beta,586,4000,SUCCESS
B,beta,587,4000,SUCCESS
B,beta,588,4000,SUCCESS
B,beta,589,4000,SUCCESS
B,beta,590,4000,SUCCESS
B,beta,591,3800,SUCCESS
B,beta,592,3800,SUCCESS
B,beta,593,3800,SUCCESS
B,beta,594,12800,SUCCESS
B,beta,595,4000,SUCCESS
B,beta,596,4000,SUCCESS
B,beta,597,4000,SUCCESS
B,beta,598,4000,SUCCESS
B,beta,599,4000,SUCCESS
B,beta,600,4000,SUCCESS
B,beta,601,4000,SUCCESS
B,beta,602,4000,SUCCESS
B,beta,603,4000,SUCCESS
B,beta,604,4000,SUCCESS
B,beta,605,4000,SUCCESS
B,beta,606,4000,SUCCESS
B,beta,607,4000,SUCCESS
B,beta,608,4000,SUCCESS
B,beta,609,3800,SUCCESS
B,beta,610,3800,SUCCESS
B,beta,611,3800,SUCCESS
B,beta,612,3800,SUCCESS
B,beta,613,3800,SUCCESS
B,beta,614,3800,SUCCESS
B,beta,615,3800,SUCCESS
B,beta,616,3800,SUCCESS
B,beta,617,3700,SUCCESS
B,beta,618,3900,SUCCESS
B,beta,619,3700,SUCCESS
B,beta,620,4600,SUCCESS
B,beta,621,3800,SUCCESS
B,beta,622,3700,SUCCESS
B,beta,623,3800,SUCCESS
B,beta,624,3800,SUCCESS
B,beta,625,3800,SUCCESS
B,beta,626,3800,SUCCESS
B,beta,627,3700,SUCCESS
B,beta,628,3800,SUCCESS
B,beta,629,3700,SUCCESS
B,beta,630,3700,SUCCESS
B,beta,631,3800,SUCCESS
B,beta,632,3700,SUCCESS
B,beta,633,3700,SUCCESS
B,beta,634,3700,SUCCESS
B,beta,635,3700,SUCCESS
B,beta,636,3700,SUCCESS
B,beta,637,3700,SUCCESS
B,beta,638,3700,SUCCESS
B,beta,639,3700,SUCCESS
B,beta,640,3700,SUCCESS
B,beta,641,3700,SUCCESS
B,beta,642,3700,SUCCESS
B,beta,643,3700,SUCCESS
B,beta,644,3700,SUCCESS
B,beta,645,3700,SUCCESS
B,beta,646,3700,SUCCESS
B,beta,647,3700,SUCCESS
B,beta,648,3700,SUCCESS
B,beta,649,3800,SUCCESS
B,beta,650,3700,SUCCESS
B,beta,651,3700,SUCCESS
B,beta,652,3700,SUCCESS
B,beta,653,3700,SUCCESS
B,beta,654,3700,SUCCESS
B,beta,655,3700,SUCCESS
B,beta,656,3700,SUCCESS
B,beta,657,3900,SUCCESS
B,beta,658,3800,SUCCESS
B,beta,659,3800,SUCCESS
B,beta,660,3800,SUCCESS
B,beta,661,3800,SUCCESS
B,beta,662,3800,SUCCESS
B,beta,663,3800,SUCCESS
B,beta,664,3700,SUCCESS
B,beta,665,3700,SUCCESS
B,beta,666,3700,SUCCESS
B,beta,667,3700,SUCCESS
B,beta,668,3700,SUCCESS
B,beta,669,3800,SUCCESS
B,beta,670,3800,SUCCESS
B,beta,671,3800,SUCCESS
B,beta,672,3700,SUCCESS
B,beta,673,3700,SUCCESS
B,beta,674,3800,SUCCESS
B,beta,675,3800,SUCCESS
B,beta,676,3700,SUCCESS
B,beta,677,3700,SUCCESS
B,beta,678,3700,SUCCESS
B,beta,679,3800,SUCCESS
B,beta,680,3800,SUCCESS
B,beta,681,3800,SUCCESS
B,beta,682,3800,SUCCESS
B,beta,683,3700,SUCCESS
B,beta,684,3800,SUCCESS
B,beta,685,3800,SUCCESS
B,beta,686,3900,SUCCESS
B,beta,687,4400,SUCCESS
B,beta,688,3700,SUCCESS
B,beta,689,3800,SUCCESS
B,beta,690,4500,SUCCESS
B,beta,691,3800,SUCCESS
B,beta,692,3800,SUCCESS
B,beta,693,3800,SUCCESS
B,beta,694,3800,SUCCESS
B,beta,695,3800,SUCCESS
B,beta,696,3800,SUCCESS
B,beta,697,3700,SUCCESS
B,beta,698,3800,SUCCESS
B,beta,699,3800,SUCCESS
B,beta,700,3800,SUCCESS
B,beta,701,3700,SUCCESS
B,beta,702,3800,SUCCESS
B,beta,703,3800,SUCCESS
B,beta,704,3700,SUCCESS
B,beta,705,3700,SUCCESS
B,beta,706,3700,SUCCESS
B,beta,707,3800,SUCCESS
B,beta,708,3800,SUCCESS
B,beta,709,3800,SUCCESS
B,beta,710,3800,SUCCESS
B,beta,711,3700,SUCCESS
B,beta,712,3700,SUCCESS
B,beta,713,3800,SUCCESS
B,beta,714,3800,SUCCESS
B,beta,715,3800,SUCCESS
B,beta,716,3700,SUCCESS
B,beta,717,3700,SUCCESS
B,beta,718,3800,SUCCESS
B,beta,719,3800,SUCCESS
B,beta,720,3800,SUCCESS
B,beta,721,3800,SUCCESS
B,beta,722,3700,SUCCESS
B,beta,723,3700,SUCCESS
B,beta,724,3800,SUCCESS
B,beta,725,3800,SUCCESS
B,beta,726,3800,SUCCESS
B,beta,727,3800,SUCCESS
B,beta,728,3800,SUCCESS
B,beta,729,3800,SUCCESS
B,beta,730,3800,SUCCESS
B,beta,731,3800,SUCCESS
B,beta,732,3700,SUCCESS
B,beta,733,3800,SUCCESS
B,beta,734,3800,SUCCESS
B,beta,735,3700,SUCCESS
B,beta,736,4400,SUCCESS
B,beta,737,3800,SUCCESS
B,beta,738,3800,SUCCESS
B,beta,739,3800,SUCCESS
B,beta,740,3800,SUCCESS
B,beta,741,3700,SUCCESS
B,beta,742,3800,SUCCESS
B,beta,743,3800,SUCCESS
B,beta,744,3800,SUCCESS
B,beta,745,3800,SUCCESS
B,beta,746,3800,SUCCESS
B,beta,747,3800,SUCCESS
B,beta,748,3800,SUCCESS
B,beta,749,3800,SUCCESS
B,beta,750,3800,SUCCESS
B,beta,751,3800,SUCCESS
B,beta,752,3800,SUCCESS
B,beta,753,3800,SUCCESS
B,beta,754,3800,SUCCESS
B,beta,755,3800,SUCCESS
B,beta,756,3800,SUCCESS
B,beta,757,3800,SUCCESS
B,beta,758,3800,SUCCESS
B,beta,759,3800,SUCCESS
B,beta,760,3800,SUCCESS
B,beta,761,3700,SUCCESS
B,beta,762,3700,SUCCESS
B,beta,763,3800,SUCCESS
B,beta,764,3800,SUCCESS
B,beta,765,3800,SUCCESS
B,beta,766,3700,SUCCESS
B,beta,767,3700,SUCCESS
B,beta,768,3700,SUCCESS
B,beta,769,3800,SUCCESS
B,beta,770,3700,SUCCESS
B,beta,771,3700,SUCCESS
B,beta,772,3700,SUCCESS
B,beta,773,3700,SUCCESS
B,beta,774,3800,SUCCESS
B,beta,775,3700,SUCCESS
B,beta,776,3800,SUCCESS
B,beta,777,3800,SUCCESS
B,beta,778,3800,SUCCESS
B,beta,779,3700,SUCCESS
B,beta,780,3700,SUCCESS
B,beta,781,3700,SUCCESS
B,beta,782,4500,SUCCESS
B,beta,783,3700,SUCCESS
B,beta,784,3800,SUCCESS
B,beta,785,3800,SUCCESS
B,beta,786,3800,SUCCESS
B,beta,787,3800,SUCCESS
B,beta,788,3800,SUCCESS
B,beta,789,3800,SUCCESS
B,beta,790,3800,SUCCESS
B,beta,791,3700,SUCCESS
B,beta,792,3700,SUCCESS
B,beta,793,3700,SUCCESS
B,beta,794,3700,SUCCESS
B,beta,795,3700,SUCCESS
B,beta,796,3800,SUCCESS
B,beta,797,3800,SUCCESS
B,beta,798,3700,SUCCESS
B,beta,799,3700,SUCCESS
B,beta,800,3700,SUCCESS
B,beta,801,3700,SUCCESS
B,beta,802,3700,SUCCESS
B,beta,803,3800,SUCCESS
B,beta,804,3700,SUCCESS
B,beta,805,3700,SUCCESS
B,beta,806,3700,SUCCESS
B,beta,807,3700,SUCCESS
B,beta,808,3700,SUCCESS
B,beta,809,3800,SUCCESS
B,beta,810,3800,SUCCESS
B,beta,811,3800,SUCCESS
B,beta,812,3800,SUCCESS
B,beta,813,3800,SUCCESS
B,beta,814,3800,SUCCESS
B,beta,815,3800,SUCCESS
B,beta,816,3800,SUCCESS
B,beta,817,3700,SUCCESS
B,beta,818,3800,SUCCESS
B,beta,819,3800,SUCCESS
B,beta,820,3800,SUCCESS
B,beta,821,3800,SUCCESS
B,beta,822,3700,SUCCESS
B,beta,823,3800,SUCCESS
B,beta,824,3800,SUCCESS
B,beta,825,3800,SUCCESS
B,beta,826,3800,SUCCESS
B,beta,827,3800,SUCCESS
B,beta,828,3800,SUCCESS
B,beta,829,3700,SUCCESS
B,beta,830,3700,SUCCESS
B,beta,831,3700,SUCCESS
B,beta,832,3700,SUCCESS
B,beta,833,3800,SUCCESS
B,beta,834,3800,SUCCESS
B,beta,835,3700,SUCCESS
B,beta,836,3700,SUCCESS
B,beta,837,3700,SUCCESS
B,beta,838,3700,SUCCESS
B,beta,839,3700,SUCCESS
B,beta,840,4000,SUCCESS
B,beta,841,4000,SUCCESS
B,beta,842,4000,SUCCESS
B,beta,843,4000,SUCCESS
B,beta,844,4000,SUCCESS
B,beta,845,4000,SUCCESS
B,beta,846,4000,SUCCESS
B,beta,847,4000,SUCCESS
B,beta,848,4000,SUCCESS
B,beta,849,4800,SUCCESS
B,beta,850,4000,SUCCESS
B,beta,851,4200,SUCCESS
B,beta,852,3800,SUCCESS
B,beta,853,4500,SUCCESS
B,beta,854,3800,SUCCESS
B,beta,855,4000,SUCCESS
B,beta,856,4000,SUCCESS
B,beta,857,4800,SUCCESS
B,beta,858,4000,SUCCESS
B,beta,859,4100,SUCCESS
B,beta,860,4000,SUCCESS
B,beta,861,4000,SUCCESS
B,beta,862,4000,SUCCESS
B,beta,863,4000,SUCCESS
B,beta,864,4800,SUCCESS
B,beta,865,4000,SUCCESS
B,beta,866,4100,SUCCESS
B,beta,867,4000,SUCCESS
B,beta,868,4000,SUCCESS
B,beta,869,4000,SUCCESS
B,beta,870,3800,SUCCESS
B,beta,871,3700,SUCCESS
B,beta,872,3700,SUCCESS
B,beta,873,3700,SUCCESS
B,beta,874,3700,SUCCESS
B,beta,875,3800,SUCCESS
B,beta,876,3800,SUCCESS
B,beta,877,3800,SUCCESS
B,beta,878,3800,SUCCESS
B,beta,879,3700,SUCCESS
B,beta,880,3800,SUCCESS
B,beta,881,3800,SUCCESS
B,beta,882,3800,SUCCESS
B,beta,883,3800,SUCCESS
B,beta,884,3800,SUCCESS
B,beta,885,3800,SUCCESS
B,beta,886,3800,SUCCESS
B,beta,887,3800,SUCCESS
B,beta,888,3700,SUCCESS
B,beta,889,3800,SUCCESS
B,beta,890,3800,SUCCESS
B,beta,891,3800,SUCCESS
B,beta,892,3800,SUCCESS
B,beta,893,3800,SUCCESS
B,beta,894,3800,SUCCESS
B,beta,895,3700,SUCCESS
B,beta,896,3700,SUCCESS
B,beta,897,4500,SUCCESS
B,beta,898,3800,SUCCESS
B,beta,899,3700,SUCCESS
B,beta,900,3700,SUCCESS
B,beta,901,3800,SUCCESS
B,beta,902,3800,SUCCESS
B,beta,903,3800,SUCCESS
B,beta,904,4200,SUCCESS
B,beta,905,3700,SUCCESS
B,beta,906,3800,SUCCESS
B,beta,907,3800,SUCCESS
B,beta,908,3700,SUCCESS
B,beta,909,3700,SUCCESS
B,beta,910,3800,SUCCESS
B,beta,911,3700,SUCCESS
B,beta,912,3700,SUCCESS
B,beta,913,3800,SUCCESS
B,beta,914,3700,SUCCESS
B,beta,915,3700,SUCCESS
B,beta,916,3800,SUCCESS
B,beta,917,3700,SUCCESS
B,beta,918,3800,SUCCESS
B,beta,919,4200,SUCCESS
B,beta,920,3700,SUCCESS
B,beta,921,3700,SUCCESS
B,beta,922,3700,SUCCESS
B,beta,923,3800,SUCCESS
B,beta,924,3800,SUCCESS
B,beta,925,3900,SUCCESS
B,beta,926,3800,SUCCESS
B,beta,927,4600,SUCCESS
B,beta,928,4100,SUCCESS
B,beta,929,3800,SUCCESS
B,beta,930,3800,SUCCESS
B,beta,931,3900,SUCCESS
B,beta,932,3800,SUCCESS
B,beta,933,3800,SUCCESS
B,beta,934,4100,SUCCESS
B,beta,935,3700,SUCCESS
B,beta,936,3800,SUCCESS
B,beta,937,3700,SUCCESS
B,beta,938,3700,SUCCESS
B,beta,939,3800,SUCCESS
B,beta,940,3900,SUCCESS
B,beta,941,3800,SUCCESS
B,beta,942,3800,SUCCESS
B,beta,943,3700,SUCCESS
B,beta,944,3800,SUCCESS
B,beta,945,3800,SUCCESS
B,beta,946,4200,SUCCESS
B,beta,947,3800,SUCCESS
B,beta,948,3800,SUCCESS
B,beta,949,3800,SUCCESS
B,beta,950,3700,SUCCESS
B,beta,951,3700,SUCCESS
B,beta,952,3700,SUCCESS
B,beta,953,3800,SUCCESS
B,beta,954,3700,SUCCESS
B,beta,955,3800,SUCCESS
B,beta,956,3700,SUCCESS
B,beta,957,3800,SUCCESS
B,beta,958,3800,SUCCESS
B,beta,959,3800,SUCCESS
B,beta,960,3800,SUCCESS
B,beta,961,3800,SUCCESS
B,beta,962,3700,SUCCESS
B,beta,963,3700,SUCCESS
B,beta,964,3900,SUCCESS
B,beta,965,3800,SUCCESS
B,beta,966,3700,SUCCESS
B,beta,967,3900,SUCCESS
B,beta,968,3800,SUCCESS
B,beta,969,3800,SUCCESS
B,beta,970,4300,SUCCESS
B,beta,971,3800,SUCCESS
B,beta,972,3800,SUCCESS
B,beta,973,4600,SUCCESS
B,beta,974,3800,SUCCESS
B,beta,975,3800,SUCCESS
B,beta,976,3800,SUCCESS
B,beta,977,3800,SUCCESS
B,beta,978,3800,SUCCESS
B,beta,979,3900,SUCCESS
B,beta,980,3900,SUCCESS
B,beta,981,3800,SUCCESS
B,beta,982,3900,SUCCESS
B,beta,983,4000,SUCCESS
B,beta,984,3800,SUCCESS
B,beta,985,4100,SUCCESS
B,beta,986,4100,SUCCESS
B,beta,987,3800,SUCCESS
B,beta,988,4000,SUCCESS
B,beta,989,3800,SUCCESS
B,beta,990,3800,SUCCESS
B,beta,991,3900,SUCCESS
B,beta,992,3700,SUCCESS
B,beta,993,3700,SUCCESS
B,beta,994,3900,SUCCESS
B,beta,995,3700,SUCCESS
B,beta,996,3800,SUCCESS
B,beta,997,4600,SUCCESS
B,beta,998,7500,SUCCESS
B,beta,999,4300,SUCCESS
B,gamma,0,4800,SUCCESS
B,gamma,1,5900,SUCCESS
B,gamma,2,4100,SUCCESS
B,gamma,3,4000,SUCCESS
B,gamma,4,4000,SUCCESS
B,gamma,5,4200,SUCCESS
B,gamma,6,4000,SUCCESS
B,gamma,7,3900,SUCCESS
B,gamma,8,4400,SUCCESS
B,gamma,9,4000,SUCCESS
B,gamma,10,4100,SUCCESS
B,gamma,11,4600,SUCCESS
B,gamma,12,4000,SUCCESS
B,gamma,13,4000,SUCCESS
B,gamma,14,6500,SUCCESS
B,gamma,15,4600,SUCCESS
B,gamma,16,4500,SUCCESS
B,gamma,17,5500,SUCCESS
B,gamma,18,5200,SUCCESS
B,gamma,19,5000,SUCCESS
B,gamma,20,4400,SUCCESS
B,gamma,21,4100,SUCCESS
B,gamma,22,4000,SUCCESS
B,gamma,23,3800,SUCCESS
B,gamma,24,3700,SUCCESS
B,gamma,25,3700,SUCCESS
B,gamma,26,4300,SUCCESS
B,gamma,27,3800,SUCCESS
B,gamma,28,3800,SUCCESS
B,gamma,29,4400,SUCCESS
B,gamma,30,3700,SUCCESS
B,gamma,31,3700,SUCCESS
B,gamma,32,4300,SUCCESS
B,gamma,33,3800,SUCCESS
B,gamma,34,3700,SUCCESS
B,gamma,35,3700,SUCCESS
B,gamma,36,3700,SUCCESS
B,gamma,37,3800,SUCCESS
B,gamma,38,4200,SUCCESS
B,gamma,39,3800,SUCCESS
B,gamma,40,3700,SUCCESS
B,gamma,41,3800,SUCCESS
B,gamma,42,3700,SUCCESS
B,gamma,43,3800,SUCCESS
B,gamma,44,3900,SUCCESS
B,gamma,45,3800,SUCCESS
B,gamma,46,3700,SUCCESS
B,gamma,47,3800,SUCCESS
B,gamma,48,3800,SUCCESS
B,gamma,49,3900,SUCCESS
B,gamma,50,3700,SUCCESS
B,gamma,51,3700,SUCCESS
B,gamma,52,3900,SUCCESS
B,gamma,53,3800,SUCCESS
B,gamma,54,3800,SUCCESS
B,gamma,55,3800,SUCCESS
B,gamma,56,3800,SUCCESS
B,gamma,57,3800,SUCCESS
B,gamma,58,3800,SUCCESS
B,gamma,59,3800,SUCCESS
B,gamma,60,3900,SUCCESS
B,gamma,61,3700,SUCCESS
B,gamma,62,3800,SUCCESS
B,gamma,63,3800,SUCCESS
B,gamma,64,3900,SUCCESS
B,gamma,65,3800,SUCCESS
B,gamma,66,3800,SUCCESS
B,gamma,67,3800,SUCCESS
B,gamma,68,3800,SUCCESS
B,gamma,69,3700,SUCCESS
B,gamma,70,4100,SUCCESS
B,gamma,71,3700,SUCCESS
B,gamma,72,3800,SUCCESS
B,gamma,73,3800,SUCCESS
B,gamma,74,3800,SUCCESS
B,gamma,75,3700,SUCCESS
B,gamma,76,3800,SUCCESS
B,gamma,77,3800,SUCCESS
B,gamma,78,3800,SUCCESS
B,gamma,79,3800,SUCCESS
B,gamma,80,3800,SUCCESS
B,gamma,81,3700,SUCCESS
B,gamma,82,3800,SUCCESS
B,gamma,83,3800,SUCCESS
B,gamma,84,3800,SUCCESS
B,gamma,85,3800,SUCCESS
B,gamma,86,3700,SUCCESS
B,gamma,87,3800,SUCCESS
B,gamma,88,3800,SUCCESS
B,gamma,89,3800,SUCCESS
B,gamma,90,3800,SUCCESS
B,gamma,91,3800,SUCCESS
B,gamma,92,3700,SUCCESS
B,gamma,93,3800,SUCCESS
B,gamma,94,3800,SUCCESS
B,gamma,95,3800,SUCCESS
B,gamma,96,3800,SUCCESS
B,gamma,97,4000,SUCCESS
B,gamma,98,4000,SUCCESS
B,gamma,99,4000,SUCCESS
B,gamma,100,3900,SUCCESS
B,gamma,101,4100,SUCCESS
B,gamma,102,4100,SUCCESS
B,gamma,103,4100,SUCCESS
B,gamma,104,4000,SUCCESS
B,gamma,105,4000,SUCCESS
B,gamma,106,4000,SUCCESS
B,gamma,107,4000,SUCCESS
B,gamma,108,4000,SUCCESS
B,gamma,109,4000,SUCCESS
B,gamma,110,4000,SUCCESS
B,gamma,111,4000,SUCCESS
B,gamma,112,4100,SUCCESS
B,gamma,113,4000,SUCCESS
B,gamma,114,3900,SUCCESS
B,gamma,115,4800,SUCCESS
B,gamma,116,4000,SUCCESS
B,gamma,117,3900,SUCCESS
B,gamma,118,4000,SUCCESS
B,gamma,119,4800,SUCCESS
B,gamma,120,4000,SUCCESS
B,gamma,121,4200,SUCCESS
B,gamma,122,4100,SUCCESS
B,gamma,123,4000,SUCCESS
B,gamma,124,4000,SUCCESS
B,gamma,125,3700,SUCCESS
B,gamma,126,3700,SUCCESS
B,gamma,127,3800,SUCCESS
B,gamma,128,3700,SUCCESS
B,gamma,129,3800,SUCCESS
B,gamma,130,3800,SUCCESS
B,gamma,131,3700,SUCCESS
B,gamma,132,3800,SUCCESS
B,gamma,133,3900,SUCCESS
B,gamma,134,3700,SUCCESS
B,gamma,135,3800,SUCCESS
B,gamma,136,3900,SUCCESS
B,gamma,137,3800,SUCCESS
B,gamma,138,3800,SUCCESS
B,gamma,139,4000,SUCCESS
B,gamma,140,3700,SUCCESS
B,gamma,141,4500,SUCCESS
B,gamma,142,3800,SUCCESS
B,gamma,143,4000,SUCCESS
B,gamma,144,4000,SUCCESS
B,gamma,145,4000,SUCCESS
B,gamma,146,4000,SUCCESS
B,gamma,147,4000,SUCCESS
B,gamma,148,4000,SUCCESS
B,gamma,149,4000,SUCCESS
B,gamma,150,4000,SUCCESS
B,gamma,151,4000,SUCCESS
B,gamma,152,4000,SUCCESS
B,gamma,153,4000,SUCCESS
B,gamma,154,4000,SUCCESS
B,gamma,155,4000,SUCCESS
B,gamma,156,4000,SUCCESS
B,gamma,157,4000,SUCCESS
B,gamma,158,4000,SUCCESS
B,gamma,159,4000,SUCCESS
B,gamma,160,4000,SUCCESS
B,gamma,161,4000,SUCCESS
B,gamma,162,4000,SUCCESS
B,gamma,163,4000,SUCCESS
B,gamma,164,4000,SUCCESS
B,gamma,165,4000,SUCCESS
B,gamma,166,3900,SUCCESS
B,gamma,167,3900,SUCCESS
B,gamma,168,4000,SUCCESS
B,gamma,169,4100,SUCCESS
B,gamma,170,3900,SUCCESS
B,gamma,171,4000,SUCCESS
B,gamma,172,4000,SUCCESS
B,gamma,173,4000,SUCCESS
B,gamma,174,4000,SUCCESS
B,gamma,175,4100,SUCCESS
B,gamma,176,4000,SUCCESS
B,gamma,177,4000,SUCCESS
B,gamma,178,4300,SUCCESS
B,gamma,179,4000,SUCCESS
B,gamma,180,4000,SUCCESS
B,gamma,181,4000,SUCCESS
B,gamma,182,4000,SUCCESS
B,gamma,183,4000,SUCCESS
B,gamma,184,4000,SUCCESS
B,gamma,185,4000,SUCCESS
B,gamma,186,3900,SUCCESS
B,gamma,187,12300,SUCCESS
B,gamma,188,4000,SUCCESS
B,gamma,189,4000,SUCCESS
B,gamma,190,4100,SUCCESS
B,gamma,191,4000,SUCCESS
B,gamma,192,4000,SUCCESS
B,gamma,193,4100,SUCCESS
B,gamma,194,4000,SUCCESS
B,gamma,195,4000,SUCCESS
B,gamma,196,4000,SUCCESS
B,gamma,197,4000,SUCCESS
B,gamma,198,4100,SUCCESS
B,gamma,199,5100,SUCCESS
B,gamma,200,4000,SUCCESS
B,gamma,201,4000,SUCCESS
B,gamma,202,4000,SUCCESS
B,gamma,203,4000,SUCCESS
B,gamma,204,4000,SUCCESS
B,gamma,205,4100,SUCCESS
B,gamma,206,4700,SUCCESS
B,gamma,207,4000,SUCCESS
B,gamma,208,4100,SUCCESS
B,gamma,209,4000,SUCCESS
B,gamma,210,4000,SUCCESS
B,gamma,211,4200,SUCCESS
B,gamma,212,4800,SUCCESS
B,gamma,213,4000,SUCCESS
B,gamma,214,4200,SUCCESS
B,gamma,215,4000,SUCCESS
B,gamma,216,4000,SUCCESS
B,gamma,217,4100,SUCCESS
B,gamma,218,4000,SUCCESS
B,gamma,219,4000,SUCCESS
B,gamma,220,4000,SUCCESS
B,gamma,221,4000,SUCCESS
B,gamma,222,4000,SUCCESS
B,gamma,223,4000,SUCCESS
B,gamma,224,4000,SUCCESS
B,gamma,225,4000,SUCCESS
B,gamma,226,4000,SUCCESS
B,gamma,227,4000,SUCCESS
B,gamma,228,4000,SUCCESS
B,gamma,229,4000,SUCCESS
B,gamma,230,4000,SUCCESS
B,gamma,231,4000,SUCCESS
B,gamma,232,4100,SUCCESS
B,gamma,233,4000,SUCCESS
B,gamma,234,3900,SUCCESS
B,gamma,235,4000,SUCCESS
B,gamma,236,4000,SUCCESS
B,gamma,237,4000,SUCCESS
B,gamma,238,4100,SUCCESS
B,gamma,239,4000,SUCCESS
B,gamma,240,4000,SUCCESS
B,gamma,241,4100,SUCCESS
B,gamma,242,4000,SUCCESS
B,gamma,243,4000,SUCCESS
B,gamma,244,3900,SUCCESS
B,gamma,245,4000,SUCCESS
B,gamma,246,4000,SUCCESS
B,gamma,247,4000,SUCCESS
B,gamma,248,4000,SUCCESS
B,gamma,249,4100,SUCCESS
B,gamma,250,4100,SUCCESS
B,gamma,251,4000,SUCCESS
B,gamma,252,4000,SUCCESS
B,gamma,253,4100,SUCCESS
B,gamma,254,3900,SUCCESS
B,gamma,255,4000,SUCCESS
B,gamma,256,4100,SUCCESS
B,gamma,257,3900,SUCCESS
B,gamma,258,4000,SUCCESS
B,gamma,259,4000,SUCCESS
B,gamma,260,4000,SUCCESS
B,gamma,261,4000,SUCCESS
B,gamma,262,4100,SUCCESS
B,gamma,263,4100,SUCCESS
B,gamma,264,4000,SUCCESS
B,gamma,265,4000,SUCCESS
B,gamma,266,4000,SUCCESS
B,gamma,267,4000,SUCCESS
B,gamma,268,4000,SUCCESS
B,gamma,269,4000,SUCCESS
B,gamma,270,4100,SUCCESS
B,gamma,271,4100,SUCCESS
B,gamma,272,4000,SUCCESS
B,gamma,273,4000,SUCCESS
B,gamma,274,4100,SUCCESS
B,gamma,275,4000,SUCCESS
B,gamma,276,4000,SUCCESS
B,gamma,277,4000,SUCCESS
B,gamma,278,4000,SUCCESS
B,gamma,279,4000,SUCCESS
B,gamma,280,4100,SUCCESS
B,gamma,281,4000,SUCCESS
B,gamma,282,4000,SUCCESS
B,gamma,283,4000,SUCCESS
B,gamma,284,4000,SUCCESS
B,gamma,285,4000,SUCCESS
B,gamma,286,4100,SUCCESS
B,gamma,287,4000,SUCCESS
B,gamma,288,4000,SUCCESS
B,gamma,289,3900,SUCCESS
B,gamma,290,4000,SUCCESS
B,gamma,291,4000,SUCCESS
B,gamma,292,4000,SUCCESS
B,gamma,293,4200,SUCCESS
B,gamma,294,4000,SUCCESS
B,gamma,295,4000,SUCCESS
B,gamma,296,4000,SUCCESS
B,gamma,297,4000,SUCCESS
B,gamma,298,4100,SUCCESS
B,gamma,299,4000,SUCCESS
B,gamma,300,4000,SUCCESS
B,gamma,301,4000,SUCCESS
B,gamma,302,4000,SUCCESS
B,gamma,303,4000,SUCCESS
B,gamma,304,4000,SUCCESS
B,gamma,305,4000,SUCCESS
B,gamma,306,4000,SUCCESS
B,gamma,307,4100,SUCCESS
B,gamma,308,4000,SUCCESS
B,gamma,309,4000,SUCCESS
B,gamma,310,4100,SUCCESS
B,gamma,311,4000,SUCCESS
B,gamma,312,4000,SUCCESS
B,gamma,313,4000,SUCCESS
B,gamma,314,4000,SUCCESS
B,gamma,315,4000,SUCCESS
B,gamma,316,4000,SUCCESS
B,gamma,317,4000,SUCCESS
B,gamma,318,4000,SUCCESS
B,gamma,319,4100,SUCCESS
B,gamma,320,4000,SUCCESS
B,gamma,321,4000,SUCCESS
B,gamma,322,4000,SUCCESS
B,gamma,323,4000,SUCCESS
B,gamma,324,4000,SUCCESS
B,gamma,325,4000,SUCCESS
B,gamma,326,4000,SUCCESS
B,gamma,327,4000,SUCCESS
B,gamma,328,4100,SUCCESS
B,gamma,329,4000,SUCCESS
B,gamma,330,4000,SUCCESS
B,gamma,331,4100,SUCCESS
B,gamma,332,4000,SUCCESS
B,gamma,333,3900,SUCCESS
B,gamma,334,4000,SUCCESS
B,gamma,335,3900,SUCCESS
B,gamma,336,4000,SUCCESS
B,gamma,337,4000,SUCCESS
B,gamma,338,4000,SUCCESS
B,gamma,339,4000,SUCCESS
B,gamma,340,4100,SUCCESS
B,gamma,341,4000,SUCCESS
B,gamma,342,4000,SUCCESS
B,gamma,343,4900,SUCCESS
B,gamma,344,4000,SUCCESS
B,gamma,345,4100,SUCCESS
B,gamma,346,4000,SUCCESS
B,gamma,347,4000,SUCCESS
B,gamma,348,4000,SUCCESS
B,gamma,349,4100,SUCCESS
B,gamma,350,4000,SUCCESS
B,gamma,351,4000,SUCCESS
B,gamma,352,4000,SUCCESS
B,gamma,353,4000,SUCCESS
B,gamma,354,4000,SUCCESS
B,gamma,355,4100,SUCCESS
B,gamma,356,3900,SUCCESS
B,gamma,357,4700,SUCCESS
B,gamma,358,4000,SUCCESS
B,gamma,359,4000,SUCCESS
B,gamma,360,4000,SUCCESS
B,gamma,361,4100,SUCCESS
B,gamma,362,4800,SUCCESS
B,gamma,363,4000,SUCCESS
B,gamma,364,4000,SUCCESS
B,gamma,365,4000,SUCCESS
B,gamma,366,4000,SUCCESS
B,gamma,367,4100,SUCCESS
B,gamma,368,4000,SUCCESS
B,gamma,369,4000,SUCCESS
B,gamma,370,4800,SUCCESS
B,gamma,371,3900,SUCCESS
B,gamma,372,4000,SUCCESS
B,gamma,373,4000,SUCCESS
B,gamma,374,4100,SUCCESS
B,gamma,375,4000,SUCCESS
B,gamma,376,4100,SUCCESS
B,gamma,377,4000,SUCCESS
B,gamma,378,4000,SUCCESS
B,gamma,379,4000,SUCCESS
B,gamma,380,4000,SUCCESS
B,gamma,381,3900,SUCCESS
B,gamma,382,4100,SUCCESS
B,gamma,383,4000,SUCCESS
B,gamma,384,9700,SUCCESS
B,gamma,385,4000,SUCCESS
B,gamma,386,4000,SUCCESS
B,gamma,387,4000,SUCCESS
B,gamma,388,4000,SUCCESS
B,gamma,389,4000,SUCCESS
B,gamma,390,4000,SUCCESS
B,gamma,391,4100,SUCCESS
B,gamma,392,3900,SUCCESS
B,gamma,393,4000,SUCCESS
B,gamma,394,4000,SUCCESS
B,gamma,395,4000,SUCCESS
B,gamma,396,4000,SUCCESS
B,gamma,397,3900,SUCCESS
B,gamma,398,4000,SUCCESS
B,gamma,399,4100,SUCCESS
B,gamma,400,4100,SUCCESS
B,gamma,401,4000,SUCCESS
B,gamma,402,4000,SUCCESS
B,gamma,403,4200,SUCCESS
B,gamma,404,4000,SUCCESS
B,gamma,405,4000,SUCCESS
B,gamma,406,4100,SUCCESS
B,gamma,407,4000,SUCCESS
B,gamma,408,4000,SUCCESS
B,gamma,409,4100,SUCCESS
B,gamma,410,4000,SUCCESS
B,gamma,411,4000,SUCCESS
B,gamma,412,4100,SUCCESS
B,gamma,413,4000,SUCCESS
B,gamma,414,4000,SUCCESS
B,gamma,415,5500,SUCCESS
B,gamma,416,4000,SUCCESS
B,gamma,417,4000,SUCCESS
B,gamma,418,4000,SUCCESS
B,gamma,419,4000,SUCCESS
B,gamma,420,3900,SUCCESS
B,gamma,421,4000,SUCCESS
B,gamma,422,4000,SUCCESS
B,gamma,423,4000,SUCCESS
B,gamma,424,4000,SUCCESS
B,gamma,425,3900,SUCCESS
B,gamma,426,4000,SUCCESS
B,gamma,427,4000,SUCCESS
B,gamma,428,4000,SUCCESS
B,gamma,429,4000,SUCCESS
B,gamma,430,4100,SUCCESS
B,gamma,431,4000,SUCCESS
B,gamma,432,4000,SUCCESS
B,gamma,433,4000,SUCCESS
B,gamma,434,4000,SUCCESS
B,gamma,435,4000,SUCCESS
B,gamma,436,4100,SUCCESS
B,gamma,437,4000,SUCCESS
B,gamma,438,4000,SUCCESS
B,gamma,439,4100,SUCCESS
B,gamma,440,4000,SUCCESS
B,gamma,441,4000,SUCCESS
B,gamma,442,4100,SUCCESS
B,gamma,443,4000,SUCCESS
B,gamma,444,4000,SUCCESS
B,gamma,445,4000,SUCCESS
B,gamma,446,4000,SUCCESS
B,gamma,447,4000,SUCCESS
B,gamma,448,4000,SUCCESS
B,gamma,449,4100,SUCCESS
B,gamma,450,4000,SUCCESS
B,gamma,451,4000,SUCCESS
B,gamma,452,4000,SUCCESS
B,gamma,453,4000,SUCCESS
B,gamma,454,4000,SUCCESS
B,gamma,455,4000,SUCCESS
B,gamma,456,4100,SUCCESS
B,gamma,457,4100,SUCCESS
B,gamma,458,4000,SUCCESS
B,gamma,459,4100,SUCCESS
B,gamma,460,4100,SUCCESS
B,gamma,461,4000,SUCCESS
B,gamma,462,4000,SUCCESS
B,gamma,463,4100,SUCCESS
B,gamma,464,4000,SUCCESS
B,gamma,465,4000,SUCCESS
B,gamma,466,4000,SUCCESS
B,gamma,467,4000,SUCCESS
B,gamma,468,4000,SUCCESS
B,gamma,469,3900,SUCCESS
B,gamma,470,4000,SUCCESS
B,gamma,471,4000,SUCCESS
B,gamma,472,4100,SUCCESS
B,gamma,473,3900,SUCCESS
B,gamma,474,4000,SUCCESS
B,gamma,475,4300,SUCCESS
B,gamma,476,3900,SUCCESS
B,gamma,477,4000,SUCCESS
B,gamma,478,4100,SUCCESS
B,gamma,479,4000,SUCCESS
B,gamma,480,4000,SUCCESS
B,gamma,481,4000,SUCCESS
B,gamma,482,4000,SUCCESS
B,gamma,483,4000,SUCCESS
B,gamma,484,4100,SUCCESS
B,gamma,485,4000,SUCCESS
B,gamma,486,4000,SUCCESS
B,gamma,487,4100,SUCCESS
B,gamma,488,4000,SUCCESS
B,gamma,489,4000,SUCCESS
B,gamma,490,4000,SUCCESS
B,gamma,491,4400,SUCCESS
B,gamma,492,4300,SUCCESS
B,gamma,493,4100,SUCCESS
B,gamma,494,4000,SUCCESS
B,gamma,495,4000,SUCCESS
B,gamma,496,4000,SUCCESS
B,gamma,497,4000,SUCCESS
B,gamma,498,4000,SUCCESS
B,gamma,499,4600,SUCCESS
B,gamma,500,4200,SUCCESS
B,gamma,501,4300,SUCCESS
B,gamma,502,4000,SUCCESS
B,gamma,503,4000,SUCCESS
B,gamma,504,4000,SUCCESS
B,gamma,505,4500,SUCCESS
B,gamma,506,4100,SUCCESS
B,gamma,507,4200,SUCCESS
B,gamma,508,4000,SUCCESS
B,gamma,509,3900,SUCCESS
B,gamma,510,4100,SUCCESS
B,gamma,511,4500,SUCCESS
B,gamma,512,4000,SUCCESS
B,gamma,513,4000,SUCCESS
B,gamma,514,4000,SUCCESS
B,gamma,515,4000,SUCCESS
B,gamma,516,4000,SUCCESS
B,gamma,517,4400,SUCCESS
B,gamma,518,4000,SUCCESS
B,gamma,519,4000,SUCCESS
B,gamma,520,4000,SUCCESS
B,gamma,521,4100,SUCCESS
B,gamma,522,4000,SUCCESS
B,gamma,523,4000,SUCCESS
B,gamma,524,4000,SUCCESS
B,gamma,525,4000,SUCCESS
B,gamma,526,4000,SUCCESS
B,gamma,527,4000,SUCCESS
B,gamma,528,4000,SUCCESS
B,gamma,529,4000,SUCCESS
B,gamma,530,4000,SUCCESS
B,gamma,531,4000,SUCCESS
B,gamma,532,4000,SUCCESS
B,gamma,533,4000,SUCCESS
B,gamma,534,4000,SUCCESS
B,gamma,535,4100,SUCCESS
B,gamma,536,4000,SUCCESS
B,gamma,537,4000,SUCCESS
B,gamma,538,4000,SUCCESS
B,gamma,539,4000,SUCCESS
B,gamma,540,4000,SUCCESS
B,gamma,541,4100,SUCCESS
B,gamma,542,4100,SUCCESS
B,gamma,543,4000,SUCCESS
B,gamma,544,4100,SUCCESS
B,gamma,545,4000,SUCCESS
B,gamma,546,20900,SUCCESS
B,gamma,547,4000,SUCCESS
B,gamma,548,4000,SUCCESS
B,gamma,549,9500,SUCCESS
B,gamma,550,4100,SUCCESS
B,gamma,551,4000,SUCCESS
B,gamma,552,4000,SUCCESS
B,gamma,553,4200,SUCCESS
B,gamma,554,4000,SUCCESS
B,gamma,555,4000,SUCCESS
B,gamma,556,4000,SUCCESS
B,gamma,557,4000,SUCCESS
B,gamma,558,4100,SUCCESS
B,gamma,559,4100,SUCCESS
B,gamma,560,4100,SUCCESS
B,gamma,561,4000,SUCCESS
B,gamma,562,4400,SUCCESS
B,gamma,563,23200,SUCCESS
B,gamma,564,9400,SUCCESS
B,gamma,565,4000,SUCCESS
B,gamma,566,4000,SUCCESS
B,gamma,567,4000,SUCCESS
B,gamma,568,4600,SUCCESS
B,gamma,569,4000,SUCCESS
B,gamma,570,4000,SUCCESS
B,gamma,571,4000,SUCCESS
B,gamma,572,4000,SUCCESS
B,gamma,573,4000,SUCCESS
B,gamma,574,5100,SUCCESS
B,gamma,575,4000,SUCCESS
B,gamma,576,4000,SUCCESS
B,gamma,577,4000,SUCCESS
B,gamma,578,4000,SUCCESS
B,gamma,579,4000,SUCCESS
B,gamma,580,4100,SUCCESS
B,gamma,581,4000,SUCCESS
B,gamma,582,3900,SUCCESS
B,gamma,583,5000,SUCCESS
B,gamma,584,4000,SUCCESS
B,gamma,585,4800,SUCCESS
B,gamma,586,4000,SUCCESS
B,gamma,587,4000,SUCCESS
B,gamma,588,4000,SUCCESS
B,gamma,589,4100,SUCCESS
B,gamma,590,4000,SUCCESS
B,gamma,591,4000,SUCCESS
B,gamma,592,4100,SUCCESS
B,gamma,593,4000,SUCCESS
B,gamma,594,4100,SUCCESS
B,gamma,595,4000,SUCCESS
B,gamma,596,4000,SUCCESS
B,gamma,597,4000,SUCCESS
B,gamma,598,4000,SUCCESS
B,gamma,599,4000,SUCCESS
B,gamma,600,4000,SUCCESS
B,gamma,601,4200,SUCCESS
B,gamma,602,4200,SUCCESS
B,gamma,603,4200,SUCCESS
B,gamma,604,4000,SUCCESS
B,gamma,605,4000,SUCCESS
B,gamma,606,4000,SUCCESS
B,gamma,607,4200,SUCCESS
B,gamma,608,4000,SUCCESS
B,gamma,609,4100,SUCCESS
B,gamma,610,4000,SUCCESS
B,gamma,611,4000,SUCCESS
B,gamma,612,4000,SUCCESS
B,gamma,613,4300,SUCCESS
B,gamma,614,4000,SUCCESS
B,gamma,615,4000,SUCCESS
B,gamma,616,4000,SUCCESS
B,gamma,617,4000,SUCCESS
B,gamma,618,4000,SUCCESS
B,gamma,619,4100,SUCCESS
B,gamma,620,4000,SUCCESS
B,gamma,621,4000,SUCCESS
B,gamma,622,4100,SUCCESS
B,gamma,623,4000,SUCCESS
B,gamma,624,4000,SUCCESS
B,gamma,625,4000,SUCCESS
B,gamma,626,4000,SUCCESS
B,gamma,627,4000,SUCCESS
B,gamma,628,4100,SUCCESS
B,gamma,629,4100,SUCCESS
B,gamma,630,4000,SUCCESS
B,gamma,631,4100,SUCCESS
B,gamma,632,4100,SUCCESS
B,gamma,633,4000,SUCCESS
B,gamma,634,4100,SUCCESS
B,gamma,635,4000,SUCCESS
B,gamma,636,4100,SUCCESS
B,gamma,637,4000,SUCCESS
B,gamma,638,4000,SUCCESS
B,gamma,639,4000,SUCCESS
B,gamma,640,4000,SUCCESS
B,gamma,641,4000,SUCCESS
B,gamma,642,4000,SUCCESS
B,gamma,643,3900,SUCCESS
B,gamma,644,4000,SUCCESS
B,gamma,645,4000,SUCCESS
B,gamma,646,4900,SUCCESS
B,gamma,647,4500,SUCCESS
B,gamma,648,4600,SUCCESS
B,gamma,649,4100,SUCCESS
B,gamma,650,4000,SUCCESS
B,gamma,651,4000,SUCCESS
B,gamma,652,4500,SUCCESS
B,gamma,653,4300,SUCCESS
B,gamma,654,4100,SUCCESS
B,gamma,655,4100,SUCCESS
B,gamma,656,4000,SUCCESS
B,gamma,657,4100,SUCCESS
B,gamma,658,4700,SUCCESS
B,gamma,659,4100,SUCCESS
B,gamma,660,4000,SUCCESS
B,gamma,661,4000,SUCCESS
B,gamma,662,4000,SUCCESS
B,gamma,663,4000,SUCCESS
B,gamma,664,4700,SUCCESS
B,gamma,665,4100,SUCCESS
B,gamma,666,4000,SUCCESS
B,gamma,667,4100,SUCCESS
B,gamma,668,4000,SUCCESS
B,gamma,669,4000,SUCCESS
B,gamma,670,4000,SUCCESS
B,gamma,671,4000,SUCCESS
B,gamma,672,4000,SUCCESS
B,gamma,673,4100,SUCCESS
B,gamma,674,3900,SUCCESS
B,gamma,675,4000,SUCCESS
B,gamma,676,4100,SUCCESS
B,gamma,677,4000,SUCCESS
B,gamma,678,4000,SUCCESS
B,gamma,679,4100,SUCCESS
B,gamma,680,4000,SUCCESS
B,gamma,681,4000,SUCCESS
B,gamma,682,4300,SUCCESS
B,gamma,683,4000,SUCCESS
B,gamma,684,4000,SUCCESS
B,gamma,685,4100,SUCCESS
B,gamma,686,4000,SUCCESS
B,gamma,687,4000,SUCCESS
B,gamma,688,4100,SUCCESS
B,gamma,689,4100,SUCCESS
B,gamma,690,4100,SUCCESS
B,gamma,691,4300,SUCCESS
B,gamma,692,3900,SUCCESS
B,gamma,693,3900,SUCCESS
B,gamma,694,4000,SUCCESS
B,gamma,695,4000,SUCCESS
B,gamma,696,4000,SUCCESS
B,gamma,697,4600,SUCCESS
B,gamma,698,4300,SUCCESS
B,gamma,699,4400,SUCCESS
B,gamma,700,4100,SUCCESS
B,gamma,701,4000,SUCCESS
B,gamma,702,4000,SUCCESS
B,gamma,703,4200,SUCCESS
B,gamma,704,4000,SUCCESS
B,gamma,705,4000,SUCCESS
B,gamma,706,4200,SUCCESS
B,gamma,707,4000,SUCCESS
B,gamma,708,3900,SUCCESS
B,gamma,709,5000,SUCCESS
B,gamma,710,4000,SUCCESS
B,gamma,711,4100,SUCCESS
B,gamma,712,4000,SUCCESS
B,gamma,713,4000,SUCCESS
B,gamma,714,4000,SUCCESS
B,gamma,715,4700,SUCCESS
B,gamma,716,4000,SUCCESS
B,gamma,717,4000,SUCCESS
B,gamma,718,4100,SUCCESS
B,gamma,719,4000,SUCCESS
B,gamma,720,4000,SUCCESS
B,gamma,721,4000,SUCCESS
B,gamma,722,4000,SUCCESS
B,gamma,723,4000,SUCCESS
B,gamma,724,3900,SUCCESS
B,gamma,725,4000,SUCCESS
B,gamma,726,4000,SUCCESS
B,gamma,727,4000,SUCCESS
B,gamma,728,4000,SUCCESS
B,gamma,729,4000,SUCCESS
B,gamma,730,4200,SUCCESS
B,gamma,731,4000,SUCCESS
B,gamma,732,4000,SUCCESS
B,gamma,733,4200,SUCCESS
B,gamma,734,4000,SUCCESS
B,gamma,735,4000,SUCCESS
B,gamma,736,4000,SUCCESS
B,gamma,737,4000,SUCCESS
B,gamma,738,4000,SUCCESS
B,gamma,739,4100,SUCCESS
B,gamma,740,4100,SUCCESS
B,gamma,741,4000,SUCCESS
B,gamma,742,4100,SUCCESS
B,gamma,743,4000,SUCCESS
B,gamma,744,4000,SUCCESS
B,gamma,745,4100,SUCCESS
B,gamma,746,4000,SUCCESS
B,gamma,747,4000,SUCCESS
B,gamma,748,4900,SUCCESS
B,gamma,749,4200,SUCCESS
B,gamma,750,4300,SUCCESS
B,gamma,751,4000,SUCCESS
B,gamma,752,4000,SUCCESS
B,gamma,753,4000,SUCCESS
B,gamma,754,5100,SUCCESS
B,gamma,755,4500,SUCCESS
B,gamma,756,4400,SUCCESS
B,gamma,757,4000,SUCCESS
B,gamma,758,4000,SUCCESS
B,gamma,759,5000,SUCCESS
B,gamma,760,4800,SUCCESS
B,gamma,761,4100,SUCCESS
B,gamma,762,4100,SUCCESS
B,gamma,763,4100,SUCCESS
B,gamma,764,4000,SUCCESS
B,gamma,765,4000,SUCCESS
B,gamma,766,4100,SUCCESS
B,gamma,767,4000,SUCCESS
B,gamma,768,4000,SUCCESS
B,gamma,769,4100,SUCCESS
B,gamma,770,4000,SUCCESS
B,gamma,771,4000,SUCCESS
B,gamma,772,4000,SUCCESS
B,gamma,773,4000,SUCCESS
B,gamma,774,4000,SUCCESS
B,gamma,775,4000,SUCCESS
B,gamma,776,4000,SUCCESS
B,gamma,777,4100,SUCCESS
B,gamma,778,4100,SUCCESS
B,gamma,779,4000,SUCCESS
B,gamma,780,4000,SUCCESS
B,gamma,781,4100,SUCCESS
B,gamma,782,4000,SUCCESS
B,gamma,783,4000,SUCCESS
B,gamma,784,3900,SUCCESS
B,gamma,785,4000,SUCCESS
B,gamma,786,4000,SUCCESS
B,gamma,787,4100,SUCCESS
B,gamma,788,4000,SUCCESS
B,gamma,789,4000,SUCCESS
B,gamma,790,4000,SUCCESS
B,gamma,791,4000,SUCCESS
B,gamma,792,4000,SUCCESS
B,gamma,793,4200,SUCCESS
B,gamma,794,4200,SUCCESS
B,gamma,795,4300,SUCCESS
B,gamma,796,4100,SUCCESS
B,gamma,797,4000,SUCCESS
B,gamma,798,4000,SUCCESS
B,gamma,799,4900,SUCCESS
B,gamma,800,4700,SUCCESS
B,gamma,801,4300,SUCCESS
B,gamma,802,4100,SUCCESS
B,gamma,803,4000,SUCCESS
B,gamma,804,4000,SUCCESS
B,gamma,805,4800,SUCCESS
B,gamma,806,4200,SUCCESS
B,gamma,807,4100,SUCCESS
B,gamma,808,4000,SUCCESS
B,gamma,809,4000,SUCCESS
B,gamma,810,4000,SUCCESS
B,gamma,811,4500,SUCCESS
B,gamma,812,4000,SUCCESS
B,gamma,813,4100,SUCCESS
B,gamma,814,4000,SUCCESS
B,gamma,815,4000,SUCCESS
B,gamma,816,4000,SUCCESS
B,gamma,817,4200,SUCCESS
B,gamma,818,4000,SUCCESS
B,gamma,819,4000,SUCCESS
B,gamma,820,4000,SUCCESS
B,gamma,821,3900,SUCCESS
B,gamma,822,4000,SUCCESS
B,gamma,823,4000,SUCCESS
B,gamma,824,4000,SUCCESS
B,gamma,825,4000,SUCCESS
B,gamma,826,4000,SUCCESS
B,gamma,827,4000,SUCCESS
B,gamma,828,4000,SUCCESS
B,gamma,829,4000,SUCCESS
B,gamma,830,4000,SUCCESS
B,gamma,831,4000,SUCCESS
B,gamma,832,4000,SUCCESS
B,gamma,833,4000,SUCCESS
B,gamma,834,4000,SUCCESS
B,gamma,835,3900,SUCCESS
B,gamma,836,4000,SUCCESS
B,gamma,837,4100,SUCCESS
B,gamma,838,4000,SUCCESS
B,gamma,839,4000,SUCCESS
B,gamma,840,4000,SUCCESS
B,gamma,841,4000,SUCCESS
B,gamma,842,4000,SUCCESS
B,gamma,843,4000,SUCCESS
B,gamma,844,4400,SUCCESS
B,gamma,845,4200,SUCCESS
B,gamma,846,4100,SUCCESS
B,gamma,847,4000,SUCCESS
B,gamma,848,4700,SUCCESS
B,gamma,849,4000,SUCCESS
B,gamma,850,4500,SUCCESS
B,gamma,851,4300,SUCCESS
B,gamma,852,4100,SUCCESS
B,gamma,853,4000,SUCCESS
B,gamma,854,4000,SUCCESS
B,gamma,855,4000,SUCCESS
B,gamma,856,4000,SUCCESS
B,gamma,857,4000,SUCCESS
B,gamma,858,4000,SUCCESS
B,gamma,859,4000,SUCCESS
B,gamma,860,4800,SUCCESS
B,gamma,861,4000,SUCCESS
B,gamma,862,4100,SUCCESS
B,gamma,863,4000,SUCCESS
B,gamma,864,4000,SUCCESS
B,gamma,865,4000,SUCCESS
B,gamma,866,4000,SUCCESS
B,gamma,867,4000,SUCCESS
B,gamma,868,4100,SUCCESS
B,gamma,869,3900,SUCCESS
B,gamma,870,4000,SUCCESS
B,gamma,871,4100,SUCCESS
B,gamma,872,4000,SUCCESS
B,gamma,873,4000,SUCCESS
B,gamma,874,4100,SUCCESS
B,gamma,875,4000,SUCCESS
B,gamma,876,4000,SUCCESS
B,gamma,877,4100,SUCCESS
B,gamma,878,4000,SUCCESS
B,gamma,879,4000,SUCCESS
B,gamma,880,4100,SUCCESS
B,gamma,881,4000,SUCCESS
B,gamma,882,4000,SUCCESS
B,gamma,883,4000,SUCCESS
B,gamma,884,4000,SUCCESS
B,gamma,885,3900,SUCCESS
B,gamma,886,4900,SUCCESS
B,gamma,887,4000,SUCCESS
B,gamma,888,4000,SUCCESS
B,gamma,889,4000,SUCCESS
B,gamma,890,4000,SUCCESS
B,gamma,891,4000,SUCCESS
B,gamma,892,4000,SUCCESS
B,gamma,893,4000,SUCCESS
B,gamma,894,4000,SUCCESS
B,gamma,895,4200,SUCCESS
B,gamma,896,4000,SUCCESS
B,gamma,897,4100,SUCCESS
B,gamma,898,4000,SUCCESS
B,gamma,899,4000,SUCCESS
B,gamma,900,4000,SUCCESS
B,gamma,901,4300,SUCCESS
B,gamma,902,4000,SUCCESS
B,gamma,903,4000,SUCCESS
B,gamma,904,4200,SUCCESS
B,gamma,905,4000,SUCCESS
B,gamma,906,4000,SUCCESS
B,gamma,907,4200,SUCCESS
B,gamma,908,4000,SUCCESS
B,gamma,909,4000,SUCCESS
B,gamma,910,4000,SUCCESS
B,gamma,911,4000,SUCCESS
B,gamma,912,4000,SUCCESS
B,gamma,913,4000,SUCCESS
B,gamma,914,4000,SUCCESS
B,gamma,915,4000,SUCCESS
B,gamma,916,4100,SUCCESS
B,gamma,917,4000,SUCCESS
B,gamma,918,4000,SUCCESS
B,gamma,919,4100,SUCCESS
B,gamma,920,4000,SUCCESS
B,gamma,921,4000,SUCCESS
B,gamma,922,3900,SUCCESS
B,gamma,923,4000,SUCCESS
B,gamma,924,4000,SUCCESS
B,gamma,925,4000,SUCCESS
B,gamma,926,4000,SUCCESS
B,gamma,927,4000,SUCCESS
B,gamma,928,4000,SUCCESS
B,gamma,929,4000,SUCCESS
B,gamma,930,4000,SUCCESS
B,gamma,931,4000,SUCCESS
B,gamma,932,4000,SUCCESS
B,gamma,933,4000,SUCCESS
B,gamma,934,4100,SUCCESS
B,gamma,935,4000,SUCCESS
B,gamma,936,4000,SUCCESS
B,gamma,937,4100,SUCCESS
B,gamma,938,4000,SUCCESS
B,gamma,939,4000,SUCCESS
B,gamma,940,4200,SUCCESS
B,gamma,941,4100,SUCCESS
B,gamma,942,4000,SUCCESS
B,gamma,943,4000,SUCCESS
B,gamma,944,4000,SUCCESS
B,gamma,945,4000,SUCCESS
B,gamma,946,4100,SUCCESS
B,gamma,947,4100,SUCCESS
B,gamma,948,4000,SUCCESS
B,gamma,949,4000,SUCCESS
B,gamma,950,4000,SUCCESS
B,gamma,951,4000,SUCCESS
B,gamma,952,4200,SUCCESS
B,gamma,953,4000,SUCCESS
B,gamma,954,4000,SUCCESS
B,gamma,955,4100,SUCCESS
B,gamma,956,4000,SUCCESS
B,gamma,957,4000,SUCCESS
B,gamma,958,4000,SUCCESS
B,gamma,959,4000,SUCCESS
B,gamma,960,4000,SUCCESS
B,gamma,961,4100,SUCCESS
B,gamma,962,4000,SUCCESS
B,gamma,963,4000,SUCCESS
B,gamma,964,5000,SUCCESS
B,gamma,965,4000,SUCCESS
B,gamma,966,4100,SUCCESS
B,gamma,967,4000,SUCCESS
B,gamma,968,4000,SUCCESS
B,gamma,969,4000,SUCCESS
B,gamma,970,4000,SUCCESS
B,gamma,971,3900,SUCCESS
B,gamma,972,4000,SUCCESS
B,gamma,973,4200,SUCCESS
B,gamma,974,4100,SUCCESS
B,gamma,975,4100,SUCCESS
B,gamma,976,4200,SUCCESS
B,gamma,977,4100,SUCCESS
B,gamma,978,4100,SUCCESS
B,gamma,979,4100,SUCCESS
B,gamma,980,4100,SUCCESS
B,gamma,981,4000,SUCCESS
B,gamma,982,5000,SUCCESS
B,gamma,983,4100,SUCCESS
B,gamma,984,4100,SUCCESS
B,gamma,985,4000,SUCCESS
B,gamma,986,4100,SUCCESS
B,gamma,987,4100,SUCCESS
B,gamma,988,4100,SUCCESS
B,gamma,989,4100,SUCCESS
B,gamma,990,4100,SUCCESS
B,gamma,991,4900,SUCCESS
B,gamma,992,4600,SUCCESS
B,gamma,993,4300,SUCCESS
B,gamma,994,8600,SUCCESS
B,gamma,995,4200,SUCCESS
B,gamma,996,4300,SUCCESS
B,gamma,997,4100,SUCCESS
B,gamma,998,4100,SUCCESS
B,gamma,999,4000,SUCCESS
B,delta,0,5100,SUCCESS
B,delta,1,4300,SUCCESS
B,delta,2,4900,SUCCESS
B,delta,3,4300,SUCCESS
B,delta,4,4300,SUCCESS
B,delta,5,4000,SUCCESS
B,delta,6,4100,SUCCESS
B,delta,7,4100,SUCCESS
B,delta,8,4000,SUCCESS
B,delta,9,4000,SUCCESS
B,delta,10,4100,SUCCESS
B,delta,11,4500,SUCCESS
B,delta,12,4400,SUCCESS
B,delta,13,4400,SUCCESS
B,delta,14,4400,SUCCESS
B,delta,15,4400,SUCCESS
B,delta,16,4300,SUCCESS
B,delta,17,4300,SUCCESS
B,delta,18,4200,SUCCESS
B,delta,19,4200,SUCCESS
B,delta,20,5200,SUCCESS
B,delta,21,4200,SUCCESS
B,delta,22,4200,SUCCESS
B,delta,23,4300,SUCCESS
B,delta,24,4200,SUCCESS
B,delta,25,4200,SUCCESS
B,delta,26,4300,SUCCESS
B,delta,27,4200,SUCCESS
B,delta,28,10200,SUCCESS
B,delta,29,4400,SUCCESS
B,delta,30,4400,SUCCESS
B,delta,31,4300,SUCCESS
B,delta,32,5300,SUCCESS
B,delta,33,4400,SUCCESS
B,delta,34,4400,SUCCESS
B,delta,35,4400,SUCCESS
B,delta,36,4300,SUCCESS
B,delta,37,4300,SUCCESS
B,delta,38,4500,SUCCESS
B,delta,39,4400,SUCCESS
B,delta,40,4400,SUCCESS
B,delta,41,4400,SUCCESS
B,delta,42,4300,SUCCESS
B,delta,43,4300,SUCCESS
B,delta,44,4400,SUCCESS
B,delta,45,4300,SUCCESS
B,delta,46,4300,SUCCESS
B,delta,47,4400,SUCCESS
B,delta,48,4300,SUCCESS
B,delta,49,4300,SUCCESS
B,delta,50,7200,SUCCESS
B,delta,51,4600,SUCCESS
B,delta,52,4500,SUCCESS
B,delta,53,7300,SUCCESS
B,delta,54,4400,SUCCESS
B,delta,55,4400,SUCCESS
B,delta,56,4400,SUCCESS
B,delta,57,4500,SUCCESS
B,delta,58,4400,SUCCESS
B,delta,59,4500,SUCCESS
B,delta,60,4400,SUCCESS
B,delta,61,4500,SUCCESS
B,delta,62,4600,SUCCESS
B,delta,63,4600,SUCCESS
B,delta,64,4600,SUCCESS
B,delta,65,4500,SUCCESS
B,delta,66,4400,SUCCESS
B,delta,67,4500,SUCCESS
B,delta,68,4500,SUCCESS
B,delta,69,4500,SUCCESS
B,delta,70,4400,SUCCESS
B,delta,71,5900,SUCCESS
B,delta,72,4500,SUCCESS
B,delta,73,4500,SUCCESS
B,delta,74,4500,SUCCESS
B,delta,75,4400,SUCCESS
B,delta,76,4400,SUCCESS
B,delta,77,4500,SUCCESS
B,delta,78,4400,SUCCESS
B,delta,79,4400,SUCCESS
B,delta,80,6400,SUCCESS
B,delta,81,4600,SUCCESS
B,delta,82,4500,SUCCESS
B,delta,83,4600,SUCCESS
B,delta,84,4400,SUCCESS
B,delta,85,4400,SUCCESS
B,delta,86,4800,SUCCESS
B,delta,87,4800,SUCCESS
B,delta,88,4700,SUCCESS
B,delta,89,4700,SUCCESS
B,delta,90,4600,SUCCESS
B,delta,91,4700,SUCCESS
B,delta,92,6100,SUCCESS
B,delta,93,4500,SUCCESS
B,delta,94,4500,SUCCESS
B,delta,95,6400,SUCCESS
B,delta,96,4700,SUCCESS
B,delta,97,4600,SUCCESS
B,delta,98,5600,SUCCESS
B,delta,99,4600,SUCCESS
B,delta,100,4500,SUCCESS
B,delta,101,4900,SUCCESS
B,delta,102,4800,SUCCESS
B,delta,103,4800,SUCCESS
B,delta,104,5100,SUCCESS
B,delta,105,4800,SUCCESS
B,delta,106,4800,SUCCESS
B,delta,107,4700,SUCCESS
B,delta,108,4500,SUCCESS
B,delta,109,4500,SUCCESS
B,delta,110,4600,SUCCESS
B,delta,111,4600,SUCCESS
B,delta,112,4600,SUCCESS
B,delta,113,4900,SUCCESS
B,delta,114,4800,SUCCESS
B,delta,115,4700,SUCCESS
B,delta,116,4600,SUCCESS
B,delta,117,4500,SUCCESS
B,delta,118,4500,SUCCESS
B,delta,119,4600,SUCCESS
B,delta,120,4600,SUCCESS
B,delta,121,4600,SUCCESS
B,delta,122,6400,SUCCESS
B,delta,123,4600,SUCCESS
B,delta,124,4600,SUCCESS
B,delta,125,4600,SUCCESS
B,delta,126,4600,SUCCESS
B,delta,127,4500,SUCCESS
B,delta,128,4600,SUCCESS
B,delta,129,4600,SUCCESS
B,delta,130,4500,SUCCESS
B,delta,131,4500,SUCCESS
B,delta,132,4600,SUCCESS
B,delta,133,4500,SUCCESS
B,delta,134,4600,SUCCESS
B,delta,135,4600,SUCCESS
B,delta,136,4600,SUCCESS
B,delta,137,4500,SUCCESS
B,delta,138,4500,SUCCESS
B,delta,139,4500,SUCCESS
B,delta,140,5500,SUCCESS
B,delta,141,4500,SUCCESS
B,delta,142,4500,SUCCESS
B,delta,143,4600,SUCCESS
B,delta,144,4600,SUCCESS
B,delta,145,4500,SUCCESS
B,delta,146,4600,SUCCESS
B,delta,147,4600,SUCCESS
B,delta,148,4500,SUCCESS
B,delta,149,4600,SUCCESS
B,delta,150,4500,SUCCESS
B,delta,151,4600,SUCCESS
B,delta,152,4500,SUCCESS
B,delta,153,4600,SUCCESS
B,delta,154,4600,SUCCESS
B,delta,155,4600,SUCCESS
B,delta,156,4500,SUCCESS
B,delta,157,4500,SUCCESS
B,delta,158,3900,SUCCESS
B,delta,159,4000,SUCCESS
B,delta,160,4000,SUCCESS
B,delta,161,3900,SUCCESS
B,delta,162,3900,SUCCESS
B,delta,163,4000,SUCCESS
B,delta,164,3900,SUCCESS
B,delta,165,3900,SUCCESS
B,delta,166,4000,SUCCESS
B,delta,167,4000,SUCCESS
B,delta,168,3900,SUCCESS
B,delta,169,4000,SUCCESS
B,delta,170,4000,SUCCESS
B,delta,171,4800,SUCCESS
B,delta,172,4000,SUCCESS
B,delta,173,4000,SUCCESS
B,delta,174,3900,SUCCESS
B,delta,175,4000,SUCCESS
B,delta,176,3700,SUCCESS
B,delta,177,3700,SUCCESS
B,delta,178,3700,SUCCESS
B,delta,179,3800,SUCCESS
B,delta,180,3700,SUCCESS
B,delta,181,3700,SUCCESS
B,delta,182,3800,SUCCESS
B,delta,183,3700,SUCCESS
B,delta,184,3700,SUCCESS
B,delta,185,3700,SUCCESS
B,delta,186,3700,SUCCESS
B,delta,187,3700,SUCCESS
B,delta,188,3800,SUCCESS
B,delta,189,3700,SUCCESS
B,delta,190,3700,SUCCESS
B,delta,191,3800,SUCCESS
B,delta,192,3700,SUCCESS
B,delta,193,3700,SUCCESS
B,delta,194,3700,SUCCESS
B,delta,195,3700,SUCCESS
B,delta,196,3700,SUCCESS
B,delta,197,3700,SUCCESS
B,delta,198,3700,SUCCESS
B,delta,199,3800,SUCCESS
B,delta,200,3800,SUCCESS
B,delta,201,3700,SUCCESS
B,delta,202,3800,SUCCESS
B,delta,203,3800,SUCCESS
B,delta,204,3700,SUCCESS
B,delta,205,3700,SUCCESS
B,delta,206,3700,SUCCESS
B,delta,207,3800,SUCCESS
B,delta,208,3700,SUCCESS
B,delta,209,3800,SUCCESS
B,delta,210,3700,SUCCESS
B,delta,211,3700,SUCCESS
B,delta,212,3800,SUCCESS
B,delta,213,3800,SUCCESS
B,delta,214,3800,SUCCESS
B,delta,215,3700,SUCCESS
B,delta,216,3700,SUCCESS
B,delta,217,3700,SUCCESS
B,delta,218,3800,SUCCESS
B,delta,219,3700,SUCCESS
B,delta,220,3800,SUCCESS
B,delta,221,3700,SUCCESS
B,delta,222,3800,SUCCESS
B,delta,223,3800,SUCCESS
B,delta,224,3700,SUCCESS
B,delta,225,3700,SUCCESS
B,delta,226,3700,SUCCESS
B,delta,227,3700,SUCCESS
B,delta,228,3800,SUCCESS
B,delta,229,3700,SUCCESS
B,delta,230,3700,SUCCESS
B,delta,231,3800,SUCCESS
B,delta,232,3700,SUCCESS
B,delta,233,3800,SUCCESS
B,delta,234,3700,SUCCESS
B,delta,235,3700,SUCCESS
B,delta,236,3800,SUCCESS
B,delta,237,3700,SUCCESS
B,delta,238,3700,SUCCESS
B,delta,239,3800,SUCCESS
B,delta,240,3700,SUCCESS
B,delta,241,3800,SUCCESS
B,delta,242,3800,SUCCESS
B,delta,243,3800,SUCCESS
B,delta,244,3700,SUCCESS
B,delta,245,3800,SUCCESS
B,delta,246,3700,SUCCESS
B,delta,247,3800,SUCCESS
B,delta,248,3700,SUCCESS
B,delta,249,3700,SUCCESS
B,delta,250,3700,SUCCESS
B,delta,251,3700,SUCCESS
B,delta,252,3700,SUCCESS
B,delta,253,3700,SUCCESS
B,delta,254,3700,SUCCESS
B,delta,255,3800,SUCCESS
B,delta,256,3700,SUCCESS
B,delta,257,3700,SUCCESS
B,delta,258,3700,SUCCESS
B,delta,259,3700,SUCCESS
B,delta,260,3800,SUCCESS
B,delta,261,3700,SUCCESS
B,delta,262,3700,SUCCESS
B,delta,263,3800,SUCCESS
B,delta,264,3800,SUCCESS
B,delta,265,3700,SUCCESS
B,delta,266,3700,SUCCESS
B,delta,267,3700,SUCCESS
B,delta,268,3800,SUCCESS
B,delta,269,3700,SUCCESS
B,delta,270,3700,SUCCESS
B,delta,271,3700,SUCCESS
B,delta,272,3700,SUCCESS
B,delta,273,3800,SUCCESS
B,delta,274,3800,SUCCESS
B,delta,275,3700,SUCCESS
B,delta,276,3700,SUCCESS
B,delta,277,3700,SUCCESS
B,delta,278,3800,SUCCESS
B,delta,279,3700,SUCCESS
B,delta,280,4000,SUCCESS
B,delta,281,4000,SUCCESS
B,delta,282,4000,SUCCESS
B,delta,283,4000,SUCCESS
B,delta,284,4000,SUCCESS
B,delta,285,4000,SUCCESS
B,delta,286,3900,SUCCESS
B,delta,287,4000,SUCCESS
B,delta,288,3900,SUCCESS
B,delta,289,3900,SUCCESS
B,delta,290,3900,SUCCESS
B,delta,291,4000,SUCCESS
B,delta,292,4000,SUCCESS
B,delta,293,3900,SUCCESS
B,delta,294,4000,SUCCESS
B,delta,295,4000,SUCCESS
B,delta,296,5200,SUCCESS
B,delta,297,5200,SUCCESS
B,delta,298,5200,SUCCESS
B,delta,299,5200,SUCCESS
B,delta,300,5200,SUCCESS
B,delta,301,5100,SUCCESS
B,delta,302,5200,SUCCESS
B,delta,303,5100,SUCCESS
B,delta,304,5200,SUCCESS
B,delta,305,5200,SUCCESS
B,delta,306,4900,SUCCESS
B,delta,307,4900,SUCCESS
B,delta,308,3700,SUCCESS
B,delta,309,3700,SUCCESS
B,delta,310,3800,SUCCESS
B,delta,311,3700,SUCCESS
B,delta,312,3800,SUCCESS
B,delta,313,3700,SUCCESS
B,delta,314,3700,SUCCESS
B,delta,315,3700,SUCCESS
B,delta,316,3800,SUCCESS
B,delta,317,3700,SUCCESS
B,delta,318,3700,SUCCESS
B,delta,319,3700,SUCCESS
B,delta,320,3700,SUCCESS
B,delta,321,3700,SUCCESS
B,delta,322,3700,SUCCESS
B,delta,323,3700,SUCCESS
B,delta,324,3800,SUCCESS
B,delta,325,3700,SUCCESS
B,delta,326,3700,SUCCESS
B,delta,327,3800,SUCCESS
B,delta,328,3700,SUCCESS
B,delta,329,3700,SUCCESS
B,delta,330,3700,SUCCESS
B,delta,331,3700,SUCCESS
B,delta,332,3700,SUCCESS
B,delta,333,3700,SUCCESS
B,delta,334,3700,SUCCESS
B,delta,335,3900,SUCCESS
B,delta,336,3700,SUCCESS
B,delta,337,3800,SUCCESS
B,delta,338,3700,SUCCESS
B,delta,339,3700,SUCCESS
B,delta,340,3700,SUCCESS
B,delta,341,3700,SUCCESS
B,delta,342,3800,SUCCESS
B,delta,343,3700,SUCCESS
B,delta,344,3700,SUCCESS
B,delta,345,3700,SUCCESS
B,delta,346,3700,SUCCESS
B,delta,347,3700,SUCCESS
B,delta,348,3700,SUCCESS
B,delta,349,3700,SUCCESS
B,delta,350,7800,SUCCESS
B,delta,351,3700,SUCCESS
B,delta,352,3800,SUCCESS
B,delta,353,3700,SUCCESS
B,delta,354,3800,SUCCESS
B,delta,355,3700,SUCCESS
B,delta,356,3800,SUCCESS
B,delta,357,3800,SUCCESS
B,delta,358,4500,SUCCESS
B,delta,359,3700,SUCCESS
B,delta,360,3700,SUCCESS
B,delta,361,3700,SUCCESS
B,delta,362,3800,SUCCESS
B,delta,363,3700,SUCCESS
B,delta,364,3700,SUCCESS
B,delta,365,3700,SUCCESS
B,delta,366,3700,SUCCESS
B,delta,367,3700,SUCCESS
B,delta,368,3700,SUCCESS
B,delta,369,3700,SUCCESS
B,delta,370,3800,SUCCESS
B,delta,371,3800,SUCCESS
B,delta,372,3700,SUCCESS
B,delta,373,3700,SUCCESS
B,delta,374,3700,SUCCESS
B,delta,375,3700,SUCCESS
B,delta,376,3700,SUCCESS
B,delta,377,3800,SUCCESS
B,delta,378,3800,SUCCESS
B,delta,379,3700,SUCCESS
B,delta,380,3700,SUCCESS
B,delta,381,3800,SUCCESS
B,delta,382,3700,SUCCESS
B,delta,383,3800,SUCCESS
B,delta,384,3700,SUCCESS
B,delta,385,3700,SUCCESS
B,delta,386,3700,SUCCESS
B,delta,387,3800,SUCCESS
B,delta,388,3700,SUCCESS
B,delta,389,3700,SUCCESS
B,delta,390,3700,SUCCESS
B,delta,391,3700,SUCCESS
B,delta,392,4600,SUCCESS
B,delta,393,3700,SUCCESS
B,delta,394,3700,SUCCESS
B,delta,395,3700,SUCCESS
B,delta,396,3700,SUCCESS
B,delta,397,3700,SUCCESS
B,delta,398,3800,SUCCESS
B,delta,399,3700,SUCCESS
B,delta,400,3700,SUCCESS
B,delta,401,3700,SUCCESS
B,delta,402,3700,SUCCESS
B,delta,403,3700,SUCCESS
B,delta,404,3900,SUCCESS
B,delta,405,3700,SUCCESS
B,delta,406,3700,SUCCESS
B,delta,407,3800,SUCCESS
B,delta,408,3700,SUCCESS
B,delta,409,3700,SUCCESS
B,delta,410,3800,SUCCESS
B,delta,411,3700,SUCCESS
B,delta,412,3700,SUCCESS
B,delta,413,3700,SUCCESS
B,delta,414,3700,SUCCESS
B,delta,415,3800,SUCCESS
B,delta,416,3900,SUCCESS
B,delta,417,3900,SUCCESS
B,delta,418,4000,SUCCESS
B,delta,419,4000,SUCCESS
B,delta,420,3900,SUCCESS
B,delta,421,4000,SUCCESS
B,delta,422,4000,SUCCESS
B,delta,423,4700,SUCCESS
B,delta,424,4000,SUCCESS
B,delta,425,4000,SUCCESS
B,delta,426,3900,SUCCESS
B,delta,427,4000,SUCCESS
B,delta,428,4000,SUCCESS
B,delta,429,4000,SUCCESS
B,delta,430,3900,SUCCESS
B,delta,431,3900,SUCCESS
B,delta,432,4000,SUCCESS
B,delta,433,4000,SUCCESS
B,delta,434,3900,SUCCESS
B,delta,435,3900,SUCCESS
B,delta,436,3900,SUCCESS
B,delta,437,4000,SUCCESS
B,delta,438,4000,SUCCESS
B,delta,439,4000,SUCCESS
B,delta,440,4000,SUCCESS
B,delta,441,3900,SUCCESS
B,delta,442,4000,SUCCESS
B,delta,443,3900,SUCCESS
B,delta,444,4000,SUCCESS
B,delta,445,4800,SUCCESS
B,delta,446,3700,SUCCESS
B,delta,447,3700,SUCCESS
B,delta,448,3800,SUCCESS
B,delta,449,3700,SUCCESS
B,delta,450,3800,SUCCESS
B,delta,451,3700,SUCCESS
B,delta,452,3800,SUCCESS
B,delta,453,3700,SUCCESS
B,delta,454,3700,SUCCESS
B,delta,455,3800,SUCCESS
B,delta,456,3700,SUCCESS
B,delta,457,3700,SUCCESS
B,delta,458,3700,SUCCESS
B,delta,459,3700,SUCCESS
B,delta,460,3800,SUCCESS
B,delta,461,3700,SUCCESS
B,delta,462,3700,SUCCESS
B,delta,463,3700,SUCCESS
B,delta,464,3700,SUCCESS
B,delta,465,3700,SUCCESS
B,delta,466,3800,SUCCESS
B,delta,467,3700,SUCCESS
B,delta,468,3700,SUCCESS
B,delta,469,3700,SUCCESS
B,delta,470,3800,SUCCESS
B,delta,471,3800,SUCCESS
B,delta,472,3700,SUCCESS
B,delta,473,3800,SUCCESS
B,delta,474,3800,SUCCESS
B,delta,475,3700,SUCCESS
B,delta,476,3700,SUCCESS
B,delta,477,3800,SUCCESS
B,delta,478,3700,SUCCESS
B,delta,479,3700,SUCCESS
B,delta,480,3700,SUCCESS
B,delta,481,3700,SUCCESS
B,delta,482,3800,SUCCESS
B,delta,483,3700,SUCCESS
B,delta,484,3700,SUCCESS
B,delta,485,3700,SUCCESS
B,delta,486,3800,SUCCESS
B,delta,487,3700,SUCCESS
B,delta,488,4000,SUCCESS
B,delta,489,3900,SUCCESS
B,delta,490,4000,SUCCESS
B,delta,491,4000,SUCCESS
B,delta,492,3900,SUCCESS
B,delta,493,4000,SUCCESS
B,delta,494,4100,SUCCESS
B,delta,495,3900,SUCCESS
B,delta,496,4000,SUCCESS
B,delta,497,3900,SUCCESS
B,delta,498,3900,SUCCESS
B,delta,499,4000,SUCCESS
B,delta,500,3900,SUCCESS
B,delta,501,4000,SUCCESS
B,delta,502,3900,SUCCESS
B,delta,503,4000,SUCCESS
B,delta,504,4000,SUCCESS
B,delta,505,3900,SUCCESS
B,delta,506,14400,SUCCESS
B,delta,507,4700,SUCCESS
B,delta,508,4000,SUCCESS
B,delta,509,4000,SUCCESS
B,delta,510,4000,SUCCESS
B,delta,511,3900,SUCCESS
B,delta,512,4000,SUCCESS
B,delta,513,4000,SUCCESS
B,delta,514,4000,SUCCESS
B,delta,515,4000,SUCCESS
B,delta,516,4000,SUCCESS
B,delta,517,3900,SUCCESS
B,delta,518,4000,SUCCESS
B,delta,519,3900,SUCCESS
B,delta,520,3900,SUCCESS
B,delta,521,3900,SUCCESS
B,delta,522,4000,SUCCESS
B,delta,523,4000,SUCCESS
B,delta,524,4000,SUCCESS
B,delta,525,4000,SUCCESS
B,delta,526,4000,SUCCESS
B,delta,527,4000,SUCCESS
B,delta,528,3900,SUCCESS
B,delta,529,3900,SUCCESS
B,delta,530,4000,SUCCESS
B,delta,531,4000,SUCCESS
B,delta,532,4000,SUCCESS
B,delta,533,4000,SUCCESS
B,delta,534,3900,SUCCESS
B,delta,535,3900,SUCCESS
B,delta,536,4000,SUCCESS
B,delta,537,3900,SUCCESS
B,delta,538,3900,SUCCESS
B,delta,539,3900,SUCCESS
B,delta,540,4000,SUCCESS
B,delta,541,4000,SUCCESS
B,delta,542,4000,SUCCESS
B,delta,543,4000,SUCCESS
B,delta,544,3900,SUCCESS
B,delta,545,4000,SUCCESS
B,delta,546,3900,SUCCESS
B,delta,547,4000,SUCCESS
B,delta,548,4100,SUCCESS
B,delta,549,4000,SUCCESS
B,delta,550,4000,SUCCESS
B,delta,551,3900,SUCCESS
B,delta,552,3900,SUCCESS
B,delta,553,4000,SUCCESS
B,delta,554,3900,SUCCESS
B,delta,555,3900,SUCCESS
B,delta,556,4000,SUCCESS
B,delta,557,3900,SUCCESS
B,delta,558,3900,SUCCESS
B,delta,559,4000,SUCCESS
B,delta,560,4000,SUCCESS
B,delta,561,3900,SUCCESS
B,delta,562,4000,SUCCESS
B,delta,563,4000,SUCCESS
B,delta,564,3900,SUCCESS
B,delta,565,4000,SUCCESS
B,delta,566,4000,SUCCESS
B,delta,567,4000,SUCCESS
B,delta,568,4000,SUCCESS
B,delta,569,4000,SUCCESS
B,delta,570,4000,SUCCESS
B,delta,571,3900,SUCCESS
B,delta,572,4000,SUCCESS
B,delta,573,4000,SUCCESS
B,delta,574,4000,SUCCESS
B,delta,575,4000,SUCCESS
B,delta,576,4000,SUCCESS
B,delta,577,3900,SUCCESS
B,delta,578,5200,SUCCESS
B,delta,579,5000,SUCCESS
B,delta,580,5100,SUCCESS
B,delta,581,5100,SUCCESS
B,delta,582,11400,SUCCESS
B,delta,583,5000,SUCCESS
B,delta,584,5200,SUCCESS
B,delta,585,5000,SUCCESS
B,delta,586,5000,SUCCESS
B,delta,587,5100,SUCCESS
B,delta,588,5000,SUCCESS
B,delta,589,5100,SUCCESS
B,delta,590,5200,SUCCESS
B,delta,591,5100,SUCCESS
B,delta,592,5100,SUCCESS
B,delta,593,5100,SUCCESS
B,delta,594,4900,SUCCESS
B,delta,595,4900,SUCCESS
B,delta,596,6500,SUCCESS
B,delta,597,6600,SUCCESS
B,delta,598,5900,SUCCESS
B,delta,599,4900,SUCCESS
B,delta,600,4900,SUCCESS
B,delta,601,4900,SUCCESS
B,delta,602,5200,SUCCESS
B,delta,603,4900,SUCCESS
B,delta,604,4900,SUCCESS
B,delta,605,5000,SUCCESS
B,delta,606,4900,SUCCESS
B,delta,607,4900,SUCCESS
B,delta,608,5100,SUCCESS
B,delta,609,5000,SUCCESS
B,delta,610,4900,SUCCESS
B,delta,611,5100,SUCCESS
B,delta,612,4900,SUCCESS
B,delta,613,4900,SUCCESS
B,delta,614,5000,SUCCESS
B,delta,615,4900,SUCCESS
B,delta,616,4900,SUCCESS
B,delta,617,5100,SUCCESS
B,delta,618,4900,SUCCESS
B,delta,619,4900,SUCCESS
B,delta,620,5000,SUCCESS
B,delta,621,4900,SUCCESS
B,delta,622,4900,SUCCESS
B,delta,623,4900,SUCCESS
B,delta,624,4900,SUCCESS
B,delta,625,4900,SUCCESS
B,delta,626,5000,SUCCESS
B,delta,627,4900,SUCCESS
B,delta,628,4900,SUCCESS
B,delta,629,4900,SUCCESS
B,delta,630,4900,SUCCESS
B,delta,631,4900,SUCCESS
B,delta,632,6000,SUCCESS
B,delta,633,5000,SUCCESS
B,delta,634,4900,SUCCESS
B,delta,635,5100,SUCCESS
B,delta,636,4900,SUCCESS
B,delta,637,4900,SUCCESS
B,delta,638,5200,SUCCESS
B,delta,639,4900,SUCCESS
B,delta,640,4900,SUCCESS
B,delta,641,4900,SUCCESS
B,delta,642,4900,SUCCESS
B,delta,643,4900,SUCCESS
B,delta,644,5100,SUCCESS
B,delta,645,5000,SUCCESS
B,delta,646,4900,SUCCESS
B,delta,647,5300,SUCCESS
B,delta,648,4900,SUCCESS
B,delta,649,4900,SUCCESS
B,delta,650,5100,SUCCESS
B,delta,651,4900,SUCCESS
B,delta,652,4900,SUCCESS
B,delta,653,5000,SUCCESS
B,delta,654,4900,SUCCESS
B,delta,655,4900,SUCCESS
B,delta,656,5200,SUCCESS
B,delta,657,4900,SUCCESS
B,delta,658,4900,SUCCESS
B,delta,659,5000,SUCCESS
B,delta,660,5000,SUCCESS
B,delta,661,4900,SUCCESS
B,delta,662,4800,SUCCESS
B,delta,663,4800,SUCCESS
B,delta,664,4800,SUCCESS
B,delta,665,4800,SUCCESS
B,delta,666,4800,SUCCESS
B,delta,667,4800,SUCCESS
B,delta,668,4900,SUCCESS
B,delta,669,4800,SUCCESS
B,delta,670,4800,SUCCESS
B,delta,671,4800,SUCCESS
B,delta,672,4800,SUCCESS
B,delta,673,4700,SUCCESS
B,delta,674,4800,SUCCESS
B,delta,675,4800,SUCCESS
B,delta,676,4700,SUCCESS
B,delta,677,4800,SUCCESS
B,delta,678,4800,SUCCESS
B,delta,679,4800,SUCCESS
B,delta,680,4900,SUCCESS
B,delta,681,4800,SUCCESS
B,delta,682,4800,SUCCESS
B,delta,683,4800,SUCCESS
B,delta,684,4800,SUCCESS
B,delta,685,4700,SUCCESS
B,delta,686,4800,SUCCESS
B,delta,687,4800,SUCCESS
B,delta,688,4800,SUCCESS
B,delta,689,4900,SUCCESS
B,delta,690,4800,SUCCESS
B,delta,691,4700,SUCCESS
B,delta,692,4800,SUCCESS
B,delta,693,4800,SUCCESS
B,delta,694,4800,SUCCESS
B,delta,695,4900,SUCCESS
B,delta,696,4800,SUCCESS
B,delta,697,4800,SUCCESS
B,delta,698,4100,SUCCESS
B,delta,699,4100,SUCCESS
B,delta,700,4200,SUCCESS
B,delta,701,5100,SUCCESS
B,delta,702,4100,SUCCESS
B,delta,703,4100,SUCCESS
B,delta,704,4100,SUCCESS
B,delta,705,10300,SUCCESS
B,delta,706,4100,SUCCESS
B,delta,707,4100,SUCCESS
B,delta,708,4000,SUCCESS
B,delta,709,4000,SUCCESS
B,delta,710,4100,SUCCESS
B,delta,711,4000,SUCCESS
B,delta,712,4100,SUCCESS
B,delta,713,4100,SUCCESS
B,delta,714,4100,SUCCESS
B,delta,715,4000,SUCCESS
B,delta,716,4200,SUCCESS
B,delta,717,4000,SUCCESS
B,delta,718,4000,SUCCESS
B,delta,719,4200,SUCCESS
B,delta,720,4100,SUCCESS
B,delta,721,4000,SUCCESS
B,delta,722,4200,SUCCESS
B,delta,723,4100,SUCCESS
B,delta,724,4200,SUCCESS
B,delta,725,4200,SUCCESS
B,delta,726,4100,SUCCESS
B,delta,727,4100,SUCCESS
B,delta,728,5000,SUCCESS
B,delta,729,4200,SUCCESS
B,delta,730,4100,SUCCESS
B,delta,731,4100,SUCCESS
B,delta,732,4200,SUCCESS
B,delta,733,4100,SUCCESS
B,delta,734,4200,SUCCESS
B,delta,735,4200,SUCCESS
B,delta,736,4200,SUCCESS
B,delta,737,4200,SUCCESS
B,delta,738,60100,SUCCESS
B,delta,739,4100,SUCCESS
B,delta,740,4300,SUCCESS
B,delta,741,4200,SUCCESS
B,delta,742,4200,SUCCESS
B,delta,743,4300,SUCCESS
B,delta,744,4200,SUCCESS
B,delta,745,5100,SUCCESS
B,delta,746,4300,SUCCESS
B,delta,747,4200,SUCCESS
B,delta,748,4200,SUCCESS
B,delta,749,4300,SUCCESS
B,delta,750,4200,SUCCESS
B,delta,751,4300,SUCCESS
B,delta,752,4200,SUCCESS
B,delta,753,4300,SUCCESS
B,delta,754,4300,SUCCESS
B,delta,755,4300,SUCCESS
B,delta,756,4300,SUCCESS
B,delta,757,4200,SUCCESS
B,delta,758,4400,SUCCESS
B,delta,759,4300,SUCCESS
B,delta,760,4300,SUCCESS
B,delta,761,4200,SUCCESS
B,delta,762,4200,SUCCESS
B,delta,763,4300,SUCCESS
B,delta,764,4300,SUCCESS
B,delta,765,4300,SUCCESS
B,delta,766,4200,SUCCESS
B,delta,767,4300,SUCCESS
B,delta,768,4200,SUCCESS
B,delta,769,4300,SUCCESS
B,delta,770,4400,SUCCESS
B,delta,771,4200,SUCCESS
B,delta,772,4200,SUCCESS
B,delta,773,4400,SUCCESS
B,delta,774,4200,SUCCESS
B,delta,775,4200,SUCCESS
B,delta,776,4400,SUCCESS
B,delta,777,4200,SUCCESS
B,delta,778,4300,SUCCESS
B,delta,779,4500,SUCCESS
B,delta,780,4200,SUCCESS
B,delta,781,4200,SUCCESS
B,delta,782,4300,SUCCESS
B,delta,783,4200,SUCCESS
B,delta,784,5200,SUCCESS
B,delta,785,4000,SUCCESS
B,delta,786,3700,SUCCESS
B,delta,787,3700,SUCCESS
B,delta,788,3800,SUCCESS
B,delta,789,3700,SUCCESS
B,delta,790,3800,SUCCESS
B,delta,791,3700,SUCCESS
B,delta,792,3800,SUCCESS
B,delta,793,3700,SUCCESS
B,delta,794,3800,SUCCESS
B,delta,795,3800,SUCCESS
B,delta,796,3700,SUCCESS
B,delta,797,3700,SUCCESS
B,delta,798,3800,SUCCESS
B,delta,799,3800,SUCCESS
B,delta,800,3700,SUCCESS
B,delta,801,3800,SUCCESS
B,delta,802,3800,SUCCESS
B,delta,803,3900,SUCCESS
B,delta,804,3700,SUCCESS
B,delta,805,3700,SUCCESS
B,delta,806,3800,SUCCESS
B,delta,807,3700,SUCCESS
B,delta,808,3800,SUCCESS
B,delta,809,3900,SUCCESS
B,delta,810,3700,SUCCESS
B,delta,811,3700,SUCCESS
B,delta,812,3800,SUCCESS
B,delta,813,3700,SUCCESS
B,delta,814,3700,SUCCESS
B,delta,815,3900,SUCCESS
B,delta,816,3700,SUCCESS
B,delta,817,3700,SUCCESS
B,delta,818,4000,SUCCESS
B,delta,819,3700,SUCCESS
B,delta,820,3800,SUCCESS
B,delta,821,3800,SUCCESS
B,delta,822,3800,SUCCESS
B,delta,823,3800,SUCCESS
B,delta,824,3700,SUCCESS
B,delta,825,3800,SUCCESS
B,delta,826,3700,SUCCESS
B,delta,827,3800,SUCCESS
B,delta,828,3800,SUCCESS
B,delta,829,3800,SUCCESS
B,delta,830,3800,SUCCESS
B,delta,831,3700,SUCCESS
B,delta,832,3800,SUCCESS
B,delta,833,3800,SUCCESS
B,delta,834,3700,SUCCESS
B,delta,835,3700,SUCCESS
B,delta,836,3900,SUCCESS
B,delta,837,3700,SUCCESS
B,delta,838,3700,SUCCESS
B,delta,839,3700,SUCCESS
B,delta,840,3800,SUCCESS
B,delta,841,4500,SUCCESS
B,delta,842,3700,SUCCESS
B,delta,843,3700,SUCCESS
B,delta,844,3800,SUCCESS
B,delta,845,4000,SUCCESS
B,delta,846,4000,SUCCESS
B,delta,847,4000,SUCCESS
B,delta,848,4100,SUCCESS
B,delta,849,3900,SUCCESS
B,delta,850,4000,SUCCESS
B,delta,851,4000,SUCCESS
B,delta,852,4000,SUCCESS
B,delta,853,4000,SUCCESS
B,delta,854,4100,SUCCESS
B,delta,855,4000,SUCCESS
B,delta,856,4000,SUCCESS
B,delta,857,4100,SUCCESS
B,delta,858,4000,SUCCESS
B,delta,859,3900,SUCCESS
B,delta,860,4000,SUCCESS
B,delta,861,4000,SUCCESS
B,delta,862,4000,SUCCESS
B,delta,863,4000,SUCCESS
B,delta,864,4000,SUCCESS
B,delta,865,3900,SUCCESS
B,delta,866,4100,SUCCESS
B,delta,867,4000,SUCCESS
B,delta,868,4000,SUCCESS
B,delta,869,4000,SUCCESS
B,delta,870,4000,SUCCESS
B,delta,871,3900,SUCCESS
B,delta,872,5100,SUCCESS
B,delta,873,3900,SUCCESS
B,delta,874,4000,SUCCESS
B,delta,875,3700,SUCCESS
B,delta,876,3700,SUCCESS
B,delta,877,3700,SUCCESS
B,delta,878,3700,SUCCESS
B,delta,879,3700,SUCCESS
B,delta,880,3700,SUCCESS
B,delta,881,3800,SUCCESS
B,delta,882,3700,SUCCESS
B,delta,883,3700,SUCCESS
B,delta,884,3800,SUCCESS
B,delta,885,3800,SUCCESS
B,delta,886,3800,SUCCESS
B,delta,887,3800,SUCCESS
B,delta,888,3800,SUCCESS
B,delta,889,3700,SUCCESS
B,delta,890,4100,SUCCESS
B,delta,891,4000,SUCCESS
B,delta,892,4000,SUCCESS
B,delta,893,4000,SUCCESS
B,delta,894,4000,SUCCESS
B,delta,895,3900,SUCCESS
B,delta,896,4900,SUCCESS
B,delta,897,4000,SUCCESS
B,delta,898,4000,SUCCESS
B,delta,899,4000,SUCCESS
B,delta,900,4000,SUCCESS
B,delta,901,4000,SUCCESS
B,delta,902,4100,SUCCESS
B,delta,903,4000,SUCCESS
B,delta,904,4000,SUCCESS
B,delta,905,3900,SUCCESS
B,delta,906,4000,SUCCESS
B,delta,907,4100,SUCCESS
B,delta,908,4000,SUCCESS
B,delta,909,4000,SUCCESS
B,delta,910,4000,SUCCESS
B,delta,911,4100,SUCCESS
B,delta,912,4000,SUCCESS
B,delta,913,4000,SUCCESS
B,delta,914,4100,SUCCESS
B,delta,915,3900,SUCCESS
B,delta,916,3900,SUCCESS
B,delta,917,4000,SUCCESS
B,delta,918,4000,SUCCESS
B,delta,919,4800,SUCCESS
B,delta,920,4000,SUCCESS
B,delta,921,3900,SUCCESS
B,delta,922,4000,SUCCESS
B,delta,923,4200,SUCCESS
B,delta,924,3900,SUCCESS
B,delta,925,4000,SUCCESS
B,delta,926,4000,SUCCESS
B,delta,927,4000,SUCCESS
B,delta,928,4000,SUCCESS
B,delta,929,4000,SUCCESS
B,delta,930,4000,SUCCESS
B,delta,931,4000,SUCCESS
B,delta,932,4000,SUCCESS
B,delta,933,4000,SUCCESS
B,delta,934,4000,SUCCESS
B,delta,935,3700,SUCCESS
B,delta,936,3800,SUCCESS
B,delta,937,3800,SUCCESS
B,delta,938,3700,SUCCESS
B,delta,939,3800,SUCCESS
B,delta,940,3800,SUCCESS
B,delta,941,3700,SUCCESS
B,delta,942,3800,SUCCESS
B,delta,943,3800,SUCCESS
B,delta,944,3700,SUCCESS
B,delta,945,3700,SUCCESS
B,delta,946,3800,SUCCESS
B,delta,947,3900,SUCCESS
B,delta,948,3700,SUCCESS
B,delta,949,3800,SUCCESS
B,delta,950,3700,SUCCESS
B,delta,951,3700,SUCCESS
B,delta,952,4000,SUCCESS
B,delta,953,4000,SUCCESS
B,delta,954,4000,SUCCESS
B,delta,955,3900,SUCCESS
B,delta,956,3900,SUCCESS
B,delta,957,3900,SUCCESS
B,delta,958,3900,SUCCESS
B,delta,959,4800,SUCCESS
B,delta,960,4000,SUCCESS
B,delta,961,4000,SUCCESS
B,delta,962,4000,SUCCESS
B,delta,963,4000,SUCCESS
B,delta,964,4000,SUCCESS
B,delta,965,4000,SUCCESS
B,delta,966,4000,SUCCESS
B,delta,967,3900,SUCCESS
B,delta,968,4000,SUCCESS
B,delta,969,3900,SUCCESS
B,delta,970,3900,SUCCESS
B,delta,971,4000,SUCCESS
B,delta,972,4000,SUCCESS
B,delta,973,4000,SUCCESS
B,delta,974,4000,SUCCESS
B,delta,975,4000,SUCCESS
B,delta,976,4000,SUCCESS
B,delta,977,4100,SUCCESS
B,delta,978,4000,SUCCESS
B,delta,979,4000,SUCCESS
B,delta,980,4000,SUCCESS
B,delta,981,4000,SUCCESS
B,delta,982,4000,SUCCESS
B,delta,983,4000,SUCCESS
B,delta,984,3900,SUCCESS
B,delta,985,3900,SUCCESS
B,delta,986,4000,SUCCESS
B,delta,987,3800,SUCCESS
B,delta,988,3700,SUCCESS
B,delta,989,3700,SUCCESS
B,delta,990,3700,SUCCESS
B,delta,991,3700,SUCCESS
B,delta,992,3700,SUCCESS
B,delta,993,3800,SUCCESS
B,delta,994,3800,SUCCESS
B,delta,995,3700,SUCCESS
B,delta,996,3700,SUCCESS
B,delta,997,3800,SUCCESS
B,delta,998,3700,SUCCESS
B,delta,999,3700,SUCCESS
B,epsilon,0,3800,SUCCESS
B,epsilon,1,3800,SUCCESS
B,epsilon,2,3700,SUCCESS
B,epsilon,3,3700,SUCCESS
B,epsilon,4,3700,SUCCESS
B,epsilon,5,3800,SUCCESS
B,epsilon,6,3900,SUCCESS
B,epsilon,7,3700,SUCCESS
B,epsilon,8,3800,SUCCESS
B,epsilon,9,3800,SUCCESS
B,epsilon,10,3800,SUCCESS
B,epsilon,11,3900,SUCCESS
B,epsilon,12,3800,SUCCESS
B,epsilon,13,3700,SUCCESS
B,epsilon,14,3800,SUCCESS
B,epsilon,15,3700,SUCCESS
B,epsilon,16,3900,SUCCESS
B,epsilon,17,3800,SUCCESS
B,epsilon,18,3800,SUCCESS
B,epsilon,19,3800,SUCCESS
B,epsilon,20,3700,SUCCESS
B,epsilon,21,3800,SUCCESS
B,epsilon,22,3800,SUCCESS
B,epsilon,23,3800,SUCCESS
B,epsilon,24,3700,SUCCESS
B,epsilon,25,3700,SUCCESS
B,epsilon,26,4000,SUCCESS
B,epsilon,27,3700,SUCCESS
B,epsilon,28,3800,SUCCESS
B,epsilon,29,3800,SUCCESS
B,epsilon,30,3700,SUCCESS
B,epsilon,31,3900,SUCCESS
B,epsilon,32,3700,SUCCESS
B,epsilon,33,3700,SUCCESS
B,epsilon,34,3700,SUCCESS
B,epsilon,35,3700,SUCCESS
B,epsilon,36,3800,SUCCESS
B,epsilon,37,3700,SUCCESS
B,epsilon,38,3800,SUCCESS
B,epsilon,39,3700,SUCCESS
B,epsilon,40,3800,SUCCESS
B,epsilon,41,3800,SUCCESS
B,epsilon,42,3800,SUCCESS
B,epsilon,43,3800,SUCCESS
B,epsilon,44,3700,SUCCESS
B,epsilon,45,3700,SUCCESS
B,epsilon,46,7200,SUCCESS
B,epsilon,47,3700,SUCCESS
B,epsilon,48,3800,SUCCESS
B,epsilon,49,3800,SUCCESS
B,epsilon,50,3700,SUCCESS
B,epsilon,51,3800,SUCCESS
B,epsilon,52,3800,SUCCESS
B,epsilon,53,3800,SUCCESS
B,epsilon,54,3700,SUCCESS
B,epsilon,55,3800,SUCCESS
B,epsilon,56,3800,SUCCESS
B,epsilon,57,3700,SUCCESS
B,epsilon,58,3700,SUCCESS
B,epsilon,59,3700,SUCCESS
B,epsilon,60,3800,SUCCESS
B,epsilon,61,3900,SUCCESS
B,epsilon,62,3800,SUCCESS
B,epsilon,63,3800,SUCCESS
B,epsilon,64,3800,SUCCESS
B,epsilon,65,3700,SUCCESS
B,epsilon,66,3900,SUCCESS
B,epsilon,67,3800,SUCCESS
B,epsilon,68,3800,SUCCESS
B,epsilon,69,3700,SUCCESS
B,epsilon,70,3700,SUCCESS
B,epsilon,71,3800,SUCCESS
B,epsilon,72,3700,SUCCESS
B,epsilon,73,3800,SUCCESS
B,epsilon,74,3800,SUCCESS
B,epsilon,75,3800,SUCCESS
B,epsilon,76,3800,SUCCESS
B,epsilon,77,3700,SUCCESS
B,epsilon,78,3700,SUCCESS
B,epsilon,79,3700,SUCCESS
B,epsilon,80,3800,SUCCESS
B,epsilon,81,3900,SUCCESS
B,epsilon,82,3700,SUCCESS
B,epsilon,83,3700,SUCCESS
B,epsilon,84,3800,SUCCESS
B,epsilon,85,3800,SUCCESS
B,epsilon,86,3900,SUCCESS
B,epsilon,87,3800,SUCCESS
B,epsilon,88,3800,SUCCESS
B,epsilon,89,3800,SUCCESS
B,epsilon,90,3700,SUCCESS
B,epsilon,91,4900,SUCCESS
B,epsilon,92,3800,SUCCESS
B,epsilon,93,3800,SUCCESS
B,epsilon,94,4500,SUCCESS
B,epsilon,95,3700,SUCCESS
B,epsilon,96,3900,SUCCESS
B,epsilon,97,3700,SUCCESS
B,epsilon,98,3800,SUCCESS
B,epsilon,99,3800,SUCCESS
B,epsilon,100,3800,SUCCESS
B,epsilon,101,3700,SUCCESS
B,epsilon,102,3800,SUCCESS
B,epsilon,103,3800,SUCCESS
B,epsilon,104,3800,SUCCESS
B,epsilon,105,3800,SUCCESS
B,epsilon,106,3800,SUCCESS
B,epsilon,107,3700,SUCCESS
B,epsilon,108,3700,SUCCESS
B,epsilon,109,3700,SUCCESS
B,epsilon,110,3700,SUCCESS
B,epsilon,111,3700,SUCCESS
B,epsilon,112,3800,SUCCESS
B,epsilon,113,3800,SUCCESS
B,epsilon,114,3800,SUCCESS
B,epsilon,115,3800,SUCCESS
B,epsilon,116,3800,SUCCESS
B,epsilon,117,3800,SUCCESS
B,epsilon,118,3800,SUCCESS
B,epsilon,119,3800,SUCCESS
B,epsilon,120,3800,SUCCESS
B,epsilon,121,3700,SUCCESS
B,epsilon,122,3700,SUCCESS
B,epsilon,123,3800,SUCCESS
B,epsilon,124,3800,SUCCESS
B,epsilon,125,3800,SUCCESS
B,epsilon,126,3800,SUCCESS
B,epsilon,127,4600,SUCCESS
B,epsilon,128,3800,SUCCESS
B,epsilon,129,3700,SUCCESS
B,epsilon,130,3700,SUCCESS
B,epsilon,131,3800,SUCCESS
B,epsilon,132,3800,SUCCESS
B,epsilon,133,3900,SUCCESS
B,epsilon,134,4000,SUCCESS
B,epsilon,135,4000,SUCCESS
B,epsilon,136,4000,SUCCESS
B,epsilon,137,4000,SUCCESS
B,epsilon,138,3900,SUCCESS
B,epsilon,139,4000,SUCCESS
B,epsilon,140,4000,SUCCESS
B,epsilon,141,4000,SUCCESS
B,epsilon,142,4000,SUCCESS
B,epsilon,143,4000,SUCCESS
B,epsilon,144,4000,SUCCESS
B,epsilon,145,4000,SUCCESS
B,epsilon,146,4000,SUCCESS
B,epsilon,147,4000,SUCCESS
B,epsilon,148,4000,SUCCESS
B,epsilon,149,4000,SUCCESS
B,epsilon,150,4000,SUCCESS
B,epsilon,151,3900,SUCCESS
B,epsilon,152,4000,SUCCESS
B,epsilon,153,4000,SUCCESS
B,epsilon,154,4000,SUCCESS
B,epsilon,155,4000,SUCCESS
B,epsilon,156,4000,SUCCESS
B,epsilon,157,3900,SUCCESS
B,epsilon,158,4000,SUCCESS
B,epsilon,159,4000,SUCCESS
B,epsilon,160,4000,SUCCESS
B,epsilon,161,3900,SUCCESS
B,epsilon,162,4000,SUCCESS
B,epsilon,163,4000,SUCCESS
B,epsilon,164,4000,SUCCESS
B,epsilon,165,4000,SUCCESS
B,epsilon,166,4000,SUCCESS
B,epsilon,167,4000,SUCCESS
B,epsilon,168,3900,SUCCESS
B,epsilon,169,4000,SUCCESS
B,epsilon,170,4800,SUCCESS
B,epsilon,171,4000,SUCCESS
B,epsilon,172,4000,SUCCESS
B,epsilon,173,4000,SUCCESS
B,epsilon,174,4000,SUCCESS
B,epsilon,175,3900,SUCCESS
B,epsilon,176,4000,SUCCESS
B,epsilon,177,4000,SUCCESS
B,epsilon,178,4000,SUCCESS
B,epsilon,179,4000,SUCCESS
B,epsilon,180,4000,SUCCESS
B,epsilon,181,4000,SUCCESS
B,epsilon,182,4000,SUCCESS
B,epsilon,183,4000,SUCCESS
B,epsilon,184,4000,SUCCESS
B,epsilon,185,3900,SUCCESS
B,epsilon,186,4000,SUCCESS
B,epsilon,187,4000,SUCCESS
B,epsilon,188,4000,SUCCESS
B,epsilon,189,4000,SUCCESS
B,epsilon,190,3900,SUCCESS
B,epsilon,191,4000,SUCCESS
B,epsilon,192,4000,SUCCESS
B,epsilon,193,4000,SUCCESS
B,epsilon,194,4000,SUCCESS
B,epsilon,195,4000,SUCCESS
B,epsilon,196,4000,SUCCESS
B,epsilon,197,4000,SUCCESS
B,epsilon,198,3900,SUCCESS
B,epsilon,199,4000,SUCCESS
B,epsilon,200,4000,SUCCESS
B,epsilon,201,4000,SUCCESS
B,epsilon,202,4000,SUCCESS
B,epsilon,203,5100,SUCCESS
B,epsilon,204,3700,SUCCESS
B,epsilon,205,3700,SUCCESS
B,epsilon,206,3700,SUCCESS
B,epsilon,207,3700,SUCCESS
B,epsilon,208,3800,SUCCESS
B,epsilon,209,3800,SUCCESS
B,epsilon,210,3700,SUCCESS
B,epsilon,211,3700,SUCCESS
B,epsilon,212,3800,SUCCESS
B,epsilon,213,3800,SUCCESS
B,epsilon,214,3800,SUCCESS
B,epsilon,215,3700,SUCCESS
B,epsilon,216,3700,SUCCESS
B,epsilon,217,3700,SUCCESS
B,epsilon,218,3700,SUCCESS
B,epsilon,219,3700,SUCCESS
B,epsilon,220,3700,SUCCESS
B,epsilon,221,3800,SUCCESS
B,epsilon,222,3800,SUCCESS
B,epsilon,223,3800,SUCCESS
B,epsilon,224,3800,SUCCESS
B,epsilon,225,3800,SUCCESS
B,epsilon,226,3800,SUCCESS
B,epsilon,227,3800,SUCCESS
B,epsilon,228,3800,SUCCESS
B,epsilon,229,3800,SUCCESS
B,epsilon,230,3800,SUCCESS
B,epsilon,231,3700,SUCCESS
B,epsilon,232,3800,SUCCESS
B,epsilon,233,3800,SUCCESS
B,epsilon,234,3800,SUCCESS
B,epsilon,235,3800,SUCCESS
B,epsilon,236,3800,SUCCESS
B,epsilon,237,3800,SUCCESS
B,epsilon,238,3800,SUCCESS
B,epsilon,239,3700,SUCCESS
B,epsilon,240,3700,SUCCESS
B,epsilon,241,3800,SUCCESS
B,epsilon,242,3700,SUCCESS
B,epsilon,243,3700,SUCCESS
B,epsilon,244,3800,SUCCESS
B,epsilon,245,3800,SUCCESS
B,epsilon,246,3800,SUCCESS
B,epsilon,247,3700,SUCCESS
B,epsilon,248,3800,SUCCESS
B,epsilon,249,3700,SUCCESS
B,epsilon,250,3800,SUCCESS
B,epsilon,251,3800,SUCCESS
B,epsilon,252,3800,SUCCESS
B,epsilon,253,3800,SUCCESS
B,epsilon,254,3800,SUCCESS
B,epsilon,255,3800,SUCCESS
B,epsilon,256,3800,SUCCESS
B,epsilon,257,3800,SUCCESS
B,epsilon,258,3800,SUCCESS
B,epsilon,259,3800,SUCCESS
B,epsilon,260,3800,SUCCESS
B,epsilon,261,3800,SUCCESS
B,epsilon,262,3800,SUCCESS
B,epsilon,263,3700,SUCCESS
B,epsilon,264,3800,SUCCESS
B,epsilon,265,3700,SUCCESS
B,epsilon,266,3700,SUCCESS
B,epsilon,267,3700,SUCCESS
B,epsilon,268,3700,SUCCESS
B,epsilon,269,3700,SUCCESS
B,epsilon,270,3700,SUCCESS
B,epsilon,271,3700,SUCCESS
B,epsilon,272,3700,SUCCESS
B,epsilon,273,3700,SUCCESS
B,epsilon,274,3700,SUCCESS
B,epsilon,275,3800,SUCCESS
B,epsilon,276,3800,SUCCESS
B,epsilon,277,3800,SUCCESS
B,epsilon,278,3800,SUCCESS
B,epsilon,279,3800,SUCCESS
B,epsilon,280,3800,SUCCESS
B,epsilon,281,3800,SUCCESS
B,epsilon,282,3700,SUCCESS
B,epsilon,283,3700,SUCCESS
B,epsilon,284,3700,SUCCESS
B,epsilon,285,3700,SUCCESS
B,epsilon,286,3800,SUCCESS
B,epsilon,287,3700,SUCCESS
B,epsilon,288,3700,SUCCESS
B,epsilon,289,3700,SUCCESS
B,epsilon,290,3700,SUCCESS
B,epsilon,291,3700,SUCCESS
B,epsilon,292,3700,SUCCESS
B,epsilon,293,3700,SUCCESS
B,epsilon,294,3700,SUCCESS
B,epsilon,295,3700,SUCCESS
B,epsilon,296,3700,SUCCESS
B,epsilon,297,3700,SUCCESS
B,epsilon,298,3800,SUCCESS
B,epsilon,299,3800,SUCCESS
B,epsilon,300,3700,SUCCESS
B,epsilon,301,3700,SUCCESS
B,epsilon,302,3800,SUCCESS
B,epsilon,303,3700,SUCCESS
B,epsilon,304,3800,SUCCESS
B,epsilon,305,3700,SUCCESS
B,epsilon,306,3700,SUCCESS
B,epsilon,307,3800,SUCCESS
B,epsilon,308,3700,SUCCESS
B,epsilon,309,3700,SUCCESS
B,epsilon,310,3700,SUCCESS
B,epsilon,311,3800,SUCCESS
B,epsilon,312,3800,SUCCESS
B,epsilon,313,3800,SUCCESS
B,epsilon,314,3800,SUCCESS
B,epsilon,315,3800,SUCCESS
B,epsilon,316,3800,SUCCESS
B,epsilon,317,3800,SUCCESS
B,epsilon,318,3800,SUCCESS
B,epsilon,319,3800,SUCCESS
B,epsilon,320,3800,SUCCESS
B,epsilon,321,3800,SUCCESS
B,epsilon,322,3800,SUCCESS
B,epsilon,323,3700,SUCCESS
B,epsilon,324,3700,SUCCESS
B,epsilon,325,3700,SUCCESS
B,epsilon,326,3700,SUCCESS
B,epsilon,327,3800,SUCCESS
B,epsilon,328,3700,SUCCESS
B,epsilon,329,3800,SUCCESS
B,epsilon,330,3800,SUCCESS
B,epsilon,331,3800,SUCCESS
B,epsilon,332,3700,SUCCESS
B,epsilon,333,3700,SUCCESS
B,epsilon,334,3700,SUCCESS
B,epsilon,335,3700,SUCCESS
B,epsilon,336,3800,SUCCESS
B,epsilon,337,3800,SUCCESS
B,epsilon,338,3800,SUCCESS
B,epsilon,339,3700,SUCCESS
B,epsilon,340,3800,SUCCESS
B,epsilon,341,3700,SUCCESS
B,epsilon,342,3700,SUCCESS
B,epsilon,343,3700,SUCCESS
B,epsilon,344,3700,SUCCESS
B,epsilon,345,3700,SUCCESS
B,epsilon,346,3700,SUCCESS
B,epsilon,347,3700,SUCCESS
B,epsilon,348,3700,SUCCESS
B,epsilon,349,3700,SUCCESS
B,epsilon,350,3700,SUCCESS
B,epsilon,351,3800,SUCCESS
B,epsilon,352,3800,SUCCESS
B,epsilon,353,3800,SUCCESS
B,epsilon,354,3800,SUCCESS
B,epsilon,355,3700,SUCCESS
B,epsilon,356,3700,SUCCESS
B,epsilon,357,3800,SUCCESS
B,epsilon,358,3800,SUCCESS
B,epsilon,359,3800,SUCCESS
B,epsilon,360,3800,SUCCESS
B,epsilon,361,3800,SUCCESS
B,epsilon,362,3800,SUCCESS
B,epsilon,363,4000,SUCCESS
B,epsilon,364,3900,SUCCESS
B,epsilon,365,3900,SUCCESS
B,epsilon,366,4000,SUCCESS
B,epsilon,367,4000,SUCCESS
B,epsilon,368,4000,SUCCESS
B,epsilon,369,4000,SUCCESS
B,epsilon,370,4000,SUCCESS
B,epsilon,371,4000,SUCCESS
B,epsilon,372,4000,SUCCESS
B,epsilon,373,4000,SUCCESS
B,epsilon,374,4000,SUCCESS
B,epsilon,375,4000,SUCCESS
B,epsilon,376,4000,SUCCESS
B,epsilon,377,4000,SUCCESS
B,epsilon,378,4000,SUCCESS
B,epsilon,379,4000,SUCCESS
B,epsilon,380,4000,SUCCESS
B,epsilon,381,8900,SUCCESS
B,epsilon,382,3900,SUCCESS
B,epsilon,383,4000,SUCCESS
B,epsilon,384,4000,SUCCESS
B,epsilon,385,4000,SUCCESS
B,epsilon,386,4000,SUCCESS
B,epsilon,387,4000,SUCCESS
B,epsilon,388,4000,SUCCESS
B,epsilon,389,4000,SUCCESS
B,epsilon,390,4800,SUCCESS
B,epsilon,391,4000,SUCCESS
B,epsilon,392,4000,SUCCESS
B,epsilon,393,4000,SUCCESS
B,epsilon,394,3900,SUCCESS
B,epsilon,395,4000,SUCCESS
B,epsilon,396,4000,SUCCESS
B,epsilon,397,4000,SUCCESS
B,epsilon,398,4000,SUCCESS
B,epsilon,399,4000,SUCCESS
B,epsilon,400,4000,SUCCESS
B,epsilon,401,4700,SUCCESS
B,epsilon,402,4000,SUCCESS
B,epsilon,403,4000,SUCCESS
B,epsilon,404,4000,SUCCESS
B,epsilon,405,3900,SUCCESS
B,epsilon,406,4000,SUCCESS
B,epsilon,407,4000,SUCCESS
B,epsilon,408,4000,SUCCESS
B,epsilon,409,4000,SUCCESS
B,epsilon,410,4000,SUCCESS
B,epsilon,411,4000,SUCCESS
B,epsilon,412,4000,SUCCESS
B,epsilon,413,4000,SUCCESS
B,epsilon,414,4000,SUCCESS
B,epsilon,415,4900,SUCCESS
B,epsilon,416,4000,SUCCESS
B,epsilon,417,4000,SUCCESS
B,epsilon,418,4000,SUCCESS
B,epsilon,419,4000,SUCCESS
B,epsilon,420,4000,SUCCESS
B,epsilon,421,4000,SUCCESS
B,epsilon,422,4000,SUCCESS
B,epsilon,423,4000,SUCCESS
B,epsilon,424,4000,SUCCESS
B,epsilon,425,4000,SUCCESS
B,epsilon,426,4000,SUCCESS
B,epsilon,427,5000,SUCCESS
B,epsilon,428,3800,SUCCESS
B,epsilon,429,3800,SUCCESS
B,epsilon,430,3800,SUCCESS
B,epsilon,431,3800,SUCCESS
B,epsilon,432,3700,SUCCESS
B,epsilon,433,3700,SUCCESS
B,epsilon,434,3700,SUCCESS
B,epsilon,435,3700,SUCCESS
B,epsilon,436,3800,SUCCESS
B,epsilon,437,3700,SUCCESS
B,epsilon,438,3700,SUCCESS
B,epsilon,439,3700,SUCCESS
B,epsilon,440,3800,SUCCESS
B,epsilon,441,3800,SUCCESS
B,epsilon,442,3800,SUCCESS
B,epsilon,443,3700,SUCCESS
B,epsilon,444,3700,SUCCESS
B,epsilon,445,3700,SUCCESS
B,epsilon,446,3700,SUCCESS
B,epsilon,447,3700,SUCCESS
B,epsilon,448,3800,SUCCESS
B,epsilon,449,3800,SUCCESS
B,epsilon,450,3800,SUCCESS
B,epsilon,451,3800,SUCCESS
B,epsilon,452,3700,SUCCESS
B,epsilon,453,3800,SUCCESS
B,epsilon,454,3800,SUCCESS
B,epsilon,455,3700,SUCCESS
B,epsilon,456,3700,SUCCESS
B,epsilon,457,3700,SUCCESS
B,epsilon,458,3700,SUCCESS
B,epsilon,459,3700,SUCCESS
B,epsilon,460,3700,SUCCESS
B,epsilon,461,3800,SUCCESS
B,epsilon,462,3800,SUCCESS
B,epsilon,463,3800,SUCCESS
B,epsilon,464,3800,SUCCESS
B,epsilon,465,3800,SUCCESS
B,epsilon,466,3800,SUCCESS
B,epsilon,467,3800,SUCCESS
B,epsilon,468,3800,SUCCESS
B,epsilon,469,3800,SUCCESS
B,epsilon,470,3800,SUCCESS
B,epsilon,471,3700,SUCCESS
B,epsilon,472,3700,SUCCESS
B,epsilon,473,3700,SUCCESS
B,epsilon,474,3700,SUCCESS
B,epsilon,475,3700,SUCCESS
B,epsilon,476,3700,SUCCESS
B,epsilon,477,3800,SUCCESS
B,epsilon,478,3800,SUCCESS
B,epsilon,479,3800,SUCCESS
B,epsilon,480,3800,SUCCESS
B,epsilon,481,3800,SUCCESS
B,epsilon,482,3800,SUCCESS
B,epsilon,483,3800,SUCCESS
B,epsilon,484,3800,SUCCESS
B,epsilon,485,3800,SUCCESS
B,epsilon,486,3800,SUCCESS
B,epsilon,487,3800,SUCCESS
B,epsilon,488,3800,SUCCESS
B,epsilon,489,3700,SUCCESS
B,epsilon,490,3800,SUCCESS
B,epsilon,491,3800,SUCCESS
B,epsilon,492,3800,SUCCESS
B,epsilon,493,3700,SUCCESS
B,epsilon,494,3700,SUCCESS
B,epsilon,495,3700,SUCCESS
B,epsilon,496,3700,SUCCESS
B,epsilon,497,3700,SUCCESS
B,epsilon,498,3700,SUCCESS
B,epsilon,499,3800,SUCCESS
B,epsilon,500,3800,SUCCESS
B,epsilon,501,3800,SUCCESS
B,epsilon,502,3800,SUCCESS
B,epsilon,503,3800,SUCCESS
B,epsilon,504,3700,SUCCESS
B,epsilon,505,3700,SUCCESS
B,epsilon,506,3700,SUCCESS
B,epsilon,507,3700,SUCCESS
B,epsilon,508,3700,SUCCESS
B,epsilon,509,3700,SUCCESS
B,epsilon,510,3700,SUCCESS
B,epsilon,511,3700,SUCCESS
B,epsilon,512,3700,SUCCESS
B,epsilon,513,3700,SUCCESS
B,epsilon,514,3700,SUCCESS
B,epsilon,515,3700,SUCCESS
B,epsilon,516,3700,SUCCESS
B,epsilon,517,3700,SUCCESS
B,epsilon,518,3800,SUCCESS
B,epsilon,519,5100,SUCCESS
B,epsilon,520,3800,SUCCESS
B,epsilon,521,3900,SUCCESS
B,epsilon,522,3900,SUCCESS
B,epsilon,523,3800,SUCCESS
B,epsilon,524,3700,SUCCESS
B,epsilon,525,3800,SUCCESS
B,epsilon,526,3800,SUCCESS
B,epsilon,527,3800,SUCCESS
B,epsilon,528,3800,SUCCESS
B,epsilon,529,3800,SUCCESS
B,epsilon,530,3700,SUCCESS
B,epsilon,531,3800,SUCCESS
B,epsilon,532,3800,SUCCESS
B,epsilon,533,3800,SUCCESS
B,epsilon,534,3800,SUCCESS
B,epsilon,535,3800,SUCCESS
B,epsilon,536,3700,SUCCESS
B,epsilon,537,3800,SUCCESS
B,epsilon,538,3800,SUCCESS
B,epsilon,539,3800,SUCCESS
B,epsilon,540,3800,SUCCESS
B,epsilon,541,3800,SUCCESS
B,epsilon,542,3800,SUCCESS
B,epsilon,543,3800,SUCCESS
B,epsilon,544,3700,SUCCESS
B,epsilon,545,3700,SUCCESS
B,epsilon,546,3700,SUCCESS
B,epsilon,547,3700,SUCCESS
B,epsilon,548,3700,SUCCESS
B,epsilon,549,3700,SUCCESS
B,epsilon,550,3700,SUCCESS
B,epsilon,551,3700,SUCCESS
B,epsilon,552,3700,SUCCESS
B,epsilon,553,3700,SUCCESS
B,epsilon,554,3800,SUCCESS
B,epsilon,555,3800,SUCCESS
B,epsilon,556,3800,SUCCESS
B,epsilon,557,3900,SUCCESS
B,epsilon,558,4000,SUCCESS
B,epsilon,559,4000,SUCCESS
B,epsilon,560,4000,SUCCESS
B,epsilon,561,4000,SUCCESS
B,epsilon,562,4000,SUCCESS
B,epsilon,563,4000,SUCCESS
B,epsilon,564,4000,SUCCESS
B,epsilon,565,4000,SUCCESS
B,epsilon,566,4000,SUCCESS
B,epsilon,567,4000,SUCCESS
B,epsilon,568,4000,SUCCESS
B,epsilon,569,3900,SUCCESS
B,epsilon,570,4000,SUCCESS
B,epsilon,571,4000,SUCCESS
B,epsilon,572,4000,SUCCESS
B,epsilon,573,4000,SUCCESS
B,epsilon,574,4000,SUCCESS
B,epsilon,575,4000,SUCCESS
B,epsilon,576,4000,SUCCESS
B,epsilon,577,4000,SUCCESS
B,epsilon,578,4000,SUCCESS
B,epsilon,579,4000,SUCCESS
B,epsilon,580,4000,SUCCESS
B,epsilon,581,4000,SUCCESS
B,epsilon,582,4000,SUCCESS
B,epsilon,583,4000,SUCCESS
B,epsilon,584,4000,SUCCESS
B,epsilon,585,4000,SUCCESS
B,epsilon,586,4000,SUCCESS
B,epsilon,587,4000,SUCCESS
B,epsilon,588,3900,SUCCESS
B,epsilon,589,4000,SUCCESS
B,epsilon,590,4000,SUCCESS
B,epsilon,591,4000,SUCCESS
B,epsilon,592,4000,SUCCESS
B,epsilon,593,4000,SUCCESS
B,epsilon,594,4000,SUCCESS
B,epsilon,595,4000,SUCCESS
B,epsilon,596,4000,SUCCESS
B,epsilon,597,4000,SUCCESS
B,epsilon,598,4000,SUCCESS
B,epsilon,599,4000,SUCCESS
B,epsilon,600,4000,SUCCESS
B,epsilon,601,3900,SUCCESS
B,epsilon,602,4000,SUCCESS
B,epsilon,603,4000,SUCCESS
B,epsilon,604,4000,SUCCESS
B,epsilon,605,4000,SUCCESS
B,epsilon,606,4000,SUCCESS
B,epsilon,607,4000,SUCCESS
B,epsilon,608,4000,SUCCESS
B,epsilon,609,4000,SUCCESS
B,epsilon,610,4000,SUCCESS
B,epsilon,611,4000,SUCCESS
B,epsilon,612,4000,SUCCESS
B,epsilon,613,4000,SUCCESS
B,epsilon,614,4000,SUCCESS
B,epsilon,615,4000,SUCCESS
B,epsilon,616,4000,SUCCESS
B,epsilon,617,4000,SUCCESS
B,epsilon,618,4000,SUCCESS
B,epsilon,619,4000,SUCCESS
B,epsilon,620,4000,SUCCESS
B,epsilon,621,4000,SUCCESS
B,epsilon,622,3900,SUCCESS
B,epsilon,623,4000,SUCCESS
B,epsilon,624,4800,SUCCESS
B,epsilon,625,4000,SUCCESS
B,epsilon,626,4000,SUCCESS
B,epsilon,627,4000,SUCCESS
B,epsilon,628,4000,SUCCESS
B,epsilon,629,4100,SUCCESS
B,epsilon,630,4900,SUCCESS
B,epsilon,631,3700,SUCCESS
B,epsilon,632,3700,SUCCESS
B,epsilon,633,3700,SUCCESS
B,epsilon,634,3700,SUCCESS
B,epsilon,635,3700,SUCCESS
B,epsilon,636,3800,SUCCESS
B,epsilon,637,3800,SUCCESS
B,epsilon,638,3800,SUCCESS
B,epsilon,639,3800,SUCCESS
B,epsilon,640,3800,SUCCESS
B,epsilon,641,3800,SUCCESS
B,epsilon,642,3800,SUCCESS
B,epsilon,643,3800,SUCCESS
B,epsilon,644,3700,SUCCESS
B,epsilon,645,3700,SUCCESS
B,epsilon,646,3700,SUCCESS
B,epsilon,647,3700,SUCCESS
B,epsilon,648,3700,SUCCESS
B,epsilon,649,3700,SUCCESS
B,epsilon,650,3700,SUCCESS
B,epsilon,651,3700,SUCCESS
B,epsilon,652,3800,SUCCESS
B,epsilon,653,3800,SUCCESS
B,epsilon,654,3800,SUCCESS
B,epsilon,655,3800,SUCCESS
B,epsilon,656,3800,SUCCESS
B,epsilon,657,3700,SUCCESS
B,epsilon,658,3800,SUCCESS
B,epsilon,659,3800,SUCCESS
B,epsilon,660,3800,SUCCESS
B,epsilon,661,3900,SUCCESS
B,epsilon,662,3700,SUCCESS
B,epsilon,663,3800,SUCCESS
B,epsilon,664,3800,SUCCESS
B,epsilon,665,3800,SUCCESS
B,epsilon,666,3800,SUCCESS
B,epsilon,667,3800,SUCCESS
B,epsilon,668,3800,SUCCESS
B,epsilon,669,3700,SUCCESS
B,epsilon,670,3700,SUCCESS
B,epsilon,671,3700,SUCCESS
B,epsilon,672,3700,SUCCESS
B,epsilon,673,3700,SUCCESS
B,epsilon,674,3800,SUCCESS
B,epsilon,675,3800,SUCCESS
B,epsilon,676,3800,SUCCESS
B,epsilon,677,3800,SUCCESS
B,epsilon,678,3800,SUCCESS
B,epsilon,679,3800,SUCCESS
B,epsilon,680,3800,SUCCESS
B,epsilon,681,4500,SUCCESS
B,epsilon,682,3800,SUCCESS
B,epsilon,683,3800,SUCCESS
B,epsilon,684,3800,SUCCESS
B,epsilon,685,3700,SUCCESS
B,epsilon,686,3700,SUCCESS
B,epsilon,687,3800,SUCCESS
B,epsilon,688,3800,SUCCESS
B,epsilon,689,3800,SUCCESS
B,epsilon,690,3800,SUCCESS
B,epsilon,691,3800,SUCCESS
B,epsilon,692,3800,SUCCESS
B,epsilon,693,3700,SUCCESS
B,epsilon,694,3700,SUCCESS
B,epsilon,695,3700,SUCCESS
B,epsilon,696,3700,SUCCESS
B,epsilon,697,3700,SUCCESS
B,epsilon,698,3700,SUCCESS
B,epsilon,699,3700,SUCCESS
B,epsilon,700,3700,SUCCESS
B,epsilon,701,3800,SUCCESS
B,epsilon,702,3800,SUCCESS
B,epsilon,703,3700,SUCCESS
B,epsilon,704,3700,SUCCESS
B,epsilon,705,3800,SUCCESS
B,epsilon,706,3800,SUCCESS
B,epsilon,707,3800,SUCCESS
B,epsilon,708,3800,SUCCESS
B,epsilon,709,6900,SUCCESS
B,epsilon,710,4000,SUCCESS
B,epsilon,711,4000,SUCCESS
B,epsilon,712,4000,SUCCESS
B,epsilon,713,4000,SUCCESS
B,epsilon,714,4000,SUCCESS
B,epsilon,715,4000,SUCCESS
B,epsilon,716,4000,SUCCESS
B,epsilon,717,6000,SUCCESS
B,epsilon,718,4000,SUCCESS
B,epsilon,719,4000,SUCCESS
B,epsilon,720,4000,SUCCESS
B,epsilon,721,4000,SUCCESS
B,epsilon,722,4000,SUCCESS
B,epsilon,723,4000,SUCCESS
B,epsilon,724,4000,SUCCESS
B,epsilon,725,4000,SUCCESS
B,epsilon,726,4000,SUCCESS
B,epsilon,727,4000,SUCCESS
B,epsilon,728,4000,SUCCESS
B,epsilon,729,4000,SUCCESS
B,epsilon,730,3900,SUCCESS
B,epsilon,731,4000,SUCCESS
B,epsilon,732,4000,SUCCESS
B,epsilon,733,4000,SUCCESS
B,epsilon,734,4000,SUCCESS
B,epsilon,735,4000,SUCCESS
B,epsilon,736,4000,SUCCESS
B,epsilon,737,4000,SUCCESS
B,epsilon,738,4000,SUCCESS
B,epsilon,739,4000,SUCCESS
B,epsilon,740,4000,SUCCESS
B,epsilon,741,4000,SUCCESS
B,epsilon,742,4000,SUCCESS
B,epsilon,743,4000,SUCCESS
B,epsilon,744,4000,SUCCESS
B,epsilon,745,4000,SUCCESS
B,epsilon,746,4000,SUCCESS
B,epsilon,747,4000,SUCCESS
B,epsilon,748,4000,SUCCESS
B,epsilon,749,4000,SUCCESS
B,epsilon,750,4000,SUCCESS
B,epsilon,751,4000,SUCCESS
B,epsilon,752,4000,SUCCESS
B,epsilon,753,4000,SUCCESS
B,epsilon,754,4000,SUCCESS
B,epsilon,755,4800,SUCCESS
B,epsilon,756,4000,SUCCESS
B,epsilon,757,4000,SUCCESS
B,epsilon,758,4000,SUCCESS
B,epsilon,759,4800,SUCCESS
B,epsilon,760,4000,SUCCESS
B,epsilon,761,3900,SUCCESS
B,epsilon,762,4000,SUCCESS
B,epsilon,763,4000,SUCCESS
B,epsilon,764,4100,SUCCESS
B,epsilon,765,4000,SUCCESS
B,epsilon,766,4000,SUCCESS
B,epsilon,767,4000,SUCCESS
B,epsilon,768,4100,SUCCESS
B,epsilon,769,4000,SUCCESS
B,epsilon,770,4000,SUCCESS
B,epsilon,771,4000,SUCCESS
B,epsilon,772,4000,SUCCESS
B,epsilon,773,4000,SUCCESS
B,epsilon,774,4000,SUCCESS
B,epsilon,775,4000,SUCCESS
B,epsilon,776,4000,SUCCESS
B,epsilon,777,4000,SUCCESS
B,epsilon,778,4000,SUCCESS
B,epsilon,779,4000,SUCCESS
B,epsilon,780,4000,SUCCESS
B,epsilon,781,4000,SUCCESS
B,epsilon,782,4000,SUCCESS
B,epsilon,783,4000,SUCCESS
B,epsilon,784,3900,SUCCESS
B,epsilon,785,4000,SUCCESS
B,epsilon,786,4000,SUCCESS
B,epsilon,787,4000,SUCCESS
B,epsilon,788,4000,SUCCESS
B,epsilon,789,4000,SUCCESS
B,epsilon,790,4000,SUCCESS
B,epsilon,791,4000,SUCCESS
B,epsilon,792,4000,SUCCESS
B,epsilon,793,4000,SUCCESS
B,epsilon,794,4000,SUCCESS
B,epsilon,795,4000,SUCCESS
B,epsilon,796,4000,SUCCESS
B,epsilon,797,4000,SUCCESS
B,epsilon,798,4000,SUCCESS
B,epsilon,799,4000,SUCCESS
B,epsilon,800,4000,SUCCESS
B,epsilon,801,4000,SUCCESS
B,epsilon,802,4000,SUCCESS
B,epsilon,803,4000,SUCCESS
B,epsilon,804,4000,SUCCESS
B,epsilon,805,4000,SUCCESS
B,epsilon,806,4000,SUCCESS
B,epsilon,807,4900,SUCCESS
B,epsilon,808,4100,SUCCESS
B,epsilon,809,4000,SUCCESS
B,epsilon,810,4000,SUCCESS
B,epsilon,811,4000,SUCCESS
B,epsilon,812,4100,SUCCESS
B,epsilon,813,4000,SUCCESS
B,epsilon,814,4000,SUCCESS
B,epsilon,815,4000,SUCCESS
B,epsilon,816,4000,SUCCESS
B,epsilon,817,4000,SUCCESS
B,epsilon,818,3900,SUCCESS
B,epsilon,819,4000,SUCCESS
B,epsilon,820,4000,SUCCESS
B,epsilon,821,4000,SUCCESS
B,epsilon,822,4000,SUCCESS
B,epsilon,823,4000,SUCCESS
B,epsilon,824,4000,SUCCESS
B,epsilon,825,4000,SUCCESS
B,epsilon,826,4000,SUCCESS
B,epsilon,827,4000,SUCCESS
B,epsilon,828,4000,SUCCESS
B,epsilon,829,4000,SUCCESS
B,epsilon,830,4000,SUCCESS
B,epsilon,831,4000,SUCCESS
B,epsilon,832,4000,SUCCESS
B,epsilon,833,4000,SUCCESS
B,epsilon,834,3900,SUCCESS
B,epsilon,835,3900,SUCCESS
B,epsilon,836,4000,SUCCESS
B,epsilon,837,4000,SUCCESS
B,epsilon,838,4000,SUCCESS
B,epsilon,839,4000,SUCCESS
B,epsilon,840,4000,SUCCESS
B,epsilon,841,4000,SUCCESS
B,epsilon,842,4000,SUCCESS
B,epsilon,843,4000,SUCCESS
B,epsilon,844,4000,SUCCESS
B,epsilon,845,4000,SUCCESS
B,epsilon,846,4000,SUCCESS
B,epsilon,847,4100,SUCCESS
B,epsilon,848,4000,SUCCESS
B,epsilon,849,4000,SUCCESS
B,epsilon,850,4000,SUCCESS
B,epsilon,851,3900,SUCCESS
B,epsilon,852,4000,SUCCESS
B,epsilon,853,3900,SUCCESS
B,epsilon,854,4000,SUCCESS
B,epsilon,855,4000,SUCCESS
B,epsilon,856,4000,SUCCESS
B,epsilon,857,5100,SUCCESS
B,epsilon,858,3800,SUCCESS
B,epsilon,859,3800,SUCCESS
B,epsilon,860,3700,SUCCESS
B,epsilon,861,3700,SUCCESS
B,epsilon,862,3700,SUCCESS
B,epsilon,863,3800,SUCCESS
B,epsilon,864,3700,SUCCESS
B,epsilon,865,3800,SUCCESS
B,epsilon,866,3800,SUCCESS
B,epsilon,867,3700,SUCCESS
B,epsilon,868,3700,SUCCESS
B,epsilon,869,3700,SUCCESS
B,epsilon,870,3700,SUCCESS
B,epsilon,871,3800,SUCCESS
B,epsilon,872,3700,SUCCESS
B,epsilon,873,3800,SUCCESS
B,epsilon,874,3800,SUCCESS
B,epsilon,875,3800,SUCCESS
B,epsilon,876,3800,SUCCESS
B,epsilon,877,3800,SUCCESS
B,epsilon,878,4500,SUCCESS
B,epsilon,879,3800,SUCCESS
B,epsilon,880,4500,SUCCESS
B,epsilon,881,4500,SUCCESS
B,epsilon,882,3700,SUCCESS
B,epsilon,883,4400,SUCCESS
B,epsilon,884,3800,SUCCESS
B,epsilon,885,3800,SUCCESS
B,epsilon,886,3800,SUCCESS
B,epsilon,887,3800,SUCCESS
B,epsilon,888,3800,SUCCESS
B,epsilon,889,3800,SUCCESS
B,epsilon,890,3800,SUCCESS
B,epsilon,891,3800,SUCCESS
B,epsilon,892,3800,SUCCESS
B,epsilon,893,3800,SUCCESS
B,epsilon,894,3800,SUCCESS
B,epsilon,895,3800,SUCCESS
B,epsilon,896,3800,SUCCESS
B,epsilon,897,3800,SUCCESS
B,epsilon,898,3800,SUCCESS
B,epsilon,899,3800,SUCCESS
B,epsilon,900,3800,SUCCESS
B,epsilon,901,3800,SUCCESS
B,epsilon,902,3800,SUCCESS
B,epsilon,903,3800,SUCCESS
B,epsilon,904,3800,SUCCESS
B,epsilon,905,3700,SUCCESS
B,epsilon,906,3700,SUCCESS
B,epsilon,907,3700,SUCCESS
B,epsilon,908,3800,SUCCESS
B,epsilon,909,3700,SUCCESS
B,epsilon,910,3700,SUCCESS
B,epsilon,911,3700,SUCCESS
B,epsilon,912,3800,SUCCESS
B,epsilon,913,3800,SUCCESS
B,epsilon,914,3800,SUCCESS
B,epsilon,915,3700,SUCCESS
B,epsilon,916,3700,SUCCESS
B,epsilon,917,3800,SUCCESS
B,epsilon,918,3800,SUCCESS
B,epsilon,919,3700,SUCCESS
B,epsilon,920,3700,SUCCESS
B,epsilon,921,3700,SUCCESS
B,epsilon,922,3700,SUCCESS
B,epsilon,923,3700,SUCCESS
B,epsilon,924,3800,SUCCESS
B,epsilon,925,3700,SUCCESS
B,epsilon,926,3800,SUCCESS
B,epsilon,927,3800,SUCCESS
B,epsilon,928,3800,SUCCESS
B,epsilon,929,7900,SUCCESS
B,epsilon,930,4000,SUCCESS
B,epsilon,931,4000,SUCCESS
B,epsilon,932,4000,SUCCESS
B,epsilon,933,4100,SUCCESS
B,epsilon,934,4000,SUCCESS
B,epsilon,935,4000,SUCCESS
B,epsilon,936,3900,SUCCESS
B,epsilon,937,4000,SUCCESS
B,epsilon,938,3900,SUCCESS
B,epsilon,939,4000,SUCCESS
B,epsilon,940,4000,SUCCESS
B,epsilon,941,4000,SUCCESS
B,epsilon,942,4000,SUCCESS
B,epsilon,943,4000,SUCCESS
B,epsilon,944,4000,SUCCESS
B,epsilon,945,4000,SUCCESS
B,epsilon,946,4000,SUCCESS
B,epsilon,947,4000,SUCCESS
B,epsilon,948,4000,SUCCESS
B,epsilon,949,4000,SUCCESS
B,epsilon,950,4000,SUCCESS
B,epsilon,951,4000,SUCCESS
B,epsilon,952,4000,SUCCESS
B,epsilon,953,4000,SUCCESS
B,epsilon,954,4000,SUCCESS
B,epsilon,955,4000,SUCCESS
B,epsilon,956,4800,SUCCESS
B,epsilon,957,4000,SUCCESS
B,epsilon,958,4000,SUCCESS
B,epsilon,959,4000,SUCCESS
B,epsilon,960,4000,SUCCESS
B,epsilon,961,4000,SUCCESS
B,epsilon,962,4000,SUCCESS
B,epsilon,963,4000,SUCCESS
B,epsilon,964,4000,SUCCESS
B,epsilon,965,4000,SUCCESS
B,epsilon,966,4000,SUCCESS
B,epsilon,967,3900,SUCCESS
B,epsilon,968,4000,SUCCESS
B,epsilon,969,4000,SUCCESS
B,epsilon,970,4000,SUCCESS
B,epsilon,971,4000,SUCCESS
B,epsilon,972,4000,SUCCESS
B,epsilon,973,4000,SUCCESS
B,epsilon,974,4000,SUCCESS
B,epsilon,975,4000,SUCCESS
B,epsilon,976,4000,SUCCESS
B,epsilon,977,4000,SUCCESS
B,epsilon,978,4000,SUCCESS
B,epsilon,979,4000,SUCCESS
B,epsilon,980,4000,SUCCESS
B,epsilon,981,4000,SUCCESS
B,epsilon,982,4000,SUCCESS
B,epsilon,983,4000,SUCCESS
B,epsilon,984,4000,SUCCESS
B,epsilon,985,4000,SUCCESS
B,epsilon,986,5100,SUCCESS
B,epsilon,987,3800,SUCCESS
B,epsilon,988,3800,SUCCESS
B,epsilon,989,3800,SUCCESS
B,epsilon,990,3800,SUCCESS
B,epsilon,991,3800,SUCCESS
B,epsilon,992,3800,SUCCESS
B,epsilon,993,3800,SUCCESS
B,epsilon,994,3700,SUCCESS
B,epsilon,995,3700,SUCCESS
B,epsilon,996,3800,SUCCESS
B,epsilon,997,3700,SUCCESS
B,epsilon,998,3700,SUCCESS
B,epsilon,999,3800,SUCCESS
B,alpha,0,5800,SUCCESS
B,alpha,1,4300,SUCCESS
B,alpha,2,4300,SUCCESS
B,alpha,3,4200,SUCCESS
B,alpha,4,5500,SUCCESS
B,alpha,5,4300,SUCCESS
B,alpha,6,4300,SUCCESS
B,alpha,7,4300,SUCCESS
B,alpha,8,4200,SUCCESS
B,alpha,9,4200,SUCCESS
B,alpha,10,4300,SUCCESS
B,alpha,11,4200,SUCCESS
B,alpha,12,4300,SUCCESS
B,alpha,13,4300,SUCCESS
B,alpha,14,4300,SUCCESS
B,alpha,15,4300,SUCCESS
B,alpha,16,4200,SUCCESS
B,alpha,17,4300,SUCCESS
B,alpha,18,4200,SUCCESS
B,alpha,19,4300,SUCCESS
B,alpha,20,4300,SUCCESS
B,alpha,21,4300,SUCCESS
B,alpha,22,4300,SUCCESS
B,alpha,23,6900,SUCCESS
B,alpha,24,6900,SUCCESS
B,alpha,25,7000,SUCCESS
B,alpha,26,6900,SUCCESS
B,alpha,27,6900,SUCCESS
B,alpha,28,7000,SUCCESS
B,alpha,29,6900,SUCCESS
B,alpha,30,6900,SUCCESS
B,alpha,31,6800,SUCCESS
B,alpha,32,6900,SUCCESS
B,alpha,33,6900,SUCCESS
B,alpha,34,7200,SUCCESS
B,alpha,35,7400,SUCCESS
B,alpha,36,7200,SUCCESS
B,alpha,37,7200,SUCCESS
B,alpha,38,7200,SUCCESS
B,alpha,39,7300,SUCCESS
B,alpha,40,7200,SUCCESS
B,alpha,41,7100,SUCCESS
B,alpha,42,7200,SUCCESS
B,alpha,43,7200,SUCCESS
B,alpha,44,7300,SUCCESS
B,alpha,45,3800,SUCCESS
B,alpha,46,3800,SUCCESS
B,alpha,47,3900,SUCCESS
B,alpha,48,3900,SUCCESS
B,alpha,49,3800,SUCCESS
B,alpha,50,3900,SUCCESS
B,alpha,51,3800,SUCCESS
B,alpha,52,3800,SUCCESS
B,alpha,53,4000,SUCCESS
B,alpha,54,3900,SUCCESS
B,alpha,55,3800,SUCCESS
B,alpha,56,3900,SUCCESS
B,alpha,57,3900,SUCCESS
B,alpha,58,3900,SUCCESS
B,alpha,59,3800,SUCCESS
B,alpha,60,3900,SUCCESS
B,alpha,61,3900,SUCCESS
B,alpha,62,4000,SUCCESS
B,alpha,63,3800,SUCCESS
B,alpha,64,3800,SUCCESS
B,alpha,65,3800,SUCCESS
B,alpha,66,3700,SUCCESS
B,alpha,67,3700,SUCCESS
B,alpha,68,3700,SUCCESS
B,alpha,69,3700,SUCCESS
B,alpha,70,3700,SUCCESS
B,alpha,71,3800,SUCCESS
B,alpha,72,3700,SUCCESS
B,alpha,73,3800,SUCCESS
B,alpha,74,3800,SUCCESS
B,alpha,75,3800,SUCCESS
B,alpha,76,3800,SUCCESS
B,alpha,77,3800,SUCCESS
B,alpha,78,3800,SUCCESS
B,alpha,79,3800,SUCCESS
B,alpha,80,3700,SUCCESS
B,alpha,81,3700,SUCCESS
B,alpha,82,3700,SUCCESS
B,alpha,83,3700,SUCCESS
B,alpha,84,3700,SUCCESS
B,alpha,85,3700,SUCCESS
B,alpha,86,3700,SUCCESS
B,alpha,87,3800,SUCCESS
B,alpha,88,3800,SUCCESS
B,alpha,89,3800,SUCCESS
B,alpha,90,3700,SUCCESS
B,alpha,91,3700,SUCCESS
B,alpha,92,3700,SUCCESS
B,alpha,93,3700,SUCCESS
B,alpha,94,3700,SUCCESS
B,alpha,95,3700,SUCCESS
B,alpha,96,3700,SUCCESS
B,alpha,97,3700,SUCCESS
B,alpha,98,3800,SUCCESS
B,alpha,99,3700,SUCCESS
B,alpha,100,3700,SUCCESS
B,alpha,101,3700,SUCCESS
B,alpha,102,3800,SUCCESS
B,alpha,103,3700,SUCCESS
B,alpha,104,3800,SUCCESS
B,alpha,105,3800,SUCCESS
B,alpha,106,3800,SUCCESS
B,alpha,107,3700,SUCCESS
B,alpha,108,3700,SUCCESS
B,alpha,109,3700,SUCCESS
B,alpha,110,3800,SUCCESS
B,alpha,111,3700,SUCCESS
B,alpha,112,3700,SUCCESS
B,alpha,113,3800,SUCCESS
B,alpha,114,3800,SUCCESS
B,alpha,115,3800,SUCCESS
B,alpha,116,3700,SUCCESS
B,alpha,117,3700,SUCCESS
B,alpha,118,3700,SUCCESS
B,alpha,119,3700,SUCCESS
B,alpha,120,3700,SUCCESS
B,alpha,121,3700,SUCCESS
B,alpha,122,3800,SUCCESS
B,alpha,123,3700,SUCCESS
B,alpha,124,3700,SUCCESS
B,alpha,125,3800,SUCCESS
B,alpha,126,3800,SUCCESS
B,alpha,127,3800,SUCCESS
B,alpha,128,3800,SUCCESS
B,alpha,129,3700,SUCCESS
B,alpha,130,3800,SUCCESS
B,alpha,131,3700,SUCCESS
B,alpha,132,3700,SUCCESS
B,alpha,133,3700,SUCCESS
B,alpha,134,3700,SUCCESS
B,alpha,135,3700,SUCCESS
B,alpha,136,3800,SUCCESS
B,alpha,137,3700,SUCCESS
B,alpha,138,3800,SUCCESS
B,alpha,139,3700,SUCCESS
B,alpha,140,3700,SUCCESS
B,alpha,141,3800,SUCCESS
B,alpha,142,3800,SUCCESS
B,alpha,143,3800,SUCCESS
B,alpha,144,3700,SUCCESS
B,alpha,145,3700,SUCCESS
B,alpha,146,3700,SUCCESS
B,alpha,147,3700,SUCCESS
B,alpha,148,3700,SUCCESS
B,alpha,149,3900,SUCCESS
B,alpha,150,3700,SUCCESS
B,alpha,151,3700,SUCCESS
B,alpha,152,3700,SUCCESS
B,alpha,153,3700,SUCCESS
B,alpha,154,3700,SUCCESS
B,alpha,155,3700,SUCCESS
B,alpha,156,3700,SUCCESS
B,alpha,157,3700,SUCCESS
B,alpha,158,3800,SUCCESS
B,alpha,159,3800,SUCCESS
B,alpha,160,3800,SUCCESS
B,alpha,161,3700,SUCCESS
B,alpha,162,3700,SUCCESS
B,alpha,163,3700,SUCCESS
B,alpha,164,3700,SUCCESS
B,alpha,165,3700,SUCCESS
B,alpha,166,3700,SUCCESS
B,alpha,167,3700,SUCCESS
B,alpha,168,3700,SUCCESS
B,alpha,169,3700,SUCCESS
B,alpha,170,3700,SUCCESS
B,alpha,171,3700,SUCCESS
B,alpha,172,3800,SUCCESS
B,alpha,173,3800,SUCCESS
B,alpha,174,3700,SUCCESS
B,alpha,175,3700,SUCCESS
B,alpha,176,3700,SUCCESS
B,alpha,177,3700,SUCCESS
B,alpha,178,3700,SUCCESS
B,alpha,179,3700,SUCCESS
B,alpha,180,3700,SUCCESS
B,alpha,181,3700,SUCCESS
B,alpha,182,3700,SUCCESS
B,alpha,183,3700,SUCCESS
B,alpha,184,3800,SUCCESS
B,alpha,185,3700,SUCCESS
B,alpha,186,3700,SUCCESS
B,alpha,187,3700,SUCCESS
B,alpha,188,3700,SUCCESS
B,alpha,189,3700,SUCCESS
B,alpha,190,3700,SUCCESS
B,alpha,191,3700,SUCCESS
B,alpha,192,3800,SUCCESS
B,alpha,193,3700,SUCCESS
B,alpha,194,3700,SUCCESS
B,alpha,195,3800,SUCCESS
B,alpha,196,3800,SUCCESS
B,alpha,197,3800,SUCCESS
B,alpha,198,3700,SUCCESS
B,alpha,199,3700,SUCCESS
B,alpha,200,3700,SUCCESS
B,alpha,201,3700,SUCCESS
B,alpha,202,3700,SUCCESS
B,alpha,203,3800,SUCCESS
B,alpha,204,3800,SUCCESS
B,alpha,205,3800,SUCCESS
B,alpha,206,3800,SUCCESS
B,alpha,207,3800,SUCCESS
B,alpha,208,3700,SUCCESS
B,alpha,209,3700,SUCCESS
B,alpha,210,3700,SUCCESS
B,alpha,211,3700,SUCCESS
B,alpha,212,3700,SUCCESS
B,alpha,213,3800,SUCCESS
B,alpha,214,3700,SUCCESS
B,alpha,215,3700,SUCCESS
B,alpha,216,3700,SUCCESS
B,alpha,217,3700,SUCCESS
B,alpha,218,3800,SUCCESS
B,alpha,219,3700,SUCCESS
B,alpha,220,3700,SUCCESS
B,alpha,221,3700,SUCCESS
B,alpha,222,3700,SUCCESS
B,alpha,223,3700,SUCCESS
B,alpha,224,3800,SUCCESS
B,alpha,225,3700,SUCCESS
B,alpha,226,3700,SUCCESS
B,alpha,227,3800,SUCCESS
B,alpha,228,3700,SUCCESS
B,alpha,229,3800,SUCCESS
B,alpha,230,3700,SUCCESS
B,alpha,231,3700,SUCCESS
B,alpha,232,3700,SUCCESS
B,alpha,233,3700,SUCCESS
B,alpha,234,3700,SUCCESS
B,alpha,235,3700,SUCCESS
B,alpha,236,3800,SUCCESS
B,alpha,237,3800,SUCCESS
B,alpha,238,3700,SUCCESS
B,alpha,239,3700,SUCCESS
B,alpha,240,3700,SUCCESS
B,alpha,241,3800,SUCCESS
B,alpha,242,3800,SUCCESS
B,alpha,243,3700,SUCCESS
B,alpha,244,3700,SUCCESS
B,alpha,245,3700,SUCCESS
B,alpha,246,3700,SUCCESS
B,alpha,247,3700,SUCCESS
B,alpha,248,3800,SUCCESS
B,alpha,249,3800,SUCCESS
B,alpha,250,3800,SUCCESS
B,alpha,251,3800,SUCCESS
B,alpha,252,3700,SUCCESS
B,alpha,253,3800,SUCCESS
B,alpha,254,3800,SUCCESS
B,alpha,255,3700,SUCCESS
B,alpha,256,3700,SUCCESS
B,alpha,257,3800,SUCCESS
B,alpha,258,3800,SUCCESS
B,alpha,259,3700,SUCCESS
B,alpha,260,3700,SUCCESS
B,alpha,261,3800,SUCCESS
B,alpha,262,3700,SUCCESS
B,alpha,263,3700,SUCCESS
B,alpha,264,3700,SUCCESS
B,alpha,265,3800,SUCCESS
B,alpha,266,3700,SUCCESS
B,alpha,267,3700,SUCCESS
B,alpha,268,3700,SUCCESS
B,alpha,269,3700,SUCCESS
B,alpha,270,3800,SUCCESS
B,alpha,271,3700,SUCCESS
B,alpha,272,3800,SUCCESS
B,alpha,273,3800,SUCCESS
B,alpha,274,3700,SUCCESS
B,alpha,275,3700,SUCCESS
B,alpha,276,3800,SUCCESS
B,alpha,277,3800,SUCCESS
B,alpha,278,3700,SUCCESS
B,alpha,279,3700,SUCCESS
B,alpha,280,3700,SUCCESS
B,alpha,281,3700,SUCCESS
B,alpha,282,3700,SUCCESS
B,alpha,283,3800,SUCCESS
B,alpha,284,3800,SUCCESS
B,alpha,285,3700,SUCCESS
B,alpha,286,3700,SUCCESS
B,alpha,287,3700,SUCCESS
B,alpha,288,3700,SUCCESS
B,alpha,289,3700,SUCCESS
B,alpha,290,3700,SUCCESS
B,alpha,291,3800,SUCCESS
B,alpha,292,3800,SUCCESS
B,alpha,293,3700,SUCCESS
B,alpha,294,3800,SUCCESS
B,alpha,295,3700,SUCCESS
B,alpha,296,3700,SUCCESS
B,alpha,297,3800,SUCCESS
B,alpha,298,3800,SUCCESS
B,alpha,299,3800,SUCCESS
B,alpha,300,3700,SUCCESS
B,alpha,301,3700,SUCCESS
B,alpha,302,3700,SUCCESS
B,alpha,303,3800,SUCCESS
B,alpha,304,3800,SUCCESS
B,alpha,305,3800,SUCCESS
B,alpha,306,3700,SUCCESS
B,alpha,307,3700,SUCCESS
B,alpha,308,3700,SUCCESS
B,alpha,309,3700,SUCCESS
B,alpha,310,3700,SUCCESS
B,alpha,311,3800,SUCCESS
B,alpha,312,3800,SUCCESS
B,alpha,313,3800,SUCCESS
B,alpha,314,3700,SUCCESS
B,alpha,315,3700,SUCCESS
B,alpha,316,3700,SUCCESS
B,alpha,317,3700,SUCCESS
B,alpha,318,3700,SUCCESS
B,alpha,319,3800,SUCCESS
B,alpha,320,3800,SUCCESS
B,alpha,321,3700,SUCCESS
B,alpha,322,3700,SUCCESS
B,alpha,323,3800,SUCCESS
B,alpha,324,3800,SUCCESS
B,alpha,325,3800,SUCCESS
B,alpha,326,3700,SUCCESS
B,alpha,327,3700,SUCCESS
B,alpha,328,3800,SUCCESS
B,alpha,329,3700,SUCCESS
B,alpha,330,3700,SUCCESS
B,alpha,331,3800,SUCCESS
B,alpha,332,9000,SUCCESS
B,alpha,333,3700,SUCCESS
B,alpha,334,3800,SUCCESS
B,alpha,335,3700,SUCCESS
B,alpha,336,3800,SUCCESS
B,alpha,337,3800,SUCCESS
B,alpha,338,3800,SUCCESS
B,alpha,339,3700,SUCCESS
B,alpha,340,3800,SUCCESS
B,alpha,341,3800,SUCCESS
B,alpha,342,3800,SUCCESS
B,alpha,343,3700,SUCCESS
B,alpha,344,3700,SUCCESS
B,alpha,345,3700,SUCCESS
B,alpha,346,3700,SUCCESS
B,alpha,347,3700,SUCCESS
B,alpha,348,3700,SUCCESS
B,alpha,349,3700,SUCCESS
B,alpha,350,3700,SUCCESS
B,alpha,351,3700,SUCCESS
B,alpha,352,3700,SUCCESS
B,alpha,353,3700,SUCCESS
B,alpha,354,3700,SUCCESS
B,alpha,355,3800,SUCCESS
B,alpha,356,3700,SUCCESS
B,alpha,357,3800,SUCCESS
B,alpha,358,3700,SUCCESS
B,alpha,359,3700,SUCCESS
B,alpha,360,3700,SUCCESS
B,alpha,361,3700,SUCCESS
B,alpha,362,3700,SUCCESS
B,alpha,363,3700,SUCCESS
B,alpha,364,3700,SUCCESS
B,alpha,365,3800,SUCCESS
B,alpha,366,3800,SUCCESS
B,alpha,367,3700,SUCCESS
B,alpha,368,3800,SUCCESS
B,alpha,369,3800,SUCCESS
B,alpha,370,3700,SUCCESS
B,alpha,371,3700,SUCCESS
B,alpha,372,3700,SUCCESS
B,alpha,373,3700,SUCCESS
B,alpha,374,3700,SUCCESS
B,alpha,375,3700,SUCCESS
B,alpha,376,3700,SUCCESS
B,alpha,377,3700,SUCCESS
B,alpha,378,3700,SUCCESS
B,alpha,379,3700,SUCCESS
B,alpha,380,3700,SUCCESS
B,alpha,381,3700,SUCCESS
B,alpha,382,3700,SUCCESS
B,alpha,383,3800,SUCCESS
B,alpha,384,3700,SUCCESS
B,alpha,385,3700,SUCCESS
B,alpha,386,3800,SUCCESS
B,alpha,387,3800,SUCCESS
B,alpha,388,3800,SUCCESS
B,alpha,389,3800,SUCCESS
B,alpha,390,3900,SUCCESS
B,alpha,391,3700,SUCCESS
B,alpha,392,3800,SUCCESS
B,alpha,393,3700,SUCCESS
B,alpha,394,3800,SUCCESS
B,alpha,395,4000,SUCCESS
B,alpha,396,3700,SUCCESS
B,alpha,397,3700,SUCCESS
B,alpha,398,3800,SUCCESS
B,alpha,399,3700,SUCCESS
B,alpha,400,3700,SUCCESS
B,alpha,401,3700,SUCCESS
B,alpha,402,3700,SUCCESS
B,alpha,403,3700,SUCCESS
B,alpha,404,3800,SUCCESS
B,alpha,405,3700,SUCCESS
B,alpha,406,3800,SUCCESS
B,alpha,407,3800,SUCCESS
B,alpha,408,3800,SUCCESS
B,alpha,409,3800,SUCCESS
B,alpha,410,3700,SUCCESS
B,alpha,411,3700,SUCCESS
B,alpha,412,3700,SUCCESS
B,alpha,413,3800,SUCCESS
B,alpha,414,3700,SUCCESS
B,alpha,415,3700,SUCCESS
B,alpha,416,3700,SUCCESS
B,alpha,417,3800,SUCCESS
B,alpha,418,3800,SUCCESS
B,alpha,419,3800,SUCCESS
B,alpha,420,3700,SUCCESS
B,alpha,421,3800,SUCCESS
B,alpha,422,3800,SUCCESS
B,alpha,423,3700,SUCCESS
B,alpha,424,3800,SUCCESS
B,alpha,425,3700,SUCCESS
B,alpha,426,3700,SUCCESS
B,alpha,427,3700,SUCCESS
B,alpha,428,3800,SUCCESS
B,alpha,429,3800,SUCCESS
B,alpha,430,3700,SUCCESS
B,alpha,431,3700,SUCCESS
B,alpha,432,3700,SUCCESS
B,alpha,433,3700,SUCCESS
B,alpha,434,3700,SUCCESS
B,alpha,435,3800,SUCCESS
B,alpha,436,3800,SUCCESS
B,alpha,437,3700,SUCCESS
B,alpha,438,3800,SUCCESS
B,alpha,439,3700,SUCCESS
B,alpha,440,3700,SUCCESS
B,alpha,441,3800,SUCCESS
B,alpha,442,3700,SUCCESS
B,alpha,443,3700,SUCCESS
B,alpha,444,3700,SUCCESS
B,alpha,445,3700,SUCCESS
B,alpha,446,3700,SUCCESS
B,alpha,447,3700,SUCCESS
B,alpha,448,3800,SUCCESS
B,alpha,449,4300,SUCCESS
B,alpha,450,3900,SUCCESS
B,alpha,451,4000,SUCCESS
B,alpha,452,4000,SUCCESS
B,alpha,453,4100,SUCCESS
B,alpha,454,4200,SUCCESS
B,alpha,455,4000,SUCCESS
B,alpha,456,3900,SUCCESS
B,alpha,457,4100,SUCCESS
B,alpha,458,3900,SUCCESS
B,alpha,459,3900,SUCCESS
B,alpha,460,4000,SUCCESS
B,alpha,461,4000,SUCCESS
B,alpha,462,4000,SUCCESS
B,alpha,463,3900,SUCCESS
B,alpha,464,4000,SUCCESS
B,alpha,465,4000,SUCCESS
B,alpha,466,4200,SUCCESS
B,alpha,467,4000,SUCCESS
B,alpha,468,4000,SUCCESS
B,alpha,469,4000,SUCCESS
B,alpha,470,4000,SUCCESS
B,alpha,471,4000,SUCCESS
B,alpha,472,4100,SUCCESS
B,alpha,473,4200,SUCCESS
B,alpha,474,4100,SUCCESS
B,alpha,475,4100,SUCCESS
B,alpha,476,113800,SUCCESS
B,alpha,477,3900,SUCCESS
B,alpha,478,4100,SUCCESS
B,alpha,479,4000,SUCCESS
B,alpha,480,4000,SUCCESS
B,alpha,481,4000,SUCCESS
B,alpha,482,4000,SUCCESS
B,alpha,483,4000,SUCCESS
B,alpha,484,4100,SUCCESS
B,alpha,485,3900,SUCCESS
B,alpha,486,4000,SUCCESS
B,alpha,487,4100,SUCCESS
B,alpha,488,4000,SUCCESS
B,alpha,489,4100,SUCCESS
B,alpha,490,4100,SUCCESS
B,alpha,491,4200,SUCCESS
B,alpha,492,4000,SUCCESS
B,alpha,493,4000,SUCCESS
B,alpha,494,4000,SUCCESS
B,alpha,495,4100,SUCCESS
B,alpha,496,4100,SUCCESS
B,alpha,497,4200,SUCCESS
B,alpha,498,4000,SUCCESS
B,alpha,499,4000,SUCCESS
B,alpha,500,4100,SUCCESS
B,alpha,501,4100,SUCCESS
B,alpha,502,4000,SUCCESS
B,alpha,503,4100,SUCCESS
B,alpha,504,4100,SUCCESS
B,alpha,505,4100,SUCCESS
B,alpha,506,4100,SUCCESS
B,alpha,507,4400,SUCCESS
B,alpha,508,4100,SUCCESS
B,alpha,509,4100,SUCCESS
B,alpha,510,4000,SUCCESS
B,alpha,511,4000,SUCCESS
B,alpha,512,3900,SUCCESS
B,alpha,513,4000,SUCCESS
B,alpha,514,4000,SUCCESS
B,alpha,515,4000,SUCCESS
B,alpha,516,4100,SUCCESS
B,alpha,517,4000,SUCCESS
B,alpha,518,4100,SUCCESS
B,alpha,519,4000,SUCCESS
B,alpha,520,4000,SUCCESS
B,alpha,521,4000,SUCCESS
B,alpha,522,4000,SUCCESS
B,alpha,523,4000,SUCCESS
B,alpha,524,3900,SUCCESS
B,alpha,525,3900,SUCCESS
B,alpha,526,4000,SUCCESS
B,alpha,527,3900,SUCCESS
B,alpha,528,3900,SUCCESS
B,alpha,529,3900,SUCCESS
B,alpha,530,4000,SUCCESS
B,alpha,531,4000,SUCCESS
B,alpha,532,4000,SUCCESS
B,alpha,533,4000,SUCCESS
B,alpha,534,3900,SUCCESS
B,alpha,535,4000,SUCCESS
B,alpha,536,3900,SUCCESS
B,alpha,537,4000,SUCCESS
B,alpha,538,4000,SUCCESS
B,alpha,539,4000,SUCCESS
B,alpha,540,4000,SUCCESS
B,alpha,541,3900,SUCCESS
B,alpha,542,3900,SUCCESS
B,alpha,543,3900,SUCCESS
B,alpha,544,4000,SUCCESS
B,alpha,545,7400,SUCCESS
B,alpha,546,4000,SUCCESS
B,alpha,547,4000,SUCCESS
B,alpha,548,3900,SUCCESS
B,alpha,549,4000,SUCCESS
B,alpha,550,4000,SUCCESS
B,alpha,551,3900,SUCCESS
B,alpha,552,3900,SUCCESS
B,alpha,553,4000,SUCCESS
B,alpha,554,3900,SUCCESS
B,alpha,555,4000,SUCCESS
B,alpha,556,4000,SUCCESS
B,alpha,557,4000,SUCCESS
B,alpha,558,3900,SUCCESS
B,alpha,559,4100,SUCCESS
B,alpha,560,4000,SUCCESS
B,alpha,561,3900,SUCCESS
B,alpha,562,3900,SUCCESS
B,alpha,563,4000,SUCCESS
B,alpha,564,3900,SUCCESS
B,alpha,565,3900,SUCCESS
B,alpha,566,3900,SUCCESS
B,alpha,567,4000,SUCCESS
B,alpha,568,4000,SUCCESS
B,alpha,569,4000,SUCCESS
B,alpha,570,4000,SUCCESS
B,alpha,571,4000,SUCCESS
B,alpha,572,3900,SUCCESS
B,alpha,573,4000,SUCCESS
B,alpha,574,3900,SUCCESS
B,alpha,575,4000,SUCCESS
B,alpha,576,4000,SUCCESS
B,alpha,577,3900,SUCCESS
B,alpha,578,3900,SUCCESS
B,alpha,579,4000,SUCCESS
B,alpha,580,3900,SUCCESS
B,alpha,581,4000,SUCCESS
B,alpha,582,3900,SUCCESS
B,alpha,583,4000,SUCCESS
B,alpha,584,4000,SUCCESS
B,alpha,585,6800,SUCCESS
B,alpha,586,4000,SUCCESS
B,alpha,587,4000,SUCCESS
B,alpha,588,4100,SUCCESS
B,alpha,589,4000,SUCCESS
B,alpha,590,4000,SUCCESS
B,alpha,591,4000,SUCCESS
B,alpha,592,4000,SUCCESS
B,alpha,593,4100,SUCCESS
B,alpha,594,4000,SUCCESS
B,alpha,595,4000,SUCCESS
B,alpha,596,3900,SUCCESS
B,alpha,597,4000,SUCCESS
B,alpha,598,4100,SUCCESS
B,alpha,599,4100,SUCCESS
B,alpha,600,4000,SUCCESS
B,alpha,601,4000,SUCCESS
B,alpha,602,4000,SUCCESS
B,alpha,603,4000,SUCCESS
B,alpha,604,4000,SUCCESS
B,alpha,605,4000,SUCCESS
B,alpha,606,4100,SUCCESS
B,alpha,607,4100,SUCCESS
B,alpha,608,4000,SUCCESS
B,alpha,609,4000,SUCCESS
B,alpha,610,4000,SUCCESS
B,alpha,611,4000,SUCCESS
B,alpha,612,4000,SUCCESS
B,alpha,613,4000,SUCCESS
B,alpha,614,4000,SUCCESS
B,alpha,615,4000,SUCCESS
B,alpha,616,4000,SUCCESS
B,alpha,617,4100,SUCCESS
B,alpha,618,4100,SUCCESS
B,alpha,619,4000,SUCCESS
B,alpha,620,4000,SUCCESS
B,alpha,621,3900,SUCCESS
B,alpha,622,4000,SUCCESS
B,alpha,623,4000,SUCCESS
B,alpha,624,4000,SUCCESS
B,alpha,625,4100,SUCCESS
B,alpha,626,4000,SUCCESS
B,alpha,627,4000,SUCCESS
B,alpha,628,4000,SUCCESS
B,alpha,629,4000,SUCCESS
B,alpha,630,4000,SUCCESS
B,alpha,631,4000,SUCCESS
B,alpha,632,4000,SUCCESS
B,alpha,633,4100,SUCCESS
B,alpha,634,4000,SUCCESS
B,alpha,635,3900,SUCCESS
B,alpha,636,4400,SUCCESS
B,alpha,637,4000,SUCCESS
B,alpha,638,4000,SUCCESS
B,alpha,639,4000,SUCCESS
B,alpha,640,4000,SUCCESS
B,alpha,641,4000,SUCCESS
B,alpha,642,3900,SUCCESS
B,alpha,643,3900,SUCCESS
B,alpha,644,3900,SUCCESS
B,alpha,645,4200,SUCCESS
B,alpha,646,4100,SUCCESS
B,alpha,647,3800,SUCCESS
B,alpha,648,4000,SUCCESS
B,alpha,649,3900,SUCCESS
B,alpha,650,4000,SUCCESS
B,alpha,651,4000,SUCCESS
B,alpha,652,3800,SUCCESS
B,alpha,653,3900,SUCCESS
B,alpha,654,4000,SUCCESS
B,alpha,655,4000,SUCCESS
B,alpha,656,4000,SUCCESS
B,alpha,657,4000,SUCCESS
B,alpha,658,4100,SUCCESS
B,alpha,659,4600,SUCCESS
B,alpha,660,4600,SUCCESS
B,alpha,661,4500,SUCCESS
B,alpha,662,4600,SUCCESS
B,alpha,663,4600,SUCCESS
B,alpha,664,4600,SUCCESS
B,alpha,665,4500,SUCCESS
B,alpha,666,4600,SUCCESS
B,alpha,667,4600,SUCCESS
B,alpha,668,4600,SUCCESS
B,alpha,669,4500,SUCCESS
B,alpha,670,4600,SUCCESS
B,alpha,671,4700,SUCCESS
B,alpha,672,4500,SUCCESS
B,alpha,673,4500,SUCCESS
B,alpha,674,4600,SUCCESS
B,alpha,675,4600,SUCCESS
B,alpha,676,4600,SUCCESS
B,alpha,677,4600,SUCCESS
B,alpha,678,4600,SUCCESS
B,alpha,679,4600,SUCCESS
B,alpha,680,4500,SUCCESS
B,alpha,681,4600,SUCCESS
B,alpha,682,4500,SUCCESS
B,alpha,683,4600,SUCCESS
B,alpha,684,4600,SUCCESS
B,alpha,685,4800,SUCCESS
B,alpha,686,4600,SUCCESS
B,alpha,687,4600,SUCCESS
B,alpha,688,4500,SUCCESS
B,alpha,689,4600,SUCCESS
B,alpha,690,4600,SUCCESS
B,alpha,691,4700,SUCCESS
B,alpha,692,4600,SUCCESS
B,alpha,693,4500,SUCCESS
B,alpha,694,4600,SUCCESS
B,alpha,695,4800,SUCCESS
B,alpha,696,4000,SUCCESS
B,alpha,697,4100,SUCCESS
B,alpha,698,4200,SUCCESS
B,alpha,699,4000,SUCCESS
B,alpha,700,4000,SUCCESS
B,alpha,701,4000,SUCCESS
B,alpha,702,3900,SUCCESS
B,alpha,703,4100,SUCCESS
B,alpha,704,4100,SUCCESS
B,alpha,705,4100,SUCCESS
B,alpha,706,4600,SUCCESS
B,alpha,707,3700,SUCCESS
B,alpha,708,4000,SUCCESS
B,alpha,709,4000,SUCCESS
B,alpha,710,4000,SUCCESS
B,alpha,711,3700,SUCCESS
B,alpha,712,4000,SUCCESS
B,alpha,713,3900,SUCCESS
B,alpha,714,4000,SUCCESS
B,alpha,715,4000,SUCCESS
B,alpha,716,4100,SUCCESS
B,alpha,717,3900,SUCCESS
B,alpha,718,4000,SUCCESS
B,alpha,719,4000,SUCCESS
B,alpha,720,4000,SUCCESS
B,alpha,721,4000,SUCCESS
B,alpha,722,4000,SUCCESS
B,alpha,723,3900,SUCCESS
B,alpha,724,3900,SUCCESS
B,alpha,725,4000,SUCCESS
B,alpha,726,4200,SUCCESS
B,alpha,727,3900,SUCCESS
B,alpha,728,4100,SUCCESS
B,alpha,729,4000,SUCCESS
B,alpha,730,4100,SUCCESS
B,alpha,731,4000,SUCCESS
B,alpha,732,3900,SUCCESS
B,alpha,733,4000,SUCCESS
B,alpha,734,4000,SUCCESS
B,alpha,735,4000,SUCCESS
B,alpha,736,4100,SUCCESS
B,alpha,737,4000,SUCCESS
B,alpha,738,4000,SUCCESS
B,alpha,739,4000,SUCCESS
B,alpha,740,4000,SUCCESS
B,alpha,741,3900,SUCCESS
B,alpha,742,4000,SUCCESS
B,alpha,743,4000,SUCCESS
B,alpha,744,4000,SUCCESS
B,alpha,745,3900,SUCCESS
B,alpha,746,4000,SUCCESS
B,alpha,747,4000,SUCCESS
B,alpha,748,4000,SUCCESS
B,alpha,749,3900,SUCCESS
B,alpha,750,3900,SUCCESS
B,alpha,751,4000,SUCCESS
B,alpha,752,4000,SUCCESS
B,alpha,753,4000,SUCCESS
B,alpha,754,3900,SUCCESS
B,alpha,755,4000,SUCCESS
B,alpha,756,3900,SUCCESS
B,alpha,757,4100,SUCCESS
B,alpha,758,3900,SUCCESS
B,alpha,759,4000,SUCCESS
B,alpha,760,4000,SUCCESS
B,alpha,761,4000,SUCCESS
B,alpha,762,4000,SUCCESS
B,alpha,763,4000,SUCCESS
B,alpha,764,4000,SUCCESS
B,alpha,765,4000,SUCCESS
B,alpha,766,4000,SUCCESS
B,alpha,767,4000,SUCCESS
B,alpha,768,4000,SUCCESS
B,alpha,769,4000,SUCCESS
B,alpha,770,4000,SUCCESS
B,alpha,771,3900,SUCCESS
B,alpha,772,9700,SUCCESS
B,alpha,773,4000,SUCCESS
B,alpha,774,4000,SUCCESS
B,alpha,775,3900,SUCCESS
B,alpha,776,4000,SUCCESS
B,alpha,777,4000,SUCCESS
B,alpha,778,4000,SUCCESS
B,alpha,779,3900,SUCCESS
B,alpha,780,4000,SUCCESS
B,alpha,781,3900,SUCCESS
B,alpha,782,4000,SUCCESS
B,alpha,783,4000,SUCCESS
B,alpha,784,4000,SUCCESS
B,alpha,785,4000,SUCCESS
B,alpha,786,4000,SUCCESS
B,alpha,787,4000,SUCCESS
B,alpha,788,4000,SUCCESS
B,alpha,789,4000,SUCCESS
B,alpha,790,4000,SUCCESS
B,alpha,791,4100,SUCCESS
B,alpha,792,4000,SUCCESS
B,alpha,793,3900,SUCCESS
B,alpha,794,4000,SUCCESS
B,alpha,795,4000,SUCCESS
B,alpha,796,4100,SUCCESS
B,alpha,797,4000,SUCCESS
B,alpha,798,4000,SUCCESS
B,alpha,799,4000,SUCCESS
B,alpha,800,4000,SUCCESS
B,alpha,801,4100,SUCCESS
B,alpha,802,4000,SUCCESS
B,alpha,803,4000,SUCCESS
B,alpha,804,4000,SUCCESS
B,alpha,805,4000,SUCCESS
B,alpha,806,3900,SUCCESS
B,alpha,807,4100,SUCCESS
B,alpha,808,4000,SUCCESS
B,alpha,809,4100,SUCCESS
B,alpha,810,4000,SUCCESS
B,alpha,811,3900,SUCCESS
B,alpha,812,4000,SUCCESS
B,alpha,813,3900,SUCCESS
B,alpha,814,3900,SUCCESS
B,alpha,815,4000,SUCCESS
B,alpha,816,3900,SUCCESS
B,alpha,817,4000,SUCCESS
B,alpha,818,4000,SUCCESS
B,alpha,819,3900,SUCCESS
B,alpha,820,3900,SUCCESS
B,alpha,821,4000,SUCCESS
B,alpha,822,4000,SUCCESS
B,alpha,823,4000,SUCCESS
B,alpha,824,4000,SUCCESS
B,alpha,825,4000,SUCCESS
B,alpha,826,3900,SUCCESS
B,alpha,827,4000,SUCCESS
B,alpha,828,3900,SUCCESS
B,alpha,829,4000,SUCCESS
B,alpha,830,4000,SUCCESS
B,alpha,831,3900,SUCCESS
B,alpha,832,4100,SUCCESS
B,alpha,833,4000,SUCCESS
B,alpha,834,4000,SUCCESS
B,alpha,835,3900,SUCCESS
B,alpha,836,3900,SUCCESS
B,alpha,837,4000,SUCCESS
B,alpha,838,3900,SUCCESS
B,alpha,839,4000,SUCCESS
B,alpha,840,4000,SUCCESS
B,alpha,841,3900,SUCCESS
B,alpha,842,4000,SUCCESS
B,alpha,843,4000,SUCCESS
B,alpha,844,4000,SUCCESS
B,alpha,845,4000,SUCCESS
B,alpha,846,4000,SUCCESS
B,alpha,847,4000,SUCCESS
B,alpha,848,4100,SUCCESS
B,alpha,849,4000,SUCCESS
B,alpha,850,4100,SUCCESS
B,alpha,851,3900,SUCCESS
B,alpha,852,3900,SUCCESS
B,alpha,853,8300,SUCCESS
B,alpha,854,4000,SUCCESS
B,alpha,855,4000,SUCCESS
B,alpha,856,3900,SUCCESS
B,alpha,857,4000,SUCCESS
B,alpha,858,3700,SUCCESS
B,alpha,859,3800,SUCCESS
B,alpha,860,3800,SUCCESS
B,alpha,861,3700,SUCCESS
B,alpha,862,3700,SUCCESS
B,alpha,863,3700,SUCCESS
B,alpha,864,3800,SUCCESS
B,alpha,865,3800,SUCCESS
B,alpha,866,3700,SUCCESS
B,alpha,867,3800,SUCCESS
B,alpha,868,3800,SUCCESS
B,alpha,869,3700,SUCCESS
B,alpha,870,3700,SUCCESS
B,alpha,871,3800,SUCCESS
B,alpha,872,3700,SUCCESS
B,alpha,873,3700,SUCCESS
B,alpha,874,3700,SUCCESS
B,alpha,875,3700,SUCCESS
B,alpha,876,3700,SUCCESS
B,alpha,877,3700,SUCCESS
B,alpha,878,3800,SUCCESS
B,alpha,879,3700,SUCCESS
B,alpha,880,3700,SUCCESS
B,alpha,881,3700,SUCCESS
B,alpha,882,3700,SUCCESS
B,alpha,883,3700,SUCCESS
B,alpha,884,3700,SUCCESS
B,alpha,885,3800,SUCCESS
B,alpha,886,3800,SUCCESS
B,alpha,887,3700,SUCCESS
B,alpha,888,3800,SUCCESS
B,alpha,889,3700,SUCCESS
B,alpha,890,3700,SUCCESS
B,alpha,891,3700,SUCCESS
B,alpha,892,3700,SUCCESS
B,alpha,893,3700,SUCCESS
B,alpha,894,3800,SUCCESS
B,alpha,895,3700,SUCCESS
B,alpha,896,3800,SUCCESS
B,alpha,897,3700,SUCCESS
B,alpha,898,3700,SUCCESS
B,alpha,899,3700,SUCCESS
B,alpha,900,3700,SUCCESS
B,alpha,901,3800,SUCCESS
B,alpha,902,3700,SUCCESS
B,alpha,903,3800,SUCCESS
B,alpha,904,3700,SUCCESS
B,alpha,905,3800,SUCCESS
B,alpha,906,3700,SUCCESS
B,alpha,907,3700,SUCCESS
B,alpha,908,3800,SUCCESS
B,alpha,909,3700,SUCCESS
B,alpha,910,3700,SUCCESS
B,alpha,911,3700,SUCCESS
B,alpha,912,3700,SUCCESS
B,alpha,913,3700,SUCCESS
B,alpha,914,3800,SUCCESS
B,alpha,915,3700,SUCCESS
B,alpha,916,3700,SUCCESS
B,alpha,917,3700,SUCCESS
B,alpha,918,3700,SUCCESS
B,alpha,919,3700,SUCCESS
B,alpha,920,3700,SUCCESS
B,alpha,921,3800,SUCCESS
B,alpha,922,3700,SUCCESS
B,alpha,923,3800,SUCCESS
B,alpha,924,3700,SUCCESS
B,alpha,925,3800,SUCCESS
B,alpha,926,3800,SUCCESS
B,alpha,927,3700,SUCCESS
B,alpha,928,3700,SUCCESS
B,alpha,929,3700,SUCCESS
B,alpha,930,3700,SUCCESS
B,alpha,931,3700,SUCCESS
B,alpha,932,3800,SUCCESS
B,alpha,933,3800,SUCCESS
B,alpha,934,3700,SUCCESS
B,alpha,935,3700,SUCCESS
B,alpha,936,3900,SUCCESS
B,alpha,937,3800,SUCCESS
B,alpha,938,3700,SUCCESS
B,alpha,939,3700,SUCCESS
B,alpha,940,3700,SUCCESS
B,alpha,941,3800,SUCCESS
B,alpha,942,3700,SUCCESS
B,alpha,943,3700,SUCCESS
B,alpha,944,3700,SUCCESS
B,alpha,945,3700,SUCCESS
B,alpha,946,3700,SUCCESS
B,alpha,947,3700,SUCCESS
B,alpha,948,3700,SUCCESS
B,alpha,949,3800,SUCCESS
B,alpha,950,3800,SUCCESS
B,alpha,951,3700,SUCCESS
B,alpha,952,3800,SUCCESS
B,alpha,953,3800,SUCCESS
B,alpha,954,3700,SUCCESS
B,alpha,955,3700,SUCCESS
B,alpha,956,3700,SUCCESS
B,alpha,957,3800,SUCCESS
B,alpha,958,3800,SUCCESS
B,alpha,959,3800,SUCCESS
B,alpha,960,3800,SUCCESS
B,alpha,961,3800,SUCCESS
B,alpha,962,3700,SUCCESS
B,alpha,963,3800,SUCCESS
B,alpha,964,3700,SUCCESS
B,alpha,965,3800,SUCCESS
B,alpha,966,3700,SUCCESS
B,alpha,967,3700,SUCCESS
B,alpha,968,3700,SUCCESS
B,alpha,969,3800,SUCCESS
B,alpha,970,3800,SUCCESS
B,alpha,971,3800,SUCCESS
B,alpha,972,4900,SUCCESS
B,alpha,973,4900,SUCCESS
B,alpha,974,4900,SUCCESS
B,alpha,975,3700,SUCCESS
B,alpha,976,3700,SUCCESS
B,alpha,977,3800,SUCCESS
B,alpha,978,3700,SUCCESS
B,alpha,979,3800,SUCCESS
B,alpha,980,3700,SUCCESS
B,alpha,981,3800,SUCCESS
B,alpha,982,3800,SUCCESS
B,alpha,983,3700,SUCCESS
B,alpha,984,3800,SUCCESS
B,alpha,985,3900,SUCCESS
B,alpha,986,3700,SUCCESS
B,alpha,987,3700,SUCCESS
B,alpha,988,3800,SUCCESS
B,alpha,989,3800,SUCCESS
B,alpha,990,3800,SUCCESS
B,alpha,991,3700,SUCCESS
B,alpha,992,3700,SUCCESS
B,alpha,993,3800,SUCCESS
B,alpha,994,3800,SUCCESS
B,alpha,995,3700,SUCCESS
B,alpha,996,3700,SUCCESS
B,alpha,997,3700,SUCCESS
B,alpha,998,3800,SUCCESS
B,alpha,999,3700,SUCCESS
B,beta,0,3800,SUCCESS
B,beta,1,3900,SUCCESS
B,beta,2,3800,SUCCESS
B,beta,3,3800,SUCCESS
B,beta,4,3800,SUCCESS
B,beta,5,3800,SUCCESS
B,beta,6,3800,SUCCESS
B,beta,7,3800,SUCCESS
B,beta,8,3800,SUCCESS
B,beta,9,3700,SUCCESS
B,beta,10,3800,SUCCESS
B,beta,11,3800,SUCCESS
B,beta,12,3800,SUCCESS
B,beta,13,3700,SUCCESS
B,beta,14,3800,SUCCESS
B,beta,15,3800,SUCCESS
B,beta,16,3800,SUCCESS
B,beta,17,3700,SUCCESS
B,beta,18,3800,SUCCESS
B,beta,19,3800,SUCCESS
B,beta,20,4000,SUCCESS
B,beta,21,3700,SUCCESS
B,beta,22,3800,SUCCESS
B,beta,23,3800,SUCCESS
B,beta,24,3700,SUCCESS
B,beta,25,3700,SUCCESS
B,beta,26,3800,SUCCESS
B,beta,27,3700,SUCCESS
B,beta,28,3700,SUCCESS
B,beta,29,3700,SUCCESS
B,beta,30,3700,SUCCESS
B,beta,31,3700,SUCCESS
B,beta,32,3700,SUCCESS
B,beta,33,3700,SUCCESS
B,beta,34,3700,SUCCESS
B,beta,35,3700,SUCCESS
B,beta,36,3700,SUCCESS
B,beta,37,3700,SUCCESS
B,beta,38,3700,SUCCESS
B,beta,39,3700,SUCCESS
B,beta,40,3700,SUCCESS
B,beta,41,3700,SUCCESS
B,beta,42,3700,SUCCESS
B,beta,43,3700,SUCCESS
B,beta,44,3700,SUCCESS
B,beta,45,3700,SUCCESS
B,beta,46,3700,SUCCESS
B,beta,47,3700,SUCCESS
B,beta,48,3700,SUCCESS
B,beta,49,3700,SUCCESS
B,beta,50,3700,SUCCESS
B,beta,51,3700,SUCCESS
B,beta,52,3700,SUCCESS
B,beta,53,3800,SUCCESS
B,beta,54,3800,SUCCESS
B,beta,55,3700,SUCCESS
B,beta,56,3700,SUCCESS
B,beta,57,3700,SUCCESS
B,beta,58,3700,SUCCESS
B,beta,59,3800,SUCCESS
B,beta,60,3800,SUCCESS
B,beta,61,3700,SUCCESS
B,beta,62,3700,SUCCESS
B,beta,63,3700,SUCCESS
B,beta,64,3700,SUCCESS
B,beta,65,3800,SUCCESS
B,beta,66,3800,SUCCESS
B,beta,67,3700,SUCCESS
B,beta,68,3700,SUCCESS
B,beta,69,3700,SUCCESS
B,beta,70,3800,SUCCESS
B,beta,71,3800,SUCCESS
B,beta,72,3700,SUCCESS
B,beta,73,3700,SUCCESS
B,beta,74,3700,SUCCESS
B,beta,75,3800,SUCCESS
B,beta,76,3800,SUCCESS
B,beta,77,3800,SUCCESS
B,beta,78,3800,SUCCESS
B,beta,79,3800,SUCCESS
B,beta,80,3800,SUCCESS
B,beta,81,3800,SUCCESS
B,beta,82,3800,SUCCESS
B,beta,83,3800,SUCCESS
B,beta,84,3800,SUCCESS
B,beta,85,3800,SUCCESS
B,beta,86,3800,SUCCESS
B,beta,87,3800,SUCCESS
B,beta,88,3800,SUCCESS
B,beta,89,3800,SUCCESS
B,beta,90,3800,SUCCESS
B,beta,91,3800,SUCCESS
B,beta,92,3800,SUCCESS
B,beta,93,3800,SUCCESS
B,beta,94,3800,SUCCESS
B,beta,95,3800,SUCCESS
B,beta,96,3800,SUCCESS
B,beta,97,3800,SUCCESS
B,beta,98,3800,SUCCESS
B,beta,99,3700,SUCCESS
B,beta,100,3700,SUCCESS
B,beta,101,3700,SUCCESS
B,beta,102,3700,SUCCESS
B,beta,103,3700,SUCCESS
B,beta,104,3700,SUCCESS
B,beta,105,3700,SUCCESS
B,beta,106,3700,SUCCESS
B,beta,107,3800,SUCCESS
B,beta,108,3800,SUCCESS
B,beta,109,3800,SUCCESS
B,beta,110,3800,SUCCESS
B,beta,111,3800,SUCCESS
B,beta,112,3800,SUCCESS
B,beta,113,3800,SUCCESS
B,beta,114,3800,SUCCESS
B,beta,115,3800,SUCCESS
B,beta,116,3800,SUCCESS
B,beta,117,3800,SUCCESS
B,beta,118,3700,SUCCESS
B,beta,119,3700,SUCCESS
B,beta,120,3800,SUCCESS
B,beta,121,3800,SUCCESS
B,beta,122,3700,SUCCESS
B,beta,123,3700,SUCCESS
B,beta,124,3800,SUCCESS
B,beta,125,3800,SUCCESS
B,beta,126,3800,SUCCESS
B,beta,127,3700,SUCCESS
B,beta,128,3700,SUCCESS
B,beta,129,3800,SUCCESS
B,beta,130,3800,SUCCESS
B,beta,131,3800,SUCCESS
B,beta,132,3800,SUCCESS
B,beta,133,3800,SUCCESS
B,beta,134,3800,SUCCESS
B,beta,135,3800,SUCCESS
B,beta,136,3800,SUCCESS
B,beta,137,3800,SUCCESS
B,beta,138,3800,SUCCESS
B,beta,139,3800,SUCCESS
B,beta,140,3800,SUCCESS
B,beta,141,3800,SUCCESS
B,beta,142,3800,SUCCESS
B,beta,143,3700,SUCCESS
B,beta,144,3700,SUCCESS
B,beta,145,3800,SUCCESS
B,beta,146,3800,SUCCESS
B,beta,147,3800,SUCCESS
B,beta,148,3700,SUCCESS
B,beta,149,3700,SUCCESS
B,beta,150,3700,SUCCESS
B,beta,151,3800,SUCCESS
B,beta,152,3800,SUCCESS
B,beta,153,3800,SUCCESS
B,beta,154,3800,SUCCESS
B,beta,155,3800,SUCCESS
B,beta,156,3800,SUCCESS
B,beta,157,3800,SUCCESS
B,beta,158,3800,SUCCESS
B,beta,159,3700,SUCCESS
B,beta,160,3700,SUCCESS
B,beta,161,3700,SUCCESS
B,beta,162,3700,SUCCESS
B,beta,163,3700,SUCCESS
B,beta,164,3700,SUCCESS
B,beta,165,3700,SUCCESS
B,beta,166,3700,SUCCESS
B,beta,167,3800,SUCCESS
B,beta,168,3800,SUCCESS
B,beta,169,3800,SUCCESS
B,beta,170,3800,SUCCESS
B,beta,171,3800,SUCCESS
B,beta,172,3800,SUCCESS
B,beta,173,3800,SUCCESS
B,beta,174,3800,SUCCESS
B,beta,175,3800,SUCCESS
B,beta,176,3800,SUCCESS
B,beta,177,3800,SUCCESS
B,beta,178,3800,SUCCESS
B,beta,179,3800,SUCCESS
B,beta,180,3800,SUCCESS
B,beta,181,3800,SUCCESS
B,beta,182,3800,SUCCESS
B,beta,183,3800,SUCCESS
B,beta,184,3800,SUCCESS
B,beta,185,3800,SUCCESS
B,beta,186,3700,SUCCESS
B,beta,187,3700,SUCCESS
B,beta,188,3800,SUCCESS
B,beta,189,3800,SUCCESS
B,beta,190,3700,SUCCESS
B,beta,191,3700,SUCCESS
B,beta,192,3700,SUCCESS
B,beta,193,3700,SUCCESS
B,beta,194,3700,SUCCESS
B,beta,195,3700,SUCCESS
B,beta,196,3700,SUCCESS
B,beta,197,3700,SUCCESS
B,beta,198,3700,SUCCESS
B,beta,199,3700,SUCCESS
B,beta,200,3800,SUCCESS
B,beta,201,3800,SUCCESS
B,beta,202,3800,SUCCESS
B,beta,203,3800,SUCCESS
B,beta,204,3800,SUCCESS
B,beta,205,3800,SUCCESS
B,beta,206,3700,SUCCESS
B,beta,207,3700,SUCCESS
B,beta,208,3700,SUCCESS
B,beta,209,3700,SUCCESS
B,beta,210,3700,SUCCESS
B,beta,211,3800,SUCCESS
B,beta,212,3800,SUCCESS
B,beta,213,3800,SUCCESS
B,beta,214,3800,SUCCESS
B,beta,215,3800,SUCCESS
B,beta,216,3800,SUCCESS
B,beta,217,3800,SUCCESS
B,beta,218,3700,SUCCESS
B,beta,219,3700,SUCCESS
B,beta,220,3700,SUCCESS
B,beta,221,3700,SUCCESS
B,beta,222,3700,SUCCESS
B,beta,223,3700,SUCCESS
B,beta,224,3800,SUCCESS
B,beta,225,3800,SUCCESS
B,beta,226,3800,SUCCESS
B,beta,227,3800,SUCCESS
B,beta,228,3800,SUCCESS
B,beta,229,3800,SUCCESS
B,beta,230,3700,SUCCESS
B,beta,231,3700,SUCCESS
B,beta,232,3800,SUCCESS
B,beta,233,3700,SUCCESS
B,beta,234,3700,SUCCESS
B,beta,235,3700,SUCCESS
B,beta,236,3700,SUCCESS
B,beta,237,3700,SUCCESS
B,beta,238,3800,SUCCESS
B,beta,239,3800,SUCCESS
B,beta,240,3700,SUCCESS
B,beta,241,3800,SUCCESS
B,beta,242,3800,SUCCESS
B,beta,243,3800,SUCCESS
B,beta,244,3700,SUCCESS
B,beta,245,3700,SUCCESS
B,beta,246,3800,SUCCESS
B,beta,247,3800,SUCCESS
B,beta,248,3700,SUCCESS
B,beta,249,3700,SUCCESS
B,beta,250,3700,SUCCESS
B,beta,251,3700,SUCCESS
B,beta,252,3700,SUCCESS
B,beta,253,3700,SUCCESS
B,beta,254,3700,SUCCESS
B,beta,255,3800,SUCCESS
B,beta,256,3800,SUCCESS
B,beta,257,3800,SUCCESS
B,beta,258,3800,SUCCESS
B,beta,259,3800,SUCCESS
B,beta,260,3700,SUCCESS
B,beta,261,3700,SUCCESS
B,beta,262,3800,SUCCESS
B,beta,263,3800,SUCCESS
B,beta,264,3800,SUCCESS
B,beta,265,3800,SUCCESS
B,beta,266,3800,SUCCESS
B,beta,267,3700,SUCCESS
B,beta,268,3700,SUCCESS
B,beta,269,3700,SUCCESS
B,beta,270,3700,SUCCESS
B,beta,271,3800,SUCCESS
B,beta,272,3700,SUCCESS
B,beta,273,3800,SUCCESS
B,beta,274,3800,SUCCESS
B,beta,275,3800,SUCCESS
B,beta,276,3800,SUCCESS
B,beta,277,3800,SUCCESS
B,beta,278,3800,SUCCESS
B,beta,279,3800,SUCCESS
B,beta,280,3800,SUCCESS
B,beta,281,3800,SUCCESS
B,beta,282,3800,SUCCESS
B,beta,283,3800,SUCCESS
B,beta,284,3800,SUCCESS
B,beta,285,3800,SUCCESS
B,beta,286,3800,SUCCESS
B,beta,287,3700,SUCCESS
B,beta,288,3700,SUCCESS
B,beta,289,3700,SUCCESS
B,beta,290,3700,SUCCESS
B,beta,291,3700,SUCCESS
B,beta,292,3700,SUCCESS
B,beta,293,3800,SUCCESS
B,beta,294,3800,SUCCESS
B,beta,295,3800,SUCCESS
B,beta,296,3700,SUCCESS
B,beta,297,3700,SUCCESS
B,beta,298,3700,SUCCESS
B,beta,299,3700,SUCCESS
B,beta,300,3700,SUCCESS
B,beta,301,3700,SUCCESS
B,beta,302,3800,SUCCESS
B,beta,303,3800,SUCCESS
B,beta,304,3700,SUCCESS
B,beta,305,3800,SUCCESS
B,beta,306,3700,SUCCESS
B,beta,307,3700,SUCCESS
B,beta,308,3800,SUCCESS
B,beta,309,3700,SUCCESS
B,beta,310,3700,SUCCESS
B,beta,311,3700,SUCCESS
B,beta,312,3700,SUCCESS
B,beta,313,3700,SUCCESS
B,beta,314,3700,SUCCESS
B,beta,315,3700,SUCCESS
B,beta,316,3700,SUCCESS
B,beta,317,3700,SUCCESS
B,beta,318,3700,SUCCESS
B,beta,319,3700,SUCCESS
B,beta,320,3800,SUCCESS
B,beta,321,3700,SUCCESS
B,beta,322,3800,SUCCESS
B,beta,323,3700,SUCCESS
B,beta,324,3700,SUCCESS
B,beta,325,3700,SUCCESS
B,beta,326,3700,SUCCESS
B,beta,327,3700,SUCCESS
B,beta,328,3700,SUCCESS
B,beta,329,3700,SUCCESS
B,beta,330,3700,SUCCESS
B,beta,331,3800,SUCCESS
B,beta,332,3800,SUCCESS
B,beta,333,3800,SUCCESS
B,beta,334,3800,SUCCESS
B,beta,335,3800,SUCCESS
B,beta,336,3700,SUCCESS
B,beta,337,3700,SUCCESS
B,beta,338,3700,SUCCESS
B,beta,339,3800,SUCCESS
B,beta,340,3800,SUCCESS
B,beta,341,3800,SUCCESS
B,beta,342,3700,SUCCESS
B,beta,343,3700,SUCCESS
B,beta,344,3700,SUCCESS
B,beta,345,3700,SUCCESS
B,beta,346,3700,SUCCESS
B,beta,347,3700,SUCCESS
B,beta,348,3700,SUCCESS
B,beta,349,3800,SUCCESS
B,beta,350,3800,SUCCESS
B,beta,351,3800,SUCCESS
B,beta,352,3800,SUCCESS
B,beta,353,3800,SUCCESS
B,beta,354,3800,SUCCESS
B,beta,355,3800,SUCCESS
B,beta,356,3800,SUCCESS
B,beta,357,3800,SUCCESS
B,beta,358,3800,SUCCESS
B,beta,359,3800,SUCCESS
B,beta,360,3800,SUCCESS
B,beta,361,3800,SUCCESS
B,beta,362,3700,SUCCESS
B,beta,363,3700,SUCCESS
B,beta,364,8100,SUCCESS
B,beta,365,3700,SUCCESS
B,beta,366,3700,SUCCESS
B,beta,367,3700,SUCCESS
B,beta,368,3700,SUCCESS
B,beta,369,3700,SUCCESS
B,beta,370,3700,SUCCESS
B,beta,371,3700,SUCCESS
B,beta,372,3700,SUCCESS
B,beta,373,3800,SUCCESS
B,beta,374,3800,SUCCESS
B,beta,375,3800,SUCCESS
B,beta,376,3800,SUCCESS
B,beta,377,3800,SUCCESS
B,beta,378,3800,SUCCESS
B,beta,379,3800,SUCCESS
B,beta,380,3800,SUCCESS
B,beta,381,3700,SUCCESS
B,beta,382,3700,SUCCESS
B,beta,383,3800,SUCCESS
B,beta,384,3800,SUCCESS
B,beta,385,3800,SUCCESS
B,beta,386,3700,SUCCESS
B,beta,387,3700,SUCCESS
B,beta,388,3800,SUCCESS
B,beta,389,3800,SUCCESS
B,beta,390,3700,SUCCESS
B,beta,391,3700,SUCCESS
B,beta,392,3700,SUCCESS
B,beta,393,3700,SUCCESS
B,beta,394,3700,SUCCESS
B,beta,395,3700,SUCCESS
B,beta,396,3700,SUCCESS
B,beta,397,3700,SUCCESS
B,beta,398,3800,SUCCESS
B,beta,399,3800,SUCCESS
B,beta,400,3800,SUCCESS
B,beta,401,3800,SUCCESS
B,beta,402,3800,SUCCESS
B,beta,403,3700,SUCCESS
B,beta,404,3800,SUCCESS
B,beta,405,3800,SUCCESS
B,beta,406,3800,SUCCESS
B,beta,407,3800,SUCCESS
B,beta,408,3700,SUCCESS
B,beta,409,3700,SUCCESS
B,beta,410,3700,SUCCESS
B,beta,411,3700,SUCCESS
B,beta,412,3800,SUCCESS
B,beta,413,3800,SUCCESS
B,beta,414,3700,SUCCESS
B,beta,415,3700,SUCCESS
B,beta,416,3800,SUCCESS
B,beta,417,3800,SUCCESS
B,beta,418,3800,SUCCESS
B,beta,419,3800,SUCCESS
B,beta,420,3800,SUCCESS
B,beta,421,3800,SUCCESS
B,beta,422,3800,SUCCESS
B,beta,423,3800,SUCCESS
B,beta,424,3800,SUCCESS
B,beta,425,3700,SUCCESS
B,beta,426,3700,SUCCESS
B,beta,427,3800,SUCCESS
B,beta,428,3700,SUCCESS
B,beta,429,3700,SUCCESS
B,beta,430,3700,SUCCESS
B,beta,431,3800,SUCCESS
B,beta,432,3800,SUCCESS
B,beta,433,3800,SUCCESS
B,beta,434,3800,SUCCESS
B,beta,435,3700,SUCCESS
B,beta,436,3700,SUCCESS
B,beta,437,3800,SUCCESS
B,beta,438,3800,SUCCESS
B,beta,439,3800,SUCCESS
B,beta,440,3800,SUCCESS
B,beta,441,3800,SUCCESS
B,beta,442,3800,SUCCESS
B,beta,443,3700,SUCCESS
B,beta,444,3700,SUCCESS
B,beta,445,3700,SUCCESS
B,beta,446,3700,SUCCESS
B,beta,447,3700,SUCCESS
B,beta,448,3700,SUCCESS
B,beta,449,3700,SUCCESS
B,beta,450,3700,SUCCESS
B,beta,451,3700,SUCCESS
B,beta,452,3800,SUCCESS
B,beta,453,3700,SUCCESS
B,beta,454,3700,SUCCESS
B,beta,455,3700,SUCCESS
B,beta,456,3700,SUCCESS
B,beta,457,3800,SUCCESS
B,beta,458,3800,SUCCESS
B,beta,459,3800,SUCCESS
B,beta,460,3800,SUCCESS
B,beta,461,3800,SUCCESS
B,beta,462,3800,SUCCESS
B,beta,463,3800,SUCCESS
B,beta,464,3800,SUCCESS
B,beta,465,3800,SUCCESS
B,beta,466,3800,SUCCESS
B,beta,467,3700,SUCCESS
B,beta,468,3800,SUCCESS
B,beta,469,3800,SUCCESS
B,beta,470,3800,SUCCESS
B,beta,471,3700,SUCCESS
B,beta,472,3700,SUCCESS
B,beta,473,3700,SUCCESS
B,beta,474,3700,SUCCESS
B,beta,475,3800,SUCCESS
B,beta,476,3800,SUCCESS
B,beta,477,3800,SUCCESS
B,beta,478,3700,SUCCESS
B,beta,479,3700,SUCCESS
B,beta,480,3700,SUCCESS
B,beta,481,3700,SUCCESS
B,beta,482,3800,SUCCESS
B,beta,483,3800,SUCCESS
B,beta,484,3800,SUCCESS
B,beta,485,3800,SUCCESS
B,beta,486,4000,SUCCESS
B,beta,487,4000,SUCCESS
B,beta,488,4000,SUCCESS
B,beta,489,4000,SUCCESS
B,beta,490,4000,SUCCESS
B,beta,491,4000,SUCCESS
B,beta,492,4000,SUCCESS
B,beta,493,4000,SUCCESS
B,beta,494,4000,SUCCESS
B,beta,495,4000,SUCCESS
B,beta,496,4000,SUCCESS
B,beta,497,4000,SUCCESS
B,beta,498,3900,SUCCESS
B,beta,499,4000,SUCCESS
B,beta,500,4100,SUCCESS
B,beta,501,4000,SUCCESS
B,beta,502,4000,SUCCESS
B,beta,503,4000,SUCCESS
B,beta,504,4100,SUCCESS
B,beta,505,4000,SUCCESS
B,beta,506,4000,SUCCESS
B,beta,507,4000,SUCCESS
B,beta,508,134000,SUCCESS
B,beta,509,4100,SUCCESS
B,beta,510,4100,SUCCESS
B,beta,511,4200,SUCCESS
B,beta,512,38900,SUCCESS
B,beta,513,4000,SUCCESS
B,beta,514,4000,SUCCESS
B,beta,515,4000,SUCCESS
B,beta,516,4100,SUCCESS
B,beta,517,13100,SUCCESS
B,beta,518,4000,SUCCESS
B,beta,519,4000,SUCCESS
B,beta,520,88900,SUCCESS
B,beta,521,9400,SUCCESS
B,beta,522,9300,SUCCESS
B,beta,523,25300,SUCCESS
B,beta,524,4300,SUCCESS
B,beta,525,4000,SUCCESS
B,beta,526,3900,SUCCESS
B,beta,527,4000,SUCCESS
B,beta,528,4000,SUCCESS
B,beta,529,4000,SUCCESS
B,beta,530,4000,SUCCESS
B,beta,531,4000,SUCCESS
B,beta,532,4000,SUCCESS
B,beta,533,4000,SUCCESS
B,beta,534,4000,SUCCESS
B,beta,535,4000,SUCCESS
B,beta,536,4000,SUCCESS
B,beta,537,3900,SUCCESS
B,beta,538,4000,SUCCESS
B,beta,539,4000,SUCCESS
B,beta,540,4000,SUCCESS
B,beta,541,4000,SUCCESS
B,beta,542,4000,SUCCESS
B,beta,543,4000,SUCCESS
B,beta,544,4000,SUCCESS
B,beta,545,4000,SUCCESS
B,beta,546,4000,SUCCESS
B,beta,547,4000,SUCCESS
B,beta,548,4000,SUCCESS
B,beta,549,4000,SUCCESS
B,beta,550,3900,SUCCESS
B,beta,551,4000,SUCCESS
B,beta,552,4000,SUCCESS
B,beta,553,4000,SUCCESS
B,beta,554,4000,SUCCESS
B,beta,555,3900,SUCCESS
B,beta,556,4000,SUCCESS
B,beta,557,4000,SUCCESS
B,beta,558,4000,SUCCESS
B,beta,559,4000,SUCCESS
B,beta,560,4000,SUCCESS
B,beta,561,4000,SUCCESS
B,beta,562,4000,SUCCESS
B,beta,563,4000,SUCCESS
B,beta,564,4000,SUCCESS
B,beta,565,4000,SUCCESS
B,beta,566,4000,SUCCESS
B,beta,567,4000,SUCCESS
B,beta,568,4000,SUCCESS
B,beta,569,4000,SUCCESS
B,beta,570,4000,SUCCESS
B,beta,571,4000,SUCCESS
B,beta,572,3900,SUCCESS
B,beta,573,4000,SUCCESS
B,beta,574,4000,SUCCESS
B,beta,575,4000,SUCCESS
B,beta,576,3900,SUCCESS
B,beta,577,4000,SUCCESS
B,beta,578,4000,SUCCESS
B,beta,579,4000,SUCCESS
B,beta,580,4000,SUCCESS
B,beta,581,4000,SUCCESS
B,beta,582,4000,SUCCESS
B,beta,583,4000,SUCCESS
B,beta,584,4000,SUCCESS
B,beta,585,4100,SUCCESS
B,beta,586,4000,SUCCESS
B,beta,587,4000,SUCCESS
B,beta,588,4000,SUCCESS
B,beta,589,4000,SUCCESS
B,beta,590,4000,SUCCESS
B,beta,591,4000,SUCCESS
B,beta,592,4000,SUCCESS
B,beta,593,4000,SUCCESS
B,beta,594,4000,SUCCESS
B,beta,595,4000,SUCCESS
B,beta,596,4000,SUCCESS
B,beta,597,4100,SUCCESS
B,beta,598,4000,SUCCESS
B,beta,599,4000,SUCCESS
B,beta,600,4000,SUCCESS
B,beta,601,3900,SUCCESS
B,beta,602,4000,SUCCESS
B,beta,603,4000,SUCCESS
B,beta,604,4000,SUCCESS
B,beta,605,4000,SUCCESS
B,beta,606,4000,SUCCESS
B,beta,607,4000,SUCCESS
B,beta,608,4000,SUCCESS
B,beta,609,4000,SUCCESS
B,beta,610,4000,SUCCESS
B,beta,611,4000,SUCCESS
B,beta,612,4000,SUCCESS
B,beta,613,4000,SUCCESS
B,beta,614,4000,SUCCESS
B,beta,615,4000,SUCCESS
B,beta,616,4000,SUCCESS
B,beta,617,4000,SUCCESS
B,beta,618,4000,SUCCESS
B,beta,619,4000,SUCCESS
B,beta,620,4000,SUCCESS
B,beta,621,4000,SUCCESS
B,beta,622,4000,SUCCESS
B,beta,623,4000,SUCCESS
B,beta,624,4000,SUCCESS
B,beta,625,4000,SUCCESS
B,beta,626,4100,SUCCESS
B,beta,627,4000,SUCCESS
B,beta,628,4000,SUCCESS
B,beta,629,4100,SUCCESS
B,beta,630,4000,SUCCESS
B,beta,631,4000,SUCCESS
B,beta,632,4000,SUCCESS
B,beta,633,4000,SUCCESS
B,beta,634,4100,SUCCESS
B,beta,635,4000,SUCCESS
B,beta,636,3900,SUCCESS
B,beta,637,4000,SUCCESS
B,beta,638,4000,SUCCESS
B,beta,639,4000,SUCCESS
B,beta,640,4000,SUCCESS
B,beta,641,12800,SUCCESS
B,beta,642,4000,SUCCESS
B,beta,643,4000,SUCCESS
B,beta,644,4000,SUCCESS
B,beta,645,4000,SUCCESS
B,beta,646,4000,SUCCESS
B,beta,647,4000,SUCCESS
B,beta,648,4000,SUCCESS
B,beta,649,4000,SUCCESS
B,beta,650,4000,SUCCESS
B,beta,651,4000,SUCCESS
B,beta,652,4000,SUCCESS
B,beta,653,4000,SUCCESS
B,beta,654,4000,SUCCESS
B,beta,655,4000,SUCCESS
B,beta,656,4000,SUCCESS
B,beta,657,4000,SUCCESS
B,beta,658,4000,SUCCESS
B,beta,659,4200,SUCCESS
B,beta,660,4000,SUCCESS
B,beta,661,4000,SUCCESS
B,beta,662,4000,SUCCESS
B,beta,663,4100,SUCCESS
B,beta,664,4000,SUCCESS
B,beta,665,4000,SUCCESS
B,beta,666,13600,SUCCESS
B,beta,667,4100,SUCCESS
B,beta,668,4000,SUCCESS
B,beta,669,4000,SUCCESS
B,beta,670,4000,SUCCESS
B,beta,671,4000,SUCCESS
B,beta,672,4000,SUCCESS
B,beta,673,4000,SUCCESS
B,beta,674,4000,SUCCESS
B,beta,675,4000,SUCCESS
B,beta,676,4000,SUCCESS
B,beta,677,4000,SUCCESS
B,beta,678,4000,SUCCESS
B,beta,679,4000,SUCCESS
B,beta,680,4000,SUCCESS
B,beta,681,4000,SUCCESS
B,beta,682,4000,SUCCESS
B,beta,683,3900,SUCCESS
B,beta,684,4000,SUCCESS
B,beta,685,4000,SUCCESS
B,beta,686,4000,SUCCESS
B,beta,687,4000,SUCCESS
B,beta,688,4000,SUCCESS
B,beta,689,4000,SUCCESS
B,beta,690,4000,SUCCESS
B,beta,691,4000,SUCCESS
B,beta,692,4000,SUCCESS
B,beta,693,4000,SUCCESS
B,beta,694,4000,SUCCESS
B,beta,695,4000,SUCCESS
B,beta,696,4000,SUCCESS
B,beta,697,4000,SUCCESS
B,beta,698,4000,SUCCESS
B,beta,699,4000,SUCCESS
B,beta,700,4100,SUCCESS
B,beta,701,4000,SUCCESS
B,beta,702,4000,SUCCESS
B,beta,703,4000,SUCCESS
B,beta,704,4000,SUCCESS
B,beta,705,4000,SUCCESS
B,beta,706,4000,SUCCESS
B,beta,707,4900,SUCCESS
B,beta,708,3700,SUCCESS
B,beta,709,3800,SUCCESS
B,beta,710,4000,SUCCESS
B,beta,711,4000,SUCCESS
B,beta,712,4000,SUCCESS
B,beta,713,4000,SUCCESS
B,beta,714,4000,SUCCESS
B,beta,715,4000,SUCCESS
B,beta,716,4000,SUCCESS
B,beta,717,4000,SUCCESS
B,beta,718,4000,SUCCESS
B,beta,719,4000,SUCCESS
B,beta,720,4000,SUCCESS
B,beta,721,4000,SUCCESS
B,beta,722,4000,SUCCESS
B,beta,723,4000,SUCCESS
B,beta,724,4000,SUCCESS
B,beta,725,4000,SUCCESS
B,beta,726,4000,SUCCESS
B,beta,727,4000,SUCCESS
B,beta,728,4000,SUCCESS
B,beta,729,4000,SUCCESS
B,beta,730,4000,SUCCESS
B,beta,731,4000,SUCCESS
B,beta,732,4000,SUCCESS
B,beta,733,4000,SUCCESS
B,beta,734,4000,SUCCESS
B,beta,735,4000,SUCCESS
B,beta,736,4000,SUCCESS
B,beta,737,4000,SUCCESS
B,beta,738,4000,SUCCESS
B,beta,739,4000,SUCCESS
B,beta,740,3900,SUCCESS
B,beta,741,4000,SUCCESS
B,beta,742,4000,SUCCESS
B,beta,743,4000,SUCCESS
B,beta,744,4000,SUCCESS
B,beta,745,4000,SUCCESS
B,beta,746,4000,SUCCESS
B,beta,747,4000,SUCCESS
B,beta,748,4000,SUCCESS
B,beta,749,4000,SUCCESS
B,beta,750,4000,SUCCESS
B,beta,751,4000,SUCCESS
B,beta,752,4000,SUCCESS
B,beta,753,4000,SUCCESS
B,beta,754,4000,SUCCESS
B,beta,755,4000,SUCCESS
B,beta,756,4000,SUCCESS
B,beta,757,4000,SUCCESS
B,beta,758,4000,SUCCESS
B,beta,759,4000,SUCCESS
B,beta,760,4000,SUCCESS
B,beta,761,4000,SUCCESS
B,beta,762,4000,SUCCESS
B,beta,763,4000,SUCCESS
B,beta,764,4000,SUCCESS
B,beta,765,4000,SUCCESS
B,beta,766,4000,SUCCESS
B,beta,767,4000,SUCCESS
B,beta,768,4000,SUCCESS
B,beta,769,4000,SUCCESS
B,beta,770,4000,SUCCESS
B,beta,771,4000,SUCCESS
B,beta,772,4000,SUCCESS
B,beta,773,4000,SUCCESS
B,beta,774,4000,SUCCESS
B,beta,775,4000,SUCCESS
B,beta,776,4000,SUCCESS
B,beta,777,4000,SUCCESS
B,beta,778,4000,SUCCESS
B,beta,779,4000,SUCCESS
B,beta,780,4000,SUCCESS
B,beta,781,4000,SUCCESS
B,beta,782,3900,SUCCESS
B,beta,783,4000,SUCCESS
B,beta,784,4000,SUCCESS
B,beta,785,3900,SUCCESS
B,beta,786,4000,SUCCESS
B,beta,787,4000,SUCCESS
B,beta,788,4000,SUCCESS
B,beta,789,4000,SUCCESS
B,beta,790,4000,SUCCESS
B,beta,791,4000,SUCCESS
B,beta,792,4000,SUCCESS
B,beta,793,4000,SUCCESS
B,beta,794,3900,SUCCESS
B,beta,795,4000,SUCCESS
B,beta,796,4000,SUCCESS
B,beta,797,4000,SUCCESS
B,beta,798,4000,SUCCESS
B,beta,799,4000,SUCCESS
B,beta,800,4000,SUCCESS
B,beta,801,4000,SUCCESS
B,beta,802,4000,SUCCESS
B,beta,803,4000,SUCCESS
B,beta,804,4000,SUCCESS
B,beta,805,4000,SUCCESS
B,beta,806,4100,SUCCESS
B,beta,807,4000,SUCCESS
B,beta,808,4000,SUCCESS
B,beta,809,3900,SUCCESS
B,beta,810,4000,SUCCESS
B,beta,811,4000,SUCCESS
B,beta,812,4000,SUCCESS
B,beta,813,4000,SUCCESS
B,beta,814,4000,SUCCESS
B,beta,815,4000,SUCCESS
B,beta,816,4000,SUCCESS
B,beta,817,4000,SUCCESS
B,beta,818,4000,SUCCESS
B,beta,819,4000,SUCCESS
B,beta,820,4000,SUCCESS
B,beta,821,4000,SUCCESS
B,beta,822,4000,SUCCESS
B,beta,823,4000,SUCCESS
B,beta,824,4000,SUCCESS
B,beta,825,4000,SUCCESS
B,beta,826,4000,SUCCESS
B,beta,827,4000,SUCCESS
B,beta,828,4000,SUCCESS
B,beta,829,4000,SUCCESS
B,beta,830,4000,SUCCESS
B,beta,831,4000,SUCCESS
B,beta,832,4000,SUCCESS
B,beta,833,4000,SUCCESS
B,beta,834,4000,SUCCESS
B,beta,835,4100,SUCCESS
B,beta,836,4100,SUCCESS
B,beta,837,4000,SUCCESS
B,beta,838,4000,SUCCESS
B,beta,839,4000,SUCCESS
B,beta,840,4000,SUCCESS
B,beta,841,4100,SUCCESS
B,beta,842,4000,SUCCESS
B,beta,843,3900,SUCCESS
B,beta,844,4000,SUCCESS
B,beta,845,4000,SUCCESS
B,beta,846,4000,SUCCESS
B,beta,847,4000,SUCCESS
B,beta,848,4000,SUCCESS
B,beta,849,4000,SUCCESS
B,beta,850,4300,SUCCESS
B,beta,851,4000,SUCCESS
B,beta,852,4000,SUCCESS
B,beta,853,4000,SUCCESS
B,beta,854,3900,SUCCESS
B,beta,855,4000,SUCCESS
B,beta,856,4000,SUCCESS
B,beta,857,4000,SUCCESS
B,beta,858,4900,SUCCESS
B,beta,859,3700,SUCCESS
B,beta,860,3700,SUCCESS
B,beta,861,3700,SUCCESS
B,beta,862,3800,SUCCESS
B,beta,863,3800,SUCCESS
B,beta,864,3900,SUCCESS
B,beta,865,3800,SUCCESS
B,beta,866,3800,SUCCESS
B,beta,867,3700,SUCCESS
B,beta,868,3700,SUCCESS
B,beta,869,3700,SUCCESS
B,beta,870,3800,SUCCESS
B,beta,871,3800,SUCCESS
B,beta,872,3800,SUCCESS
B,beta,873,3700,SUCCESS
B,beta,874,3700,SUCCESS
B,beta,875,3800,SUCCESS
B,beta,876,3900,SUCCESS
B,beta,877,3700,SUCCESS
B,beta,878,3800,SUCCESS
B,beta,879,3700,SUCCESS
B,beta,880,3800,SUCCESS
B,beta,881,3900,SUCCESS
B,beta,882,3800,SUCCESS
B,beta,883,3800,SUCCESS
B,beta,884,3700,SUCCESS
B,beta,885,3700,SUCCESS
B,beta,886,3800,SUCCESS
B,beta,887,3800,SUCCESS
B,beta,888,3900,SUCCESS
B,beta,889,3800,SUCCESS
B,beta,890,3700,SUCCESS
B,beta,891,3900,SUCCESS
B,beta,892,3900,SUCCESS
B,beta,893,4000,SUCCESS
B,beta,894,4000,SUCCESS
B,beta,895,4000,SUCCESS
B,beta,896,4000,SUCCESS
B,beta,897,4000,SUCCESS
B,beta,898,4000,SUCCESS
B,beta,899,4000,SUCCESS
B,beta,900,4000,SUCCESS
B,beta,901,4000,SUCCESS
B,beta,902,4000,SUCCESS
B,beta,903,4000,SUCCESS
B,beta,904,4100,SUCCESS
B,beta,905,4000,SUCCESS
B,beta,906,4000,SUCCESS
B,beta,907,4100,SUCCESS
B,beta,908,4000,SUCCESS
B,beta,909,4000,SUCCESS
B,beta,910,3800,SUCCESS
B,beta,911,3800,SUCCESS
B,beta,912,3800,SUCCESS
B,beta,913,3800,SUCCESS
B,beta,914,3700,SUCCESS
B,beta,915,3700,SUCCESS
B,beta,916,3800,SUCCESS
B,beta,917,3700,SUCCESS
B,beta,918,3800,SUCCESS
B,beta,919,3800,SUCCESS
B,beta,920,3800,SUCCESS
B,beta,921,3800,SUCCESS
B,beta,922,3700,SUCCESS
B,beta,923,3800,SUCCESS
B,beta,924,3700,SUCCESS
B,beta,925,3800,SUCCESS
B,beta,926,3700,SUCCESS
B,beta,927,3700,SUCCESS
B,beta,928,3800,SUCCESS
B,beta,929,3800,SUCCESS
B,beta,930,3800,SUCCESS
B,beta,931,3800,SUCCESS
B,beta,932,3700,SUCCESS
B,beta,933,3700,SUCCESS
B,beta,934,3800,SUCCESS
B,beta,935,3800,SUCCESS
B,beta,936,3700,SUCCESS
B,beta,937,3800,SUCCESS
B,beta,938,3800,SUCCESS
B,beta,939,3800,SUCCESS
B,beta,940,3900,SUCCESS
B,beta,941,3800,SUCCESS
B,beta,942,3700,SUCCESS
B,beta,943,3900,SUCCESS
B,beta,944,3800,SUCCESS
B,beta,945,3800,SUCCESS
B,beta,946,3900,SUCCESS
B,beta,947,3700,SUCCESS
B,beta,948,3800,SUCCESS
B,beta,949,3800,SUCCESS
B,beta,950,3700,SUCCESS
B,beta,951,3700,SUCCESS
B,beta,952,3900,SUCCESS
B,beta,953,3700,SUCCESS
B,beta,954,3800,SUCCESS
B,beta,955,3800,SUCCESS
B,beta,956,3800,SUCCESS
B,beta,957,3800,SUCCESS
B,beta,958,3800,SUCCESS
B,beta,959,3800,SUCCESS
B,beta,960,3800,SUCCESS
B,beta,961,3800,SUCCESS
B,beta,962,3800,SUCCESS
B,beta,963,3800,SUCCESS
B,beta,964,3800,SUCCESS
B,beta,965,3800,SUCCESS
B,beta,966,3700,SUCCESS
B,beta,967,3800,SUCCESS
B,beta,968,3800,SUCCESS
B,beta,969,3700,SUCCESS
B,beta,970,3900,SUCCESS
B,beta,971,3700,SUCCESS
B,beta,972,3800,SUCCESS
B,beta,973,3900,SUCCESS
B,beta,974,3800,SUCCESS
B,beta,975,3700,SUCCESS
B,beta,976,3900,SUCCESS
B,beta,977,3800,SUCCESS
B,beta,978,3800,SUCCESS
B,beta,979,3700,SUCCESS
B,beta,980,3800,SUCCESS
B,beta,981,3800,SUCCESS
B,beta,982,3700,SUCCESS
B,beta,983,3700,SUCCESS
B,beta,984,3700,SUCCESS
B,beta,985,3700,SUCCESS
B,beta,986,3700,SUCCESS
B,beta,987,3800,SUCCESS
B,beta,988,3800,SUCCESS
B,beta,989,3800,SUCCESS
B,beta,990,3800,SUCCESS
B,beta,991,3700,SUCCESS
B,beta,992,3700,SUCCESS
B,beta,993,3800,SUCCESS
B,beta,994,3800,SUCCESS
B,beta,995,3800,SUCCESS
B,beta,996,3700,SUCCESS
B,beta,997,3900,SUCCESS
B,beta,998,3700,SUCCESS
B,beta,999,3800,SUCCESS
B,gamma,0,3800,SUCCESS
B,gamma,1,3800,SUCCESS
B,gamma,2,3700,SUCCESS
B,gamma,3,3700,SUCCESS
B,gamma,4,3800,SUCCESS
B,gamma,5,3900,SUCCESS
B,gamma,6,3800,SUCCESS
B,gamma,7,3700,SUCCESS
B,gamma,8,3700,SUCCESS
B,gamma,9,3800,SUCCESS
B,gamma,10,3800,SUCCESS
B,gamma,11,3800,SUCCESS
B,gamma,12,3700,SUCCESS
B,gamma,13,3800,SUCCESS
B,gamma,14,3900,SUCCESS
B,gamma,15,3700,SUCCESS
B,gamma,16,3800,SUCCESS
B,gamma,17,3800,SUCCESS
B,gamma,18,3800,SUCCESS
B,gamma,19,3700,SUCCESS
B,gamma,20,3800,SUCCESS
B,gamma,21,3700,SUCCESS
B,gamma,22,3800,SUCCESS
B,gamma,23,3800,SUCCESS
B,gamma,24,3700,SUCCESS
B,gamma,25,3700,SUCCESS
B,gamma,26,3800,SUCCESS
B,gamma,27,3700,SUCCESS
B,gamma,28,3800,SUCCESS
B,gamma,29,3800,SUCCESS
B,gamma,30,3800,SUCCESS
B,gamma,31,3800,SUCCESS
B,gamma,32,3900,SUCCESS
B,gamma,33,3800,SUCCESS
B,gamma,34,3700,SUCCESS
B,gamma,35,3800,SUCCESS
B,gamma,36,3800,SUCCESS
B,gamma,37,3800,SUCCESS
B,gamma,38,3700,SUCCESS
B,gamma,39,3800,SUCCESS
B,gamma,40,3800,SUCCESS
B,gamma,41,3700,SUCCESS
B,gamma,42,3700,SUCCESS
B,gamma,43,3700,SUCCESS
B,gamma,44,3800,SUCCESS
B,gamma,45,3800,SUCCESS
B,gamma,46,3800,SUCCESS
B,gamma,47,3900,SUCCESS
B,gamma,48,3700,SUCCESS
B,gamma,49,3800,SUCCESS
B,gamma,50,3800,SUCCESS
B,gamma,51,3700,SUCCESS
B,gamma,52,3800,SUCCESS
B,gamma,53,3800,SUCCESS
B,gamma,54,3800,SUCCESS
B,gamma,55,3800,SUCCESS
B,gamma,56,3800,SUCCESS
B,gamma,57,3700,SUCCESS
B,gamma,58,3700,SUCCESS
B,gamma,59,3700,SUCCESS
B,gamma,60,3700,SUCCESS
B,gamma,61,3800,SUCCESS
B,gamma,62,3800,SUCCESS
B,gamma,63,3700,SUCCESS
B,gamma,64,3700,SUCCESS
B,gamma,65,3800,SUCCESS
B,gamma,66,3700,SUCCESS
B,gamma,67,3700,SUCCESS
B,gamma,68,3800,SUCCESS
B,gamma,69,3800,SUCCESS
B,gamma,70,4000,SUCCESS
B,gamma,71,3900,SUCCESS
B,gamma,72,3800,SUCCESS
B,gamma,73,3900,SUCCESS
B,gamma,74,3800,SUCCESS
B,gamma,75,3800,SUCCESS
B,gamma,76,3800,SUCCESS
B,gamma,77,3700,SUCCESS
B,gamma,78,3700,SUCCESS
B,gamma,79,3700,SUCCESS
B,gamma,80,3800,SUCCESS
B,gamma,81,3700,SUCCESS
B,gamma,82,3700,SUCCESS
B,gamma,83,3700,SUCCESS
B,gamma,84,3700,SUCCESS
B,gamma,85,3700,SUCCESS
B,gamma,86,3800,SUCCESS
B,gamma,87,3800,SUCCESS
B,gamma,88,3700,SUCCESS
B,gamma,89,3700,SUCCESS
B,gamma,90,3700,SUCCESS
B,gamma,91,3800,SUCCESS
B,gamma,92,3700,SUCCESS
B,gamma,93,3700,SUCCESS
B,gamma,94,3800,SUCCESS
B,gamma,95,3800,SUCCESS
B,gamma,96,3800,SUCCESS
B,gamma,97,3800,SUCCESS
B,gamma,98,3700,SUCCESS
B,gamma,99,3700,SUCCESS
B,gamma,100,3800,SUCCESS
B,gamma,101,3700,SUCCESS
B,gamma,102,3700,SUCCESS
B,gamma,103,3800,SUCCESS
B,gamma,104,3700,SUCCESS
B,gamma,105,3700,SUCCESS
B,gamma,106,3800,SUCCESS
B,gamma,107,3800,SUCCESS
B,gamma,108,3800,SUCCESS
B,gamma,109,3700,SUCCESS
B,gamma,110,3700,SUCCESS
B,gamma,111,3700,SUCCESS
B,gamma,112,3700,SUCCESS
B,gamma,113,3800,SUCCESS
B,gamma,114,3800,SUCCESS
B,gamma,115,3800,SUCCESS
B,gamma,116,3800,SUCCESS
B,gamma,117,3700,SUCCESS
B,gamma,118,3800,SUCCESS
B,gamma,119,3700,SUCCESS
B,gamma,120,3700,SUCCESS
B,gamma,121,3800,SUCCESS
B,gamma,122,3800,SUCCESS
B,gamma,123,3700,SUCCESS
B,gamma,124,3900,SUCCESS
B,gamma,125,3700,SUCCESS
B,gamma,126,3800,SUCCESS
B,gamma,127,3900,SUCCESS
B,gamma,128,3700,SUCCESS
B,gamma,129,3800,SUCCESS
B,gamma,130,3800,SUCCESS
B,gamma,131,3700,SUCCESS
B,gamma,132,3800,SUCCESS
B,gamma,133,3800,SUCCESS
B,gamma,134,3800,SUCCESS
B,gamma,135,3800,SUCCESS
B,gamma,136,3800,SUCCESS
B,gamma,137,3700,SUCCESS
B,gamma,138,3700,SUCCESS
B,gamma,139,3700,SUCCESS
B,gamma,140,3800,SUCCESS
B,gamma,141,3800,SUCCESS
B,gamma,142,3700,SUCCESS
B,gamma,143,3700,SUCCESS
B,gamma,144,3700,SUCCESS
B,gamma,145,3800,SUCCESS
B,gamma,146,3800,SUCCESS
B,gamma,147,3700,SUCCESS
B,gamma,148,3800,SUCCESS
B,gamma,149,3800,SUCCESS
B,gamma,150,3800,SUCCESS
B,gamma,151,3700,SUCCESS
B,gamma,152,3800,SUCCESS
B,gamma,153,3800,SUCCESS
B,gamma,154,3700,SUCCESS
B,gamma,155,3700,SUCCESS
B,gamma,156,3700,SUCCESS
B,gamma,157,3800,SUCCESS
B,gamma,158,3700,SUCCESS
B,gamma,159,3700,SUCCESS
B,gamma,160,3800,SUCCESS
B,gamma,161,3800,SUCCESS
B,gamma,162,3800,SUCCESS
B,gamma,163,3900,SUCCESS
B,gamma,164,3700,SUCCESS
B,gamma,165,3700,SUCCESS
B,gamma,166,3800,SUCCESS
B,gamma,167,3700,SUCCESS
B,gamma,168,3700,SUCCESS
B,gamma,169,3800,SUCCESS
B,gamma,170,3800,SUCCESS
B,gamma,171,3800,SUCCESS
B,gamma,172,3800,SUCCESS
B,gamma,173,3800,SUCCESS
B,gamma,174,3800,SUCCESS
B,gamma,175,3800,SUCCESS
B,gamma,176,3700,SUCCESS
B,gamma,177,3700,SUCCESS
B,gamma,178,3800,SUCCESS
B,gamma,179,3700,SUCCESS
B,gamma,180,3700,SUCCESS
B,gamma,181,3800,SUCCESS
B,gamma,182,3700,SUCCESS
B,gamma,183,3700,SUCCESS
B,gamma,184,3900,SUCCESS
B,gamma,185,3800,SUCCESS
B,gamma,186,3800,SUCCESS
B,gamma,187,4100,SUCCESS
B,gamma,188,3800,SUCCESS
B,gamma,189,3700,SUCCESS
B,gamma,190,3700,SUCCESS
B,gamma,191,3800,SUCCESS
B,gamma,192,3800,SUCCESS
B,gamma,193,3800,SUCCESS
B,gamma,194,3800,SUCCESS
B,gamma,195,3800,SUCCESS
B,gamma,196,3800,SUCCESS
B,gamma,197,3700,SUCCESS
B,gamma,198,3800,SUCCESS
B,gamma,199,3800,SUCCESS
B,gamma,200,3800,SUCCESS
B,gamma,201,3800,SUCCESS
B,gamma,202,3800,SUCCESS
B,gamma,203,3700,SUCCESS
B,gamma,204,3700,SUCCESS
B,gamma,205,3800,SUCCESS
B,gamma,206,3800,SUCCESS
B,gamma,207,3800,SUCCESS
B,gamma,208,4000,SUCCESS
B,gamma,209,3800,SUCCESS
B,gamma,210,3800,SUCCESS
B,gamma,211,3700,SUCCESS
B,gamma,212,3800,SUCCESS
B,gamma,213,3800,SUCCESS
B,gamma,214,3900,SUCCESS
B,gamma,215,3700,SUCCESS
B,gamma,216,3800,SUCCESS
B,gamma,217,3800,SUCCESS
B,gamma,218,3800,SUCCESS
B,gamma,219,3800,SUCCESS
B,gamma,220,3900,SUCCESS
B,gamma,221,3800,SUCCESS
B,gamma,222,3700,SUCCESS
B,gamma,223,3700,SUCCESS
B,gamma,224,3700,SUCCESS
B,gamma,225,3700,SUCCESS
B,gamma,226,3800,SUCCESS
B,gamma,227,3700,SUCCESS
B,gamma,228,3700,SUCCESS
B,gamma,229,3900,SUCCESS
B,gamma,230,3800,SUCCESS
B,gamma,231,3800,SUCCESS
B,gamma,232,3700,SUCCESS
B,gamma,233,3700,SUCCESS
B,gamma,234,3700,SUCCESS
B,gamma,235,3800,SUCCESS
B,gamma,236,3700,SUCCESS
B,gamma,237,3800,SUCCESS
B,gamma,238,3800,SUCCESS
B,gamma,239,3800,SUCCESS
B,gamma,240,3800,SUCCESS
B,gamma,241,4000,SUCCESS
B,gamma,242,3800,SUCCESS
B,gamma,243,3800,SUCCESS
B,gamma,244,4000,SUCCESS
B,gamma,245,3700,SUCCESS
B,gamma,246,3700,SUCCESS
B,gamma,247,3800,SUCCESS
B,gamma,248,3800,SUCCESS
B,gamma,249,3800,SUCCESS
B,gamma,250,3800,SUCCESS
B,gamma,251,3800,SUCCESS
B,gamma,252,3700,SUCCESS
B,gamma,253,3900,SUCCESS
B,gamma,254,3700,SUCCESS
B,gamma,255,3700,SUCCESS
B,gamma,256,3800,SUCCESS
B,gamma,257,3800,SUCCESS
B,gamma,258,3800,SUCCESS
B,gamma,259,3900,SUCCESS
B,gamma,260,3800,SUCCESS
B,gamma,261,3700,SUCCESS
B,gamma,262,3700,SUCCESS
B,gamma,263,3800,SUCCESS
B,gamma,264,3800,SUCCESS
B,gamma,265,3800,SUCCESS
B,gamma,266,3700,SUCCESS
B,gamma,267,3700,SUCCESS
B,gamma,268,3800,SUCCESS
B,gamma,269,3800,SUCCESS
B,gamma,270,3800,SUCCESS
B,gamma,271,3800,SUCCESS
B,gamma,272,3800,SUCCESS
B,gamma,273,3800,SUCCESS
B,gamma,274,3800,SUCCESS
B,gamma,275,3700,SUCCESS
B,gamma,276,3700,SUCCESS
B,gamma,277,3700,SUCCESS
B,gamma,278,3800,SUCCESS
B,gamma,279,3700,SUCCESS
B,gamma,280,3800,SUCCESS
B,gamma,281,3700,SUCCESS
B,gamma,282,3700,SUCCESS
B,gamma,283,3700,SUCCESS
B,gamma,284,3800,SUCCESS
B,gamma,285,3800,SUCCESS
B,gamma,286,3800,SUCCESS
B,gamma,287,3800,SUCCESS
B,gamma,288,3800,SUCCESS
B,gamma,289,3700,SUCCESS
B,gamma,290,3700,SUCCESS
B,gamma,291,3700,SUCCESS
B,gamma,292,3800,SUCCESS
B,gamma,293,3800,SUCCESS
B,gamma,294,8800,SUCCESS
B,gamma,295,3700,SUCCESS
B,gamma,296,3700,SUCCESS
B,gamma,297,3700,SUCCESS
B,gamma,298,3700,SUCCESS
B,gamma,299,3800,SUCCESS
B,gamma,300,3800,SUCCESS
B,gamma,301,3700,SUCCESS
B,gamma,302,3800,SUCCESS
B,gamma,303,3800,SUCCESS
B,gamma,304,3800,SUCCESS
B,gamma,305,3700,SUCCESS
B,gamma,306,3800,SUCCESS
B,gamma,307,3800,SUCCESS
B,gamma,308,3700,SUCCESS
B,gamma,309,3700,SUCCESS
B,gamma,310,3800,SUCCESS
B,gamma,311,3800,SUCCESS
B,gamma,312,3700,SUCCESS
B,gamma,313,3700,SUCCESS
B,gamma,314,3800,SUCCESS
B,gamma,315,3700,SUCCESS
B,gamma,316,3700,SUCCESS
B,gamma,317,3800,SUCCESS
B,gamma,318,3700,SUCCESS
B,gamma,319,3800,SUCCESS
B,gamma,320,3800,SUCCESS
B,gamma,321,3800,SUCCESS
B,gamma,322,3700,SUCCESS
B,gamma,323,3700,SUCCESS
B,gamma,324,3700,SUCCESS
B,gamma,325,3800,SUCCESS
B,gamma,326,3800,SUCCESS
B,gamma,327,3800,SUCCESS
B,gamma,328,3900,SUCCESS
B,gamma,329,3800,SUCCESS
B,gamma,330,3800,SUCCESS
B,gamma,331,3900,SUCCESS
B,gamma,332,3700,SUCCESS
B,gamma,333,3700,SUCCESS
B,gamma,334,3800,SUCCESS
B,gamma,335,3700,SUCCESS
B,gamma,336,3700,SUCCESS
B,gamma,337,3700,SUCCESS
B,gamma,338,3800,SUCCESS
B,gamma,339,3800,SUCCESS
B,gamma,340,3800,SUCCESS
B,gamma,341,3800,SUCCESS
B,gamma,342,3700,SUCCESS
B,gamma,343,3800,SUCCESS
B,gamma,344,3700,SUCCESS
B,gamma,345,3700,SUCCESS
B,gamma,346,3700,SUCCESS
B,gamma,347,3800,SUCCESS
B,gamma,348,3700,SUCCESS
B,gamma,349,3700,SUCCESS
B,gamma,350,3800,SUCCESS
B,gamma,351,3800,SUCCESS
B,gamma,352,3700,SUCCESS
B,gamma,353,3700,SUCCESS
B,gamma,354,3800,SUCCESS
B,gamma,355,3800,SUCCESS
B,gamma,356,3700,SUCCESS
B,gamma,357,3800,SUCCESS
B,gamma,358,3800,SUCCESS
B,gamma,359,3700,SUCCESS
B,gamma,360,3700,SUCCESS
B,gamma,361,3700,SUCCESS
B,gamma,362,3700,SUCCESS
B,gamma,363,3700,SUCCESS
B,gamma,364,3800,SUCCESS
B,gamma,365,3700,SUCCESS
B,gamma,366,3700,SUCCESS
B,gamma,367,3900,SUCCESS
B,gamma,368,3700,SUCCESS
B,gamma,369,3700,SUCCESS
B,gamma,370,3800,SUCCESS
B,gamma,371,3700,SUCCESS
B,gamma,372,3700,SUCCESS
B,gamma,373,3700,SUCCESS
B,gamma,374,3800,SUCCESS
B,gamma,375,3700,SUCCESS
B,gamma,376,3700,SUCCESS
B,gamma,377,3700,SUCCESS
B,gamma,378,3700,SUCCESS
B,gamma,379,5000,SUCCESS
B,gamma,380,5000,SUCCESS
B,gamma,381,5000,SUCCESS
B,gamma,382,5000,SUCCESS
B,gamma,383,4900,SUCCESS
B,gamma,384,4900,SUCCESS
B,gamma,385,4900,SUCCESS
B,gamma,386,5000,SUCCESS
B,gamma,387,4900,SUCCESS
B,gamma,388,4900,SUCCESS
B,gamma,389,5000,SUCCESS
B,gamma,390,4900,SUCCESS
B,gamma,391,5000,SUCCESS
B,gamma,392,4900,SUCCESS
B,gamma,393,4900,SUCCESS
B,gamma,394,3900,SUCCESS
B,gamma,395,3700,SUCCESS
B,gamma,396,3700,SUCCESS
B,gamma,397,3800,SUCCESS
B,gamma,398,3800,SUCCESS
B,gamma,399,3800,SUCCESS
B,gamma,400,3700,SUCCESS
B,gamma,401,3800,SUCCESS
B,gamma,402,3800,SUCCESS
B,gamma,403,3800,SUCCESS
B,gamma,404,3800,SUCCESS
B,gamma,405,3800,SUCCESS
B,gamma,406,3800,SUCCESS
B,gamma,407,3700,SUCCESS
B,gamma,408,3700,SUCCESS
B,gamma,409,3700,SUCCESS
B,gamma,410,3700,SUCCESS
B,gamma,411,3800,SUCCESS
B,gamma,412,3800,SUCCESS
B,gamma,413,3800,SUCCESS
B,gamma,414,3800,SUCCESS
B,gamma,415,3900,SUCCESS
B,gamma,416,3800,SUCCESS
B,gamma,417,3700,SUCCESS
B,gamma,418,3700,SUCCESS
B,gamma,419,3800,SUCCESS
B,gamma,420,3700,SUCCESS
B,gamma,421,3800,SUCCESS
B,gamma,422,3800,SUCCESS
B,gamma,423,3800,SUCCESS
B,gamma,424,3800,SUCCESS
B,gamma,425,3800,SUCCESS
B,gamma,426,3800,SUCCESS
B,gamma,427,3900,SUCCESS
B,gamma,428,3800,SUCCESS
B,gamma,429,3700,SUCCESS
B,gamma,430,3900,SUCCESS
B,gamma,431,3800,SUCCESS
B,gamma,432,3800,SUCCESS
B,gamma,433,3800,SUCCESS
B,gamma,434,3800,SUCCESS
B,gamma,435,3700,SUCCESS
B,gamma,436,3700,SUCCESS
B,gamma,437,3700,SUCCESS
B,gamma,438,3800,SUCCESS
B,gamma,439,3800,SUCCESS
B,gamma,440,3700,SUCCESS
B,gamma,441,3700,SUCCESS
B,gamma,442,3800,SUCCESS
B,gamma,443,3700,SUCCESS
B,gamma,444,3700,SUCCESS
B,gamma,445,3800,SUCCESS
B,gamma,446,3700,SUCCESS
B,gamma,447,3700,SUCCESS
B,gamma,448,3700,SUCCESS
B,gamma,449,3700,SUCCESS
B,gamma,450,3800,SUCCESS
B,gamma,451,3800,SUCCESS
B,gamma,452,3700,SUCCESS
B,gamma,453,3700,SUCCESS
B,gamma,454,3700,SUCCESS
B,gamma,455,3800,SUCCESS
B,gamma,456,3800,SUCCESS
B,gamma,457,3800,SUCCESS
B,gamma,458,3700,SUCCESS
B,gamma,459,3700,SUCCESS
B,gamma,460,3800,SUCCESS
B,gamma,461,3700,SUCCESS
B,gamma,462,3800,SUCCESS
B,gamma,463,8800,SUCCESS
B,gamma,464,3700,SUCCESS
B,gamma,465,3700,SUCCESS
B,gamma,466,3800,SUCCESS
B,gamma,467,3700,SUCCESS
B,gamma,468,3700,SUCCESS
B,gamma,469,3800,SUCCESS
B,gamma,470,3800,SUCCESS
B,gamma,471,3800,SUCCESS
B,gamma,472,3800,SUCCESS
B,gamma,473,3700,SUCCESS
B,gamma,474,3700,SUCCESS
B,gamma,475,3800,SUCCESS
B,gamma,476,3800,SUCCESS
B,gamma,477,3800,SUCCESS
B,gamma,478,3800,SUCCESS
B,gamma,479,3700,SUCCESS
B,gamma,480,3800,SUCCESS
B,gamma,481,3800,SUCCESS
B,gamma,482,3800,SUCCESS
B,gamma,483,3800,SUCCESS
B,gamma,484,3700,SUCCESS
B,gamma,485,3700,SUCCESS
B,gamma,486,3700,SUCCESS
B,gamma,487,3700,SUCCESS
B,gamma,488,3700,SUCCESS
B,gamma,489,3700,SUCCESS
B,gamma,490,3800,SUCCESS
B,gamma,491,3800,SUCCESS
B,gamma,492,3800,SUCCESS
B,gamma,493,3900,SUCCESS
B,gamma,494,3800,SUCCESS
B,gamma,495,3800,SUCCESS
B,gamma,496,3800,SUCCESS
B,gamma,497,3700,SUCCESS
B,gamma,498,3700,SUCCESS
B,gamma,499,4000,SUCCESS
B,gamma,500,3800,SUCCESS
B,gamma,501,3700,SUCCESS
B,gamma,502,3900,SUCCESS
B,gamma,503,3800,SUCCESS
B,gamma,504,3700,SUCCESS
B,gamma,505,3800,SUCCESS
B,gamma,506,3700,SUCCESS
B,gamma,507,3700,SUCCESS
B,gamma,508,3800,SUCCESS
B,gamma,509,3700,SUCCESS
B,gamma,510,3700,SUCCESS
B,gamma,511,3800,SUCCESS
B,gamma,512,3700,SUCCESS
B,gamma,513,3700,SUCCESS
B,gamma,514,3800,SUCCESS
B,gamma,515,3800,SUCCESS
B,gamma,516,3700,SUCCESS
B,gamma,517,3700,SUCCESS
B,gamma,518,3700,SUCCESS
B,gamma,519,3700,SUCCESS
B,gamma,520,3800,SUCCESS
B,gamma,521,3800,SUCCESS
B,gamma,522,3800,SUCCESS
B,gamma,523,3800,SUCCESS
B,gamma,524,3700,SUCCESS
B,gamma,525,3700,SUCCESS
B,gamma,526,3700,SUCCESS
B,gamma,527,3700,SUCCESS
B,gamma,528,3700,SUCCESS
B,gamma,529,3800,SUCCESS
B,gamma,530,3800,SUCCESS
B,gamma,531,3700,SUCCESS
B,gamma,532,3900,SUCCESS
B,gamma,533,3700,SUCCESS
B,gamma,534,3700,SUCCESS
B,gamma,535,3800,SUCCESS
B,gamma,536,3800,SUCCESS
B,gamma,537,3700,SUCCESS
B,gamma,538,3800,SUCCESS
B,gamma,539,3800,SUCCESS
B,gamma,540,3700,SUCCESS
B,gamma,541,3800,SUCCESS
B,gamma,542,3800,SUCCESS
B,gamma,543,3800,SUCCESS
B,gamma,544,3800,SUCCESS
B,gamma,545,3800,SUCCESS
B,gamma,546,3800,SUCCESS
B,gamma,547,3800,SUCCESS
B,gamma,548,3700,SUCCESS
B,gamma,549,3700,SUCCESS
B,gamma,550,3700,SUCCESS
B,gamma,551,3700,SUCCESS
B,gamma,552,3700,SUCCESS
B,gamma,553,3800,SUCCESS
B,gamma,554,3800,SUCCESS
B,gamma,555,3700,SUCCESS
B,gamma,556,3800,SUCCESS
B,gamma,557,3700,SUCCESS
B,gamma,558,3700,SUCCESS
B,gamma,559,3800,SUCCESS
B,gamma,560,3700,SUCCESS
B,gamma,561,3700,SUCCESS
B,gamma,562,3900,SUCCESS
B,gamma,563,3700,SUCCESS
B,gamma,564,3700,SUCCESS
B,gamma,565,3800,SUCCESS
B,gamma,566,3800,SUCCESS
B,gamma,567,3800,SUCCESS
B,gamma,568,3800,SUCCESS
B,gamma,569,3700,SUCCESS
B,gamma,570,3800,SUCCESS
B,gamma,571,3800,SUCCESS
B,gamma,572,3800,SUCCESS
B,gamma,573,3800,SUCCESS
B,gamma,574,3700,SUCCESS
B,gamma,575,3800,SUCCESS
B,gamma,576,3800,SUCCESS
B,gamma,577,3800,SUCCESS
B,gamma,578,3800,SUCCESS
B,gamma,579,3800,SUCCESS
B,gamma,580,3700,SUCCESS
B,gamma,581,3800,SUCCESS
B,gamma,582,3700,SUCCESS
B,gamma,583,3800,SUCCESS
B,gamma,584,3800,SUCCESS
B,gamma,585,3700,SUCCESS
B,gamma,586,3800,SUCCESS
B,gamma,587,3800,SUCCESS
B,gamma,588,3800,SUCCESS
B,gamma,589,3800,SUCCESS
B,gamma,590,3700,SUCCESS
B,gamma,591,3700,SUCCESS
B,gamma,592,3800,SUCCESS
B,gamma,593,3700,SUCCESS
B,gamma,594,3700,SUCCESS
B,gamma,595,3800,SUCCESS
B,gamma,596,3800,SUCCESS
B,gamma,597,3800,SUCCESS
B,gamma,598,3800,SUCCESS
B,gamma,599,3700,SUCCESS
B,gamma,600,3700,SUCCESS
B,gamma,601,3800,SUCCESS
B,gamma,602,3800,SUCCESS
B,gamma,603,3700,SUCCESS
B,gamma,604,3800,SUCCESS
B,gamma,605,3700,SUCCESS
B,gamma,606,3700,SUCCESS
B,gamma,607,3800,SUCCESS
B,gamma,608,3800,SUCCESS
B,gamma,609,3700,SUCCESS
B,gamma,610,3800,SUCCESS
B,gamma,611,3700,SUCCESS
B,gamma,612,3700,SUCCESS
B,gamma,613,3800,SUCCESS
B,gamma,614,3700,SUCCESS
B,gamma,615,3700,SUCCESS
B,gamma,616,3900,SUCCESS
B,gamma,617,3800,SUCCESS
B,gamma,618,3800,SUCCESS
B,gamma,619,3700,SUCCESS
B,gamma,620,3800,SUCCESS
B,gamma,621,3700,SUCCESS
B,gamma,622,3800,SUCCESS
B,gamma,623,3700,SUCCESS
B,gamma,624,3800,SUCCESS
B,gamma,625,3700,SUCCESS
B,gamma,626,3700,SUCCESS
B,gamma,627,3700,SUCCESS
B,gamma,628,3700,SUCCESS
B,gamma,629,3700,SUCCESS
B,gamma,630,3700,SUCCESS
B,gamma,631,3700,SUCCESS
B,gamma,632,3700,SUCCESS
B,gamma,633,3800,SUCCESS
B,gamma,634,3800,SUCCESS
B,gamma,635,3800,SUCCESS
B,gamma,636,3800,SUCCESS
B,gamma,637,3700,SUCCESS
B,gamma,638,3800,SUCCESS
B,gamma,639,9000,SUCCESS
B,gamma,640,3800,SUCCESS
B,gamma,641,3800,SUCCESS
B,gamma,642,3800,SUCCESS
B,gamma,643,3800,SUCCESS
B,gamma,644,3700,SUCCESS
B,gamma,645,3700,SUCCESS
B,gamma,646,3800,SUCCESS
B,gamma,647,3800,SUCCESS
B,gamma,648,3800,SUCCESS
B,gamma,649,3800,SUCCESS
B,gamma,650,3800,SUCCESS
B,gamma,651,3800,SUCCESS
B,gamma,652,3800,SUCCESS
B,gamma,653,3800,SUCCESS
B,gamma,654,3700,SUCCESS
B,gamma,655,3800,SUCCESS
B,gamma,656,3700,SUCCESS
B,gamma,657,3800,SUCCESS
B,gamma,658,3700,SUCCESS
B,gamma,659,3800,SUCCESS
B,gamma,660,3800,SUCCESS
B,gamma,661,3800,SUCCESS
B,gamma,662,3800,SUCCESS
B,gamma,663,3800,SUCCESS
B,gamma,664,3700,SUCCESS
B,gamma,665,3800,SUCCESS
B,gamma,666,3700,SUCCESS
B,gamma,667,3800,SUCCESS
B,gamma,668,3800,SUCCESS
B,gamma,669,3800,SUCCESS
B,gamma,670,3800,SUCCESS
B,gamma,671,3800,SUCCESS
B,gamma,672,3800,SUCCESS
B,gamma,673,3800,SUCCESS
B,gamma,674,3800,SUCCESS
B,gamma,675,3800,SUCCESS
B,gamma,676,3800,SUCCESS
B,gamma,677,3700,SUCCESS
B,gamma,678,3700,SUCCESS
B,gamma,679,3800,SUCCESS
B,gamma,680,3700,SUCCESS
B,gamma,681,3700,SUCCESS
B,gamma,682,3800,SUCCESS
B,gamma,683,3700,SUCCESS
B,gamma,684,3700,SUCCESS
B,gamma,685,3900,SUCCESS
B,gamma,686,3700,SUCCESS
B,gamma,687,3700,SUCCESS
B,gamma,688,3800,SUCCESS
B,gamma,689,3700,SUCCESS
B,gamma,690,3700,SUCCESS
B,gamma,691,3800,SUCCESS
B,gamma,692,3700,SUCCESS
B,gamma,693,3800,SUCCESS
B,gamma,694,3800,SUCCESS
B,gamma,695,3800,SUCCESS
B,gamma,696,3800,SUCCESS
B,gamma,697,3800,SUCCESS
B,gamma,698,3800,SUCCESS
B,gamma,699,3800,SUCCESS
B,gamma,700,3900,SUCCESS
B,gamma,701,3800,SUCCESS
B,gamma,702,3800,SUCCESS
B,gamma,703,3800,SUCCESS
B,gamma,704,3800,SUCCESS
B,gamma,705,3700,SUCCESS
B,gamma,706,3800,SUCCESS
B,gamma,707,3800,SUCCESS
B,gamma,708,3800,SUCCESS
B,gamma,709,3900,SUCCESS
B,gamma,710,3700,SUCCESS
B,gamma,711,3800,SUCCESS
B,gamma,712,3800,SUCCESS
B,gamma,713,3700,SUCCESS
B,gamma,714,3700,SUCCESS
B,gamma,715,3800,SUCCESS
B,gamma,716,3800,SUCCESS
B,gamma,717,3700,SUCCESS
B,gamma,718,3800,SUCCESS
B,gamma,719,4800,SUCCESS
B,gamma,720,4900,SUCCESS
B,gamma,721,5100,SUCCESS
B,gamma,722,5000,SUCCESS
B,gamma,723,4900,SUCCESS
B,gamma,724,5100,SUCCESS
B,gamma,725,5000,SUCCESS
B,gamma,726,4900,SUCCESS
B,gamma,727,5000,SUCCESS
B,gamma,728,5000,SUCCESS
B,gamma,729,5000,SUCCESS
B,gamma,730,4900,SUCCESS
B,gamma,731,5400,SUCCESS
B,gamma,732,3700,SUCCESS
B,gamma,733,4000,SUCCESS
B,gamma,734,3800,SUCCESS
B,gamma,735,3700,SUCCESS
B,gamma,736,3900,SUCCESS
B,gamma,737,3700,SUCCESS
B,gamma,738,3700,SUCCESS
B,gamma,739,3700,SUCCESS
B,gamma,740,3800,SUCCESS
B,gamma,741,3700,SUCCESS
B,gamma,742,3700,SUCCESS
B,gamma,743,3700,SUCCESS
B,gamma,744,3800,SUCCESS
B,gamma,745,3900,SUCCESS
B,gamma,746,3800,SUCCESS
B,gamma,747,3800,SUCCESS
B,gamma,748,3800,SUCCESS
B,gamma,749,3800,SUCCESS
B,gamma,750,3800,SUCCESS
B,gamma,751,3900,SUCCESS
B,gamma,752,3700,SUCCESS
B,gamma,753,3800,SUCCESS
B,gamma,754,3700,SUCCESS
B,gamma,755,3700,SUCCESS
B,gamma,756,3700,SUCCESS
B,gamma,757,3700,SUCCESS
B,gamma,758,3800,SUCCESS
B,gamma,759,3700,SUCCESS
B,gamma,760,3800,SUCCESS
B,gamma,761,3800,SUCCESS
B,gamma,762,3800,SUCCESS
B,gamma,763,3800,SUCCESS
B,gamma,764,3800,SUCCESS
B,gamma,765,3700,SUCCESS
B,gamma,766,3800,SUCCESS
B,gamma,767,3800,SUCCESS
B,gamma,768,3800,SUCCESS
B,gamma,769,3800,SUCCESS
B,gamma,770,3800,SUCCESS
B,gamma,771,3800,SUCCESS
B,gamma,772,3800,SUCCESS
B,gamma,773,3800,SUCCESS
B,gamma,774,3700,SUCCESS
B,gamma,775,3900,SUCCESS
B,gamma,776,3800,SUCCESS
B,gamma,777,3800,SUCCESS
B,gamma,778,3800,SUCCESS
B,gamma,779,3700,SUCCESS
B,gamma,780,3800,SUCCESS
B,gamma,781,3800,SUCCESS
B,gamma,782,3700,SUCCESS
B,gamma,783,3800,SUCCESS
B,gamma,784,3800,SUCCESS
B,gamma,785,3800,SUCCESS
B,gamma,786,3800,SUCCESS
B,gamma,787,3800,SUCCESS
B,gamma,788,3800,SUCCESS
B,gamma,789,3800,SUCCESS
B,gamma,790,4000,SUCCESS
B,gamma,791,3800,SUCCESS
B,gamma,792,3800,SUCCESS
B,gamma,793,3800,SUCCESS
B,gamma,794,3800,SUCCESS
B,gamma,795,3700,SUCCESS
B,gamma,796,3700,SUCCESS
B,gamma,797,3700,SUCCESS
B,gamma,798,3700,SUCCESS
B,gamma,799,3800,SUCCESS
B,gamma,800,3800,SUCCESS
B,gamma,801,3700,SUCCESS
B,gamma,802,3800,SUCCESS
B,gamma,803,3800,SUCCESS
B,gamma,804,3700,SUCCESS
B,gamma,805,3800,SUCCESS
B,gamma,806,3700,SUCCESS
B,gamma,807,3800,SUCCESS
B,gamma,808,3800,SUCCESS
B,gamma,809,3700,SUCCESS
B,gamma,810,3700,SUCCESS
B,gamma,811,3700,SUCCESS
B,gamma,812,3800,SUCCESS
B,gamma,813,3800,SUCCESS
B,gamma,814,3900,SUCCESS
B,gamma,815,3800,SUCCESS
B,gamma,816,3800,SUCCESS
B,gamma,817,3800,SUCCESS
B,gamma,818,3800,SUCCESS
B,gamma,819,3800,SUCCESS
B,gamma,820,3700,SUCCESS
B,gamma,821,3700,SUCCESS
B,gamma,822,3700,SUCCESS
B,gamma,823,3700,SUCCESS
B,gamma,824,3700,SUCCESS
B,gamma,825,3800,SUCCESS
B,gamma,826,3700,SUCCESS
B,gamma,827,3800,SUCCESS
B,gamma,828,3700,SUCCESS
B,gamma,829,3800,SUCCESS
B,gamma,830,3700,SUCCESS
B,gamma,831,3700,SUCCESS
B,gamma,832,3800,SUCCESS
B,gamma,833,3800,SUCCESS
B,gamma,834,3800,SUCCESS
B,gamma,835,3700,SUCCESS
B,gamma,836,3700,SUCCESS
B,gamma,837,3700,SUCCESS
B,gamma,838,3800,SUCCESS
B,gamma,839,3700,SUCCESS
B,gamma,840,3700,SUCCESS
B,gamma,841,3900,SUCCESS
B,gamma,842,3700,SUCCESS
B,gamma,843,3700,SUCCESS
B,gamma,844,4000,SUCCESS
B,gamma,845,3800,SUCCESS
B,gamma,846,3800,SUCCESS
B,gamma,847,3900,SUCCESS
B,gamma,848,3800,SUCCESS
B,gamma,849,3800,SUCCESS
B,gamma,850,3900,SUCCESS
B,gamma,851,3800,SUCCESS
B,gamma,852,3800,SUCCESS
B,gamma,853,4000,SUCCESS
B,gamma,854,3800,SUCCESS
B,gamma,855,3700,SUCCESS
B,gamma,856,4000,SUCCESS
B,gamma,857,3700,SUCCESS
B,gamma,858,3700,SUCCESS
B,gamma,859,3800,SUCCESS
B,gamma,860,3800,SUCCESS
B,gamma,861,3700,SUCCESS
B,gamma,862,3900,SUCCESS
B,gamma,863,3800,SUCCESS
B,gamma,864,3800,SUCCESS
B,gamma,865,4000,SUCCESS
B,gamma,866,3700,SUCCESS
B,gamma,867,3800,SUCCESS
B,gamma,868,3700,SUCCESS
B,gamma,869,3800,SUCCESS
B,gamma,870,3700,SUCCESS
B,gamma,871,3800,SUCCESS
B,gamma,872,3700,SUCCESS
B,gamma,873,3700,SUCCESS
B,gamma,874,3900,SUCCESS
B,gamma,875,3800,SUCCESS
B,gamma,876,3800,SUCCESS
B,gamma,877,3800,SUCCESS
B,gamma,878,3700,SUCCESS
B,gamma,879,3800,SUCCESS
B,gamma,880,3900,SUCCESS
B,gamma,881,3800,SUCCESS
B,gamma,882,3700,SUCCESS
B,gamma,883,3900,SUCCESS
B,gamma,884,3700,SUCCESS
B,gamma,885,3700,SUCCESS
B,gamma,886,4000,SUCCESS
B,gamma,887,3700,SUCCESS
B,gamma,888,3700,SUCCESS
B,gamma,889,3700,SUCCESS
B,gamma,890,3700,SUCCESS
B,gamma,891,3700,SUCCESS
B,gamma,892,3700,SUCCESS
B,gamma,893,3700,SUCCESS
B,gamma,894,3700,SUCCESS
B,gamma,895,3800,SUCCESS
B,gamma,896,3800,SUCCESS
B,gamma,897,3800,SUCCESS
B,gamma,898,3900,SUCCESS
B,gamma,899,3800,SUCCESS
B,gamma,900,3700,SUCCESS
B,gamma,901,3900,SUCCESS
B,gamma,902,3800,SUCCESS
B,gamma,903,3800,SUCCESS
B,gamma,904,3900,SUCCESS
B,gamma,905,3800,SUCCESS
B,gamma,906,3800,SUCCESS
B,gamma,907,3700,SUCCESS
B,gamma,908,3800,SUCCESS
B,gamma,909,3800,SUCCESS
B,gamma,910,4000,SUCCESS
B,gamma,911,3800,SUCCESS
B,gamma,912,3800,SUCCESS
B,gamma,913,3800,SUCCESS
B,gamma,914,3700,SUCCESS
B,gamma,915,3700,SUCCESS
B,gamma,916,3700,SUCCESS
B,gamma,917,3700,SUCCESS
B,gamma,918,3800,SUCCESS
B,gamma,919,3800,SUCCESS
B,gamma,920,3700,SUCCESS
B,gamma,921,3800,SUCCESS
B,gamma,922,3800,SUCCESS
B,gamma,923,3700,SUCCESS
B,gamma,924,3700,SUCCESS
B,gamma,925,3800,SUCCESS
B,gamma,926,3800,SUCCESS
B,gamma,927,3700,SUCCESS
B,gamma,928,3800,SUCCESS
B,gamma,929,3700,SUCCESS
B,gamma,930,3800,SUCCESS
B,gamma,931,3800,SUCCESS
B,gamma,932,3700,SUCCESS
B,gamma,933,3700,SUCCESS
B,gamma,934,3700,SUCCESS
B,gamma,935,3700,SUCCESS
B,gamma,936,3700,SUCCESS
B,gamma,937,3800,SUCCESS
B,gamma,938,3700,SUCCESS
B,gamma,939,3700,SUCCESS
B,gamma,940,3800,SUCCESS
B,gamma,941,3800,SUCCESS
B,gamma,942,3800,SUCCESS
B,gamma,943,3800,SUCCESS
B,gamma,944,3700,SUCCESS
B,gamma,945,3700,SUCCESS
B,gamma,946,3900,SUCCESS
B,gamma,947,3800,SUCCESS
B,gamma,948,3800,SUCCESS
B,gamma,949,3900,SUCCESS
B,gamma,950,3800,SUCCESS
B,gamma,951,3800,SUCCESS
B,gamma,952,3800,SUCCESS
B,gamma,953,3700,SUCCESS
B,gamma,954,3700,SUCCESS
B,gamma,955,3900,SUCCESS
B,gamma,956,3700,SUCCESS
B,gamma,957,3800,SUCCESS
B,gamma,958,3800,SUCCESS
B,gamma,959,3800,SUCCESS
B,gamma,960,3800,SUCCESS
B,gamma,961,3700,SUCCESS
B,gamma,962,3700,SUCCESS
B,gamma,963,3700,SUCCESS
B,gamma,964,3700,SUCCESS
B,gamma,965,3700,SUCCESS
B,gamma,966,3700,SUCCESS
B,gamma,967,3900,SUCCESS
B,gamma,968,3800,SUCCESS
B,gamma,969,3800,SUCCESS
B,gamma,970,3800,SUCCESS
B,gamma,971,3800,SUCCESS
B,gamma,972,3800,SUCCESS
B,gamma,973,4000,SUCCESS
B,gamma,974,3800,SUCCESS
B,gamma,975,3800,SUCCESS
B,gamma,976,4000,SUCCESS
B,gamma,977,3700,SUCCESS
B,gamma,978,3700,SUCCESS
B,gamma,979,3800,SUCCESS
B,gamma,980,3800,SUCCESS
B,gamma,981,3800,SUCCESS
B,gamma,982,3900,SUCCESS
B,gamma,983,3800,SUCCESS
B,gamma,984,3700,SUCCESS
B,gamma,985,33900,SUCCESS
B,gamma,986,3700,SUCCESS
B,gamma,987,3700,SUCCESS
B,gamma,988,3800,SUCCESS
B,gamma,989,3700,SUCCESS
B,gamma,990,3700,SUCCESS
B,gamma,991,4000,SUCCESS
B,gamma,992,3800,SUCCESS
B,gamma,993,4000,SUCCESS
B,gamma,994,4200,SUCCESS
B,gamma,995,4000,SUCCESS
B,gamma,996,4000,SUCCESS
B,gamma,997,4100,SUCCESS
B,gamma,998,4000,SUCCESS
B,gamma,999,4000,SUCCESS
B,delta,0,4200,SUCCESS
B,delta,1,4000,SUCCESS
B,delta,2,4100,SUCCESS
B,delta,3,4000,SUCCESS
B,delta,4,4000,SUCCESS
B,delta,5,3700,SUCCESS
B,delta,6,3800,SUCCESS
B,delta,7,3700,SUCCESS
B,delta,8,3700,SUCCESS
B,delta,9,3800,SUCCESS
B,delta,10,4000,SUCCESS
B,delta,11,4000,SUCCESS
B,delta,12,4000,SUCCESS
B,delta,13,3900,SUCCESS
B,delta,14,4000,SUCCESS
B,delta,15,3900,SUCCESS
B,delta,16,4000,SUCCESS
B,delta,17,3800,SUCCESS
B,delta,18,3700,SUCCESS
B,delta,19,3700,SUCCESS
B,delta,20,3700,SUCCESS
B,delta,21,3700,SUCCESS
B,delta,22,3700,SUCCESS
B,delta,23,3700,SUCCESS
B,delta,24,3800,SUCCESS
B,delta,25,3700,SUCCESS
B,delta,26,3700,SUCCESS
B,delta,27,3700,SUCCESS
B,delta,28,3700,SUCCESS
B,delta,29,3700,SUCCESS
B,delta,30,3700,SUCCESS
B,delta,31,3700,SUCCESS
B,delta,32,3700,SUCCESS
B,delta,33,3800,SUCCESS
B,delta,34,3700,SUCCESS
B,delta,35,3800,SUCCESS
B,delta,36,3700,SUCCESS
B,delta,37,3700,SUCCESS
B,delta,38,3800,SUCCESS
B,delta,39,3800,SUCCESS
B,delta,40,3700,SUCCESS
B,delta,41,3700,SUCCESS
B,delta,42,3800,SUCCESS
B,delta,43,3800,SUCCESS
B,delta,44,3700,SUCCESS
B,delta,45,3700,SUCCESS
B,delta,46,3700,SUCCESS
B,delta,47,3800,SUCCESS
B,delta,48,3700,SUCCESS
B,delta,49,3700,SUCCESS
B,delta,50,3700,SUCCESS
B,delta,51,3700,SUCCESS
B,delta,52,3700,SUCCESS
B,delta,53,3700,SUCCESS
B,delta,54,3700,SUCCESS
B,delta,55,3800,SUCCESS
B,delta,56,3800,SUCCESS
B,delta,57,3700,SUCCESS
B,delta,58,3700,SUCCESS
B,delta,59,3700,SUCCESS
B,delta,60,3700,SUCCESS
B,delta,61,3700,SUCCESS
B,delta,62,3900,SUCCESS
B,delta,63,3800,SUCCESS
B,delta,64,3800,SUCCESS
B,delta,65,3700,SUCCESS
B,delta,66,3700,SUCCESS
B,delta,67,3800,SUCCESS
B,delta,68,3700,SUCCESS
B,delta,69,3800,SUCCESS
B,delta,70,3700,SUCCESS
B,delta,71,3700,SUCCESS
B,delta,72,3800,SUCCESS
B,delta,73,3800,SUCCESS
B,delta,74,3700,SUCCESS
B,delta,75,3700,SUCCESS
B,delta,76,3800,SUCCESS
B,delta,77,3700,SUCCESS
B,delta,78,3900,SUCCESS
B,delta,79,3700,SUCCESS
B,delta,80,3900,SUCCESS
B,delta,81,3800,SUCCESS
B,delta,82,3800,SUCCESS
B,delta,83,3700,SUCCESS
B,delta,84,3700,SUCCESS
B,delta,85,3700,SUCCESS
B,delta,86,45200,SUCCESS
B,delta,87,3800,SUCCESS
B,delta,88,3700,SUCCESS
B,delta,89,3700,SUCCESS
B,delta,90,3700,SUCCESS
B,delta,91,3700,SUCCESS
B,delta,92,3800,SUCCESS
B,delta,93,3800,SUCCESS
B,delta,94,3800,SUCCESS
B,delta,95,4100,SUCCESS
B,delta,96,15600,SUCCESS
B,delta,97,4100,SUCCESS
B,delta,98,4000,SUCCESS
B,delta,99,3900,SUCCESS
B,delta,100,4000,SUCCESS
B,delta,101,3800,SUCCESS
B,delta,102,3800,SUCCESS
B,delta,103,3700,SUCCESS
B,delta,104,3700,SUCCESS
B,delta,105,3700,SUCCESS
B,delta,106,3800,SUCCESS
B,delta,107,15300,SUCCESS
B,delta,108,4000,SUCCESS
B,delta,109,3700,SUCCESS
B,delta,110,3700,SUCCESS
B,delta,111,3800,SUCCESS
B,delta,112,3700,SUCCESS
B,delta,113,4000,SUCCESS
B,delta,114,4000,SUCCESS
B,delta,115,3900,SUCCESS
B,delta,116,3900,SUCCESS
B,delta,117,4000,SUCCESS
B,delta,118,4000,SUCCESS
B,delta,119,4000,SUCCESS
B,delta,120,3900,SUCCESS
B,delta,121,4000,SUCCESS
B,delta,122,4000,SUCCESS
B,delta,123,3900,SUCCESS
B,delta,124,4000,SUCCESS
B,delta,125,4100,SUCCESS
B,delta,126,4000,SUCCESS
B,delta,127,4000,SUCCESS
B,delta,128,4000,SUCCESS
B,delta,129,3900,SUCCESS
B,delta,130,4000,SUCCESS
B,delta,131,4300,SUCCESS
B,delta,132,4300,SUCCESS
B,delta,133,4200,SUCCESS
B,delta,134,4000,SUCCESS
B,delta,135,4000,SUCCESS
B,delta,136,3900,SUCCESS
B,delta,137,4000,SUCCESS
B,delta,138,4000,SUCCESS
B,delta,139,4000,SUCCESS
B,delta,140,4000,SUCCESS
B,delta,141,3900,SUCCESS
B,delta,142,4000,SUCCESS
B,delta,143,3900,SUCCESS
B,delta,144,4000,SUCCESS
B,delta,145,4000,SUCCESS
B,delta,146,4000,SUCCESS
B,delta,147,4000,SUCCESS
B,delta,148,4000,SUCCESS
B,delta,149,4000,SUCCESS
B,delta,150,4000,SUCCESS
B,delta,151,4000,SUCCESS
B,delta,152,4100,SUCCESS
B,delta,153,4000,SUCCESS
B,delta,154,4000,SUCCESS
B,delta,155,3900,SUCCESS
B,delta,156,4000,SUCCESS
B,delta,157,3900,SUCCESS
B,delta,158,4000,SUCCESS
B,delta,159,3900,SUCCESS
B,delta,160,4000,SUCCESS
B,delta,161,4000,SUCCESS
B,delta,162,4000,SUCCESS
B,delta,163,4000,SUCCESS
B,delta,164,4000,SUCCESS
B,delta,165,4000,SUCCESS
B,delta,166,3900,SUCCESS
B,delta,167,4000,SUCCESS
B,delta,168,4000,SUCCESS
B,delta,169,3900,SUCCESS
B,delta,170,4000,SUCCESS
B,delta,171,4000,SUCCESS
B,delta,172,4000,SUCCESS
B,delta,173,4000,SUCCESS
B,delta,174,4000,SUCCESS
B,delta,175,4000,SUCCESS
B,delta,176,4000,SUCCESS
B,delta,177,4000,SUCCESS
B,delta,178,4000,SUCCESS
B,delta,179,4000,SUCCESS
B,delta,180,3900,SUCCESS
B,delta,181,4000,SUCCESS
B,delta,182,3900,SUCCESS
B,delta,183,3900,SUCCESS
B,delta,184,4000,SUCCESS
B,delta,185,4000,SUCCESS
B,delta,186,4100,SUCCESS
B,delta,187,4000,SUCCESS
B,delta,188,4000,SUCCESS
B,delta,189,4000,SUCCESS
B,delta,190,4000,SUCCESS
B,delta,191,4000,SUCCESS
B,delta,192,4000,SUCCESS
B,delta,193,4000,SUCCESS
B,delta,194,3900,SUCCESS
B,delta,195,3900,SUCCESS
B,delta,196,4000,SUCCESS
B,delta,197,4000,SUCCESS
B,delta,198,4000,SUCCESS
B,delta,199,4000,SUCCESS
B,delta,200,4000,SUCCESS
B,delta,201,3900,SUCCESS
B,delta,202,4000,SUCCESS
B,delta,203,4000,SUCCESS
B,delta,204,4000,SUCCESS
B,delta,205,3900,SUCCESS
B,delta,206,4100,SUCCESS
B,delta,207,4000,SUCCESS
B,delta,208,4000,SUCCESS
B,delta,209,3900,SUCCESS
B,delta,210,4000,SUCCESS
B,delta,211,4000,SUCCESS
B,delta,212,4000,SUCCESS
B,delta,213,4000,SUCCESS
B,delta,214,3900,SUCCESS
B,delta,215,4000,SUCCESS
B,delta,216,4000,SUCCESS
B,delta,217,3900,SUCCESS
B,delta,218,4000,SUCCESS
B,delta,219,3900,SUCCESS
B,delta,220,4000,SUCCESS
B,delta,221,4000,SUCCESS
B,delta,222,3900,SUCCESS
B,delta,223,4000,SUCCESS
B,delta,224,4000,SUCCESS
B,delta,225,4000,SUCCESS
B,delta,226,3900,SUCCESS
B,delta,227,4000,SUCCESS
B,delta,228,3900,SUCCESS
B,delta,229,4000,SUCCESS
B,delta,230,4100,SUCCESS
B,delta,231,4000,SUCCESS
B,delta,232,4000,SUCCESS
B,delta,233,4300,SUCCESS
B,delta,234,4000,SUCCESS
B,delta,235,4000,SUCCESS
B,delta,236,4100,SUCCESS
B,delta,237,4000,SUCCESS
B,delta,238,4000,SUCCESS
B,delta,239,4100,SUCCESS
B,delta,240,4000,SUCCESS
B,delta,241,4000,SUCCESS
B,delta,242,4200,SUCCESS
B,delta,243,4000,SUCCESS
B,delta,244,4000,SUCCESS
B,delta,245,3900,SUCCESS
B,delta,246,4000,SUCCESS
B,delta,247,3900,SUCCESS
B,delta,248,3900,SUCCESS
B,delta,249,3900,SUCCESS
B,delta,250,4000,SUCCESS
B,delta,251,3900,SUCCESS
B,delta,252,4000,SUCCESS
B,delta,253,4000,SUCCESS
B,delta,254,4000,SUCCESS
B,delta,255,3900,SUCCESS
B,delta,256,3900,SUCCESS
B,delta,257,4000,SUCCESS
B,delta,258,3900,SUCCESS
B,delta,259,4000,SUCCESS
B,delta,260,4000,SUCCESS
B,delta,261,4000,SUCCESS
B,delta,262,4000,SUCCESS
B,delta,263,4000,SUCCESS
B,delta,264,4000,SUCCESS
B,delta,265,4000,SUCCESS
B,delta,266,4100,SUCCESS
B,delta,267,3900,SUCCESS
B,delta,268,4000,SUCCESS
B,delta,269,4000,SUCCESS
B,delta,270,4000,SUCCESS
B,delta,271,3900,SUCCESS
B,delta,272,4000,SUCCESS
B,delta,273,3900,SUCCESS
B,delta,274,4000,SUCCESS
B,delta,275,4000,SUCCESS
B,delta,276,3900,SUCCESS
B,delta,277,3900,SUCCESS
B,delta,278,4000,SUCCESS
B,delta,279,3900,SUCCESS
B,delta,280,4000,SUCCESS
B,delta,281,4100,SUCCESS
B,delta,282,4000,SUCCESS
B,delta,283,4000,SUCCESS
B,delta,284,4100,SUCCESS
B,delta,285,3900,SUCCESS
B,delta,286,4000,SUCCESS
B,delta,287,4000,SUCCESS
B,delta,288,4000,SUCCESS
B,delta,289,4000,SUCCESS
B,delta,290,4000,SUCCESS
B,delta,291,4000,SUCCESS
B,delta,292,4000,SUCCESS
B,delta,293,4000,SUCCESS
B,delta,294,4000,SUCCESS
B,delta,295,4000,SUCCESS
B,delta,296,4000,SUCCESS
B,delta,297,4000,SUCCESS
B,delta,298,4000,SUCCESS
B,delta,299,4000,SUCCESS
B,delta,300,4000,SUCCESS
B,delta,301,3900,SUCCESS
B,delta,302,4100,SUCCESS
B,delta,303,4000,SUCCESS
B,delta,304,4000,SUCCESS
B,delta,305,4000,SUCCESS
B,delta,306,3900,SUCCESS
B,delta,307,4000,SUCCESS
B,delta,308,4000,SUCCESS
B,delta,309,4000,SUCCESS
B,delta,310,3900,SUCCESS
B,delta,311,4000,SUCCESS
B,delta,312,4000,SUCCESS
B,delta,313,4000,SUCCESS
B,delta,314,4000,SUCCESS
B,delta,315,3900,SUCCESS
B,delta,316,3900,SUCCESS
B,delta,317,3900,SUCCESS
B,delta,318,4000,SUCCESS
B,delta,319,4000,SUCCESS
B,delta,320,4000,SUCCESS
B,delta,321,4000,SUCCESS
B,delta,322,4000,SUCCESS
B,delta,323,4000,SUCCESS
B,delta,324,3900,SUCCESS
B,delta,325,4000,SUCCESS
B,delta,326,4000,SUCCESS
B,delta,327,4100,SUCCESS
B,delta,328,4000,SUCCESS
B,delta,329,4000,SUCCESS
B,delta,330,4000,SUCCESS
B,delta,331,4000,SUCCESS
B,delta,332,4000,SUCCESS
B,delta,333,4000,SUCCESS
B,delta,334,4000,SUCCESS
B,delta,335,4000,SUCCESS
B,delta,336,4000,SUCCESS
B,delta,337,4000,SUCCESS
B,delta,338,3900,SUCCESS
B,delta,339,4000,SUCCESS
B,delta,340,4000,SUCCESS
B,delta,341,4000,SUCCESS
B,delta,342,3900,SUCCESS
B,delta,343,4000,SUCCESS
B,delta,344,4100,SUCCESS
B,delta,345,4000,SUCCESS
B,delta,346,4000,SUCCESS
B,delta,347,4000,SUCCESS
B,delta,348,4000,SUCCESS
B,delta,349,3900,SUCCESS
B,delta,350,4000,SUCCESS
B,delta,351,3900,SUCCESS
B,delta,352,4000,SUCCESS
B,delta,353,3900,SUCCESS
B,delta,354,3900,SUCCESS
B,delta,355,3900,SUCCESS
B,delta,356,4000,SUCCESS
B,delta,357,4000,SUCCESS
B,delta,358,4000,SUCCESS
B,delta,359,4100,SUCCESS
B,delta,360,3900,SUCCESS
B,delta,361,3900,SUCCESS
B,delta,362,4200,SUCCESS
B,delta,363,4000,SUCCESS
B,delta,364,4000,SUCCESS
B,delta,365,4000,SUCCESS
B,delta,366,3900,SUCCESS
B,delta,367,4000,SUCCESS
B,delta,368,3800,SUCCESS
B,delta,369,3800,SUCCESS
B,delta,370,3700,SUCCESS
B,delta,371,3800,SUCCESS
B,delta,372,3800,SUCCESS
B,delta,373,3900,SUCCESS
B,delta,374,3900,SUCCESS
B,delta,375,4000,SUCCESS
B,delta,376,4000,SUCCESS
B,delta,377,4000,SUCCESS
B,delta,378,4000,SUCCESS
B,delta,379,4000,SUCCESS
B,delta,380,3800,SUCCESS
B,delta,381,4000,SUCCESS
B,delta,382,3900,SUCCESS
B,delta,383,4000,SUCCESS
B,delta,384,4000,SUCCESS
B,delta,385,4000,SUCCESS
B,delta,386,4000,SUCCESS
B,delta,387,4000,SUCCESS
B,delta,388,3900,SUCCESS
B,delta,389,16800,SUCCESS
B,delta,390,4000,SUCCESS
B,delta,391,3900,SUCCESS
B,delta,392,4000,SUCCESS
B,delta,393,4000,SUCCESS
B,delta,394,3900,SUCCESS
B,delta,395,3800,SUCCESS
B,delta,396,3800,SUCCESS
B,delta,397,9700,SUCCESS
B,delta,398,9400,SUCCESS
B,delta,399,4100,SUCCESS
B,delta,400,4000,SUCCESS
B,delta,401,4000,SUCCESS
B,delta,402,3900,SUCCESS
B,delta,403,4000,SUCCESS
B,delta,404,4100,SUCCESS
B,delta,405,9000,SUCCESS
B,delta,406,3900,SUCCESS
B,delta,407,4100,SUCCESS
B,delta,408,3900,SUCCESS
B,delta,409,4000,SUCCESS
B,delta,410,4000,SUCCESS
B,delta,411,4000,SUCCESS
B,delta,412,29000,SUCCESS
B,delta,413,9800,SUCCESS
B,delta,414,19900,SUCCESS
B,delta,415,4200,SUCCESS
B,delta,416,4000,SUCCESS
B,delta,417,3900,SUCCESS
B,delta,418,3800,SUCCESS
B,delta,419,4000,SUCCESS
B,delta,420,3900,SUCCESS
B,delta,421,4000,SUCCESS
B,delta,422,4000,SUCCESS
B,delta,423,4000,SUCCESS
B,delta,424,3900,SUCCESS
B,delta,425,11900,SUCCESS
B,delta,426,4000,SUCCESS
B,delta,427,3900,SUCCESS
B,delta,428,3900,SUCCESS
B,delta,429,3900,SUCCESS
B,delta,430,44500,SUCCESS
B,delta,431,4000,SUCCESS
B,delta,432,4000,SUCCESS
B,delta,433,4000,SUCCESS
B,delta,434,4100,SUCCESS
B,delta,435,4000,SUCCESS
B,delta,436,4000,SUCCESS
B,delta,437,4000,SUCCESS
B,delta,438,4000,SUCCESS
B,delta,439,4000,SUCCESS
B,delta,440,4000,SUCCESS
B,delta,441,4000,SUCCESS
B,delta,442,12800,SUCCESS
B,delta,443,4000,SUCCESS
B,delta,444,4100,SUCCESS
B,delta,445,4000,SUCCESS
B,delta,446,5400,SUCCESS
B,delta,447,5200,SUCCESS
B,delta,448,4900,SUCCESS
B,delta,449,5200,SUCCESS
B,delta,450,5200,SUCCESS
B,delta,451,5200,SUCCESS
B,delta,452,5100,SUCCESS
B,delta,453,5200,SUCCESS
B,delta,454,5200,SUCCESS
B,delta,455,4900,SUCCESS
B,delta,456,5000,SUCCESS
B,delta,457,5200,SUCCESS
B,delta,458,4000,SUCCESS
B,delta,459,4000,SUCCESS
B,delta,460,4000,SUCCESS
B,delta,461,4000,SUCCESS
B,delta,462,3900,SUCCESS
B,delta,463,4000,SUCCESS
B,delta,464,3900,SUCCESS
B,delta,465,4000,SUCCESS
B,delta,466,4000,SUCCESS
B,delta,467,3900,SUCCESS
B,delta,468,4000,SUCCESS
B,delta,469,4000,SUCCESS
B,delta,470,4000,SUCCESS
B,delta,471,9700,SUCCESS
B,delta,472,9300,SUCCESS
B,delta,473,87600,SUCCESS
B,delta,474,9500,SUCCESS
B,delta,475,97900,SUCCESS
B,delta,476,3800,SUCCESS
B,delta,477,3800,SUCCESS
B,delta,478,3800,SUCCESS
B,delta,479,4000,SUCCESS
B,delta,480,4000,SUCCESS
B,delta,481,4000,SUCCESS
B,delta,482,3900,SUCCESS
B,delta,483,3900,SUCCESS
B,delta,484,4000,SUCCESS
B,delta,485,4000,SUCCESS
B,delta,486,4000,SUCCESS
B,delta,487,3900,SUCCESS
B,delta,488,4000,SUCCESS
B,delta,489,4000,SUCCESS
B,delta,490,4000,SUCCESS
B,delta,491,4000,SUCCESS
B,delta,492,4000,SUCCESS
B,delta,493,4000,SUCCESS
B,delta,494,3700,SUCCESS
B,delta,495,3700,SUCCESS
B,delta,496,3700,SUCCESS
B,delta,497,4000,SUCCESS
B,delta,498,4000,SUCCESS
B,delta,499,3900,SUCCESS
B,delta,500,3900,SUCCESS
B,delta,501,3900,SUCCESS
B,delta,502,4000,SUCCESS
B,delta,503,4000,SUCCESS
B,delta,504,4000,SUCCESS
B,delta,505,4000,SUCCESS
B,delta,506,4000,SUCCESS
B,delta,507,4000,SUCCESS
B,delta,508,3900,SUCCESS
B,delta,509,4000,SUCCESS
B,delta,510,4200,SUCCESS
B,delta,511,3900,SUCCESS
B,delta,512,4000,SUCCESS
B,delta,513,4000,SUCCESS
B,delta,514,4000,SUCCESS
B,delta,515,4000,SUCCESS
B,delta,516,4000,SUCCESS
B,delta,517,4000,SUCCESS
B,delta,518,4000,SUCCESS
B,delta,519,4000,SUCCESS
B,delta,520,3900,SUCCESS
B,delta,521,4000,SUCCESS
B,delta,522,4000,SUCCESS
B,delta,523,4000,SUCCESS
B,delta,524,4000,SUCCESS
B,delta,525,4000,SUCCESS
B,delta,526,4000,SUCCESS
B,delta,527,4000,SUCCESS
B,delta,528,4000,SUCCESS
B,delta,529,4100,SUCCESS
B,delta,530,3900,SUCCESS
B,delta,531,4000,SUCCESS
B,delta,532,4000,SUCCESS
B,delta,533,4000,SUCCESS
B,delta,534,4000,SUCCESS
B,delta,535,4000,SUCCESS
B,delta,536,4000,SUCCESS
B,delta,537,4000,SUCCESS
B,delta,538,4000,SUCCESS
B,delta,539,3900,SUCCESS
B,delta,540,4000,SUCCESS
B,delta,541,4000,SUCCESS
B,delta,542,4000,SUCCESS
B,delta,543,4000,SUCCESS
B,delta,544,4000,SUCCESS
B,delta,545,4300,SUCCESS
B,delta,546,4000,SUCCESS
B,delta,547,4000,SUCCESS
B,delta,548,4000,SUCCESS
B,delta,549,4000,SUCCESS
B,delta,550,4000,SUCCESS
B,delta,551,4000,SUCCESS
B,delta,552,3900,SUCCESS
B,delta,553,4000,SUCCESS
B,delta,554,4000,SUCCESS
B,delta,555,3900,SUCCESS
B,delta,556,4000,SUCCESS
B,delta,557,3900,SUCCESS
B,delta,558,3900,SUCCESS
B,delta,559,4000,SUCCESS
B,delta,560,4100,SUCCESS
B,delta,561,4000,SUCCESS
B,delta,562,4000,SUCCESS
B,delta,563,4100,SUCCESS
B,delta,564,4000,SUCCESS
B,delta,565,4000,SUCCESS
B,delta,566,4000,SUCCESS
B,delta,567,3900,SUCCESS
B,delta,568,4000,SUCCESS
B,delta,569,4200,SUCCESS
B,delta,570,4000,SUCCESS
B,delta,571,4000,SUCCESS
B,delta,572,4000,SUCCESS
B,delta,573,4000,SUCCESS
B,delta,574,4000,SUCCESS
B,delta,575,4000,SUCCESS
B,delta,576,4000,SUCCESS
B,delta,577,3900,SUCCESS
B,delta,578,4000,SUCCESS
B,delta,579,4000,SUCCESS
B,delta,580,4000,SUCCESS
B,delta,581,4100,SUCCESS
B,delta,582,4000,SUCCESS
B,delta,583,3900,SUCCESS
B,delta,584,4200,SUCCESS
B,delta,585,3900,SUCCESS
B,delta,586,3900,SUCCESS
B,delta,587,5100,SUCCESS
B,delta,588,4000,SUCCESS
B,delta,589,3900,SUCCESS
B,delta,590,4100,SUCCESS
B,delta,591,3900,SUCCESS
B,delta,592,4000,SUCCESS
B,delta,593,4100,SUCCESS
B,delta,594,4000,SUCCESS
B,delta,595,4000,SUCCESS
B,delta,596,3900,SUCCESS
B,delta,597,3900,SUCCESS
B,delta,598,4000,SUCCESS
B,delta,599,4200,SUCCESS
B,delta,600,4000,SUCCESS
B,delta,601,4000,SUCCESS
B,delta,602,4000,SUCCESS
B,delta,603,4000,SUCCESS
B,delta,604,4000,SUCCESS
B,delta,605,4000,SUCCESS
B,delta,606,4000,SUCCESS
B,delta,607,3900,SUCCESS
B,delta,608,4100,SUCCESS
B,delta,609,4000,SUCCESS
B,delta,610,3900,SUCCESS
B,delta,611,4100,SUCCESS
B,delta,612,4000,SUCCESS
B,delta,613,4000,SUCCESS
B,delta,614,4000,SUCCESS
B,delta,615,4000,SUCCESS
B,delta,616,4000,SUCCESS
B,delta,617,4100,SUCCESS
B,delta,618,3900,SUCCESS
B,delta,619,4000,SUCCESS
B,delta,620,4000,SUCCESS
B,delta,621,4000,SUCCESS
B,delta,622,4000,SUCCESS
B,delta,623,4100,SUCCESS
B,delta,624,3900,SUCCESS
B,delta,625,4000,SUCCESS
B,delta,626,4200,SUCCESS
B,delta,627,4000,SUCCESS
B,delta,628,4000,SUCCESS
B,delta,629,4100,SUCCESS
B,delta,630,4000,SUCCESS
B,delta,631,3900,SUCCESS
B,delta,632,4100,SUCCESS
B,delta,633,4000,SUCCESS
B,delta,634,3900,SUCCESS
B,delta,635,4000,SUCCESS
B,delta,636,4000,SUCCESS
B,delta,637,3900,SUCCESS
B,delta,638,4000,SUCCESS
B,delta,639,4000,SUCCESS
B,delta,640,3900,SUCCESS
B,delta,641,4000,SUCCESS
B,delta,642,4000,SUCCESS
B,delta,643,3900,SUCCESS
B,delta,644,4100,SUCCESS
B,delta,645,4000,SUCCESS
B,delta,646,4000,SUCCESS
B,delta,647,4200,SUCCESS
B,delta,648,4000,SUCCESS
B,delta,649,4000,SUCCESS
B,delta,650,4200,SUCCESS
B,delta,651,4000,SUCCESS
B,delta,652,3900,SUCCESS
B,delta,653,4100,SUCCESS
B,delta,654,4000,SUCCESS
B,delta,655,4000,SUCCESS
B,delta,656,4100,SUCCESS
B,delta,657,4000,SUCCESS
B,delta,658,4000,SUCCESS
B,delta,659,4100,SUCCESS
B,delta,660,3900,SUCCESS
B,delta,661,4000,SUCCESS
B,delta,662,4100,SUCCESS
B,delta,663,4000,SUCCESS
B,delta,664,3900,SUCCESS
B,delta,665,4000,SUCCESS
B,delta,666,4000,SUCCESS
B,delta,667,3900,SUCCESS
B,delta,668,4000,SUCCESS
B,delta,669,4000,SUCCESS
B,delta,670,4000,SUCCESS
B,delta,671,4000,SUCCESS
B,delta,672,4000,SUCCESS
B,delta,673,4000,SUCCESS
B,delta,674,4100,SUCCESS
B,delta,675,4000,SUCCESS
B,delta,676,3900,SUCCESS
B,delta,677,4000,SUCCESS
B,delta,678,4000,SUCCESS
B,delta,679,3900,SUCCESS
B,delta,680,4200,SUCCESS
B,delta,681,4000,SUCCESS
B,delta,682,3900,SUCCESS
B,delta,683,4100,SUCCESS
B,delta,684,3900,SUCCESS
B,delta,685,4000,SUCCESS
B,delta,686,4100,SUCCESS
B,delta,687,4000,SUCCESS
B,delta,688,4000,SUCCESS
B,delta,689,4100,SUCCESS
B,delta,690,4000,SUCCESS
B,delta,691,4000,SUCCESS
B,delta,692,4000,SUCCESS
B,delta,693,3900,SUCCESS
B,delta,694,4000,SUCCESS
B,delta,695,4300,SUCCESS
B,delta,696,4000,SUCCESS
B,delta,697,4000,SUCCESS
B,delta,698,4000,SUCCESS
B,delta,699,4000,SUCCESS
B,delta,700,3900,SUCCESS
B,delta,701,4000,SUCCESS
B,delta,702,4000,SUCCESS
B,delta,703,3900,SUCCESS
B,delta,704,4100,SUCCESS
B,delta,705,4000,SUCCESS
B,delta,706,4000,SUCCESS
B,delta,707,3900,SUCCESS
B,delta,708,3900,SUCCESS
B,delta,709,4000,SUCCESS
B,delta,710,4200,SUCCESS
B,delta,711,3900,SUCCESS
B,delta,712,4000,SUCCESS
B,delta,713,4000,SUCCESS
B,delta,714,3900,SUCCESS
B,delta,715,4000,SUCCESS
B,delta,716,4000,SUCCESS
B,delta,717,4000,SUCCESS
B,delta,718,3900,SUCCESS
B,delta,719,4100,SUCCESS
B,delta,720,4000,SUCCESS
B,delta,721,4000,SUCCESS
B,delta,722,4200,SUCCESS
B,delta,723,4000,SUCCESS
B,delta,724,3900,SUCCESS
B,delta,725,4100,SUCCESS
B,delta,726,3900,SUCCESS
B,delta,727,4000,SUCCESS
B,delta,728,4100,SUCCESS
B,delta,729,3900,SUCCESS
B,delta,730,4000,SUCCESS
B,delta,731,4000,SUCCESS
B,delta,732,3900,SUCCESS
B,delta,733,4000,SUCCESS
B,delta,734,4100,SUCCESS
B,delta,735,4000,SUCCESS
B,delta,736,4000,SUCCESS
B,delta,737,4100,SUCCESS
B,delta,738,4000,SUCCESS
B,delta,739,3900,SUCCESS
B,delta,740,3900,SUCCESS
B,delta,741,4000,SUCCESS
B,delta,742,3900,SUCCESS
B,delta,743,4000,SUCCESS
B,delta,744,4000,SUCCESS
B,delta,745,4000,SUCCESS
B,delta,746,4000,SUCCESS
B,delta,747,4000,SUCCESS
B,delta,748,4000,SUCCESS
B,delta,749,4000,SUCCESS
B,delta,750,4000,SUCCESS
B,delta,751,3900,SUCCESS
B,delta,752,4000,SUCCESS
B,delta,753,4000,SUCCESS
B,delta,754,4000,SUCCESS
B,delta,755,4000,SUCCESS
B,delta,756,4000,SUCCESS
B,delta,757,4000,SUCCESS
B,delta,758,4000,SUCCESS
B,delta,759,4000,SUCCESS
B,delta,760,4000,SUCCESS
B,delta,761,4000,SUCCESS
B,delta,762,4000,SUCCESS
B,delta,763,4000,SUCCESS
B,delta,764,4000,SUCCESS
B,delta,765,3900,SUCCESS
B,delta,766,4000,SUCCESS
B,delta,767,4000,SUCCESS
B,delta,768,3900,SUCCESS
B,delta,769,4000,SUCCESS
B,delta,770,4000,SUCCESS
B,delta,771,4000,SUCCESS
B,delta,772,3900,SUCCESS
B,delta,773,4000,SUCCESS
B,delta,774,3900,SUCCESS
B,delta,775,4000,SUCCESS
B,delta,776,4200,SUCCESS
B,delta,777,4000,SUCCESS
B,delta,778,3900,SUCCESS
B,delta,779,4000,SUCCESS
B,delta,780,4000,SUCCESS
B,delta,781,3900,SUCCESS
B,delta,782,4200,SUCCESS
B,delta,783,3900,SUCCESS
B,delta,784,4000,SUCCESS
B,delta,785,4000,SUCCESS
B,delta,786,3900,SUCCESS
B,delta,787,3900,SUCCESS
B,delta,788,4000,SUCCESS
B,delta,789,3900,SUCCESS
B,delta,790,4000,SUCCESS
B,delta,791,4000,SUCCESS
B,delta,792,4000,SUCCESS
B,delta,793,3900,SUCCESS
B,delta,794,4100,SUCCESS
B,delta,795,4000,SUCCESS
B,delta,796,4000,SUCCESS
B,delta,797,4200,SUCCESS
B,delta,798,3900,SUCCESS
B,delta,799,4000,SUCCESS
B,delta,800,4000,SUCCESS
B,delta,801,3900,SUCCESS
B,delta,802,4000,SUCCESS
B,delta,803,4100,SUCCESS
B,delta,804,4000,SUCCESS
B,delta,805,3900,SUCCESS
B,delta,806,4000,SUCCESS
B,delta,807,4000,SUCCESS
B,delta,808,4000,SUCCESS
B,delta,809,4000,SUCCESS
B,delta,810,4000,SUCCESS
B,delta,811,4000,SUCCESS
B,delta,812,4000,SUCCESS
B,delta,813,3900,SUCCESS
B,delta,814,4000,SUCCESS
B,delta,815,4000,SUCCESS
B,delta,816,3900,SUCCESS
B,delta,817,4000,SUCCESS
B,delta,818,4100,SUCCESS
B,delta,819,3900,SUCCESS
B,delta,820,4000,SUCCESS
B,delta,821,4100,SUCCESS
B,delta,822,3900,SUCCESS
B,delta,823,4000,SUCCESS
B,delta,824,4100,SUCCESS
B,delta,825,4000,SUCCESS
B,delta,826,4000,SUCCESS
B,delta,827,4100,SUCCESS
B,delta,828,4000,SUCCESS
B,delta,829,4000,SUCCESS
B,delta,830,4000,SUCCESS
B,delta,831,3900,SUCCESS
B,delta,832,4000,SUCCESS
B,delta,833,4100,SUCCESS
B,delta,834,4000,SUCCESS
B,delta,835,3900,SUCCESS
B,delta,836,4000,SUCCESS
B,delta,837,3900,SUCCESS
B,delta,838,4000,SUCCESS
B,delta,839,4000,SUCCESS
B,delta,840,3900,SUCCESS
B,delta,841,3900,SUCCESS
B,delta,842,4000,SUCCESS
B,delta,843,4000,SUCCESS
B,delta,844,4000,SUCCESS
B,delta,845,4100,SUCCESS
B,delta,846,4000,SUCCESS
B,delta,847,3900,SUCCESS
B,delta,848,4000,SUCCESS
B,delta,849,4000,SUCCESS
B,delta,850,4000,SUCCESS
B,delta,851,4000,SUCCESS
B,delta,852,3900,SUCCESS
B,delta,853,3900,SUCCESS
B,delta,854,4000,SUCCESS
B,delta,855,4000,SUCCESS
B,delta,856,4000,SUCCESS
B,delta,857,4000,SUCCESS
B,delta,858,4000,SUCCESS
B,delta,859,3900,SUCCESS
B,delta,860,4000,SUCCESS
B,delta,861,4000,SUCCESS
B,delta,862,3900,SUCCESS
B,delta,863,4000,SUCCESS
B,delta,864,4000,SUCCESS
B,delta,865,3900,SUCCESS
B,delta,866,4100,SUCCESS
B,delta,867,3900,SUCCESS
B,delta,868,4000,SUCCESS
B,delta,869,4000,SUCCESS
B,delta,870,4000,SUCCESS
B,delta,871,3900,SUCCESS
B,delta,872,4000,SUCCESS
B,delta,873,3700,SUCCESS
B,delta,874,3800,SUCCESS
B,delta,875,3800,SUCCESS
B,delta,876,3700,SUCCESS
B,delta,877,3800,SUCCESS
B,delta,878,3800,SUCCESS
B,delta,879,3700,SUCCESS
B,delta,880,3700,SUCCESS
B,delta,881,3800,SUCCESS
B,delta,882,3800,SUCCESS
B,delta,883,3700,SUCCESS
B,delta,884,3800,SUCCESS
B,delta,885,3800,SUCCESS
B,delta,886,3700,SUCCESS
B,delta,887,3800,SUCCESS
B,delta,888,3700,SUCCESS
B,delta,889,3700,SUCCESS
B,delta,890,3800,SUCCESS
B,delta,891,3800,SUCCESS
B,delta,892,3800,SUCCESS
B,delta,893,3900,SUCCESS
B,delta,894,3800,SUCCESS
B,delta,895,3800,SUCCESS
B,delta,896,3700,SUCCESS
B,delta,897,3700,SUCCESS
B,delta,898,3700,SUCCESS
B,delta,899,3900,SUCCESS
B,delta,900,3700,SUCCESS
B,delta,901,3800,SUCCESS
B,delta,902,3700,SUCCESS
B,delta,903,3700,SUCCESS
B,delta,904,3700,SUCCESS
B,delta,905,3800,SUCCESS
B,delta,906,3700,SUCCESS
B,delta,907,3700,SUCCESS
B,delta,908,3800,SUCCESS
B,delta,909,3700,SUCCESS
B,delta,910,3700,SUCCESS
B,delta,911,3800,SUCCESS
B,delta,912,3700,SUCCESS
B,delta,913,3700,SUCCESS
B,delta,914,3900,SUCCESS
B,delta,915,3700,SUCCESS
B,delta,916,3700,SUCCESS
B,delta,917,3700,SUCCESS
B,delta,918,3800,SUCCESS
B,delta,919,3700,SUCCESS
B,delta,920,3700,SUCCESS
B,delta,921,3700,SUCCESS
B,delta,922,3700,SUCCESS
B,delta,923,3900,SUCCESS
B,delta,924,3700,SUCCESS
B,delta,925,3800,SUCCESS
B,delta,926,3800,SUCCESS
B,delta,927,3700,SUCCESS
B,delta,928,3800,SUCCESS
B,delta,929,3700,SUCCESS
B,delta,930,3700,SUCCESS
B,delta,931,3700,SUCCESS
B,delta,932,3700,SUCCESS
B,delta,933,3700,SUCCESS
B,delta,934,3800,SUCCESS
B,delta,935,3800,SUCCESS
B,delta,936,3800,SUCCESS
B,delta,937,3700,SUCCESS
B,delta,938,3800,SUCCESS
B,delta,939,3800,SUCCESS
B,delta,940,3700,SUCCESS
B,delta,941,3700,SUCCESS
B,delta,942,3800,SUCCESS
B,delta,943,3700,SUCCESS
B,delta,944,3700,SUCCESS
B,delta,945,3700,SUCCESS
B,delta,946,3700,SUCCESS
B,delta,947,3800,SUCCESS
B,delta,948,3700,SUCCESS
B,delta,949,3800,SUCCESS
B,delta,950,3700,SUCCESS
B,delta,951,3700,SUCCESS
B,delta,952,3800,SUCCESS
B,delta,953,3700,SUCCESS
B,delta,954,3700,SUCCESS
B,delta,955,3800,SUCCESS
B,delta,956,3700,SUCCESS
B,delta,957,3700,SUCCESS
B,delta,958,3700,SUCCESS
B,delta,959,3800,SUCCESS
B,delta,960,3800,SUCCESS
B,delta,961,3700,SUCCESS
B,delta,962,3800,SUCCESS
B,delta,963,3800,SUCCESS
B,delta,964,3700,SUCCESS
B,delta,965,3700,SUCCESS
B,delta,966,3700,SUCCESS
B,delta,967,3900,SUCCESS
B,delta,968,3700,SUCCESS
B,delta,969,3700,SUCCESS
B,delta,970,3700,SUCCESS
B,delta,971,3800,SUCCESS
B,delta,972,3800,SUCCESS
B,delta,973,3800,SUCCESS
B,delta,974,3800,SUCCESS
B,delta,975,3700,SUCCESS
B,delta,976,3700,SUCCESS
B,delta,977,3800,SUCCESS
B,delta,978,3700,SUCCESS
B,delta,979,3700,SUCCESS
B,delta,980,3700,SUCCESS
B,delta,981,3800,SUCCESS
B,delta,982,3700,SUCCESS
B,delta,983,3700,SUCCESS
B,delta,984,3700,SUCCESS
B,delta,985,3800,SUCCESS
B,delta,986,3700,SUCCESS
B,delta,987,3900,SUCCESS
B,delta,988,3800,SUCCESS
B,delta,989,3700,SUCCESS
B,delta,990,3700,SUCCESS
B,delta,991,3700,SUCCESS
B,delta,992,3700,SUCCESS
B,delta,993,3700,SUCCESS
B,delta,994,3700,SUCCESS
B,delta,995,3700,SUCCESS
B,delta,996,3700,SUCCESS
B,delta,997,3800,SUCCESS
B,delta,998,3700,SUCCESS
B,delta,999,3700,SUCCESS
B,epsilon,0,3800,SUCCESS
B,epsilon,1,4100,SUCCESS
B,epsilon,2,3700,SUCCESS
B,epsilon,3,3800,SUCCESS
B,epsilon,4,3700,SUCCESS
B,epsilon,5,3700,SUCCESS
B,epsilon,6,3900,SUCCESS
B,epsilon,7,3800,SUCCESS
B,epsilon,8,3800,SUCCESS
B,epsilon,9,3800,SUCCESS
B,epsilon,10,3800,SUCCESS
B,epsilon,11,3900,SUCCESS
B,epsilon,12,3800,SUCCESS
B,epsilon,13,3800,SUCCESS
B,epsilon,14,3800,SUCCESS
B,epsilon,15,3800,SUCCESS
B,epsilon,16,3900,SUCCESS
B,epsilon,17,3800,SUCCESS
B,epsilon,18,3700,SUCCESS
B,epsilon,19,3700,SUCCESS
B,epsilon,20,3800,SUCCESS
B,epsilon,21,3700,SUCCESS
B,epsilon,22,3700,SUCCESS
B,epsilon,23,3700,SUCCESS
B,epsilon,24,3700,SUCCESS
B,epsilon,25,3700,SUCCESS
B,epsilon,26,3800,SUCCESS
B,epsilon,27,3800,SUCCESS
B,epsilon,28,3800,SUCCESS
B,epsilon,29,3800,SUCCESS
B,epsilon,30,3800,SUCCESS
B,epsilon,31,3900,SUCCESS
B,epsilon,32,3800,SUCCESS
B,epsilon,33,3800,SUCCESS
B,epsilon,34,3800,SUCCESS
B,epsilon,35,3700,SUCCESS
B,epsilon,36,3800,SUCCESS
B,epsilon,37,3700,SUCCESS
B,epsilon,38,3800,SUCCESS
B,epsilon,39,3800,SUCCESS
B,epsilon,40,3800,SUCCESS
B,epsilon,41,3900,SUCCESS
B,epsilon,42,3700,SUCCESS
B,epsilon,43,3700,SUCCESS
B,epsilon,44,3800,SUCCESS
B,epsilon,45,3800,SUCCESS
B,epsilon,46,4100,SUCCESS
B,epsilon,47,3800,SUCCESS
B,epsilon,48,3700,SUCCESS
B,epsilon,49,3800,SUCCESS
B,epsilon,50,3800,SUCCESS
B,epsilon,51,3900,SUCCESS
B,epsilon,52,3700,SUCCESS
B,epsilon,53,3800,SUCCESS
B,epsilon,54,3700,SUCCESS
B,epsilon,55,3700,SUCCESS
B,epsilon,56,4000,SUCCESS
B,epsilon,57,3700,SUCCESS
B,epsilon,58,3700,SUCCESS
B,epsilon,59,3700,SUCCESS
B,epsilon,60,3700,SUCCESS
B,epsilon,61,3900,SUCCESS
B,epsilon,62,3700,SUCCESS
B,epsilon,63,3700,SUCCESS
B,epsilon,64,3700,SUCCESS
B,epsilon,65,3700,SUCCESS
B,epsilon,66,3900,SUCCESS
B,epsilon,67,3800,SUCCESS
B,epsilon,68,3700,SUCCESS
B,epsilon,69,3700,SUCCESS
B,epsilon,70,3800,SUCCESS
B,epsilon,71,3900,SUCCESS
B,epsilon,72,3700,SUCCESS
B,epsilon,73,3700,SUCCESS
B,epsilon,74,3700,SUCCESS
B,epsilon,75,3700,SUCCESS
B,epsilon,76,4000,SUCCESS
B,epsilon,77,3800,SUCCESS
B,epsilon,78,3800,SUCCESS
B,epsilon,79,3800,SUCCESS
B,epsilon,80,3700,SUCCESS
B,epsilon,81,3900,SUCCESS
B,epsilon,82,3700,SUCCESS
B,epsilon,83,3700,SUCCESS
B,epsilon,84,3800,SUCCESS
B,epsilon,85,3800,SUCCESS
B,epsilon,86,3900,SUCCESS
B,epsilon,87,3800,SUCCESS
B,epsilon,88,3700,SUCCESS
B,epsilon,89,3800,SUCCESS
B,epsilon,90,3800,SUCCESS
B,epsilon,91,3900,SUCCESS
B,epsilon,92,3800,SUCCESS
B,epsilon,93,3700,SUCCESS
B,epsilon,94,3700,SUCCESS
B,epsilon,95,3700,SUCCESS
B,epsilon,96,4000,SUCCESS
B,epsilon,97,3800,SUCCESS
B,epsilon,98,3800,SUCCESS
B,epsilon,99,3800,SUCCESS
B,epsilon,100,3800,SUCCESS
B,epsilon,101,3800,SUCCESS
B,epsilon,102,3800,SUCCESS
B,epsilon,103,3700,SUCCESS
B,epsilon,104,3700,SUCCESS
B,epsilon,105,3800,SUCCESS
B,epsilon,106,3800,SUCCESS
B,epsilon,107,3800,SUCCESS
B,epsilon,108,3700,SUCCESS
B,epsilon,109,3700,SUCCESS
B,epsilon,110,3700,SUCCESS
B,epsilon,111,3800,SUCCESS
B,epsilon,112,3800,SUCCESS
B,epsilon,113,3800,SUCCESS
B,epsilon,114,3700,SUCCESS
B,epsilon,115,3700,SUCCESS
B,epsilon,116,3700,SUCCESS
B,epsilon,117,3700,SUCCESS
B,epsilon,118,3800,SUCCESS
B,epsilon,119,3800,SUCCESS
B,epsilon,120,3700,SUCCESS
B,epsilon,121,3700,SUCCESS
B,epsilon,122,3700,SUCCESS
B,epsilon,123,3800,SUCCESS
B,epsilon,124,3800,SUCCESS
B,epsilon,125,3700,SUCCESS
B,epsilon,126,3800,SUCCESS
B,epsilon,127,3800,SUCCESS
B,epsilon,128,3800,SUCCESS
B,epsilon,129,3700,SUCCESS
B,epsilon,130,3700,SUCCESS
B,epsilon,131,3700,SUCCESS
B,epsilon,132,3800,SUCCESS
B,epsilon,133,3800,SUCCESS
B,epsilon,134,3800,SUCCESS
B,epsilon,135,3700,SUCCESS
B,epsilon,136,3700,SUCCESS
B,epsilon,137,3700,SUCCESS
B,epsilon,138,3800,SUCCESS
B,epsilon,139,3800,SUCCESS
B,epsilon,140,3700,SUCCESS
B,epsilon,141,3700,SUCCESS
B,epsilon,142,3700,SUCCESS
B,epsilon,143,3800,SUCCESS
B,epsilon,144,3800,SUCCESS
B,epsilon,145,3700,SUCCESS
B,epsilon,146,3700,SUCCESS
B,epsilon,147,3700,SUCCESS
B,epsilon,148,3700,SUCCESS
B,epsilon,149,3800,SUCCESS
B,epsilon,150,3800,SUCCESS
B,epsilon,151,3800,SUCCESS
B,epsilon,152,3800,SUCCESS
B,epsilon,153,3700,SUCCESS
B,epsilon,154,3700,SUCCESS
B,epsilon,155,3800,SUCCESS
B,epsilon,156,3800,SUCCESS
B,epsilon,157,3800,SUCCESS
B,epsilon,158,3700,SUCCESS
B,epsilon,159,3700,SUCCESS
B,epsilon,160,3700,SUCCESS
B,epsilon,161,3800,SUCCESS
B,epsilon,162,3800,SUCCESS
B,epsilon,163,3700,SUCCESS
B,epsilon,164,3700,SUCCESS
B,epsilon,165,3800,SUCCESS
B,epsilon,166,3800,SUCCESS
B,epsilon,167,3800,SUCCESS
B,epsilon,168,3800,SUCCESS
B,epsilon,169,3700,SUCCESS
B,epsilon,170,3800,SUCCESS
B,epsilon,171,3800,SUCCESS
B,epsilon,172,3800,SUCCESS
B,epsilon,173,3700,SUCCESS
B,epsilon,174,3700,SUCCESS
B,epsilon,175,3800,SUCCESS
B,epsilon,176,3800,SUCCESS
B,epsilon,177,3800,SUCCESS
B,epsilon,178,3700,SUCCESS
B,epsilon,179,3700,SUCCESS
B,epsilon,180,3700,SUCCESS
B,epsilon,181,3800,SUCCESS
B,epsilon,182,3700,SUCCESS
B,epsilon,183,3700,SUCCESS
B,epsilon,184,3800,SUCCESS
B,epsilon,185,3800,SUCCESS
B,epsilon,186,3800,SUCCESS
B,epsilon,187,3800,SUCCESS
B,epsilon,188,3700,SUCCESS
B,epsilon,189,3800,SUCCESS
B,epsilon,190,3800,SUCCESS
B,epsilon,191,3700,SUCCESS
B,epsilon,192,3700,SUCCESS
B,epsilon,193,3700,SUCCESS
B,epsilon,194,3800,SUCCESS
B,epsilon,195,3800,SUCCESS
B,epsilon,196,3800,SUCCESS
B,epsilon,197,3800,SUCCESS
B,epsilon,198,3800,SUCCESS
B,epsilon,199,3700,SUCCESS
B,epsilon,200,3700,SUCCESS
B,epsilon,201,3800,SUCCESS
B,epsilon,202,3800,SUCCESS
B,epsilon,203,3700,SUCCESS
B,epsilon,204,3700,SUCCESS
B,epsilon,205,3700,SUCCESS
B,epsilon,206,3800,SUCCESS
B,epsilon,207,3800,SUCCESS
B,epsilon,208,3700,SUCCESS
B,epsilon,209,3700,SUCCESS
B,epsilon,210,3700,SUCCESS
B,epsilon,211,3800,SUCCESS
B,epsilon,212,3800,SUCCESS
B,epsilon,213,3700,SUCCESS
B,epsilon,214,3800,SUCCESS
B,epsilon,215,3800,SUCCESS
B,epsilon,216,3800,SUCCESS
B,epsilon,217,3700,SUCCESS
B,epsilon,218,3700,SUCCESS
B,epsilon,219,3800,SUCCESS
B,epsilon,220,3800,SUCCESS
B,epsilon,221,3700,SUCCESS
B,epsilon,222,3700,SUCCESS
B,epsilon,223,3700,SUCCESS
B,epsilon,224,3800,SUCCESS
B,epsilon,225,3800,SUCCESS
B,epsilon,226,3700,SUCCESS
B,epsilon,227,3700,SUCCESS
B,epsilon,228,3800,SUCCESS
B,epsilon,229,3800,SUCCESS
B,epsilon,230,3800,SUCCESS
B,epsilon,231,3800,SUCCESS
B,epsilon,232,3700,SUCCESS
B,epsilon,233,3800,SUCCESS
B,epsilon,234,3800,SUCCESS
B,epsilon,235,3800,SUCCESS
B,epsilon,236,3800,SUCCESS
B,epsilon,237,3700,SUCCESS
B,epsilon,238,3700,SUCCESS
B,epsilon,239,3800,SUCCESS
B,epsilon,240,3800,SUCCESS
B,epsilon,241,3800,SUCCESS
B,epsilon,242,3700,SUCCESS
B,epsilon,243,3700,SUCCESS
B,epsilon,244,3700,SUCCESS
B,epsilon,245,3700,SUCCESS
B,epsilon,246,3700,SUCCESS
B,epsilon,247,3700,SUCCESS
B,epsilon,248,3700,SUCCESS
B,epsilon,249,3800,SUCCESS
B,epsilon,250,3800,SUCCESS
B,epsilon,251,3800,SUCCESS
B,epsilon,252,3700,SUCCESS
B,epsilon,253,3700,SUCCESS
B,epsilon,254,3700,SUCCESS
B,epsilon,255,3800,SUCCESS
B,epsilon,256,3700,SUCCESS
B,epsilon,257,3700,SUCCESS
B,epsilon,258,3800,SUCCESS
B,epsilon,259,3800,SUCCESS
B,epsilon,260,3800,SUCCESS
B,epsilon,261,3800,SUCCESS
B,epsilon,262,3700,SUCCESS
B,epsilon,263,3800,SUCCESS
B,epsilon,264,3800,SUCCESS
B,epsilon,265,3700,SUCCESS
B,epsilon,266,3700,SUCCESS
B,epsilon,267,3700,SUCCESS
B,epsilon,268,3800,SUCCESS
B,epsilon,269,3800,SUCCESS
B,epsilon,270,3800,SUCCESS
B,epsilon,271,3700,SUCCESS
B,epsilon,272,3700,SUCCESS
B,epsilon,273,3700,SUCCESS
B,epsilon,274,3800,SUCCESS
B,epsilon,275,3800,SUCCESS
B,epsilon,276,3800,SUCCESS
B,epsilon,277,3700,SUCCESS
B,epsilon,278,3700,SUCCESS
B,epsilon,279,3800,SUCCESS
B,epsilon,280,3800,SUCCESS
B,epsilon,281,3700,SUCCESS
B,epsilon,282,3700,SUCCESS
B,epsilon,283,3700,SUCCESS
B,epsilon,284,3800,SUCCESS
B,epsilon,285,3800,SUCCESS
B,epsilon,286,3700,SUCCESS
B,epsilon,287,3700,SUCCESS
B,epsilon,288,3800,SUCCESS
B,epsilon,289,3800,SUCCESS
B,epsilon,290,3800,SUCCESS
B,epsilon,291,3800,SUCCESS
B,epsilon,292,3700,SUCCESS
B,epsilon,293,3700,SUCCESS
B,epsilon,294,3800,SUCCESS
B,epsilon,295,3800,SUCCESS
B,epsilon,296,3800,SUCCESS
B,epsilon,297,3800,SUCCESS
B,epsilon,298,3800,SUCCESS
B,epsilon,299,3700,SUCCESS
B,epsilon,300,3700,SUCCESS
B,epsilon,301,3800,SUCCESS
B,epsilon,302,3800,SUCCESS
B,epsilon,303,3700,SUCCESS
B,epsilon,304,3700,SUCCESS
B,epsilon,305,3800,SUCCESS
B,epsilon,306,3800,SUCCESS
B,epsilon,307,3800,SUCCESS
B,epsilon,308,3800,SUCCESS
B,epsilon,309,3700,SUCCESS
B,epsilon,310,3700,SUCCESS
B,epsilon,311,3700,SUCCESS
B,epsilon,312,3800,SUCCESS
B,epsilon,313,3800,SUCCESS
B,epsilon,314,3700,SUCCESS
B,epsilon,315,3700,SUCCESS
B,epsilon,316,3700,SUCCESS
B,epsilon,317,3800,SUCCESS
B,epsilon,318,3800,SUCCESS
B,epsilon,319,3700,SUCCESS
B,epsilon,320,3700,SUCCESS
B,epsilon,321,3800,SUCCESS
B,epsilon,322,3800,SUCCESS
B,epsilon,323,3800,SUCCESS
B,epsilon,324,3700,SUCCESS
B,epsilon,325,3700,SUCCESS
B,epsilon,326,3800,SUCCESS
B,epsilon,327,3800,SUCCESS
B,epsilon,328,3800,SUCCESS
B,epsilon,329,3800,SUCCESS
B,epsilon,330,3700,SUCCESS
B,epsilon,331,3700,SUCCESS
B,epsilon,332,3800,SUCCESS
B,epsilon,333,3800,SUCCESS
B,epsilon,334,3700,SUCCESS
B,epsilon,335,3700,SUCCESS
B,epsilon,336,3800,SUCCESS
B,epsilon,337,3800,SUCCESS
B,epsilon,338,3800,SUCCESS
B,epsilon,339,3700,SUCCESS
B,epsilon,340,3700,SUCCESS
B,epsilon,341,3800,SUCCESS
B,epsilon,342,3800,SUCCESS
B,epsilon,343,3700,SUCCESS
B,epsilon,344,3800,SUCCESS
B,epsilon,345,3700,SUCCESS
B,epsilon,346,3700,SUCCESS
B,epsilon,347,3700,SUCCESS
B,epsilon,348,3800,SUCCESS
B,epsilon,349,3800,SUCCESS
B,epsilon,350,3800,SUCCESS
B,epsilon,351,3700,SUCCESS
B,epsilon,352,3800,SUCCESS
B,epsilon,353,3800,SUCCESS
B,epsilon,354,3700,SUCCESS
B,epsilon,355,3800,SUCCESS
B,epsilon,356,3800,SUCCESS
B,epsilon,357,3700,SUCCESS
B,epsilon,358,3700,SUCCESS
B,epsilon,359,3800,SUCCESS
B,epsilon,360,3800,SUCCESS
B,epsilon,361,3800,SUCCESS
B,epsilon,362,3700,SUCCESS
B,epsilon,363,3700,SUCCESS
B,epsilon,364,3700,SUCCESS
B,epsilon,365,3800,SUCCESS
B,epsilon,366,3800,SUCCESS
B,epsilon,367,3800,SUCCESS
B,epsilon,368,3800,SUCCESS
B,epsilon,369,3700,SUCCESS
B,epsilon,370,3800,SUCCESS
B,epsilon,371,3800,SUCCESS
B,epsilon,372,3700,SUCCESS
B,epsilon,373,3700,SUCCESS
B,epsilon,374,3800,SUCCESS
B,epsilon,375,3800,SUCCESS
B,epsilon,376,3700,SUCCESS
B,epsilon,377,3700,SUCCESS
B,epsilon,378,3800,SUCCESS
B,epsilon,379,3800,SUCCESS
B,epsilon,380,3800,SUCCESS
B,epsilon,381,3700,SUCCESS
B,epsilon,382,3700,SUCCESS
B,epsilon,383,3700,SUCCESS
B,epsilon,384,3800,SUCCESS
B,epsilon,385,3700,SUCCESS
B,epsilon,386,3700,SUCCESS
B,epsilon,387,3800,SUCCESS
B,epsilon,388,3800,SUCCESS
B,epsilon,389,3800,SUCCESS
B,epsilon,390,3700,SUCCESS
B,epsilon,391,3700,SUCCESS
B,epsilon,392,3700,SUCCESS
B,epsilon,393,3800,SUCCESS
B,epsilon,394,3800,SUCCESS
B,epsilon,395,3700,SUCCESS
B,epsilon,396,3700,SUCCESS
B,epsilon,397,3700,SUCCESS
B,epsilon,398,3800,SUCCESS
B,epsilon,399,3800,SUCCESS
B,epsilon,400,3800,SUCCESS
B,epsilon,401,3700,SUCCESS
B,epsilon,402,3700,SUCCESS
B,epsilon,403,3700,SUCCESS
B,epsilon,404,3700,SUCCESS
B,epsilon,405,3800,SUCCESS
B,epsilon,406,3800,SUCCESS
B,epsilon,407,3700,SUCCESS
B,epsilon,408,3700,SUCCESS
B,epsilon,409,3800,SUCCESS
B,epsilon,410,3800,SUCCESS
B,epsilon,411,3800,SUCCESS
B,epsilon,412,3700,SUCCESS
B,epsilon,413,3800,SUCCESS
B,epsilon,414,3800,SUCCESS
B,epsilon,415,3800,SUCCESS
B,epsilon,416,3800,SUCCESS
B,epsilon,417,3700,SUCCESS
B,epsilon,418,3700,SUCCESS
B,epsilon,419,3800,SUCCESS
B,epsilon,420,3800,SUCCESS
B,epsilon,421,3800,SUCCESS
B,epsilon,422,3800,SUCCESS
B,epsilon,423,3700,SUCCESS
B,epsilon,424,3700,SUCCESS
B,epsilon,425,3800,SUCCESS
B,epsilon,426,3800,SUCCESS
B,epsilon,427,3700,SUCCESS
B,epsilon,428,3700,SUCCESS
B,epsilon,429,3800,SUCCESS
B,epsilon,430,3800,SUCCESS
B,epsilon,431,3700,SUCCESS
B,epsilon,432,3700,SUCCESS
B,epsilon,433,3700,SUCCESS
B,epsilon,434,6800,SUCCESS
B,epsilon,435,3700,SUCCESS
B,epsilon,436,3800,SUCCESS
B,epsilon,437,3800,SUCCESS
B,epsilon,438,3800,SUCCESS
B,epsilon,439,3700,SUCCESS
B,epsilon,440,3700,SUCCESS
B,epsilon,441,3700,SUCCESS
B,epsilon,442,3800,SUCCESS
B,epsilon,443,3800,SUCCESS
B,epsilon,444,3700,SUCCESS
B,epsilon,445,3700,SUCCESS
B,epsilon,446,3700,SUCCESS
B,epsilon,447,3800,SUCCESS
B,epsilon,448,3800,SUCCESS
B,epsilon,449,3700,SUCCESS
B,epsilon,450,3700,SUCCESS
B,epsilon,451,3700,SUCCESS
B,epsilon,452,3800,SUCCESS
B,epsilon,453,3800,SUCCESS
B,epsilon,454,3800,SUCCESS
B,epsilon,455,3800,SUCCESS
B,epsilon,456,3700,SUCCESS
B,epsilon,457,3800,SUCCESS
B,epsilon,458,3800,SUCCESS
B,epsilon,459,3800,SUCCESS
B,epsilon,460,3700,SUCCESS
B,epsilon,461,3700,SUCCESS
B,epsilon,462,3800,SUCCESS
B,epsilon,463,3800,SUCCESS
B,epsilon,464,3800,SUCCESS
B,epsilon,465,3800,SUCCESS
B,epsilon,466,3700,SUCCESS
B,epsilon,467,3800,SUCCESS
B,epsilon,468,3800,SUCCESS
B,epsilon,469,3800,SUCCESS
B,epsilon,470,3800,SUCCESS
B,epsilon,471,3700,SUCCESS
B,epsilon,472,3700,SUCCESS
B,epsilon,473,3800,SUCCESS
B,epsilon,474,3800,SUCCESS
B,epsilon,475,3800,SUCCESS
B,epsilon,476,3800,SUCCESS
B,epsilon,477,3700,SUCCESS
B,epsilon,478,3700,SUCCESS
B,epsilon,479,3800,SUCCESS
B,epsilon,480,3800,SUCCESS
B,epsilon,481,3800,SUCCESS
B,epsilon,482,3700,SUCCESS
B,epsilon,483,3700,SUCCESS
B,epsilon,484,3700,SUCCESS
B,epsilon,485,3800,SUCCESS
B,epsilon,486,3800,SUCCESS
B,epsilon,487,3700,SUCCESS
B,epsilon,488,3700,SUCCESS
B,epsilon,489,3700,SUCCESS
B,epsilon,490,3700,SUCCESS
B,epsilon,491,3700,SUCCESS
B,epsilon,492,3800,SUCCESS
B,epsilon,493,3800,SUCCESS
B,epsilon,494,3800,SUCCESS
B,epsilon,495,3800,SUCCESS
B,epsilon,496,3800,SUCCESS
B,epsilon,497,3800,SUCCESS
B,epsilon,498,3700,SUCCESS
B,epsilon,499,3800,SUCCESS
B,epsilon,500,3800,SUCCESS
B,epsilon,501,3700,SUCCESS
B,epsilon,502,3700,SUCCESS
B,epsilon,503,3700,SUCCESS
B,epsilon,504,3800,SUCCESS
B,epsilon,505,3800,SUCCESS
B,epsilon,506,3800,SUCCESS
B,epsilon,507,3700,SUCCESS
B,epsilon,508,3700,SUCCESS
B,epsilon,509,3800,SUCCESS
B,epsilon,510,3800,SUCCESS
B,epsilon,511,3700,SUCCESS
B,epsilon,512,3700,SUCCESS
B,epsilon,513,3700,SUCCESS
B,epsilon,514,3800,SUCCESS
B,epsilon,515,3800,SUCCESS
B,epsilon,516,3800,SUCCESS
B,epsilon,517,3700,SUCCESS
B,epsilon,518,3700,SUCCESS
B,epsilon,519,3700,SUCCESS
B,epsilon,520,3700,SUCCESS
B,epsilon,521,3800,SUCCESS
B,epsilon,522,3800,SUCCESS
B,epsilon,523,3700,SUCCESS
B,epsilon,524,3800,SUCCESS
B,epsilon,525,3800,SUCCESS
B,epsilon,526,3800,SUCCESS
B,epsilon,527,3800,SUCCESS
B,epsilon,528,3700,SUCCESS
B,epsilon,529,3800,SUCCESS
B,epsilon,530,3800,SUCCESS
B,epsilon,531,3800,SUCCESS
B,epsilon,532,3800,SUCCESS
B,epsilon,533,3700,SUCCESS
B,epsilon,534,3800,SUCCESS
B,epsilon,535,3800,SUCCESS
B,epsilon,536,3800,SUCCESS
B,epsilon,537,3700,SUCCESS
B,epsilon,538,3700,SUCCESS
B,epsilon,539,3700,SUCCESS
B,epsilon,540,3700,SUCCESS
B,epsilon,541,3800,SUCCESS
B,epsilon,542,3700,SUCCESS
B,epsilon,543,3700,SUCCESS
B,epsilon,544,3800,SUCCESS
B,epsilon,545,3800,SUCCESS
B,epsilon,546,3800,SUCCESS
B,epsilon,547,3800,SUCCESS
B,epsilon,548,3700,SUCCESS
B,epsilon,549,3800,SUCCESS
B,epsilon,550,3800,SUCCESS
B,epsilon,551,3800,SUCCESS
B,epsilon,552,3800,SUCCESS
B,epsilon,553,3800,SUCCESS
B,epsilon,554,3700,SUCCESS
B,epsilon,555,3700,SUCCESS
B,epsilon,556,3700,SUCCESS
B,epsilon,557,3800,SUCCESS
B,epsilon,558,3700,SUCCESS
B,epsilon,559,3700,SUCCESS
B,epsilon,560,3800,SUCCESS
B,epsilon,561,3800,SUCCESS
B,epsilon,562,3700,SUCCESS
B,epsilon,563,3700,SUCCESS
B,epsilon,564,3800,SUCCESS
B,epsilon,565,3700,SUCCESS
B,epsilon,566,3800,SUCCESS
B,epsilon,567,3800,SUCCESS
B,epsilon,568,3700,SUCCESS
B,epsilon,569,3700,SUCCESS
B,epsilon,570,3800,SUCCESS
B,epsilon,571,3800,SUCCESS
B,epsilon,572,3800,SUCCESS
B,epsilon,573,3700,SUCCESS
B,epsilon,574,3800,SUCCESS
B,epsilon,575,3800,SUCCESS
B,epsilon,576,3800,SUCCESS
B,epsilon,577,3800,SUCCESS
B,epsilon,578,3800,SUCCESS
B,epsilon,579,3800,SUCCESS
B,epsilon,580,3800,SUCCESS
B,epsilon,581,3800,SUCCESS
B,epsilon,582,3800,SUCCESS
B,epsilon,583,3800,SUCCESS
B,epsilon,584,3700,SUCCESS
B,epsilon,585,3800,SUCCESS
B,epsilon,586,3800,SUCCESS
B,epsilon,587,3800,SUCCESS
B,epsilon,588,3800,SUCCESS
B,epsilon,589,3800,SUCCESS
B,epsilon,590,3700,SUCCESS
B,epsilon,591,3800,SUCCESS
B,epsilon,592,3800,SUCCESS
B,epsilon,593,3700,SUCCESS
B,epsilon,594,3700,SUCCESS
B,epsilon,595,3700,SUCCESS
B,epsilon,596,3800,SUCCESS
B,epsilon,597,3800,SUCCESS
B,epsilon,598,3700,SUCCESS
B,epsilon,599,3800,SUCCESS
B,epsilon,600,3800,SUCCESS
B,epsilon,601,3800,SUCCESS
B,epsilon,602,3800,SUCCESS
B,epsilon,603,3700,SUCCESS
B,epsilon,604,3800,SUCCESS
B,epsilon,605,3800,SUCCESS
B,epsilon,606,3800,SUCCESS
B,epsilon,607,3800,SUCCESS
B,epsilon,608,3800,SUCCESS
B,epsilon,609,3800,SUCCESS
B,epsilon,610,3700,SUCCESS
B,epsilon,611,3800,SUCCESS
B,epsilon,612,3800,SUCCESS
B,epsilon,613,3800,SUCCESS
B,epsilon,614,3700,SUCCESS
B,epsilon,615,3700,SUCCESS
B,epsilon,616,3800,SUCCESS
B,epsilon,617,3700,SUCCESS
B,epsilon,618,3700,SUCCESS
B,epsilon,619,3700,SUCCESS
B,epsilon,620,3700,SUCCESS
B,epsilon,621,3700,SUCCESS
B,epsilon,622,3800,SUCCESS
B,epsilon,623,3800,SUCCESS
B,epsilon,624,3700,SUCCESS
B,epsilon,625,3700,SUCCESS
B,epsilon,626,3700,SUCCESS
B,epsilon,627,3800,SUCCESS
B,epsilon,628,3800,SUCCESS
B,epsilon,629,3700,SUCCESS
B,epsilon,630,3700,SUCCESS
B,epsilon,631,3700,SUCCESS
B,epsilon,632,3700,SUCCESS
B,epsilon,633,3700,SUCCESS
B,epsilon,634,3800,SUCCESS
B,epsilon,635,3800,SUCCESS
B,epsilon,636,3700,SUCCESS
B,epsilon,637,3700,SUCCESS
B,epsilon,638,3700,SUCCESS
B,epsilon,639,3800,SUCCESS
B,epsilon,640,3800,SUCCESS
B,epsilon,641,3700,SUCCESS
B,epsilon,642,3800,SUCCESS
B,epsilon,643,3800,SUCCESS
B,epsilon,644,3700,SUCCESS
B,epsilon,645,3700,SUCCESS
B,epsilon,646,3800,SUCCESS
B,epsilon,647,3800,SUCCESS
B,epsilon,648,3800,SUCCESS
B,epsilon,649,3700,SUCCESS
B,epsilon,650,3700,SUCCESS
B,epsilon,651,3700,SUCCESS
B,epsilon,652,3800,SUCCESS
B,epsilon,653,3800,SUCCESS
B,epsilon,654,3700,SUCCESS
B,epsilon,655,3700,SUCCESS
B,epsilon,656,3700,SUCCESS
B,epsilon,657,3800,SUCCESS
B,epsilon,658,3700,SUCCESS
B,epsilon,659,3800,SUCCESS
B,epsilon,660,3700,SUCCESS
B,epsilon,661,3700,SUCCESS
B,epsilon,662,3800,SUCCESS
B,epsilon,663,3800,SUCCESS
B,epsilon,664,3800,SUCCESS
B,epsilon,665,3800,SUCCESS
B,epsilon,666,3700,SUCCESS
B,epsilon,667,3800,SUCCESS
B,epsilon,668,3800,SUCCESS
B,epsilon,669,3800,SUCCESS
B,epsilon,670,3800,SUCCESS
B,epsilon,671,3700,SUCCESS
B,epsilon,672,3800,SUCCESS
B,epsilon,673,3800,SUCCESS
B,epsilon,674,3700,SUCCESS
B,epsilon,675,3700,SUCCESS
B,epsilon,676,3800,SUCCESS
B,epsilon,677,3800,SUCCESS
B,epsilon,678,3700,SUCCESS
B,epsilon,679,3700,SUCCESS
B,epsilon,680,3800,SUCCESS
B,epsilon,681,3800,SUCCESS
B,epsilon,682,3800,SUCCESS
B,epsilon,683,3800,SUCCESS
B,epsilon,684,3700,SUCCESS
B,epsilon,685,3800,SUCCESS
B,epsilon,686,3800,SUCCESS
B,epsilon,687,3800,SUCCESS
B,epsilon,688,3800,SUCCESS
B,epsilon,689,3700,SUCCESS
B,epsilon,690,3700,SUCCESS
B,epsilon,691,3700,SUCCESS
B,epsilon,692,3800,SUCCESS
B,epsilon,693,3800,SUCCESS
B,epsilon,694,3800,SUCCESS
B,epsilon,695,3800,SUCCESS
B,epsilon,696,3700,SUCCESS
B,epsilon,697,3700,SUCCESS
B,epsilon,698,3800,SUCCESS
B,epsilon,699,3800,SUCCESS
B,epsilon,700,3700,SUCCESS
B,epsilon,701,3700,SUCCESS
B,epsilon,702,3700,SUCCESS
B,epsilon,703,3800,SUCCESS
B,epsilon,704,3700,SUCCESS
B,epsilon,705,3700,SUCCESS
B,epsilon,706,3700,SUCCESS
B,epsilon,707,3800,SUCCESS
B,epsilon,708,3800,SUCCESS
B,epsilon,709,3800,SUCCESS
B,epsilon,710,3800,SUCCESS
B,epsilon,711,3800,SUCCESS
B,epsilon,712,3700,SUCCESS
B,epsilon,713,3700,SUCCESS
B,epsilon,714,3800,SUCCESS
B,epsilon,715,3800,SUCCESS
B,epsilon,716,3800,SUCCESS
B,epsilon,717,3700,SUCCESS
B,epsilon,718,3700,SUCCESS
B,epsilon,719,3800,SUCCESS
B,epsilon,720,3800,SUCCESS
B,epsilon,721,3800,SUCCESS
B,epsilon,722,3700,SUCCESS
B,epsilon,723,3800,SUCCESS
B,epsilon,724,3800,SUCCESS
B,epsilon,725,3800,SUCCESS
B,epsilon,726,3800,SUCCESS
B,epsilon,727,3700,SUCCESS
B,epsilon,728,3700,SUCCESS
B,epsilon,729,3800,SUCCESS
B,epsilon,730,3800,SUCCESS
B,epsilon,731,40300,SUCCESS
B,epsilon,732,3700,SUCCESS
B,epsilon,733,3800,SUCCESS
B,epsilon,734,3700,SUCCESS
B,epsilon,735,3700,SUCCESS
B,epsilon,736,3800,SUCCESS
B,epsilon,737,3800,SUCCESS
B,epsilon,738,4000,SUCCESS
B,epsilon,739,4000,SUCCESS
B,epsilon,740,4000,SUCCESS
B,epsilon,741,4000,SUCCESS
B,epsilon,742,4000,SUCCESS
B,epsilon,743,4000,SUCCESS
B,epsilon,744,4100,SUCCESS
B,epsilon,745,4000,SUCCESS
B,epsilon,746,4200,SUCCESS
B,epsilon,747,4000,SUCCESS
B,epsilon,748,4000,SUCCESS
B,epsilon,749,4000,SUCCESS
B,epsilon,750,4000,SUCCESS
B,epsilon,751,4000,SUCCESS
B,epsilon,752,19600,SUCCESS
B,epsilon,753,4000,SUCCESS
B,epsilon,754,4000,SUCCESS
B,epsilon,755,4000,SUCCESS
B,epsilon,756,4000,SUCCESS
B,epsilon,757,12700,SUCCESS
B,epsilon,758,4000,SUCCESS
B,epsilon,759,4000,SUCCESS
B,epsilon,760,4000,SUCCESS
B,epsilon,761,4000,SUCCESS
B,epsilon,762,4000,SUCCESS
B,epsilon,763,4100,SUCCESS
B,epsilon,764,7500,SUCCESS
B,epsilon,765,4100,SUCCESS
B,epsilon,766,4000,SUCCESS
B,epsilon,767,4000,SUCCESS
B,epsilon,768,4000,SUCCESS
B,epsilon,769,4100,SUCCESS
B,epsilon,770,4000,SUCCESS
B,epsilon,771,4000,SUCCESS
B,epsilon,772,4100,SUCCESS
B,epsilon,773,3900,SUCCESS
B,epsilon,774,4100,SUCCESS
B,epsilon,775,4000,SUCCESS
B,epsilon,776,4000,SUCCESS
B,epsilon,777,4000,SUCCESS
B,epsilon,778,4000,SUCCESS
B,epsilon,779,4100,SUCCESS
B,epsilon,780,4100,SUCCESS
B,epsilon,781,4100,SUCCESS
B,epsilon,782,3900,SUCCESS
B,epsilon,783,4000,SUCCESS
B,epsilon,784,4000,SUCCESS
B,epsilon,785,4100,SUCCESS
B,epsilon,786,4000,SUCCESS
B,epsilon,787,4000,SUCCESS
B,epsilon,788,4100,SUCCESS
B,epsilon,789,4000,SUCCESS
B,epsilon,790,4100,SUCCESS
B,epsilon,791,4000,SUCCESS
B,epsilon,792,4200,SUCCESS
B,epsilon,793,4100,SUCCESS
B,epsilon,794,3900,SUCCESS
B,epsilon,795,4000,SUCCESS
B,epsilon,796,4000,SUCCESS
B,epsilon,797,4000,SUCCESS
B,epsilon,798,4000,SUCCESS
B,epsilon,799,4000,SUCCESS
B,epsilon,800,4000,SUCCESS
B,epsilon,801,4100,SUCCESS
B,epsilon,802,4100,SUCCESS
B,epsilon,803,4100,SUCCESS
B,epsilon,804,4000,SUCCESS
B,epsilon,805,4100,SUCCESS
B,epsilon,806,4000,SUCCESS
B,epsilon,807,4000,SUCCESS
B,epsilon,808,4300,SUCCESS
B,epsilon,809,4100,SUCCESS
B,epsilon,810,4000,SUCCESS
B,epsilon,811,4000,SUCCESS
B,epsilon,812,4200,SUCCESS
B,epsilon,813,4000,SUCCESS
B,epsilon,814,4000,SUCCESS
B,epsilon,815,4000,SUCCESS
B,epsilon,816,4100,SUCCESS
B,epsilon,817,4100,SUCCESS
B,epsilon,818,4000,SUCCESS
B,epsilon,819,4000,SUCCESS
B,epsilon,820,4000,SUCCESS
B,epsilon,821,4000,SUCCESS
B,epsilon,822,4000,SUCCESS
B,epsilon,823,4100,SUCCESS
B,epsilon,824,4000,SUCCESS
B,epsilon,825,4000,SUCCESS
B,epsilon,826,4200,SUCCESS
B,epsilon,827,4000,SUCCESS
B,epsilon,828,4100,SUCCESS
B,epsilon,829,4000,SUCCESS
B,epsilon,830,4000,SUCCESS
B,epsilon,831,4000,SUCCESS
B,epsilon,832,4100,SUCCESS
B,epsilon,833,4200,SUCCESS
B,epsilon,834,4100,SUCCESS
B,epsilon,835,4100,SUCCESS
B,epsilon,836,4000,SUCCESS
B,epsilon,837,4000,SUCCESS
B,epsilon,838,4200,SUCCESS
B,epsilon,839,4100,SUCCESS
B,epsilon,840,4100,SUCCESS
B,epsilon,841,4000,SUCCESS
B,epsilon,842,4000,SUCCESS
B,epsilon,843,4100,SUCCESS
B,epsilon,844,4300,SUCCESS
B,epsilon,845,4000,SUCCESS
B,epsilon,846,4100,SUCCESS
B,epsilon,847,4100,SUCCESS
B,epsilon,848,4100,SUCCESS
B,epsilon,849,4100,SUCCESS
B,epsilon,850,4000,SUCCESS
B,epsilon,851,4000,SUCCESS
B,epsilon,852,4100,SUCCESS
B,epsilon,853,4100,SUCCESS
B,epsilon,854,4000,SUCCESS
B,epsilon,855,4100,SUCCESS
B,epsilon,856,4400,SUCCESS
B,epsilon,857,4100,SUCCESS
B,epsilon,858,4100,SUCCESS
B,epsilon,859,4100,SUCCESS
B,epsilon,860,4000,SUCCESS
B,epsilon,861,3900,SUCCESS
B,epsilon,862,4000,SUCCESS
B,epsilon,863,4000,SUCCESS
B,epsilon,864,4000,SUCCESS
B,epsilon,865,4000,SUCCESS
B,epsilon,866,4100,SUCCESS
B,epsilon,867,4000,SUCCESS
B,epsilon,868,4000,SUCCESS
B,epsilon,869,4000,SUCCESS
B,epsilon,870,4000,SUCCESS
B,epsilon,871,4100,SUCCESS
B,epsilon,872,4000,SUCCESS
B,epsilon,873,4100,SUCCESS
B,epsilon,874,4300,SUCCESS
B,epsilon,875,4100,SUCCESS
B,epsilon,876,4000,SUCCESS
B,epsilon,877,4000,SUCCESS
B,epsilon,878,4000,SUCCESS
B,epsilon,879,4000,SUCCESS
B,epsilon,880,4000,SUCCESS
B,epsilon,881,3900,SUCCESS
B,epsilon,882,4000,SUCCESS
B,epsilon,883,4000,SUCCESS
B,epsilon,884,4000,SUCCESS
B,epsilon,885,4000,SUCCESS
B,epsilon,886,3900,SUCCESS
B,epsilon,887,4000,SUCCESS
B,epsilon,888,4000,SUCCESS
B,epsilon,889,4000,SUCCESS
B,epsilon,890,4000,SUCCESS
B,epsilon,891,4000,SUCCESS
B,epsilon,892,4000,SUCCESS
B,epsilon,893,4000,SUCCESS
B,epsilon,894,4000,SUCCESS
B,epsilon,895,4000,SUCCESS
B,epsilon,896,4000,SUCCESS
B,epsilon,897,4000,SUCCESS
B,epsilon,898,4000,SUCCESS
B,epsilon,899,4000,SUCCESS
B,epsilon,900,4000,SUCCESS
B,epsilon,901,4000,SUCCESS
B,epsilon,902,4100,SUCCESS
B,epsilon,903,4100,SUCCESS
B,epsilon,904,3900,SUCCESS
B,epsilon,905,4000,SUCCESS
B,epsilon,906,4000,SUCCESS
B,epsilon,907,4000,SUCCESS
B,epsilon,908,4100,SUCCESS
B,epsilon,909,4000,SUCCESS
B,epsilon,910,4000,SUCCESS
B,epsilon,911,4000,SUCCESS
B,epsilon,912,4000,SUCCESS
B,epsilon,913,4000,SUCCESS
B,epsilon,914,4100,SUCCESS
B,epsilon,915,4000,SUCCESS
B,epsilon,916,4100,SUCCESS
B,epsilon,917,4000,SUCCESS
B,epsilon,918,4000,SUCCESS
B,epsilon,919,4000,SUCCESS
B,epsilon,920,4000,SUCCESS
B,epsilon,921,4000,SUCCESS
B,epsilon,922,4000,SUCCESS
B,epsilon,923,4000,SUCCESS
B,epsilon,924,4000,SUCCESS
B,epsilon,925,4100,SUCCESS
B,epsilon,926,4000,SUCCESS
B,epsilon,927,4000,SUCCESS
B,epsilon,928,4100,SUCCESS
B,epsilon,929,4000,SUCCESS
B,epsilon,930,4100,SUCCESS
B,epsilon,931,4000,SUCCESS
B,epsilon,932,4000,SUCCESS
B,epsilon,933,4000,SUCCESS
B,epsilon,934,4100,SUCCESS
B,epsilon,935,4100,SUCCESS
B,epsilon,936,4000,SUCCESS
B,epsilon,937,4200,SUCCESS
B,epsilon,938,4100,SUCCESS
B,epsilon,939,4000,SUCCESS
B,epsilon,940,4000,SUCCESS
B,epsilon,941,4000,SUCCESS
B,epsilon,942,4100,SUCCESS
B,epsilon,943,4100,SUCCESS
B,epsilon,944,4100,SUCCESS
B,epsilon,945,4200,SUCCESS
B,epsilon,946,4000,SUCCESS
B,epsilon,947,4000,SUCCESS
B,epsilon,948,4000,SUCCESS
B,epsilon,949,4000,SUCCESS
B,epsilon,950,4000,SUCCESS
B,epsilon,951,4000,SUCCESS
B,epsilon,952,4000,SUCCESS
B,epsilon,953,4100,SUCCESS
B,epsilon,954,4000,SUCCESS
B,epsilon,955,4100,SUCCESS
B,epsilon,956,4000,SUCCESS
B,epsilon,957,4000,SUCCESS
B,epsilon,958,4100,SUCCESS
B,epsilon,959,4000,SUCCESS
B,epsilon,960,4100,SUCCESS
B,epsilon,961,4100,SUCCESS
B,epsilon,962,4300,SUCCESS
B,epsilon,963,4000,SUCCESS
B,epsilon,964,4000,SUCCESS
B,epsilon,965,4000,SUCCESS
B,epsilon,966,4000,SUCCESS
B,epsilon,967,4300,SUCCESS
B,epsilon,968,4000,SUCCESS
B,epsilon,969,4000,SUCCESS
B,epsilon,970,4100,SUCCESS
B,epsilon,971,4100,SUCCESS
B,epsilon,972,4000,SUCCESS
B,epsilon,973,4000,SUCCESS
B,epsilon,974,4100,SUCCESS
B,epsilon,975,4100,SUCCESS
B,epsilon,976,3900,SUCCESS
B,epsilon,977,4200,SUCCESS
B,epsilon,978,4200,SUCCESS
B,epsilon,979,4100,SUCCESS
B,epsilon,980,4000,SUCCESS
B,epsilon,981,4000,SUCCESS
B,epsilon,982,4000,SUCCESS
B,epsilon,983,4000,SUCCESS
B,epsilon,984,4100,SUCCESS
B,epsilon,985,4000,SUCCESS
B,epsilon,986,4000,SUCCESS
B,epsilon,987,4000,SUCCESS
B,epsilon,988,4000,SUCCESS
B,epsilon,989,4000,SUCCESS
B,epsilon,990,4100,SUCCESS
B,epsilon,991,4100,SUCCESS
B,epsilon,992,4100,SUCCESS
B,epsilon,993,4000,SUCCESS
B,epsilon,994,4000,SUCCESS
B,epsilon,995,4200,SUCCESS
B,epsilon,996,4200,SUCCESS
B,epsilon,997,4200,SUCCESS
B,epsilon,998,4000,SUCCESS
B,epsilon,999,4000,SUCCESS
B,alpha,0,5600,SUCCESS
B,alpha,1,3900,SUCCESS
B,alpha,2,4000,SUCCESS
B,alpha,3,3900,SUCCESS
B,alpha,4,4100,SUCCESS
B,alpha,5,4000,SUCCESS
B,alpha,6,4000,SUCCESS
B,alpha,7,4000,SUCCESS
B,alpha,8,4000,SUCCESS
B,alpha,9,5200,SUCCESS
B,alpha,10,5100,SUCCESS
B,alpha,11,5200,SUCCESS
B,alpha,12,5200,SUCCESS
B,alpha,13,5200,SUCCESS
B,alpha,14,5200,SUCCESS
B,alpha,15,5200,SUCCESS
B,alpha,16,5100,SUCCESS
B,alpha,17,5200,SUCCESS
B,alpha,18,4000,SUCCESS
B,alpha,19,4000,SUCCESS
B,alpha,20,4000,SUCCESS
B,alpha,21,3800,SUCCESS
B,alpha,22,3900,SUCCESS
B,alpha,23,3800,SUCCESS
B,alpha,24,3900,SUCCESS
B,alpha,25,4000,SUCCESS
B,alpha,26,3800,SUCCESS
B,alpha,27,3800,SUCCESS
B,alpha,28,3800,SUCCESS
B,alpha,29,3800,SUCCESS
B,alpha,30,3800,SUCCESS
B,alpha,31,3900,SUCCESS
B,alpha,32,3900,SUCCESS
B,alpha,33,3800,SUCCESS
B,alpha,34,3800,SUCCESS
B,alpha,35,4000,SUCCESS
B,alpha,36,3800,SUCCESS
B,alpha,37,3800,SUCCESS
B,alpha,38,7000,SUCCESS
B,alpha,39,7000,SUCCESS
B,alpha,40,7000,SUCCESS
B,alpha,41,7000,SUCCESS
B,alpha,42,7000,SUCCESS
B,alpha,43,6800,SUCCESS
B,alpha,44,6900,SUCCESS
B,alpha,45,7000,SUCCESS
B,alpha,46,7000,SUCCESS
B,alpha,47,6900,SUCCESS
B,alpha,48,6900,SUCCESS
B,alpha,49,7000,SUCCESS
B,alpha,50,6900,SUCCESS
B,alpha,51,7000,SUCCESS
B,alpha,52,6900,SUCCESS
B,alpha,53,6900,SUCCESS
B,alpha,54,7000,SUCCESS
B,alpha,55,6900,SUCCESS
B,alpha,56,7100,SUCCESS
B,alpha,57,3900,SUCCESS
B,alpha,58,3700,SUCCESS
B,alpha,59,3700,SUCCESS
B,alpha,60,3800,SUCCESS
B,alpha,61,3900,SUCCESS
B,alpha,62,3900,SUCCESS
B,alpha,63,3700,SUCCESS
B,alpha,64,3700,SUCCESS
B,alpha,65,3800,SUCCESS
B,alpha,66,3700,SUCCESS
B,alpha,67,3700,SUCCESS
B,alpha,68,3700,SUCCESS
B,alpha,69,3700,SUCCESS
B,alpha,70,3700,SUCCESS
B,alpha,71,3800,SUCCESS
B,alpha,72,3800,SUCCESS
B,alpha,73,3800,SUCCESS
B,alpha,74,3700,SUCCESS
B,alpha,75,3800,SUCCESS
B,alpha,76,3700,SUCCESS
B,alpha,77,3800,SUCCESS
B,alpha,78,3700,SUCCESS
B,alpha,79,3700,SUCCESS
B,alpha,80,3700,SUCCESS
B,alpha,81,3700,SUCCESS
B,alpha,82,3700,SUCCESS
B,alpha,83,3800,SUCCESS
B,alpha,84,3700,SUCCESS
B,alpha,85,3700,SUCCESS
B,alpha,86,3700,SUCCESS
B,alpha,87,3700,SUCCESS
B,alpha,88,3700,SUCCESS
B,alpha,89,3800,SUCCESS
B,alpha,90,3700,SUCCESS
B,alpha,91,3700,SUCCESS
B,alpha,92,3700,SUCCESS
B,alpha,93,3700,SUCCESS
B,alpha,94,3700,SUCCESS
B,alpha,95,3700,SUCCESS
B,alpha,96,3700,SUCCESS
B,alpha,97,3700,SUCCESS
B,alpha,98,3800,SUCCESS
B,alpha,99,3800,SUCCESS
B,alpha,100,3800,SUCCESS
B,alpha,101,3800,SUCCESS
B,alpha,102,3800,SUCCESS
B,alpha,103,3700,SUCCESS
B,alpha,104,3700,SUCCESS
B,alpha,105,3700,SUCCESS
B,alpha,106,3700,SUCCESS
B,alpha,107,3800,SUCCESS
B,alpha,108,3700,SUCCESS
B,alpha,109,3700,SUCCESS
B,alpha,110,3700,SUCCESS
B,alpha,111,3800,SUCCESS
B,alpha,112,3700,SUCCESS
B,alpha,113,3700,SUCCESS
B,alpha,114,3700,SUCCESS
B,alpha,115,3800,SUCCESS
B,alpha,116,3700,SUCCESS
B,alpha,117,3700,SUCCESS
B,alpha,118,3700,SUCCESS
B,alpha,119,3700,SUCCESS
B,alpha,120,3700,SUCCESS
B,alpha,121,3700,SUCCESS
B,alpha,122,3900,SUCCESS
B,alpha,123,3700,SUCCESS
B,alpha,124,3700,SUCCESS
B,alpha,125,3700,SUCCESS
B,alpha,126,3700,SUCCESS
B,alpha,127,3700,SUCCESS
B,alpha,128,3700,SUCCESS
B,alpha,129,3800,SUCCESS
B,alpha,130,3900,SUCCESS
B,alpha,131,3700,SUCCESS
B,alpha,132,3700,SUCCESS
B,alpha,133,3700,SUCCESS
B,alpha,134,3700,SUCCESS
B,alpha,135,3800,SUCCESS
B,alpha,136,3800,SUCCESS
B,alpha,137,3800,SUCCESS
B,alpha,138,4000,SUCCESS
B,alpha,139,3800,SUCCESS
B,alpha,140,3700,SUCCESS
B,alpha,141,3700,SUCCESS
B,alpha,142,3700,SUCCESS
B,alpha,143,3800,SUCCESS
B,alpha,144,3800,SUCCESS
B,alpha,145,3700,SUCCESS
B,alpha,146,3700,SUCCESS
B,alpha,147,3700,SUCCESS
B,alpha,148,3800,SUCCESS
B,alpha,149,3700,SUCCESS
B,alpha,150,3700,SUCCESS
B,alpha,151,3700,SUCCESS
B,alpha,152,3700,SUCCESS
B,alpha,153,3700,SUCCESS
B,alpha,154,3800,SUCCESS
B,alpha,155,3800,SUCCESS
B,alpha,156,3700,SUCCESS
B,alpha,157,3700,SUCCESS
B,alpha,158,3900,SUCCESS
B,alpha,159,3700,SUCCESS
B,alpha,160,3800,SUCCESS
B,alpha,161,3700,SUCCESS
B,alpha,162,3700,SUCCESS
B,alpha,163,3700,SUCCESS
B,alpha,164,3700,SUCCESS
B,alpha,165,3700,SUCCESS
B,alpha,166,3700,SUCCESS
B,alpha,167,3800,SUCCESS
B,alpha,168,3800,SUCCESS
B,alpha,169,3800,SUCCESS
B,alpha,170,3700,SUCCESS
B,alpha,171,3800,SUCCESS
B,alpha,172,3700,SUCCESS
B,alpha,173,3800,SUCCESS
B,alpha,174,3700,SUCCESS
B,alpha,175,3700,SUCCESS
B,alpha,176,3800,SUCCESS
B,alpha,177,3800,SUCCESS
B,alpha,178,3700,SUCCESS
B,alpha,179,3700,SUCCESS
B,alpha,180,3700,SUCCESS
B,alpha,181,3700,SUCCESS
B,alpha,182,3700,SUCCESS
B,alpha,183,3700,SUCCESS
B,alpha,184,3700,SUCCESS
B,alpha,185,3700,SUCCESS
B,alpha,186,3700,SUCCESS
B,alpha,187,3700,SUCCESS
B,alpha,188,3700,SUCCESS
B,alpha,189,3700,SUCCESS
B,alpha,190,3700,SUCCESS
B,alpha,191,3700,SUCCESS
B,alpha,192,3700,SUCCESS
B,alpha,193,3800,SUCCESS
B,alpha,194,3800,SUCCESS
B,alpha,195,3700,SUCCESS
B,alpha,196,3700,SUCCESS
B,alpha,197,3800,SUCCESS
B,alpha,198,3700,SUCCESS
B,alpha,199,3800,SUCCESS
B,alpha,200,3800,SUCCESS
B,alpha,201,3700,SUCCESS
B,alpha,202,3700,SUCCESS
B,alpha,203,3700,SUCCESS
B,alpha,204,3700,SUCCESS
B,alpha,205,3700,SUCCESS
B,alpha,206,3800,SUCCESS
B,alpha,207,3800,SUCCESS
B,alpha,208,3700,SUCCESS
B,alpha,209,3800,SUCCESS
B,alpha,210,3700,SUCCESS
B,alpha,211,3700,SUCCESS
B,alpha,212,3800,SUCCESS
B,alpha,213,3800,SUCCESS
B,alpha,214,3700,SUCCESS
B,alpha,215,3700,SUCCESS
B,alpha,216,3700,SUCCESS
B,alpha,217,3700,SUCCESS
B,alpha,218,3700,SUCCESS
B,alpha,219,3700,SUCCESS
B,alpha,220,3700,SUCCESS
B,alpha,221,3800,SUCCESS
B,alpha,222,3700,SUCCESS
B,alpha,223,3700,SUCCESS
B,alpha,224,3700,SUCCESS
B,alpha,225,3700,SUCCESS
B,alpha,226,3700,SUCCESS
B,alpha,227,3700,SUCCESS
B,alpha,228,3800,SUCCESS
B,alpha,229,3800,SUCCESS
B,alpha,230,3800,SUCCESS
B,alpha,231,3700,SUCCESS
B,alpha,232,3700,SUCCESS
B,alpha,233,3700,SUCCESS
B,alpha,234,3700,SUCCESS
B,alpha,235,3700,SUCCESS
B,alpha,236,3800,SUCCESS
B,alpha,237,3800,SUCCESS
B,alpha,238,3700,SUCCESS
B,alpha,239,3700,SUCCESS
B,alpha,240,3700,SUCCESS
B,alpha,241,3700,SUCCESS
B,alpha,242,3800,SUCCESS
B,alpha,243,3800,SUCCESS
B,alpha,244,3800,SUCCESS
B,alpha,245,3800,SUCCESS
B,alpha,246,3800,SUCCESS
B,alpha,247,3700,SUCCESS
B,alpha,248,3700,SUCCESS
B,alpha,249,3800,SUCCESS
B,alpha,250,3700,SUCCESS
B,alpha,251,3800,SUCCESS
B,alpha,252,3700,SUCCESS
B,alpha,253,3700,SUCCESS
B,alpha,254,3700,SUCCESS
B,alpha,255,3700,SUCCESS
B,alpha,256,3700,SUCCESS
B,alpha,257,3800,SUCCESS
B,alpha,258,3700,SUCCESS
B,alpha,259,3800,SUCCESS
B,alpha,260,3700,SUCCESS
B,alpha,261,3700,SUCCESS
B,alpha,262,3700,SUCCESS
B,alpha,263,3700,SUCCESS
B,alpha,264,3700,SUCCESS
B,alpha,265,3700,SUCCESS
B,alpha,266,3700,SUCCESS
B,alpha,267,3700,SUCCESS
B,alpha,268,3700,SUCCESS
B,alpha,269,3700,SUCCESS
B,alpha,270,3700,SUCCESS
B,alpha,271,3700,SUCCESS
B,alpha,272,3700,SUCCESS
B,alpha,273,3700,SUCCESS
B,alpha,274,3700,SUCCESS
B,alpha,275,3700,SUCCESS
B,alpha,276,3700,SUCCESS
B,alpha,277,3700,SUCCESS
B,alpha,278,3800,SUCCESS
B,alpha,279,3700,SUCCESS
B,alpha,280,3700,SUCCESS
B,alpha,281,3700,SUCCESS
B,alpha,282,3700,SUCCESS
B,alpha,283,3700,SUCCESS
B,alpha,284,3700,SUCCESS
B,alpha,285,3700,SUCCESS
B,alpha,286,3700,SUCCESS
B,alpha,287,3700,SUCCESS
B,alpha,288,3700,SUCCESS
B,alpha,289,3700,SUCCESS
B,alpha,290,3800,SUCCESS
B,alpha,291,3800,SUCCESS
B,alpha,292,3700,SUCCESS
B,alpha,293,3700,SUCCESS
B,alpha,294,3700,SUCCESS
B,alpha,295,3800,SUCCESS
B,alpha,296,3700,SUCCESS
B,alpha,297,3700,SUCCESS
B,alpha,298,3700,SUCCESS
B,alpha,299,3700,SUCCESS
B,alpha,300,3700,SUCCESS
B,alpha,301,3700,SUCCESS
B,alpha,302,3700,SUCCESS
B,alpha,303,3700,SUCCESS
B,alpha,304,3700,SUCCESS
B,alpha,305,3900,SUCCESS
B,alpha,306,3800,SUCCESS
B,alpha,307,3700,SUCCESS
B,alpha,308,3700,SUCCESS
B,alpha,309,3700,SUCCESS
B,alpha,310,3800,SUCCESS
B,alpha,311,3700,SUCCESS
B,alpha,312,3800,SUCCESS
B,alpha,313,3700,SUCCESS
B,alpha,314,3700,SUCCESS
B,alpha,315,3700,SUCCESS
B,alpha,316,3800,SUCCESS
B,alpha,317,3700,SUCCESS
B,alpha,318,3700,SUCCESS
B,alpha,319,3700,SUCCESS
B,alpha,320,3700,SUCCESS
B,alpha,321,3700,SUCCESS
B,alpha,322,3800,SUCCESS
B,alpha,323,3700,SUCCESS
B,alpha,324,3700,SUCCESS
B,alpha,325,3800,SUCCESS
B,alpha,326,3800,SUCCESS
B,alpha,327,3700,SUCCESS
B,alpha,328,3700,SUCCESS
B,alpha,329,3700,SUCCESS
B,alpha,330,3700,SUCCESS
B,alpha,331,3700,SUCCESS
B,alpha,332,3800,SUCCESS
B,alpha,333,3800,SUCCESS
B,alpha,334,3800,SUCCESS
B,alpha,335,3700,SUCCESS
B,alpha,336,3800,SUCCESS
B,alpha,337,3700,SUCCESS
B,alpha,338,3700,SUCCESS
B,alpha,339,3800,SUCCESS
B,alpha,340,3800,SUCCESS
B,alpha,341,3700,SUCCESS
B,alpha,342,3700,SUCCESS
B,alpha,343,3700,SUCCESS
B,alpha,344,3700,SUCCESS
B,alpha,345,3700,SUCCESS
B,alpha,346,3700,SUCCESS
B,alpha,347,3700,SUCCESS
B,alpha,348,3700,SUCCESS
B,alpha,349,3700,SUCCESS
B,alpha,350,3700,SUCCESS
B,alpha,351,3700,SUCCESS
B,alpha,352,3700,SUCCESS
B,alpha,353,3700,SUCCESS
B,alpha,354,3700,SUCCESS
B,alpha,355,3700,SUCCESS
B,alpha,356,3700,SUCCESS
B,alpha,357,3700,SUCCESS
B,alpha,358,3700,SUCCESS
B,alpha,359,3700,SUCCESS
B,alpha,360,3700,SUCCESS
B,alpha,361,3700,SUCCESS
B,alpha,362,3700,SUCCESS
B,alpha,363,3800,SUCCESS
B,alpha,364,3800,SUCCESS
B,alpha,365,3800,SUCCESS
B,alpha,366,3700,SUCCESS
B,alpha,367,3700,SUCCESS
B,alpha,368,3700,SUCCESS
B,alpha,369,3700,SUCCESS
B,alpha,370,3700,SUCCESS
B,alpha,371,3800,SUCCESS
B,alpha,372,3700,SUCCESS
B,alpha,373,3700,SUCCESS
B,alpha,374,3700,SUCCESS
B,alpha,375,3700,SUCCESS
B,alpha,376,3700,SUCCESS
B,alpha,377,3700,SUCCESS
B,alpha,378,3800,SUCCESS
B,alpha,379,3700,SUCCESS
B,alpha,380,3700,SUCCESS
B,alpha,381,3700,SUCCESS
B,alpha,382,3700,SUCCESS
B,alpha,383,3800,SUCCESS
B,alpha,384,3800,SUCCESS
B,alpha,385,3800,SUCCESS
B,alpha,386,3700,SUCCESS
B,alpha,387,3800,SUCCESS
B,alpha,388,3800,SUCCESS
B,alpha,389,3700,SUCCESS
B,alpha,390,3800,SUCCESS
B,alpha,391,3700,SUCCESS
B,alpha,392,3700,SUCCESS
B,alpha,393,3800,SUCCESS
B,alpha,394,3800,SUCCESS
B,alpha,395,3800,SUCCESS
B,alpha,396,3700,SUCCESS
B,alpha,397,3700,SUCCESS
B,alpha,398,3800,SUCCESS
B,alpha,399,3700,SUCCESS
B,alpha,400,3700,SUCCESS
B,alpha,401,3800,SUCCESS
B,alpha,402,3700,SUCCESS
B,alpha,403,3700,SUCCESS
B,alpha,404,3700,SUCCESS
B,alpha,405,3700,SUCCESS
B,alpha,406,3700,SUCCESS
B,alpha,407,3700,SUCCESS
B,alpha,408,3700,SUCCESS
B,alpha,409,3800,SUCCESS
B,alpha,410,3700,SUCCESS
B,alpha,411,3800,SUCCESS
B,alpha,412,3700,SUCCESS
B,alpha,413,3800,SUCCESS
B,alpha,414,3700,SUCCESS
B,alpha,415,3700,SUCCESS
B,alpha,416,3800,SUCCESS
B,alpha,417,3700,SUCCESS
B,alpha,418,3700,SUCCESS
B,alpha,419,3700,SUCCESS
B,alpha,420,3800,SUCCESS
B,alpha,421,3700,SUCCESS
B,alpha,422,3800,SUCCESS
B,alpha,423,3700,SUCCESS
B,alpha,424,3800,SUCCESS
B,alpha,425,3700,SUCCESS
B,alpha,426,3700,SUCCESS
B,alpha,427,3800,SUCCESS
B,alpha,428,3800,SUCCESS
B,alpha,429,3800,SUCCESS
B,alpha,430,3700,SUCCESS
B,alpha,431,3700,SUCCESS
B,alpha,432,3800,SUCCESS
B,alpha,433,3700,SUCCESS
B,alpha,434,3700,SUCCESS
B,alpha,435,3700,SUCCESS
B,alpha,436,3700,SUCCESS
B,alpha,437,3700,SUCCESS
B,alpha,438,3700,SUCCESS
B,alpha,439,3800,SUCCESS
B,alpha,440,3700,SUCCESS
B,alpha,441,3700,SUCCESS
B,alpha,442,3700,SUCCESS
B,alpha,443,3800,SUCCESS
B,alpha,444,3700,SUCCESS
B,alpha,445,3700,SUCCESS
B,alpha,446,3700,SUCCESS
B,alpha,447,3800,SUCCESS
B,alpha,448,3700,SUCCESS
B,alpha,449,3700,SUCCESS
B,alpha,450,3700,SUCCESS
B,alpha,451,3700,SUCCESS
B,alpha,452,3800,SUCCESS
B,alpha,453,3700,SUCCESS
B,alpha,454,3700,SUCCESS
B,alpha,455,3800,SUCCESS
B,alpha,456,3700,SUCCESS
B,alpha,457,3700,SUCCESS
B,alpha,458,3700,SUCCESS
B,alpha,459,3700,SUCCESS
B,alpha,460,3800,SUCCESS
B,alpha,461,3700,SUCCESS
B,alpha,462,3900,SUCCESS
B,alpha,463,3700,SUCCESS
B,alpha,464,3700,SUCCESS
B,alpha,465,3800,SUCCESS
B,alpha,466,3800,SUCCESS
B,alpha,467,3700,SUCCESS
B,alpha,468,3700,SUCCESS
B,alpha,469,3700,SUCCESS
B,alpha,470,3800,SUCCESS
B,alpha,471,3700,SUCCESS
B,alpha,472,3800,SUCCESS
B,alpha,473,3700,SUCCESS
B,alpha,474,3800,SUCCESS
B,alpha,475,3700,SUCCESS
B,alpha,476,3800,SUCCESS
B,alpha,477,3700,SUCCESS
B,alpha,478,3700,SUCCESS
B,alpha,479,3800,SUCCESS
B,alpha,480,3700,SUCCESS
B,alpha,481,3700,SUCCESS
B,alpha,482,3900,SUCCESS
B,alpha,483,3800,SUCCESS
B,alpha,484,3700,SUCCESS
B,alpha,485,3700,SUCCESS
B,alpha,486,3700,SUCCESS
B,alpha,487,3800,SUCCESS
B,alpha,488,3700,SUCCESS
B,alpha,489,3700,SUCCESS
B,alpha,490,3700,SUCCESS
B,alpha,491,3700,SUCCESS
B,alpha,492,3800,SUCCESS
B,alpha,493,3700,SUCCESS
B,alpha,494,3800,SUCCESS
B,alpha,495,3700,SUCCESS
B,alpha,496,3800,SUCCESS
B,alpha,497,3800,SUCCESS
B,alpha,498,3900,SUCCESS
B,alpha,499,3900,SUCCESS
B,alpha,500,4000,SUCCESS
B,alpha,501,4100,SUCCESS
B,alpha,502,4000,SUCCESS
B,alpha,503,3900,SUCCESS
B,alpha,504,4100,SUCCESS
B,alpha,505,4200,SUCCESS
B,alpha,506,4000,SUCCESS
B,alpha,507,3900,SUCCESS
B,alpha,508,3900,SUCCESS
B,alpha,509,3900,SUCCESS
B,alpha,510,4000,SUCCESS
B,alpha,511,4000,SUCCESS
B,alpha,512,3700,SUCCESS
B,alpha,513,3800,SUCCESS
B,alpha,514,3700,SUCCESS
B,alpha,515,3900,SUCCESS
B,alpha,516,3700,SUCCESS
B,alpha,517,3700,SUCCESS
B,alpha,518,3700,SUCCESS
B,alpha,519,3700,SUCCESS
B,alpha,520,3700,SUCCESS
B,alpha,521,3700,SUCCESS
B,alpha,522,3700,SUCCESS
B,alpha,523,3800,SUCCESS
B,alpha,524,3800,SUCCESS
B,alpha,525,3700,SUCCESS
B,alpha,526,3700,SUCCESS
B,alpha,527,3700,SUCCESS
B,alpha,528,3700,SUCCESS
B,alpha,529,3800,SUCCESS
B,alpha,530,3700,SUCCESS
B,alpha,531,3700,SUCCESS
B,alpha,532,3700,SUCCESS
B,alpha,533,3800,SUCCESS
B,alpha,534,3700,SUCCESS
B,alpha,535,3800,SUCCESS
B,alpha,536,3800,SUCCESS
B,alpha,537,3700,SUCCESS
B,alpha,538,3700,SUCCESS
B,alpha,539,3700,SUCCESS
B,alpha,540,3800,SUCCESS
B,alpha,541,3800,SUCCESS
B,alpha,542,3800,SUCCESS
B,alpha,543,3700,SUCCESS
B,alpha,544,3700,SUCCESS
B,alpha,545,3700,SUCCESS
B,alpha,546,3700,SUCCESS
B,alpha,547,3800,SUCCESS
B,alpha,548,3900,SUCCESS
B,alpha,549,3700,SUCCESS
B,alpha,550,3700,SUCCESS
B,alpha,551,3800,SUCCESS
B,alpha,552,3700,SUCCESS
B,alpha,553,3700,SUCCESS
B,alpha,554,3800,SUCCESS
B,alpha,555,3700,SUCCESS
B,alpha,556,3700,SUCCESS
B,alpha,557,3800,SUCCESS
B,alpha,558,3800,SUCCESS
B,alpha,559,3800,SUCCESS
B,alpha,560,3700,SUCCESS
B,alpha,561,3700,SUCCESS
B,alpha,562,3700,SUCCESS
B,alpha,563,3800,SUCCESS
B,alpha,564,3700,SUCCESS
B,alpha,565,3800,SUCCESS
B,alpha,566,3700,SUCCESS
B,alpha,567,3800,SUCCESS
B,alpha,568,3700,SUCCESS
B,alpha,569,3700,SUCCESS
B,alpha,570,3700,SUCCESS
B,alpha,571,3700,SUCCESS
B,alpha,572,3800,SUCCESS
B,alpha,573,3700,SUCCESS
B,alpha,574,3700,SUCCESS
B,alpha,575,3800,SUCCESS
B,alpha,576,3800,SUCCESS
B,alpha,577,3800,SUCCESS
B,alpha,578,3700,SUCCESS
B,alpha,579,3800,SUCCESS
B,alpha,580,3900,SUCCESS
B,alpha,581,3700,SUCCESS
B,alpha,582,3700,SUCCESS
B,alpha,583,3800,SUCCESS
B,alpha,584,3800,SUCCESS
B,alpha,585,3700,SUCCESS
B,alpha,586,3700,SUCCESS
B,alpha,587,3800,SUCCESS
B,alpha,588,3800,SUCCESS
B,alpha,589,4000,SUCCESS
B,alpha,590,4000,SUCCESS
B,alpha,591,3900,SUCCESS
B,alpha,592,4000,SUCCESS
B,alpha,593,3900,SUCCESS
B,alpha,594,4000,SUCCESS
B,alpha,595,3900,SUCCESS
B,alpha,596,4000,SUCCESS
B,alpha,597,4000,SUCCESS
B,alpha,598,4000,SUCCESS
B,alpha,599,3900,SUCCESS
B,alpha,600,4000,SUCCESS
B,alpha,601,4000,SUCCESS
B,alpha,602,4100,SUCCESS
B,alpha,603,3800,SUCCESS
B,alpha,604,3700,SUCCESS
B,alpha,605,3700,SUCCESS
B,alpha,606,3700,SUCCESS
B,alpha,607,3700,SUCCESS
B,alpha,608,3800,SUCCESS
B,alpha,609,3700,SUCCESS
B,alpha,610,3700,SUCCESS
B,alpha,611,3700,SUCCESS
B,alpha,612,3800,SUCCESS
B,alpha,613,3700,SUCCESS
B,alpha,614,3900,SUCCESS
B,alpha,615,3700,SUCCESS
B,alpha,616,3800,SUCCESS
B,alpha,617,3700,SUCCESS
B,alpha,618,3700,SUCCESS
B,alpha,619,3700,SUCCESS
B,alpha,620,3800,SUCCESS
B,alpha,621,3700,SUCCESS
B,alpha,622,3700,SUCCESS
B,alpha,623,3800,SUCCESS
B,alpha,624,3700,SUCCESS
B,alpha,625,3700,SUCCESS
B,alpha,626,3700,SUCCESS
B,alpha,627,3700,SUCCESS
B,alpha,628,3700,SUCCESS
B,alpha,629,3700,SUCCESS
B,alpha,630,3700,SUCCESS
B,alpha,631,3700,SUCCESS
B,alpha,632,3900,SUCCESS
B,alpha,633,3700,SUCCESS
B,alpha,634,3700,SUCCESS
B,alpha,635,3700,SUCCESS
B,alpha,636,3700,SUCCESS
B,alpha,637,3700,SUCCESS
B,alpha,638,3700,SUCCESS
B,alpha,639,3800,SUCCESS
B,alpha,640,3700,SUCCESS
B,alpha,641,3700,SUCCESS
B,alpha,642,3900,SUCCESS
B,alpha,643,3800,SUCCESS
B,alpha,644,3700,SUCCESS
B,alpha,645,3700,SUCCESS
B,alpha,646,3800,SUCCESS
B,alpha,647,3700,SUCCESS
B,alpha,648,3700,SUCCESS
B,alpha,649,3700,SUCCESS
B,alpha,650,3700,SUCCESS
B,alpha,651,3800,SUCCESS
B,alpha,652,3800,SUCCESS
B,alpha,653,3700,SUCCESS
B,alpha,654,3800,SUCCESS
B,alpha,655,3700,SUCCESS
B,alpha,656,3800,SUCCESS
B,alpha,657,3700,SUCCESS
B,alpha,658,3800,SUCCESS
B,alpha,659,3700,SUCCESS
B,alpha,660,3800,SUCCESS
B,alpha,661,3800,SUCCESS
B,alpha,662,3700,SUCCESS
B,alpha,663,3700,SUCCESS
B,alpha,664,4000,SUCCESS
B,alpha,665,54700,SUCCESS
B,alpha,666,4000,SUCCESS
B,alpha,667,4000,SUCCESS
B,alpha,668,4000,SUCCESS
B,alpha,669,4000,SUCCESS
B,alpha,670,4000,SUCCESS
B,alpha,671,3900,SUCCESS
B,alpha,672,4000,SUCCESS
B,alpha,673,4100,SUCCESS
B,alpha,674,4000,SUCCESS
B,alpha,675,4000,SUCCESS
B,alpha,676,4000,SUCCESS
B,alpha,677,4000,SUCCESS
B,alpha,678,3900,SUCCESS
B,alpha,679,4000,SUCCESS
B,alpha,680,4000,SUCCESS
B,alpha,681,4000,SUCCESS
B,alpha,682,4000,SUCCESS
B,alpha,683,4000,SUCCESS
B,alpha,684,4000,SUCCESS
B,alpha,685,3900,SUCCESS
B,alpha,686,4000,SUCCESS
B,alpha,687,4000,SUCCESS
B,alpha,688,3900,SUCCESS
B,alpha,689,4000,SUCCESS
B,alpha,690,4000,SUCCESS
B,alpha,691,4100,SUCCESS
B,alpha,692,4000,SUCCESS
B,alpha,693,3700,SUCCESS
B,alpha,694,48200,SUCCESS
B,alpha,695,3700,SUCCESS
B,alpha,696,3700,SUCCESS
B,alpha,697,4000,SUCCESS
B,alpha,698,4000,SUCCESS
B,alpha,699,4000,SUCCESS
B,alpha,700,4100,SUCCESS
B,alpha,701,3900,SUCCESS
B,alpha,702,4000,SUCCESS
B,alpha,703,3900,SUCCESS
B,alpha,704,4000,SUCCESS
B,alpha,705,4000,SUCCESS
B,alpha,706,4000,SUCCESS
B,alpha,707,4000,SUCCESS
B,alpha,708,4000,SUCCESS
B,alpha,709,4000,SUCCESS
B,alpha,710,3900,SUCCESS
B,alpha,711,3900,SUCCESS
B,alpha,712,3900,SUCCESS
B,alpha,713,4000,SUCCESS
B,alpha,714,4000,SUCCESS
B,alpha,715,4000,SUCCESS
B,alpha,716,3900,SUCCESS
B,alpha,717,4000,SUCCESS
B,alpha,718,3900,SUCCESS
B,alpha,719,4000,SUCCESS
B,alpha,720,4000,SUCCESS
B,alpha,721,17000,SUCCESS
B,alpha,722,4000,SUCCESS
B,alpha,723,3900,SUCCESS
B,alpha,724,4100,SUCCESS
B,alpha,725,4000,SUCCESS
B,alpha,726,4100,SUCCESS
B,alpha,727,4000,SUCCESS
B,alpha,728,3900,SUCCESS
B,alpha,729,4000,SUCCESS
B,alpha,730,3900,SUCCESS
B,alpha,731,4000,SUCCESS
B,alpha,732,4000,SUCCESS
B,alpha,733,4100,SUCCESS
B,alpha,734,4000,SUCCESS
B,alpha,735,4000,SUCCESS
B,alpha,736,4000,SUCCESS
B,alpha,737,4000,SUCCESS
B,alpha,738,4000,SUCCESS
B,alpha,739,3900,SUCCESS
B,alpha,740,4000,SUCCESS
B,alpha,741,4000,SUCCESS
B,alpha,742,4000,SUCCESS
B,alpha,743,4000,SUCCESS
B,alpha,744,4000,SUCCESS
B,alpha,745,4000,SUCCESS
B,alpha,746,4000,SUCCESS
B,alpha,747,4000,SUCCESS
B,alpha,748,4000,SUCCESS
B,alpha,749,3900,SUCCESS
B,alpha,750,4000,SUCCESS
B,alpha,751,3900,SUCCESS
B,alpha,752,4000,SUCCESS
B,alpha,753,4000,SUCCESS
B,alpha,754,4000,SUCCESS
B,alpha,755,4000,SUCCESS
B,alpha,756,4100,SUCCESS
B,alpha,757,4000,SUCCESS
B,alpha,758,4000,SUCCESS
B,alpha,759,4000,SUCCESS
B,alpha,760,4000,SUCCESS
B,alpha,761,4000,SUCCESS
B,alpha,762,4100,SUCCESS
B,alpha,763,4000,SUCCESS
B,alpha,764,4000,SUCCESS
B,alpha,765,4000,SUCCESS
B,alpha,766,4000,SUCCESS
B,alpha,767,4000,SUCCESS
B,alpha,768,4000,SUCCESS
B,alpha,769,4000,SUCCESS
B,alpha,770,4000,SUCCESS
B,alpha,771,3900,SUCCESS
B,alpha,772,4000,SUCCESS
B,alpha,773,4000,SUCCESS
B,alpha,774,4100,SUCCESS
B,alpha,775,4000,SUCCESS
B,alpha,776,4000,SUCCESS
B,alpha,777,4000,SUCCESS
B,alpha,778,4000,SUCCESS
B,alpha,779,4000,SUCCESS
B,alpha,780,4000,SUCCESS
B,alpha,781,3900,SUCCESS
B,alpha,782,4000,SUCCESS
B,alpha,783,4000,SUCCESS
B,alpha,784,3900,SUCCESS
B,alpha,785,4000,SUCCESS
B,alpha,786,3900,SUCCESS
B,alpha,787,4000,SUCCESS
B,alpha,788,4000,SUCCESS
B,alpha,789,4000,SUCCESS
B,alpha,790,4000,SUCCESS
B,alpha,791,4000,SUCCESS
B,alpha,792,3900,SUCCESS
B,alpha,793,3900,SUCCESS
B,alpha,794,3900,SUCCESS
B,alpha,795,4000,SUCCESS
B,alpha,796,4000,SUCCESS
B,alpha,797,4000,SUCCESS
B,alpha,798,3900,SUCCESS
B,alpha,799,3900,SUCCESS
B,alpha,800,4000,SUCCESS
B,alpha,801,4000,SUCCESS
B,alpha,802,3900,SUCCESS
B,alpha,803,4000,SUCCESS
B,alpha,804,3900,SUCCESS
B,alpha,805,4000,SUCCESS
B,alpha,806,4100,SUCCESS
B,alpha,807,4000,SUCCESS
B,alpha,808,4000,SUCCESS
B,alpha,809,3900,SUCCESS
B,alpha,810,4000,SUCCESS
B,alpha,811,3900,SUCCESS
B,alpha,812,3900,SUCCESS
B,alpha,813,4000,SUCCESS
B,alpha,814,4000,SUCCESS
B,alpha,815,3900,SUCCESS
B,alpha,816,4000,SUCCESS
B,alpha,817,4100,SUCCESS
B,alpha,818,4000,SUCCESS
B,alpha,819,4000,SUCCESS
B,alpha,820,4200,SUCCESS
B,alpha,821,4000,SUCCESS
B,alpha,822,4000,SUCCESS
B,alpha,823,4000,SUCCESS
B,alpha,824,4000,SUCCESS
B,alpha,825,4000,SUCCESS
B,alpha,826,4000,SUCCESS
B,alpha,827,4000,SUCCESS
B,alpha,828,4000,SUCCESS
B,alpha,829,3900,SUCCESS
B,alpha,830,4000,SUCCESS
B,alpha,831,4100,SUCCESS
B,alpha,832,4000,SUCCESS
B,alpha,833,4100,SUCCESS
B,alpha,834,4000,SUCCESS
B,alpha,835,4000,SUCCESS
B,alpha,836,4000,SUCCESS
B,alpha,837,4100,SUCCESS
B,alpha,838,4000,SUCCESS
B,alpha,839,4000,SUCCESS
B,alpha,840,4000,SUCCESS
B,alpha,841,3900,SUCCESS
B,alpha,842,4000,SUCCESS
B,alpha,843,4000,SUCCESS
B,alpha,844,4000,SUCCESS
B,alpha,845,4000,SUCCESS
B,alpha,846,4000,SUCCESS
B,alpha,847,4000,SUCCESS
B,alpha,848,4000,SUCCESS
B,alpha,849,4000,SUCCESS
B,alpha,850,3900,SUCCESS
B,alpha,851,4100,SUCCESS
B,alpha,852,25300,SUCCESS
B,alpha,853,4000,SUCCESS
B,alpha,854,4000,SUCCESS
B,alpha,855,4100,SUCCESS
B,alpha,856,4000,SUCCESS
B,alpha,857,4000,SUCCESS
B,alpha,858,10000,SUCCESS
B,alpha,859,9600,SUCCESS
B,alpha,860,4700,SUCCESS
B,alpha,861,4100,SUCCESS
B,alpha,862,4100,SUCCESS
B,alpha,863,4200,SUCCESS
B,alpha,864,4100,SUCCESS
B,alpha,865,4200,SUCCESS
B,alpha,866,4200,SUCCESS
B,alpha,867,4300,SUCCESS
B,alpha,868,20200,SUCCESS
B,alpha,869,4100,SUCCESS
B,alpha,870,4300,SUCCESS
B,alpha,871,4100,SUCCESS
B,alpha,872,4100,SUCCESS
B,alpha,873,4200,SUCCESS
B,alpha,874,4300,SUCCESS
B,alpha,875,4200,SUCCESS
B,alpha,876,4100,SUCCESS
B,alpha,877,4400,SUCCESS
B,alpha,878,4100,SUCCESS
B,alpha,879,4100,SUCCESS
B,alpha,880,4100,SUCCESS
B,alpha,881,4200,SUCCESS
B,alpha,882,4200,SUCCESS
B,alpha,883,4200,SUCCESS
B,alpha,884,4200,SUCCESS
B,alpha,885,4100,SUCCESS
B,alpha,886,4200,SUCCESS
B,alpha,887,4000,SUCCESS
B,alpha,888,4000,SUCCESS
B,alpha,889,4100,SUCCESS
B,alpha,890,4000,SUCCESS
B,alpha,891,4000,SUCCESS
B,alpha,892,4100,SUCCESS
B,alpha,893,4200,SUCCESS
B,alpha,894,4100,SUCCESS
B,alpha,895,4100,SUCCESS
B,alpha,896,4200,SUCCESS
B,alpha,897,4100,SUCCESS
B,alpha,898,4100,SUCCESS
B,alpha,899,4100,SUCCESS
B,alpha,900,4100,SUCCESS
B,alpha,901,4000,SUCCESS
B,alpha,902,4200,SUCCESS
B,alpha,903,4100,SUCCESS
B,alpha,904,4100,SUCCESS
B,alpha,905,4100,SUCCESS
B,alpha,906,4100,SUCCESS
B,alpha,907,4000,SUCCESS
B,alpha,908,4000,SUCCESS
B,alpha,909,4000,SUCCESS
B,alpha,910,4100,SUCCESS
B,alpha,911,4100,SUCCESS
B,alpha,912,4100,SUCCESS
B,alpha,913,4000,SUCCESS
B,alpha,914,4100,SUCCESS
B,alpha,915,4100,SUCCESS
B,alpha,916,4100,SUCCESS
B,alpha,917,4100,SUCCESS
B,alpha,918,4100,SUCCESS
B,alpha,919,4000,SUCCESS
B,alpha,920,4200,SUCCESS
B,alpha,921,4100,SUCCESS
B,alpha,922,4000,SUCCESS
B,alpha,923,4100,SUCCESS
B,alpha,924,4100,SUCCESS
B,alpha,925,4100,SUCCESS
B,alpha,926,4000,SUCCESS
B,alpha,927,4000,SUCCESS
B,alpha,928,3900,SUCCESS
B,alpha,929,3900,SUCCESS
B,alpha,930,4000,SUCCESS
B,alpha,931,4000,SUCCESS
B,alpha,932,4000,SUCCESS
B,alpha,933,4000,SUCCESS
B,alpha,934,3900,SUCCESS
B,alpha,935,3900,SUCCESS
B,alpha,936,4000,SUCCESS
B,alpha,937,4100,SUCCESS
B,alpha,938,4000,SUCCESS
B,alpha,939,3900,SUCCESS
B,alpha,940,3900,SUCCESS
B,alpha,941,4000,SUCCESS
B,alpha,942,4000,SUCCESS
B,alpha,943,3900,SUCCESS
B,alpha,944,4000,SUCCESS
B,alpha,945,4000,SUCCESS
B,alpha,946,4000,SUCCESS
B,alpha,947,4100,SUCCESS
B,alpha,948,3900,SUCCESS
B,alpha,949,4000,SUCCESS
B,alpha,950,4000,SUCCESS
B,alpha,951,4000,SUCCESS
B,alpha,952,3900,SUCCESS
B,alpha,953,3900,SUCCESS
B,alpha,954,4000,SUCCESS
B,alpha,955,4000,SUCCESS
B,alpha,956,3900,SUCCESS
B,alpha,957,4000,SUCCESS
B,alpha,958,3900,SUCCESS
B,alpha,959,4100,SUCCESS
B,alpha,960,4000,SUCCESS
B,alpha,961,3900,SUCCESS
B,alpha,962,4000,SUCCESS
B,alpha,963,4000,SUCCESS
B,alpha,964,4000,SUCCESS
B,alpha,965,4000,SUCCESS
B,alpha,966,3900,SUCCESS
B,alpha,967,4000,SUCCESS
B,alpha,968,4000,SUCCESS
B,alpha,969,4100,SUCCESS
B,alpha,970,3900,SUCCESS
B,alpha,971,4000,SUCCESS
B,alpha,972,4000,SUCCESS
B,alpha,973,4000,SUCCESS
B,alpha,974,4000,SUCCESS
B,alpha,975,4000,SUCCESS
B,alpha,976,4100,SUCCESS
B,alpha,977,3900,SUCCESS
B,alpha,978,4200,SUCCESS
B,alpha,979,4000,SUCCESS
B,alpha,980,4100,SUCCESS
B,alpha,981,3900,SUCCESS
B,alpha,982,4000,SUCCESS
B,alpha,983,3900,SUCCESS
B,alpha,984,4000,SUCCESS
B,alpha,985,4000,SUCCESS
B,alpha,986,4000,SUCCESS
B,alpha,987,4000,SUCCESS
B,alpha,988,4000,SUCCESS
B,alpha,989,4100,SUCCESS
B,alpha,990,3900,SUCCESS
B,alpha,991,4000,SUCCESS
B,alpha,992,4000,SUCCESS
B,alpha,993,4000,SUCCESS
B,alpha,994,4000,SUCCESS
B,alpha,995,4000,SUCCESS
B,alpha,996,4100,SUCCESS
B,alpha,997,4000,SUCCESS
B,alpha,998,4000,SUCCESS
B,alpha,999,4000,SUCCESS
B,beta,0,4100,SUCCESS
B,beta,1,4000,SUCCESS
B,beta,2,4000,SUCCESS
B,beta,3,4000,SUCCESS
B,beta,4,4100,SUCCESS
B,beta,5,4100,SUCCESS
B,beta,6,4000,SUCCESS
B,beta,7,4000,SUCCESS
B,beta,8,4100,SUCCESS
B,beta,9,4300,SUCCESS
B,beta,10,4100,SUCCESS
B,beta,11,4000,SUCCESS
B,beta,12,4100,SUCCESS
B,beta,13,4100,SUCCESS
B,beta,14,4000,SUCCESS
B,beta,15,4100,SUCCESS
B,beta,16,4000,SUCCESS
B,beta,17,4000,SUCCESS
B,beta,18,4000,SUCCESS
B,beta,19,4000,SUCCESS
B,beta,20,4100,SUCCESS
B,beta,21,4100,SUCCESS
B,beta,22,4000,SUCCESS
B,beta,23,4000,SUCCESS
B,beta,24,4000,SUCCESS
B,beta,25,4000,SUCCESS
B,beta,26,4000,SUCCESS
B,beta,27,4000,SUCCESS
B,beta,28,4000,SUCCESS
B,beta,29,4100,SUCCESS
B,beta,30,5200,SUCCESS
B,beta,31,5200,SUCCESS
B,beta,32,5200,SUCCESS
B,beta,33,5200,SUCCESS
B,beta,34,5200,SUCCESS
B,beta,35,4000,SUCCESS
B,beta,36,4000,SUCCESS
B,beta,37,4000,SUCCESS
B,beta,38,4000,SUCCESS
B,beta,39,4000,SUCCESS
B,beta,40,3900,SUCCESS
B,beta,41,4000,SUCCESS
B,beta,42,4000,SUCCESS
B,beta,43,4000,SUCCESS
B,beta,44,4000,SUCCESS
B,beta,45,4000,SUCCESS
B,beta,46,4000,SUCCESS
B,beta,47,4000,SUCCESS
B,beta,48,4000,SUCCESS
B,beta,49,4000,SUCCESS
B,beta,50,4000,SUCCESS
B,beta,51,4000,SUCCESS
B,beta,52,4000,SUCCESS
B,beta,53,4000,SUCCESS
B,beta,54,4000,SUCCESS
B,beta,55,4000,SUCCESS
B,beta,56,4000,SUCCESS
B,beta,57,4000,SUCCESS
B,beta,58,4000,SUCCESS
B,beta,59,4000,SUCCESS
B,beta,60,4000,SUCCESS
B,beta,61,4000,SUCCESS
B,beta,62,4000,SUCCESS
B,beta,63,3900,SUCCESS
B,beta,64,4000,SUCCESS
B,beta,65,4000,SUCCESS
B,beta,66,4000,SUCCESS
B,beta,67,4000,SUCCESS
B,beta,68,4000,SUCCESS
B,beta,69,4000,SUCCESS
B,beta,70,4000,SUCCESS
B,beta,71,4000,SUCCESS
B,beta,72,4000,SUCCESS
B,beta,73,4000,SUCCESS
B,beta,74,4000,SUCCESS
B,beta,75,4000,SUCCESS
B,beta,76,4000,SUCCESS
B,beta,77,4000,SUCCESS
B,beta,78,4000,SUCCESS
B,beta,79,4000,SUCCESS
B,beta,80,4000,SUCCESS
B,beta,81,4000,SUCCESS
B,beta,82,4000,SUCCESS
B,beta,83,4000,SUCCESS
B,beta,84,4000,SUCCESS
B,beta,85,4000,SUCCESS
B,beta,86,4000,SUCCESS
B,beta,87,4000,SUCCESS
B,beta,88,4000,SUCCESS
B,beta,89,4000,SUCCESS
B,beta,90,4000,SUCCESS
B,beta,91,4000,SUCCESS
B,beta,92,4000,SUCCESS
B,beta,93,4000,SUCCESS
B,beta,94,4000,SUCCESS
B,beta,95,4100,SUCCESS
B,beta,96,4000,SUCCESS
B,beta,97,4000,SUCCESS
B,beta,98,4000,SUCCESS
B,beta,99,3900,SUCCESS
B,beta,100,4000,SUCCESS
B,beta,101,4000,SUCCESS
B,beta,102,4000,SUCCESS
B,beta,103,4200,SUCCESS
B,beta,104,4000,SUCCESS
B,beta,105,4000,SUCCESS
B,beta,106,4000,SUCCESS
B,beta,107,4000,SUCCESS
B,beta,108,4000,SUCCESS
B,beta,109,4000,SUCCESS
B,beta,110,4000,SUCCESS
B,beta,111,4000,SUCCESS
B,beta,112,4000,SUCCESS
B,beta,113,4000,SUCCESS
B,beta,114,4000,SUCCESS
B,beta,115,4000,SUCCESS
B,beta,116,4000,SUCCESS
B,beta,117,4000,SUCCESS
B,beta,118,4000,SUCCESS
B,beta,119,4000,SUCCESS
B,beta,120,4000,SUCCESS
B,beta,121,4000,SUCCESS
B,beta,122,4000,SUCCESS
B,beta,123,4000,SUCCESS
B,beta,124,4000,SUCCESS
B,beta,125,4000,SUCCESS
B,beta,126,4000,SUCCESS
B,beta,127,4000,SUCCESS
B,beta,128,4000,SUCCESS
B,beta,129,4000,SUCCESS
B,beta,130,4000,SUCCESS
B,beta,131,3900,SUCCESS
B,beta,132,4000,SUCCESS
B,beta,133,4000,SUCCESS
B,beta,134,4000,SUCCESS
B,beta,135,4000,SUCCESS
B,beta,136,4000,SUCCESS
B,beta,137,4000,SUCCESS
B,beta,138,3900,SUCCESS
B,beta,139,4000,SUCCESS
B,beta,140,4000,SUCCESS
B,beta,141,4000,SUCCESS
B,beta,142,4000,SUCCESS
B,beta,143,4000,SUCCESS
B,beta,144,4000,SUCCESS
B,beta,145,3900,SUCCESS
B,beta,146,3900,SUCCESS
B,beta,147,4000,SUCCESS
B,beta,148,4000,SUCCESS
B,beta,149,4000,SUCCESS
B,beta,150,4000,SUCCESS
B,beta,151,4000,SUCCESS
B,beta,152,4000,SUCCESS
B,beta,153,4000,SUCCESS
B,beta,154,4000,SUCCESS
B,beta,155,4000,SUCCESS
B,beta,156,4000,SUCCESS
B,beta,157,4000,SUCCESS
B,beta,158,4000,SUCCESS
B,beta,159,4000,SUCCESS
B,beta,160,4000,SUCCESS
B,beta,161,4000,SUCCESS
B,beta,162,4000,SUCCESS
B,beta,163,4000,SUCCESS
B,beta,164,4000,SUCCESS
B,beta,165,4000,SUCCESS
B,beta,166,4000,SUCCESS
B,beta,167,4000,SUCCESS
B,beta,168,4000,SUCCESS
B,beta,169,4000,SUCCESS
B,beta,170,4000,SUCCESS
B,beta,171,4000,SUCCESS
B,beta,172,4000,SUCCESS
B,beta,173,4000,SUCCESS
B,beta,174,4000,SUCCESS
B,beta,175,4000,SUCCESS
B,beta,176,4000,SUCCESS
B,beta,177,4000,SUCCESS
B,beta,178,4000,SUCCESS
B,beta,179,4000,SUCCESS
B,beta,180,4000,SUCCESS
B,beta,181,4000,SUCCESS
B,beta,182,4000,SUCCESS
B,beta,183,4100,SUCCESS
B,beta,184,4000,SUCCESS
B,beta,185,4000,SUCCESS
B,beta,186,4000,SUCCESS
B,beta,187,8700,SUCCESS
B,beta,188,4000,SUCCESS
B,beta,189,4000,SUCCESS
B,beta,190,4000,SUCCESS
B,beta,191,4000,SUCCESS
B,beta,192,4000,SUCCESS
B,beta,193,4000,SUCCESS
B,beta,194,4000,SUCCESS
B,beta,195,4000,SUCCESS
B,beta,196,4000,SUCCESS
B,beta,197,4000,SUCCESS
B,beta,198,4000,SUCCESS
B,beta,199,4000,SUCCESS
B,beta,200,4000,SUCCESS
B,beta,201,4000,SUCCESS
B,beta,202,4000,SUCCESS
B,beta,203,4000,SUCCESS
B,beta,204,3900,SUCCESS
B,beta,205,4000,SUCCESS
B,beta,206,4000,SUCCESS
B,beta,207,4000,SUCCESS
B,beta,208,4000,SUCCESS
B,beta,209,4000,SUCCESS
B,beta,210,4000,SUCCESS
B,beta,211,4000,SUCCESS
B,beta,212,4000,SUCCESS
B,beta,213,4000,SUCCESS
B,beta,214,4000,SUCCESS
B,beta,215,4000,SUCCESS
B,beta,216,4000,SUCCESS
B,beta,217,4000,SUCCESS
B,beta,218,4000,SUCCESS
B,beta,219,4000,SUCCESS
B,beta,220,4000,SUCCESS
B,beta,221,4000,SUCCESS
B,beta,222,4000,SUCCESS
B,beta,223,4000,SUCCESS
B,beta,224,4000,SUCCESS
B,beta,225,4000,SUCCESS
B,beta,226,4000,SUCCESS
B,beta,227,4000,SUCCESS
B,beta,228,4000,SUCCESS
B,beta,229,4000,SUCCESS
B,beta,230,4000,SUCCESS
B,beta,231,4000,SUCCESS
B,beta,232,4000,SUCCESS
B,beta,233,4000,SUCCESS
B,beta,234,4000,SUCCESS
B,beta,235,4000,SUCCESS
B,beta,236,4000,SUCCESS
B,beta,237,4000,SUCCESS
B,beta,238,4000,SUCCESS
B,beta,239,4000,SUCCESS
B,beta,240,4000,SUCCESS
B,beta,241,4000,SUCCESS
B,beta,242,4000,SUCCESS
B,beta,243,4000,SUCCESS
B,beta,244,4000,SUCCESS
B,beta,245,4000,SUCCESS
B,beta,246,4000,SUCCESS
B,beta,247,4000,SUCCESS
B,beta,248,4000,SUCCESS
B,beta,249,4000,SUCCESS
B,beta,250,4000,SUCCESS
B,beta,251,4000,SUCCESS
B,beta,252,4000,SUCCESS
B,beta,253,4000,SUCCESS
B,beta,254,4000,SUCCESS
B,beta,255,4000,SUCCESS
B,beta,256,4200,SUCCESS
B,beta,257,4000,SUCCESS
B,beta,258,4100,SUCCESS
B,beta,259,4000,SUCCESS
B,beta,260,4000,SUCCESS
B,beta,261,4000,SUCCESS
B,beta,262,4000,SUCCESS
B,beta,263,4000,SUCCESS
B,beta,264,4000,SUCCESS
B,beta,265,4100,SUCCESS
B,beta,266,4000,SUCCESS
B,beta,267,3900,SUCCESS
B,beta,268,4000,SUCCESS
B,beta,269,4000,SUCCESS
B,beta,270,4100,SUCCESS
B,beta,271,4000,SUCCESS
B,beta,272,3900,SUCCESS
B,beta,273,3900,SUCCESS
B,beta,274,4000,SUCCESS
B,beta,275,4000,SUCCESS
B,beta,276,4000,SUCCESS
B,beta,277,4000,SUCCESS
B,beta,278,4000,SUCCESS
B,beta,279,4000,SUCCESS
B,beta,280,4000,SUCCESS
B,beta,281,4000,SUCCESS
B,beta,282,4100,SUCCESS
B,beta,283,4000,SUCCESS
B,beta,284,3900,SUCCESS
B,beta,285,4000,SUCCESS
B,beta,286,4000,SUCCESS
B,beta,287,4000,SUCCESS
B,beta,288,4000,SUCCESS
B,beta,289,4000,SUCCESS
B,beta,290,4000,SUCCESS
B,beta,291,4000,SUCCESS
B,beta,292,4000,SUCCESS
B,beta,293,4000,SUCCESS
B,beta,294,4000,SUCCESS
B,beta,295,4000,SUCCESS
B,beta,296,4100,SUCCESS
B,beta,297,4000,SUCCESS
B,beta,298,4000,SUCCESS
B,beta,299,4000,SUCCESS
B,beta,300,4000,SUCCESS
B,beta,301,4000,SUCCESS
B,beta,302,4000,SUCCESS
B,beta,303,4000,SUCCESS
B,beta,304,4000,SUCCESS
B,beta,305,4000,SUCCESS
B,beta,306,4000,SUCCESS
B,beta,307,4000,SUCCESS
B,beta,308,3900,SUCCESS
B,beta,309,4000,SUCCESS
B,beta,310,4000,SUCCESS
B,beta,311,4000,SUCCESS
B,beta,312,4000,SUCCESS
B,beta,313,4000,SUCCESS
B,beta,314,4000,SUCCESS
B,beta,315,4000,SUCCESS
B,beta,316,4000,SUCCESS
B,beta,317,4000,SUCCESS
B,beta,318,4000,SUCCESS
B,beta,319,3900,SUCCESS
B,beta,320,4000,SUCCESS
B,beta,321,4100,SUCCESS
B,beta,322,4000,SUCCESS
B,beta,323,4000,SUCCESS
B,beta,324,4000,SUCCESS
B,beta,325,4000,SUCCESS
B,beta,326,4000,SUCCESS
B,beta,327,3900,SUCCESS
B,beta,328,4000,SUCCESS
B,beta,329,4000,SUCCESS
B,beta,330,4000,SUCCESS
B,beta,331,4000,SUCCESS
B,beta,332,4000,SUCCESS
B,beta,333,4000,SUCCESS
B,beta,334,4000,SUCCESS
B,beta,335,4000,SUCCESS
B,beta,336,4000,SUCCESS
B,beta,337,3900,SUCCESS
B,beta,338,3900,SUCCESS
B,beta,339,4000,SUCCESS
B,beta,340,4000,SUCCESS
B,beta,341,4000,SUCCESS
B,beta,342,4000,SUCCESS
B,beta,343,4000,SUCCESS
B,beta,344,4000,SUCCESS
B,beta,345,5000,SUCCESS
B,beta,346,3800,SUCCESS
B,beta,347,3700,SUCCESS
B,beta,348,3700,SUCCESS
B,beta,349,3700,SUCCESS
B,beta,350,3700,SUCCESS
B,beta,351,3800,SUCCESS
B,beta,352,3800,SUCCESS
B,beta,353,3800,SUCCESS
B,beta,354,3700,SUCCESS
B,beta,355,3700,SUCCESS
B,beta,356,3800,SUCCESS
B,beta,357,3700,SUCCESS
B,beta,358,3800,SUCCESS
B,beta,359,3800,SUCCESS
B,beta,360,3700,SUCCESS
B,beta,361,3700,SUCCESS
B,beta,362,3700,SUCCESS
B,beta,363,3700,SUCCESS
B,beta,364,3700,SUCCESS
B,beta,365,3700,SUCCESS
B,beta,366,3700,SUCCESS
B,beta,367,3700,SUCCESS
B,beta,368,3800,SUCCESS
B,beta,369,3800,SUCCESS
B,beta,370,3800,SUCCESS
B,beta,371,3800,SUCCESS
B,beta,372,3700,SUCCESS
B,beta,373,3700,SUCCESS
B,beta,374,3800,SUCCESS
B,beta,375,3800,SUCCESS
B,beta,376,3700,SUCCESS
B,beta,377,3700,SUCCESS
B,beta,378,3800,SUCCESS
B,beta,379,3800,SUCCESS
B,beta,380,3800,SUCCESS
B,beta,381,3800,SUCCESS
B,beta,382,3800,SUCCESS
B,beta,383,3800,SUCCESS
B,beta,384,3700,SUCCESS
B,beta,385,3700,SUCCESS
B,beta,386,3700,SUCCESS
B,beta,387,3800,SUCCESS
B,beta,388,3800,SUCCESS
B,beta,389,3700,SUCCESS
B,beta,390,3700,SUCCESS
B,beta,391,3700,SUCCESS
B,beta,392,3800,SUCCESS
B,beta,393,3800,SUCCESS
B,beta,394,3800,SUCCESS
B,beta,395,3800,SUCCESS
B,beta,396,3800,SUCCESS
B,beta,397,3800,SUCCESS
B,beta,398,3800,SUCCESS
B,beta,399,3800,SUCCESS
B,beta,400,3800,SUCCESS
B,beta,401,3800,SUCCESS
B,beta,402,3800,SUCCESS
B,beta,403,3800,SUCCESS
B,beta,404,3800,SUCCESS
B,beta,405,3700,SUCCESS
B,beta,406,3800,SUCCESS
B,beta,407,3700,SUCCESS
B,beta,408,3700,SUCCESS
B,beta,409,3700,SUCCESS
B,beta,410,3700,SUCCESS
B,beta,411,3700,SUCCESS
B,beta,412,3700,SUCCESS
B,beta,413,3700,SUCCESS
B,beta,414,3800,SUCCESS
B,beta,415,3700,SUCCESS
B,beta,416,3800,SUCCESS
B,beta,417,3800,SUCCESS
B,beta,418,3800,SUCCESS
B,beta,419,3800,SUCCESS
B,beta,420,3800,SUCCESS
B,beta,421,3800,SUCCESS
B,beta,422,3800,SUCCESS
B,beta,423,3800,SUCCESS
B,beta,424,3700,SUCCESS
B,beta,425,3800,SUCCESS
B,beta,426,3800,SUCCESS
B,beta,427,3800,SUCCESS
B,beta,428,3800,SUCCESS
B,beta,429,3800,SUCCESS
B,beta,430,3800,SUCCESS
B,beta,431,3800,SUCCESS
B,beta,432,3800,SUCCESS
B,beta,433,3800,SUCCESS
B,beta,434,3700,SUCCESS
B,beta,435,3800,SUCCESS
B,beta,436,3800,SUCCESS
B,beta,437,3800,SUCCESS
B,beta,438,3800,SUCCESS
B,beta,439,3800,SUCCESS
B,beta,440,3800,SUCCESS
B,beta,441,3700,SUCCESS
B,beta,442,3700,SUCCESS
B,beta,443,3700,SUCCESS
B,beta,444,3700,SUCCESS
B,beta,445,3800,SUCCESS
B,beta,446,3700,SUCCESS
B,beta,447,3700,SUCCESS
B,beta,448,3700,SUCCESS
B,beta,449,3800,SUCCESS
B,beta,450,3800,SUCCESS
B,beta,451,3800,SUCCESS
B,beta,452,3700,SUCCESS
B,beta,453,3700,SUCCESS
B,beta,454,3800,SUCCESS
B,beta,455,3800,SUCCESS
B,beta,456,3800,SUCCESS
B,beta,457,3800,SUCCESS
B,beta,458,3800,SUCCESS
B,beta,459,3800,SUCCESS
B,beta,460,3800,SUCCESS
B,beta,461,3800,SUCCESS
B,beta,462,3700,SUCCESS
B,beta,463,3700,SUCCESS
B,beta,464,3700,SUCCESS
B,beta,465,3700,SUCCESS
B,beta,466,3700,SUCCESS
B,beta,467,3700,SUCCESS
B,beta,468,3800,SUCCESS
B,beta,469,3800,SUCCESS
B,beta,470,3700,SUCCESS
B,beta,471,3700,SUCCESS
B,beta,472,3700,SUCCESS
B,beta,473,3800,SUCCESS
B,beta,474,3700,SUCCESS
B,beta,475,3700,SUCCESS
B,beta,476,3700,SUCCESS
B,beta,477,3800,SUCCESS
B,beta,478,3800,SUCCESS
B,beta,479,3800,SUCCESS
B,beta,480,3800,SUCCESS
B,beta,481,3700,SUCCESS
B,beta,482,3700,SUCCESS
B,beta,483,3700,SUCCESS
B,beta,484,3700,SUCCESS
B,beta,485,3800,SUCCESS
B,beta,486,3700,SUCCESS
B,beta,487,3700,SUCCESS
B,beta,488,3700,SUCCESS
B,beta,489,3700,SUCCESS
B,beta,490,3800,SUCCESS
B,beta,491,3800,SUCCESS
B,beta,492,3800,SUCCESS
B,beta,493,3800,SUCCESS
B,beta,494,3800,SUCCESS
B,beta,495,3800,SUCCESS
B,beta,496,3800,SUCCESS
B,beta,497,3800,SUCCESS
B,beta,498,3900,SUCCESS
B,beta,499,3800,SUCCESS
B,beta,500,3800,SUCCESS
B,beta,501,3800,SUCCESS
B,beta,502,3800,SUCCESS
B,beta,503,3800,SUCCESS
B,beta,504,3800,SUCCESS
B,beta,505,3800,SUCCESS
B,beta,506,3800,SUCCESS
B,beta,507,3700,SUCCESS
B,beta,508,3700,SUCCESS
B,beta,509,3700,SUCCESS
B,beta,510,3700,SUCCESS
B,beta,511,3800,SUCCESS
B,beta,512,3800,SUCCESS
B,beta,513,3800,SUCCESS
B,beta,514,3800,SUCCESS
B,beta,515,3800,SUCCESS
B,beta,516,3800,SUCCESS
B,beta,517,3700,SUCCESS
B,beta,518,3700,SUCCESS
B,beta,519,3700,SUCCESS
B,beta,520,3700,SUCCESS
B,beta,521,3700,SUCCESS
B,beta,522,3700,SUCCESS
B,beta,523,3700,SUCCESS
B,beta,524,3800,SUCCESS
B,beta,525,3800,SUCCESS
B,beta,526,3800,SUCCESS
B,beta,527,3800,SUCCESS
B,beta,528,3800,SUCCESS
B,beta,529,3800,SUCCESS
B,beta,530,3800,SUCCESS
B,beta,531,3700,SUCCESS
B,beta,532,3700,SUCCESS
B,beta,533,3700,SUCCESS
B,beta,534,3700,SUCCESS
B,beta,535,3700,SUCCESS
B,beta,536,3700,SUCCESS
B,beta,537,3800,SUCCESS
B,beta,538,3800,SUCCESS
B,beta,539,3800,SUCCESS
B,beta,540,3800,SUCCESS
B,beta,541,3800,SUCCESS
B,beta,542,3800,SUCCESS
B,beta,543,3800,SUCCESS
B,beta,544,3800,SUCCESS
B,beta,545,3800,SUCCESS
B,beta,546,3800,SUCCESS
B,beta,547,3800,SUCCESS
B,beta,548,3700,SUCCESS
B,beta,549,3800,SUCCESS
B,beta,550,3800,SUCCESS
B,beta,551,3800,SUCCESS
B,beta,552,3800,SUCCESS
B,beta,553,3800,SUCCESS
B,beta,554,3800,SUCCESS
B,beta,555,3700,SUCCESS
B,beta,556,3700,SUCCESS
B,beta,557,3700,SUCCESS
B,beta,558,3700,SUCCESS
B,beta,559,3700,SUCCESS
B,beta,560,3700,SUCCESS
B,beta,561,3900,SUCCESS
B,beta,562,3700,SUCCESS
B,beta,563,3700,SUCCESS
B,beta,564,3700,SUCCESS
B,beta,565,3800,SUCCESS
B,beta,566,3800,SUCCESS
B,beta,567,3700,SUCCESS
B,beta,568,3800,SUCCESS
B,beta,569,3700,SUCCESS
B,beta,570,3700,SUCCESS
B,beta,571,3700,SUCCESS
B,beta,572,3800,SUCCESS
B,beta,573,3800,SUCCESS
B,beta,574,6400,SUCCESS
B,beta,575,3800,SUCCESS
B,beta,576,3900,SUCCESS
B,beta,577,3800,SUCCESS
B,beta,578,3800,SUCCESS
B,beta,579,3800,SUCCESS
B,beta,580,3800,SUCCESS
B,beta,581,3800,SUCCESS
B,beta,582,3800,SUCCESS
B,beta,583,3700,SUCCESS
B,beta,584,3700,SUCCESS
B,beta,585,3700,SUCCESS
B,beta,586,3800,SUCCESS
B,beta,587,3900,SUCCESS
B,beta,588,3800,SUCCESS
B,beta,589,3800,SUCCESS
B,beta,590,3800,SUCCESS
B,beta,591,3800,SUCCESS
B,beta,592,3800,SUCCESS
B,beta,593,3800,SUCCESS
B,beta,594,3800,SUCCESS
B,beta,595,3800,SUCCESS
B,beta,596,3800,SUCCESS
B,beta,597,3700,SUCCESS
B,beta,598,3800,SUCCESS
B,beta,599,3800,SUCCESS
B,beta,600,3800,SUCCESS
B,beta,601,3900,SUCCESS
B,beta,602,3800,SUCCESS
B,beta,603,3800,SUCCESS
B,beta,604,3700,SUCCESS
B,beta,605,3700,SUCCESS
B,beta,606,3700,SUCCESS
B,beta,607,3800,SUCCESS
B,beta,608,3700,SUCCESS
B,beta,609,3800,SUCCESS
B,beta,610,3700,SUCCESS
B,beta,611,3700,SUCCESS
B,beta,612,3700,SUCCESS
B,beta,613,3800,SUCCESS
B,beta,614,3800,SUCCESS
B,beta,615,3700,SUCCESS
B,beta,616,3800,SUCCESS
B,beta,617,3800,SUCCESS
B,beta,618,3800,SUCCESS
B,beta,619,3800,SUCCESS
B,beta,620,3800,SUCCESS
B,beta,621,3800,SUCCESS
B,beta,622,3700,SUCCESS
B,beta,623,3700,SUCCESS
B,beta,624,3800,SUCCESS
B,beta,625,4000,SUCCESS
B,beta,626,3800,SUCCESS
B,beta,627,3800,SUCCESS
B,beta,628,3900,SUCCESS
B,beta,629,3800,SUCCESS
B,beta,630,3800,SUCCESS
B,beta,631,3800,SUCCESS
B,beta,632,3800,SUCCESS
B,beta,633,3800,SUCCESS
B,beta,634,3900,SUCCESS
B,beta,635,3800,SUCCESS
B,beta,636,3800,SUCCESS
B,beta,637,3800,SUCCESS
B,beta,638,3800,SUCCESS
B,beta,639,3800,SUCCESS
B,beta,640,3800,SUCCESS
B,beta,641,3700,SUCCESS
B,beta,642,3700,SUCCESS
B,beta,643,3800,SUCCESS
B,beta,644,3800,SUCCESS
B,beta,645,3700,SUCCESS
B,beta,646,3800,SUCCESS
B,beta,647,3800,SUCCESS
B,beta,648,3800,SUCCESS
B,beta,649,4000,SUCCESS
B,beta,650,3800,SUCCESS
B,beta,651,3800,SUCCESS
B,beta,652,3800,SUCCESS
B,beta,653,3700,SUCCESS
B,beta,654,3800,SUCCESS
B,beta,655,3800,SUCCESS
B,beta,656,3800,SUCCESS
B,beta,657,3800,SUCCESS
B,beta,658,3800,SUCCESS
B,beta,659,3700,SUCCESS
B,beta,660,3700,SUCCESS
B,beta,661,3700,SUCCESS
B,beta,662,3700,SUCCESS
B,beta,663,3700,SUCCESS
B,beta,664,3700,SUCCESS
B,beta,665,3700,SUCCESS
B,beta,666,3800,SUCCESS
B,beta,667,3800,SUCCESS
B,beta,668,3800,SUCCESS
B,beta,669,3800,SUCCESS
B,beta,670,3800,SUCCESS
B,beta,671,3800,SUCCESS
B,beta,672,3800,SUCCESS
B,beta,673,3800,SUCCESS
B,beta,674,3800,SUCCESS
B,beta,675,3800,SUCCESS
B,beta,676,3700,SUCCESS
B,beta,677,3800,SUCCESS
B,beta,678,3800,SUCCESS
B,beta,679,3800,SUCCESS
B,beta,680,3800,SUCCESS
B,beta,681,3700,SUCCESS
B,beta,682,3700,SUCCESS
B,beta,683,3700,SUCCESS
B,beta,684,3700,SUCCESS
B,beta,685,3800,SUCCESS
B,beta,686,3800,SUCCESS
B,beta,687,3800,SUCCESS
B,beta,688,3800,SUCCESS
B,beta,689,3800,SUCCESS
B,beta,690,3800,SUCCESS
B,beta,691,3800,SUCCESS
B,beta,692,3800,SUCCESS
B,beta,693,3800,SUCCESS
B,beta,694,3800,SUCCESS
B,beta,695,3800,SUCCESS
B,beta,696,3800,SUCCESS
B,beta,697,3700,SUCCESS
B,beta,698,3700,SUCCESS
B,beta,699,3800,SUCCESS
B,beta,700,3700,SUCCESS
B,beta,701,3800,SUCCESS
B,beta,702,3800,SUCCESS
B,beta,703,3800,SUCCESS
B,beta,704,3800,SUCCESS
B,beta,705,3800,SUCCESS
B,beta,706,3800,SUCCESS
B,beta,707,3800,SUCCESS
B,beta,708,3800,SUCCESS
B,beta,709,3800,SUCCESS
B,beta,710,3700,SUCCESS
B,beta,711,3700,SUCCESS
B,beta,712,3700,SUCCESS
B,beta,713,3700,SUCCESS
B,beta,714,3700,SUCCESS
B,beta,715,3700,SUCCESS
B,beta,716,3700,SUCCESS
B,beta,717,3800,SUCCESS
B,beta,718,3800,SUCCESS
B,beta,719,3800,SUCCESS
B,beta,720,3800,SUCCESS
B,beta,721,3800,SUCCESS
B,beta,722,3700,SUCCESS
B,beta,723,3800,SUCCESS
B,beta,724,3800,SUCCESS
B,beta,725,3800,SUCCESS
B,beta,726,3800,SUCCESS
B,beta,727,3800,SUCCESS
B,beta,728,3700,SUCCESS
B,beta,729,3700,SUCCESS
B,beta,730,3700,SUCCESS
B,beta,731,3700,SUCCESS
B,beta,732,3700,SUCCESS
B,beta,733,3700,SUCCESS
B,beta,734,3700,SUCCESS
B,beta,735,3800,SUCCESS
B,beta,736,3800,SUCCESS
B,beta,737,3800,SUCCESS
B,beta,738,3800,SUCCESS
B,beta,739,3800,SUCCESS
B,beta,740,3800,SUCCESS
B,beta,741,3800,SUCCESS
B,beta,742,3800,SUCCESS
B,beta,743,3800,SUCCESS
B,beta,744,3800,SUCCESS
B,beta,745,3800,SUCCESS
B,beta,746,3800,SUCCESS
B,beta,747,3700,SUCCESS
B,beta,748,3700,SUCCESS
B,beta,749,3700,SUCCESS
B,beta,750,3700,SUCCESS
B,beta,751,3700,SUCCESS
B,beta,752,3700,SUCCESS
B,beta,753,3700,SUCCESS
B,beta,754,3800,SUCCESS
B,beta,755,3800,SUCCESS
B,beta,756,3800,SUCCESS
B,beta,757,3800,SUCCESS
B,beta,758,3800,SUCCESS
B,beta,759,3800,SUCCESS
B,beta,760,3800,SUCCESS
B,beta,761,3800,SUCCESS
B,beta,762,3800,SUCCESS
B,beta,763,3700,SUCCESS
B,beta,764,3700,SUCCESS
B,beta,765,3700,SUCCESS
B,beta,766,3700,SUCCESS
B,beta,767,3800,SUCCESS
B,beta,768,3800,SUCCESS
B,beta,769,3800,SUCCESS
B,beta,770,3800,SUCCESS
B,beta,771,3800,SUCCESS
B,beta,772,3800,SUCCESS
B,beta,773,3800,SUCCESS
B,beta,774,3800,SUCCESS
B,beta,775,3800,SUCCESS
B,beta,776,3700,SUCCESS
B,beta,777,3800,SUCCESS
B,beta,778,3800,SUCCESS
B,beta,779,3800,SUCCESS
B,beta,780,3800,SUCCESS
B,beta,781,3800,SUCCESS
B,beta,782,3700,SUCCESS
B,beta,783,3800,SUCCESS
B,beta,784,3700,SUCCESS
B,beta,785,3700,SUCCESS
B,beta,786,3700,SUCCESS
B,beta,787,3800,SUCCESS
B,beta,788,3800,SUCCESS
B,beta,789,3700,SUCCESS
B,beta,790,3700,SUCCESS
B,beta,791,3700,SUCCESS
B,beta,792,3700,SUCCESS
B,beta,793,3800,SUCCESS
B,beta,794,3800,SUCCESS
B,beta,795,3800,SUCCESS
B,beta,796,3800,SUCCESS
B,beta,797,3700,SUCCESS
B,beta,798,3700,SUCCESS
B,beta,799,3700,SUCCESS
B,beta,800,3800,SUCCESS
B,beta,801,3700,SUCCESS
B,beta,802,3800,SUCCESS
B,beta,803,3700,SUCCESS
B,beta,804,3700,SUCCESS
B,beta,805,3700,SUCCESS
B,beta,806,3700,SUCCESS
B,beta,807,3700,SUCCESS
B,beta,808,3700,SUCCESS
B,beta,809,3700,SUCCESS
B,beta,810,3800,SUCCESS
B,beta,811,3800,SUCCESS
B,beta,812,3700,SUCCESS
B,beta,813,3800,SUCCESS
B,beta,814,3800,SUCCESS
B,beta,815,3800,SUCCESS
B,beta,816,3800,SUCCESS
B,beta,817,3800,SUCCESS
B,beta,818,3800,SUCCESS
B,beta,819,3800,SUCCESS
B,beta,820,3800,SUCCESS
B,beta,821,3800,SUCCESS
B,beta,822,3800,SUCCESS
B,beta,823,3800,SUCCESS
B,beta,824,3700,SUCCESS
B,beta,825,3700,SUCCESS
B,beta,826,3700,SUCCESS
B,beta,827,3700,SUCCESS
B,beta,828,3700,SUCCESS
B,beta,829,3700,SUCCESS
B,beta,830,3800,SUCCESS
B,beta,831,3800,SUCCESS
B,beta,832,3800,SUCCESS
B,beta,833,3800,SUCCESS
B,beta,834,3800,SUCCESS
B,beta,835,3800,SUCCESS
B,beta,836,3800,SUCCESS
B,beta,837,3800,SUCCESS
B,beta,838,3800,SUCCESS
B,beta,839,3800,SUCCESS
B,beta,840,3800,SUCCESS
B,beta,841,3800,SUCCESS
B,beta,842,3800,SUCCESS
B,beta,843,3800,SUCCESS
B,beta,844,3800,SUCCESS
B,beta,845,3800,SUCCESS
B,beta,846,3800,SUCCESS
B,beta,847,3800,SUCCESS
B,beta,848,3800,SUCCESS
B,beta,849,3800,SUCCESS
B,beta,850,3800,SUCCESS
B,beta,851,3800,SUCCESS
B,beta,852,3800,SUCCESS
B,beta,853,3800,SUCCESS
B,beta,854,3800,SUCCESS
B,beta,855,3800,SUCCESS
B,beta,856,3800,SUCCESS
B,beta,857,3800,SUCCESS
B,beta,858,3800,SUCCESS
B,beta,859,3800,SUCCESS
B,beta,860,3800,SUCCESS
B,beta,861,3800,SUCCESS
B,beta,862,3800,SUCCESS
B,beta,863,3800,SUCCESS
B,beta,864,3800,SUCCESS
B,beta,865,3700,SUCCESS
B,beta,866,3700,SUCCESS
B,beta,867,3800,SUCCESS
B,beta,868,3800,SUCCESS
B,beta,869,3700,SUCCESS
B,beta,870,3800,SUCCESS
B,beta,871,3800,SUCCESS
B,beta,872,3800,SUCCESS
B,beta,873,3800,SUCCESS
B,beta,874,3800,SUCCESS
B,beta,875,3700,SUCCESS
B,beta,876,3700,SUCCESS
B,beta,877,3700,SUCCESS
B,beta,878,3700,SUCCESS
B,beta,879,3700,SUCCESS
B,beta,880,3700,SUCCESS
B,beta,881,3800,SUCCESS
B,beta,882,3800,SUCCESS
B,beta,883,3800,SUCCESS
B,beta,884,3800,SUCCESS
B,beta,885,3800,SUCCESS
B,beta,886,3700,SUCCESS
B,beta,887,3800,SUCCESS
B,beta,888,3800,SUCCESS
B,beta,889,3800,SUCCESS
B,beta,890,3800,SUCCESS
B,beta,891,3800,SUCCESS
B,beta,892,3700,SUCCESS
B,beta,893,3700,SUCCESS
B,beta,894,3700,SUCCESS
B,beta,895,3700,SUCCESS
B,beta,896,3700,SUCCESS
B,beta,897,3800,SUCCESS
B,beta,898,3800,SUCCESS
B,beta,899,3700,SUCCESS
B,beta,900,3800,SUCCESS
B,beta,901,3800,SUCCESS
B,beta,902,3700,SUCCESS
B,beta,903,3700,SUCCESS
B,beta,904,3800,SUCCESS
B,beta,905,3700,SUCCESS
B,beta,906,3800,SUCCESS
B,beta,907,3800,SUCCESS
B,beta,908,3800,SUCCESS
B,beta,909,3800,SUCCESS
B,beta,910,3800,SUCCESS
B,beta,911,3700,SUCCESS
B,beta,912,3700,SUCCESS
B,beta,913,3800,SUCCESS
B,beta,914,3800,SUCCESS
B,beta,915,3700,SUCCESS
B,beta,916,3800,SUCCESS
B,beta,917,3800,SUCCESS
B,beta,918,3800,SUCCESS
B,beta,919,3800,SUCCESS
B,beta,920,3700,SUCCESS
B,beta,921,3700,SUCCESS
B,beta,922,3800,SUCCESS
B,beta,923,3800,SUCCESS
B,beta,924,3800,SUCCESS
B,beta,925,3800,SUCCESS
B,beta,926,3800,SUCCESS
B,beta,927,3800,SUCCESS
B,beta,928,3800,SUCCESS
B,beta,929,3700,SUCCESS
B,beta,930,3700,SUCCESS
B,beta,931,3700,SUCCESS
B,beta,932,3700,SUCCESS
B,beta,933,3700,SUCCESS
B,beta,934,3800,SUCCESS
B,beta,935,3800,SUCCESS
B,beta,936,3800,SUCCESS
B,beta,937,3900,SUCCESS
B,beta,938,3800,SUCCESS
B,beta,939,3700,SUCCESS
B,beta,940,3900,SUCCESS
B,beta,941,3800,SUCCESS
B,beta,942,3700,SUCCESS
B,beta,943,3800,SUCCESS
B,beta,944,3700,SUCCESS
B,beta,945,3800,SUCCESS
B,beta,946,3700,SUCCESS
B,beta,947,3800,SUCCESS
B,beta,948,3700,SUCCESS
B,beta,949,3800,SUCCESS
B,beta,950,3700,SUCCESS
B,beta,951,3700,SUCCESS
B,beta,952,3800,SUCCESS
B,beta,953,3700,SUCCESS
B,beta,954,3700,SUCCESS
B,beta,955,3800,SUCCESS
B,beta,956,3800,SUCCESS
B,beta,957,4000,SUCCESS
B,beta,958,3700,SUCCESS
B,beta,959,3700,SUCCESS
B,beta,960,3700,SUCCESS
B,beta,961,3800,SUCCESS
B,beta,962,3800,SUCCESS
B,beta,963,3800,SUCCESS
B,beta,964,3800,SUCCESS
B,beta,965,3900,SUCCESS
B,beta,966,3800,SUCCESS
B,beta,967,3700,SUCCESS
B,beta,968,3700,SUCCESS
B,beta,969,3700,SUCCESS
B,beta,970,3800,SUCCESS
B,beta,971,3700,SUCCESS
B,beta,972,3700,SUCCESS
B,beta,973,3800,SUCCESS
B,beta,974,3700,SUCCESS
B,beta,975,3700,SUCCESS
B,beta,976,3700,SUCCESS
B,beta,977,3800,SUCCESS
B,beta,978,3800,SUCCESS
B,beta,979,3700,SUCCESS
B,beta,980,3700,SUCCESS
B,beta,981,3700,SUCCESS
B,beta,982,3800,SUCCESS
B,beta,983,3700,SUCCESS
B,beta,984,3700,SUCCESS
B,beta,985,3800,SUCCESS
B,beta,986,3700,SUCCESS
B,beta,987,3800,SUCCESS
B,beta,988,3900,SUCCESS
B,beta,989,3800,SUCCESS
B,beta,990,3800,SUCCESS
B,beta,991,3800,SUCCESS
B,beta,992,3800,SUCCESS
B,beta,993,3700,SUCCESS
B,beta,994,3800,SUCCESS
B,beta,995,3700,SUCCESS
B,beta,996,3700,SUCCESS
B,beta,997,3800,SUCCESS
B,beta,998,3700,SUCCESS
B,beta,999,3800,SUCCESS
B,gamma,0,3800,SUCCESS
B,gamma,1,3700,SUCCESS
B,gamma,2,3800,SUCCESS
B,gamma,3,3800,SUCCESS
B,gamma,4,3800,SUCCESS
B,gamma,5,3800,SUCCESS
B,gamma,6,3800,SUCCESS
B,gamma,7,3800,SUCCESS
B,gamma,8,3700,SUCCESS
B,gamma,9,3800,SUCCESS
B,gamma,10,3800,SUCCESS
B,gamma,11,3800,SUCCESS
B,gamma,12,3800,SUCCESS
B,gamma,13,3700,SUCCESS
B,gamma,14,3800,SUCCESS
B,gamma,15,3700,SUCCESS
B,gamma,16,3800,SUCCESS
B,gamma,17,3800,SUCCESS
B,gamma,18,3800,SUCCESS
B,gamma,19,3700,SUCCESS
B,gamma,20,3900,SUCCESS
B,gamma,21,3700,SUCCESS
B,gamma,22,3800,SUCCESS
B,gamma,23,3800,SUCCESS
B,gamma,24,3700,SUCCESS
B,gamma,25,3700,SUCCESS
B,gamma,26,3700,SUCCESS
B,gamma,27,3700,SUCCESS
B,gamma,28,3700,SUCCESS
B,gamma,29,3700,SUCCESS
B,gamma,30,3700,SUCCESS
B,gamma,31,3700,SUCCESS
B,gamma,32,3900,SUCCESS
B,gamma,33,3800,SUCCESS
B,gamma,34,3800,SUCCESS
B,gamma,35,3700,SUCCESS
B,gamma,36,3800,SUCCESS
B,gamma,37,3800,SUCCESS
B,gamma,38,3800,SUCCESS
B,gamma,39,3800,SUCCESS
B,gamma,40,3700,SUCCESS
B,gamma,41,3800,SUCCESS
B,gamma,42,3700,SUCCESS
B,gamma,43,3700,SUCCESS
B,gamma,44,3800,SUCCESS
B,gamma,45,3800,SUCCESS
B,gamma,46,3800,SUCCESS
B,gamma,47,3700,SUCCESS
B,gamma,48,3800,SUCCESS
B,gamma,49,3800,SUCCESS
B,gamma,50,3800,SUCCESS
B,gamma,51,3700,SUCCESS
B,gamma,52,3800,SUCCESS
B,gamma,53,3800,SUCCESS
B,gamma,54,3800,SUCCESS
B,gamma,55,3800,SUCCESS
B,gamma,56,3700,SUCCESS
B,gamma,57,3700,SUCCESS
B,gamma,58,3800,SUCCESS
B,gamma,59,3700,SUCCESS
B,gamma,60,3800,SUCCESS
B,gamma,61,3800,SUCCESS
B,gamma,62,3700,SUCCESS
B,gamma,63,3700,SUCCESS
B,gamma,64,3800,SUCCESS
B,gamma,65,3800,SUCCESS
B,gamma,66,3700,SUCCESS
B,gamma,67,3800,SUCCESS
B,gamma,68,3800,SUCCESS
B,gamma,69,3800,SUCCESS
B,gamma,70,3800,SUCCESS
B,gamma,71,3800,SUCCESS
B,gamma,72,3800,SUCCESS
B,gamma,73,3800,SUCCESS
B,gamma,74,3800,SUCCESS
B,gamma,75,3800,SUCCESS
B,gamma,76,3700,SUCCESS
B,gamma,77,3700,SUCCESS
B,gamma,78,3700,SUCCESS
B,gamma,79,3800,SUCCESS
B,gamma,80,3700,SUCCESS
B,gamma,81,3800,SUCCESS
B,gamma,82,3800,SUCCESS
B,gamma,83,3700,SUCCESS
B,gamma,84,3700,SUCCESS
B,gamma,85,3800,SUCCESS
B,gamma,86,3800,SUCCESS
B,gamma,87,3700,SUCCESS
B,gamma,88,3800,SUCCESS
B,gamma,89,3800,SUCCESS
B,gamma,90,3800,SUCCESS
B,gamma,91,3700,SUCCESS
B,gamma,92,3800,SUCCESS
B,gamma,93,3800,SUCCESS
B,gamma,94,3800,SUCCESS
B,gamma,95,3700,SUCCESS
B,gamma,96,3700,SUCCESS
B,gamma,97,3900,SUCCESS
B,gamma,98,3700,SUCCESS
B,gamma,99,3700,SUCCESS
B,gamma,100,3800,SUCCESS
B,gamma,101,3700,SUCCESS
B,gamma,102,3700,SUCCESS
B,gamma,103,3800,SUCCESS
B,gamma,104,3700,SUCCESS
B,gamma,105,3700,SUCCESS
B,gamma,106,3800,SUCCESS
B,gamma,107,3700,SUCCESS
B,gamma,108,3700,SUCCESS
B,gamma,109,3800,SUCCESS
B,gamma,110,3700,SUCCESS
B,gamma,111,3700,SUCCESS
B,gamma,112,3800,SUCCESS
B,gamma,113,3800,SUCCESS
B,gamma,114,3800,SUCCESS
B,gamma,115,3900,SUCCESS
B,gamma,116,3700,SUCCESS
B,gamma,117,3800,SUCCESS
B,gamma,118,3700,SUCCESS
B,gamma,119,3800,SUCCESS
B,gamma,120,3700,SUCCESS
B,gamma,121,3900,SUCCESS
B,gamma,122,3800,SUCCESS
B,gamma,123,3700,SUCCESS
B,gamma,124,3700,SUCCESS
B,gamma,125,3800,SUCCESS
B,gamma,126,3800,SUCCESS
B,gamma,127,3800,SUCCESS
B,gamma,128,3800,SUCCESS
B,gamma,129,3800,SUCCESS
B,gamma,130,3700,SUCCESS
B,gamma,131,3800,SUCCESS
B,gamma,132,3800,SUCCESS
B,gamma,133,3800,SUCCESS
B,gamma,134,3800,SUCCESS
B,gamma,135,3800,SUCCESS
B,gamma,136,3900,SUCCESS
B,gamma,137,3700,SUCCESS
B,gamma,138,3700,SUCCESS
B,gamma,139,4100,SUCCESS
B,gamma,140,4000,SUCCESS
B,gamma,141,3900,SUCCESS
B,gamma,142,4100,SUCCESS
B,gamma,143,3900,SUCCESS
B,gamma,144,4000,SUCCESS
B,gamma,145,4000,SUCCESS
B,gamma,146,3900,SUCCESS
B,gamma,147,4000,SUCCESS
B,gamma,148,4100,SUCCESS
B,gamma,149,4000,SUCCESS
B,gamma,150,4000,SUCCESS
B,gamma,151,4000,SUCCESS
B,gamma,152,4000,SUCCESS
B,gamma,153,4000,SUCCESS
B,gamma,154,4100,SUCCESS
B,gamma,155,4000,SUCCESS
B,gamma,156,4000,SUCCESS
B,gamma,157,4000,SUCCESS
B,gamma,158,4000,SUCCESS
B,gamma,159,4000,SUCCESS
B,gamma,160,4100,SUCCESS
B,gamma,161,4000,SUCCESS
B,gamma,162,4100,SUCCESS
B,gamma,163,4000,SUCCESS
B,gamma,164,4000,SUCCESS
B,gamma,165,4000,SUCCESS
B,gamma,166,4200,SUCCESS
B,gamma,167,4000,SUCCESS
B,gamma,168,4000,SUCCESS
B,gamma,169,4100,SUCCESS
B,gamma,170,3900,SUCCESS
B,gamma,171,4000,SUCCESS
B,gamma,172,4000,SUCCESS
B,gamma,173,4000,SUCCESS
B,gamma,174,4000,SUCCESS
B,gamma,175,4200,SUCCESS
B,gamma,176,4000,SUCCESS
B,gamma,177,4000,SUCCESS
B,gamma,178,4300,SUCCESS
B,gamma,179,3900,SUCCESS
B,gamma,180,4000,SUCCESS
B,gamma,181,4000,SUCCESS
B,gamma,182,4000,SUCCESS
B,gamma,183,4000,SUCCESS
B,gamma,184,4000,SUCCESS
B,gamma,185,4000,SUCCESS
B,gamma,186,4000,SUCCESS
B,gamma,187,4000,SUCCESS
B,gamma,188,4000,SUCCESS
B,gamma,189,4000,SUCCESS
B,gamma,190,4000,SUCCESS
B,gamma,191,4000,SUCCESS
B,gamma,192,4000,SUCCESS
B,gamma,193,4000,SUCCESS
B,gamma,194,4000,SUCCESS
B,gamma,195,4000,SUCCESS
B,gamma,196,4000,SUCCESS
B,gamma,197,4000,SUCCESS
B,gamma,198,4000,SUCCESS
B,gamma,199,4000,SUCCESS
B,gamma,200,4000,SUCCESS
B,gamma,201,4100,SUCCESS
B,gamma,202,4100,SUCCESS
B,gamma,203,4000,SUCCESS
B,gamma,204,3900,SUCCESS
B,gamma,205,4300,SUCCESS
B,gamma,206,4200,SUCCESS
B,gamma,207,4200,SUCCESS
B,gamma,208,4100,SUCCESS
B,gamma,209,4000,SUCCESS
B,gamma,210,4000,SUCCESS
B,gamma,211,3900,SUCCESS
B,gamma,212,4000,SUCCESS
B,gamma,213,3900,SUCCESS
B,gamma,214,4000,SUCCESS
B,gamma,215,3900,SUCCESS
B,gamma,216,3900,SUCCESS
B,gamma,217,4000,SUCCESS
B,gamma,218,4000,SUCCESS
B,gamma,219,4000,SUCCESS
B,gamma,220,4100,SUCCESS
B,gamma,221,4000,SUCCESS
B,gamma,222,4000,SUCCESS
B,gamma,223,4300,SUCCESS
B,gamma,224,4000,SUCCESS
B,gamma,225,3900,SUCCESS
B,gamma,226,4100,SUCCESS
B,gamma,227,4000,SUCCESS
B,gamma,228,4000,SUCCESS
B,gamma,229,4000,SUCCESS
B,gamma,230,4000,SUCCESS
B,gamma,231,4000,SUCCESS
B,gamma,232,4100,SUCCESS
B,gamma,233,4000,SUCCESS
B,gamma,234,4000,SUCCESS
B,gamma,235,4100,SUCCESS
B,gamma,236,4000,SUCCESS
B,gamma,237,4000,SUCCESS
B,gamma,238,4000,SUCCESS
B,gamma,239,4000,SUCCESS
B,gamma,240,4000,SUCCESS
B,gamma,241,4100,SUCCESS
B,gamma,242,4000,SUCCESS
B,gamma,243,4000,SUCCESS
B,gamma,244,4100,SUCCESS
B,gamma,245,4000,SUCCESS
B,gamma,246,4000,SUCCESS
B,gamma,247,4100,SUCCESS
B,gamma,248,4000,SUCCESS
B,gamma,249,4000,SUCCESS
B,gamma,250,4200,SUCCESS
B,gamma,251,4000,SUCCESS
B,gamma,252,4000,SUCCESS
B,gamma,253,3900,SUCCESS
B,gamma,254,4000,SUCCESS
B,gamma,255,4000,SUCCESS
B,gamma,256,4000,SUCCESS
B,gamma,257,4100,SUCCESS
B,gamma,258,4000,SUCCESS
B,gamma,259,4000,SUCCESS
B,gamma,260,4000,SUCCESS
B,gamma,261,4000,SUCCESS
B,gamma,262,4000,SUCCESS
B,gamma,263,4000,SUCCESS
B,gamma,264,4000,SUCCESS
B,gamma,265,4000,SUCCESS
B,gamma,266,4000,SUCCESS
B,gamma,267,4000,SUCCESS
B,gamma,268,4100,SUCCESS
B,gamma,269,4000,SUCCESS
B,gamma,270,4000,SUCCESS
B,gamma,271,4200,SUCCESS
B,gamma,272,4000,SUCCESS
B,gamma,273,4000,SUCCESS
B,gamma,274,4000,SUCCESS
B,gamma,275,4000,SUCCESS
B,gamma,276,4000,SUCCESS
B,gamma,277,4000,SUCCESS
B,gamma,278,4000,SUCCESS
B,gamma,279,4000,SUCCESS
B,gamma,280,4000,SUCCESS
B,gamma,281,4000,SUCCESS
B,gamma,282,4000,SUCCESS
B,gamma,283,4000,SUCCESS
B,gamma,284,4000,SUCCESS
B,gamma,285,4000,SUCCESS
B,gamma,286,4100,SUCCESS
B,gamma,287,4000,SUCCESS
B,gamma,288,4000,SUCCESS
B,gamma,289,4000,SUCCESS
B,gamma,290,4000,SUCCESS
B,gamma,291,4000,SUCCESS
B,gamma,292,4000,SUCCESS
B,gamma,293,4000,SUCCESS
B,gamma,294,4000,SUCCESS
B,gamma,295,4000,SUCCESS
B,gamma,296,4000,SUCCESS
B,gamma,297,4000,SUCCESS
B,gamma,298,4100,SUCCESS
B,gamma,299,4000,SUCCESS
B,gamma,300,4000,SUCCESS
B,gamma,301,4000,SUCCESS
B,gamma,302,4000,SUCCESS
B,gamma,303,4000,SUCCESS
B,gamma,304,4100,SUCCESS
B,gamma,305,4000,SUCCESS
B,gamma,306,3900,SUCCESS
B,gamma,307,4100,SUCCESS
B,gamma,308,4000,SUCCESS
B,gamma,309,4000,SUCCESS
B,gamma,310,4100,SUCCESS
B,gamma,311,4000,SUCCESS
B,gamma,312,4000,SUCCESS
B,gamma,313,4000,SUCCESS
B,gamma,314,4000,SUCCESS
B,gamma,315,4000,SUCCESS
B,gamma,316,4100,SUCCESS
B,gamma,317,4000,SUCCESS
B,gamma,318,4000,SUCCESS
B,gamma,319,4000,SUCCESS
B,gamma,320,4000,SUCCESS
B,gamma,321,4000,SUCCESS
B,gamma,322,4100,SUCCESS
B,gamma,323,4000,SUCCESS
B,gamma,324,4000,SUCCESS
B,gamma,325,4100,SUCCESS
B,gamma,326,4000,SUCCESS
B,gamma,327,4000,SUCCESS
B,gamma,328,4100,SUCCESS
B,gamma,329,4100,SUCCESS
B,gamma,330,4000,SUCCESS
B,gamma,331,4000,SUCCESS
B,gamma,332,4000,SUCCESS
B,gamma,333,4000,SUCCESS
B,gamma,334,4100,SUCCESS
B,gamma,335,4000,SUCCESS
B,gamma,336,4000,SUCCESS
B,gamma,337,4000,SUCCESS
B,gamma,338,4000,SUCCESS
B,gamma,339,4000,SUCCESS
B,gamma,340,4100,SUCCESS
B,gamma,341,4000,SUCCESS
B,gamma,342,3900,SUCCESS
B,gamma,343,4100,SUCCESS
B,gamma,344,4000,SUCCESS
B,gamma,345,4000,SUCCESS
B,gamma,346,4000,SUCCESS
B,gamma,347,4000,SUCCESS
B,gamma,348,4000,SUCCESS
B,gamma,349,4000,SUCCESS
B,gamma,350,4000,SUCCESS
B,gamma,351,4000,SUCCESS
B,gamma,352,4100,SUCCESS
B,gamma,353,4000,SUCCESS
B,gamma,354,3900,SUCCESS
B,gamma,355,4100,SUCCESS
B,gamma,356,4000,SUCCESS
B,gamma,357,4000,SUCCESS
B,gamma,358,4100,SUCCESS
B,gamma,359,4000,SUCCESS
B,gamma,360,4000,SUCCESS
B,gamma,361,4100,SUCCESS
B,gamma,362,4000,SUCCESS
B,gamma,363,4000,SUCCESS
B,gamma,364,4200,SUCCESS
B,gamma,365,4000,SUCCESS
B,gamma,366,4000,SUCCESS
B,gamma,367,4100,SUCCESS
B,gamma,368,4000,SUCCESS
B,gamma,369,4000,SUCCESS
B,gamma,370,4000,SUCCESS
B,gamma,371,4000,SUCCESS
B,gamma,372,4100,SUCCESS
B,gamma,373,4100,SUCCESS
B,gamma,374,4100,SUCCESS
B,gamma,375,4000,SUCCESS
B,gamma,376,3900,SUCCESS
B,gamma,377,4000,SUCCESS
B,gamma,378,4000,SUCCESS
B,gamma,379,4000,SUCCESS
B,gamma,380,4000,SUCCESS
B,gamma,381,4000,SUCCESS
B,gamma,382,4100,SUCCESS
B,gamma,383,4100,SUCCESS
B,gamma,384,4000,SUCCESS
B,gamma,385,4000,SUCCESS
B,gamma,386,4000,SUCCESS
B,gamma,387,4000,SUCCESS
B,gamma,388,4000,SUCCESS
B,gamma,389,4000,SUCCESS
B,gamma,390,4000,SUCCESS
B,gamma,391,4100,SUCCESS
B,gamma,392,4000,SUCCESS
B,gamma,393,3900,SUCCESS
B,gamma,394,4100,SUCCESS
B,gamma,395,4000,SUCCESS
B,gamma,396,4000,SUCCESS
B,gamma,397,4100,SUCCESS
B,gamma,398,4000,SUCCESS
B,gamma,399,4000,SUCCESS
B,gamma,400,4100,SUCCESS
B,gamma,401,4000,SUCCESS
B,gamma,402,3900,SUCCESS
B,gamma,403,4100,SUCCESS
B,gamma,404,85500,SUCCESS
B,gamma,405,4000,SUCCESS
B,gamma,406,4000,SUCCESS
B,gamma,407,4000,SUCCESS
B,gamma,408,4000,SUCCESS
B,gamma,409,4000,SUCCESS
B,gamma,410,4000,SUCCESS
B,gamma,411,4000,SUCCESS
B,gamma,412,4100,SUCCESS
B,gamma,413,4000,SUCCESS
B,gamma,414,4000,SUCCESS
B,gamma,415,4000,SUCCESS
B,gamma,416,4000,SUCCESS
B,gamma,417,4000,SUCCESS
B,gamma,418,4100,SUCCESS
B,gamma,419,3900,SUCCESS
B,gamma,420,3900,SUCCESS
B,gamma,421,4100,SUCCESS
B,gamma,422,4000,SUCCESS
B,gamma,423,4000,SUCCESS
B,gamma,424,4100,SUCCESS
B,gamma,425,4000,SUCCESS
B,gamma,426,4000,SUCCESS
B,gamma,427,4100,SUCCESS
B,gamma,428,4000,SUCCESS
B,gamma,429,4000,SUCCESS
B,gamma,430,4000,SUCCESS
B,gamma,431,4000,SUCCESS
B,gamma,432,4300,SUCCESS
B,gamma,433,4000,SUCCESS
B,gamma,434,4000,SUCCESS
B,gamma,435,4000,SUCCESS
B,gamma,436,4000,SUCCESS
B,gamma,437,4000,SUCCESS
B,gamma,438,4000,SUCCESS
B,gamma,439,4100,SUCCESS
B,gamma,440,4000,SUCCESS
B,gamma,441,4000,SUCCESS
B,gamma,442,4100,SUCCESS
B,gamma,443,4000,SUCCESS
B,gamma,444,4000,SUCCESS
B,gamma,445,4000,SUCCESS
B,gamma,446,4000,SUCCESS
B,gamma,447,4000,SUCCESS
B,gamma,448,4000,SUCCESS
B,gamma,449,4000,SUCCESS
B,gamma,450,4000,SUCCESS
B,gamma,451,4100,SUCCESS
B,gamma,452,4000,SUCCESS
B,gamma,453,4000,SUCCESS
B,gamma,454,4000,SUCCESS
B,gamma,455,4000,SUCCESS
B,gamma,456,4000,SUCCESS
B,gamma,457,4000,SUCCESS
B,gamma,458,4000,SUCCESS
B,gamma,459,4000,SUCCESS
B,gamma,460,4000,SUCCESS
B,gamma,461,4000,SUCCESS
B,gamma,462,4000,SUCCESS
B,gamma,463,4000,SUCCESS
B,gamma,464,4000,SUCCESS
B,gamma,465,4000,SUCCESS
B,gamma,466,4000,SUCCESS
B,gamma,467,4000,SUCCESS
B,gamma,468,4000,SUCCESS
B,gamma,469,4000,SUCCESS
B,gamma,470,4000,SUCCESS
B,gamma,471,3900,SUCCESS
B,gamma,472,4000,SUCCESS
B,gamma,473,4000,SUCCESS
B,gamma,474,4000,SUCCESS
B,gamma,475,4000,SUCCESS
B,gamma,476,4000,SUCCESS
B,gamma,477,4000,SUCCESS
B,gamma,478,4000,SUCCESS
B,gamma,479,4000,SUCCESS
B,gamma,480,4000,SUCCESS
B,gamma,481,4000,SUCCESS
B,gamma,482,4000,SUCCESS
B,gamma,483,4000,SUCCESS
B,gamma,484,4000,SUCCESS
B,gamma,485,4000,SUCCESS
B,gamma,486,4000,SUCCESS
B,gamma,487,24400,SUCCESS
B,gamma,488,4100,SUCCESS
B,gamma,489,4000,SUCCESS
B,gamma,490,4000,SUCCESS
B,gamma,491,4000,SUCCESS
B,gamma,492,4000,SUCCESS
B,gamma,493,4100,SUCCESS
B,gamma,494,4000,SUCCESS
B,gamma,495,4000,SUCCESS
B,gamma,496,4100,SUCCESS
B,gamma,497,4000,SUCCESS
B,gamma,498,4000,SUCCESS
B,gamma,499,4000,SUCCESS
B,gamma,500,3900,SUCCESS
B,gamma,501,4000,SUCCESS
B,gamma,502,4100,SUCCESS
B,gamma,503,4000,SUCCESS
B,gamma,504,4000,SUCCESS
B,gamma,505,4000,SUCCESS
B,gamma,506,4000,SUCCESS
B,gamma,507,23700,SUCCESS
B,gamma,508,4000,SUCCESS
B,gamma,509,24600,SUCCESS
B,gamma,510,4000,SUCCESS
B,gamma,511,4000,SUCCESS
B,gamma,512,4000,SUCCESS
B,gamma,513,11800,SUCCESS
B,gamma,514,4000,SUCCESS
B,gamma,515,4000,SUCCESS
B,gamma,516,4000,SUCCESS
B,gamma,517,4000,SUCCESS
B,gamma,518,4000,SUCCESS
B,gamma,519,4000,SUCCESS
B,gamma,520,4200,SUCCESS
B,gamma,521,4000,SUCCESS
B,gamma,522,4000,SUCCESS
B,gamma,523,4000,SUCCESS
B,gamma,524,4000,SUCCESS
B,gamma,525,4000,SUCCESS
B,gamma,526,4000,SUCCESS
B,gamma,527,4000,SUCCESS
B,gamma,528,4000,SUCCESS
B,gamma,529,4000,SUCCESS
B,gamma,530,4000,SUCCESS
B,gamma,531,4000,SUCCESS
B,gamma,532,4000,SUCCESS
B,gamma,533,4000,SUCCESS
B,gamma,534,4000,SUCCESS
B,gamma,535,4000,SUCCESS
B,gamma,536,4000,SUCCESS
B,gamma,537,4000,SUCCESS
B,gamma,538,4200,SUCCESS
B,gamma,539,4000,SUCCESS
B,gamma,540,4000,SUCCESS
B,gamma,541,4100,SUCCESS
B,gamma,542,4000,SUCCESS
B,gamma,543,4000,SUCCESS
B,gamma,544,4000,SUCCESS
B,gamma,545,4000,SUCCESS
B,gamma,546,4000,SUCCESS
B,gamma,547,4000,SUCCESS
B,gamma,548,4000,SUCCESS
B,gamma,549,4000,SUCCESS
B,gamma,550,4000,SUCCESS
B,gamma,551,4000,SUCCESS
B,gamma,552,4000,SUCCESS
B,gamma,553,4100,SUCCESS
B,gamma,554,4000,SUCCESS
B,gamma,555,31900,SUCCESS
B,gamma,556,4100,SUCCESS
B,gamma,557,4000,SUCCESS
B,gamma,558,4000,SUCCESS
B,gamma,559,29700,SUCCESS
B,gamma,560,4200,SUCCESS
B,gamma,561,4000,SUCCESS
B,gamma,562,4000,SUCCESS
B,gamma,563,4000,SUCCESS
B,gamma,564,4000,SUCCESS
B,gamma,565,4000,SUCCESS
B,gamma,566,4000,SUCCESS
B,gamma,567,4000,SUCCESS
B,gamma,568,4100,SUCCESS
B,gamma,569,4000,SUCCESS
B,gamma,570,4000,SUCCESS
B,gamma,571,4200,SUCCESS
B,gamma,572,4000,SUCCESS
B,gamma,573,4100,SUCCESS
B,gamma,574,4200,SUCCESS
B,gamma,575,4000,SUCCESS
B,gamma,576,4000,SUCCESS
B,gamma,577,4200,SUCCESS
B,gamma,578,4000,SUCCESS
B,gamma,579,4000,SUCCESS
B,gamma,580,4100,SUCCESS
B,gamma,581,4000,SUCCESS
B,gamma,582,4000,SUCCESS
B,gamma,583,4000,SUCCESS
B,gamma,584,4000,SUCCESS
B,gamma,585,4000,SUCCESS
B,gamma,586,4000,SUCCESS
B,gamma,587,4000,SUCCESS
B,gamma,588,4000,SUCCESS
B,gamma,589,4000,SUCCESS
B,gamma,590,4000,SUCCESS
B,gamma,591,4000,SUCCESS
B,gamma,592,4100,SUCCESS
B,gamma,593,4000,SUCCESS
B,gamma,594,4000,SUCCESS
B,gamma,595,4100,SUCCESS
B,gamma,596,4100,SUCCESS
B,gamma,597,4000,SUCCESS
B,gamma,598,4000,SUCCESS
B,gamma,599,4100,SUCCESS
B,gamma,600,4000,SUCCESS
B,gamma,601,4100,SUCCESS
B,gamma,602,4000,SUCCESS
B,gamma,603,4000,SUCCESS
B,gamma,604,4000,SUCCESS
B,gamma,605,4000,SUCCESS
B,gamma,606,4100,SUCCESS
B,gamma,607,4000,SUCCESS
B,gamma,608,4000,SUCCESS
B,gamma,609,4000,SUCCESS
B,gamma,610,4200,SUCCESS
B,gamma,611,4000,SUCCESS
B,gamma,612,4000,SUCCESS
B,gamma,613,4000,SUCCESS
B,gamma,614,4000,SUCCESS
B,gamma,615,4000,SUCCESS
B,gamma,616,4000,SUCCESS
B,gamma,617,4000,SUCCESS
B,gamma,618,4000,SUCCESS
B,gamma,619,4000,SUCCESS
B,gamma,620,4000,SUCCESS
B,gamma,621,3900,SUCCESS
B,gamma,622,4000,SUCCESS
B,gamma,623,4000,SUCCESS
B,gamma,624,4000,SUCCESS
B,gamma,625,4000,SUCCESS
B,gamma,626,4000,SUCCESS
B,gamma,627,4000,SUCCESS
B,gamma,628,4000,SUCCESS
B,gamma,629,4100,SUCCESS
B,gamma,630,4000,SUCCESS
B,gamma,631,3900,SUCCESS
B,gamma,632,4000,SUCCESS
B,gamma,633,4000,SUCCESS
B,gamma,634,4000,SUCCESS
B,gamma,635,4000,SUCCESS
B,gamma,636,4000,SUCCESS
B,gamma,637,4000,SUCCESS
B,gamma,638,4000,SUCCESS
B,gamma,639,4100,SUCCESS
B,gamma,640,3900,SUCCESS
B,gamma,641,4000,SUCCESS
B,gamma,642,4000,SUCCESS
B,gamma,643,3900,SUCCESS
B,gamma,644,4000,SUCCESS
B,gamma,645,4000,SUCCESS
B,gamma,646,4000,SUCCESS
B,gamma,647,4000,SUCCESS
B,gamma,648,4100,SUCCESS
B,gamma,649,3900,SUCCESS
B,gamma,650,4000,SUCCESS
B,gamma,651,4100,SUCCESS
B,gamma,652,4000,SUCCESS
B,gamma,653,4000,SUCCESS
B,gamma,654,4000,SUCCESS
B,gamma,655,4000,SUCCESS
B,gamma,656,4000,SUCCESS
B,gamma,657,4000,SUCCESS
B,gamma,658,4200,SUCCESS
B,gamma,659,4000,SUCCESS
B,gamma,660,4000,SUCCESS
B,gamma,661,4000,SUCCESS
B,gamma,662,4000,SUCCESS
B,gamma,663,4000,SUCCESS
B,gamma,664,4000,SUCCESS
B,gamma,665,4000,SUCCESS
B,gamma,666,4000,SUCCESS
B,gamma,667,4100,SUCCESS
B,gamma,668,3900,SUCCESS
B,gamma,669,4000,SUCCESS
B,gamma,670,4100,SUCCESS
B,gamma,671,4000,SUCCESS
B,gamma,672,4000,SUCCESS
B,gamma,673,4100,SUCCESS
B,gamma,674,4000,SUCCESS
B,gamma,675,4000,SUCCESS
B,gamma,676,4000,SUCCESS
B,gamma,677,4000,SUCCESS
B,gamma,678,4000,SUCCESS
B,gamma,679,4100,SUCCESS
B,gamma,680,4100,SUCCESS
B,gamma,681,4000,SUCCESS
B,gamma,682,4200,SUCCESS
B,gamma,683,4000,SUCCESS
B,gamma,684,4000,SUCCESS
B,gamma,685,4100,SUCCESS
B,gamma,686,4000,SUCCESS
B,gamma,687,4000,SUCCESS
B,gamma,688,4000,SUCCESS
B,gamma,689,4000,SUCCESS
B,gamma,690,4100,SUCCESS
B,gamma,691,4100,SUCCESS
B,gamma,692,4000,SUCCESS
B,gamma,693,4000,SUCCESS
B,gamma,694,4100,SUCCESS
B,gamma,695,4200,SUCCESS
B,gamma,696,4000,SUCCESS
B,gamma,697,4200,SUCCESS
B,gamma,698,4000,SUCCESS
B,gamma,699,4000,SUCCESS
B,gamma,700,4000,SUCCESS
B,gamma,701,4000,SUCCESS
B,gamma,702,3900,SUCCESS
B,gamma,703,4000,SUCCESS
B,gamma,704,4000,SUCCESS
B,gamma,705,4000,SUCCESS
B,gamma,706,4100,SUCCESS
B,gamma,707,4100,SUCCESS
B,gamma,708,4000,SUCCESS
B,gamma,709,3900,SUCCESS
B,gamma,710,4000,SUCCESS
B,gamma,711,4000,SUCCESS
B,gamma,712,4000,SUCCESS
B,gamma,713,3900,SUCCESS
B,gamma,714,4000,SUCCESS
B,gamma,715,4100,SUCCESS
B,gamma,716,3900,SUCCESS
B,gamma,717,4000,SUCCESS
B,gamma,718,4000,SUCCESS
B,gamma,719,4000,SUCCESS
B,gamma,720,4000,SUCCESS
B,gamma,721,4100,SUCCESS
B,gamma,722,4000,SUCCESS
B,gamma,723,4000,SUCCESS
B,gamma,724,4000,SUCCESS
B,gamma,725,4000,SUCCESS
B,gamma,726,4000,SUCCESS
B,gamma,727,4100,SUCCESS
B,gamma,728,4000,SUCCESS
B,gamma,729,4000,SUCCESS
B,gamma,730,4000,SUCCESS
B,gamma,731,4000,SUCCESS
B,gamma,732,4000,SUCCESS
B,gamma,733,4000,SUCCESS
B,gamma,734,4000,SUCCESS
B,gamma,735,4000,SUCCESS
B,gamma,736,4000,SUCCESS
B,gamma,737,4000,SUCCESS
B,gamma,738,4000,SUCCESS
B,gamma,739,4000,SUCCESS
B,gamma,740,4000,SUCCESS
B,gamma,741,4000,SUCCESS
B,gamma,742,4000,SUCCESS
B,gamma,743,4000,SUCCESS
B,gamma,744,4000,SUCCESS
B,gamma,745,4100,SUCCESS
B,gamma,746,4000,SUCCESS
B,gamma,747,4000,SUCCESS
B,gamma,748,4100,SUCCESS
B,gamma,749,4000,SUCCESS
B,gamma,750,4000,SUCCESS
B,gamma,751,4000,SUCCESS
B,gamma,752,4000,SUCCESS
B,gamma,753,4000,SUCCESS
B,gamma,754,4000,SUCCESS
B,gamma,755,4000,SUCCESS
B,gamma,756,4000,SUCCESS
B,gamma,757,4100,SUCCESS
B,gamma,758,4000,SUCCESS
B,gamma,759,4000,SUCCESS
B,gamma,760,4000,SUCCESS
B,gamma,761,4000,SUCCESS
B,gamma,762,4000,SUCCESS
B,gamma,763,4100,SUCCESS
B,gamma,764,4000,SUCCESS
B,gamma,765,4000,SUCCESS
B,gamma,766,4000,SUCCESS
B,gamma,767,4000,SUCCESS
B,gamma,768,4000,SUCCESS
B,gamma,769,4100,SUCCESS
B,gamma,770,4000,SUCCESS
B,gamma,771,4000,SUCCESS
B,gamma,772,4000,SUCCESS
B,gamma,773,4000,SUCCESS
B,gamma,774,4000,SUCCESS
B,gamma,775,4200,SUCCESS
B,gamma,776,4000,SUCCESS
B,gamma,777,4000,SUCCESS
B,gamma,778,4000,SUCCESS
B,gamma,779,4000,SUCCESS
B,gamma,780,4000,SUCCESS
B,gamma,781,4100,SUCCESS
B,gamma,782,4000,SUCCESS
B,gamma,783,4000,SUCCESS
B,gamma,784,4100,SUCCESS
B,gamma,785,4000,SUCCESS
B,gamma,786,4000,SUCCESS
B,gamma,787,4000,SUCCESS
B,gamma,788,4000,SUCCESS
B,gamma,789,4000,SUCCESS
B,gamma,790,4100,SUCCESS
B,gamma,791,4000,SUCCESS
B,gamma,792,4000,SUCCESS
B,gamma,793,4000,SUCCESS
B,gamma,794,4000,SUCCESS
B,gamma,795,3900,SUCCESS
B,gamma,796,4100,SUCCESS
B,gamma,797,4000,SUCCESS
B,gamma,798,4000,SUCCESS
B,gamma,799,4100,SUCCESS
B,gamma,800,4000,SUCCESS
B,gamma,801,4000,SUCCESS
B,gamma,802,4000,SUCCESS
B,gamma,803,4100,SUCCESS
B,gamma,804,4000,SUCCESS
B,gamma,805,4000,SUCCESS
B,gamma,806,4000,SUCCESS
B,gamma,807,4000,SUCCESS
B,gamma,808,4000,SUCCESS
B,gamma,809,3900,SUCCESS
B,gamma,810,3900,SUCCESS
B,gamma,811,3900,SUCCESS
B,gamma,812,4000,SUCCESS
B,gamma,813,4000,SUCCESS
B,gamma,814,4100,SUCCESS
B,gamma,815,4000,SUCCESS
B,gamma,816,4000,SUCCESS
B,gamma,817,4100,SUCCESS
B,gamma,818,4100,SUCCESS
B,gamma,819,4000,SUCCESS
B,gamma,820,4000,SUCCESS
B,gamma,821,4000,SUCCESS
B,gamma,822,4000,SUCCESS
B,gamma,823,4100,SUCCESS
B,gamma,824,4000,SUCCESS
B,gamma,825,4000,SUCCESS
B,gamma,826,4000,SUCCESS
B,gamma,827,4000,SUCCESS
B,gamma,828,4000,SUCCESS
B,gamma,829,4000,SUCCESS
B,gamma,830,4000,SUCCESS
B,gamma,831,4000,SUCCESS
B,gamma,832,4000,SUCCESS
B,gamma,833,4000,SUCCESS
B,gamma,834,4000,SUCCESS
B,gamma,835,4100,SUCCESS
B,gamma,836,4000,SUCCESS
B,gamma,837,4000,SUCCESS
B,gamma,838,4100,SUCCESS
B,gamma,839,4000,SUCCESS
B,gamma,840,4000,SUCCESS
B,gamma,841,4000,SUCCESS
B,gamma,842,4000,SUCCESS
B,gamma,843,4000,SUCCESS
B,gamma,844,4100,SUCCESS
B,gamma,845,3900,SUCCESS
B,gamma,846,4000,SUCCESS
B,gamma,847,4100,SUCCESS
B,gamma,848,4000,SUCCESS
B,gamma,849,4000,SUCCESS
B,gamma,850,3900,SUCCESS
B,gamma,851,4000,SUCCESS
B,gamma,852,4000,SUCCESS
B,gamma,853,4000,SUCCESS
B,gamma,854,4000,SUCCESS
B,gamma,855,4000,SUCCESS
B,gamma,856,4000,SUCCESS
B,gamma,857,4000,SUCCESS
B,gamma,858,4000,SUCCESS
B,gamma,859,4100,SUCCESS
B,gamma,860,4000,SUCCESS
B,gamma,861,4000,SUCCESS
B,gamma,862,4100,SUCCESS
B,gamma,863,4000,SUCCESS
B,gamma,864,4000,SUCCESS
B,gamma,865,4000,SUCCESS
B,gamma,866,4000,SUCCESS
B,gamma,867,4000,SUCCESS
B,gamma,868,4100,SUCCESS
B,gamma,869,4000,SUCCESS
B,gamma,870,4000,SUCCESS
B,gamma,871,5200,SUCCESS
B,gamma,872,5200,SUCCESS
B,gamma,873,5200,SUCCESS
B,gamma,874,4000,SUCCESS
B,gamma,875,4000,SUCCESS
B,gamma,876,4000,SUCCESS
B,gamma,877,4000,SUCCESS
B,gamma,878,4000,SUCCESS
B,gamma,879,4000,SUCCESS
B,gamma,880,4000,SUCCESS
B,gamma,881,4000,SUCCESS
B,gamma,882,3900,SUCCESS
B,gamma,883,4000,SUCCESS
B,gamma,884,4000,SUCCESS
B,gamma,885,4000,SUCCESS
B,gamma,886,4000,SUCCESS
B,gamma,887,4000,SUCCESS
B,gamma,888,4000,SUCCESS
B,gamma,889,4000,SUCCESS
B,gamma,890,4000,SUCCESS
B,gamma,891,4000,SUCCESS
B,gamma,892,4000,SUCCESS
B,gamma,893,4000,SUCCESS
B,gamma,894,4000,SUCCESS
B,gamma,895,4000,SUCCESS
B,gamma,896,4000,SUCCESS
B,gamma,897,4000,SUCCESS
B,gamma,898,4100,SUCCESS
B,gamma,899,4000,SUCCESS
B,gamma,900,4000,SUCCESS
B,gamma,901,4000,SUCCESS
B,gamma,902,4000,SUCCESS
B,gamma,903,4000,SUCCESS
B,gamma,904,4000,SUCCESS
B,gamma,905,4000,SUCCESS
B,gamma,906,4000,SUCCESS
B,gamma,907,4100,SUCCESS
B,gamma,908,4000,SUCCESS
B,gamma,909,4000,SUCCESS
B,gamma,910,3900,SUCCESS
B,gamma,911,4000,SUCCESS
B,gamma,912,4000,SUCCESS
B,gamma,913,4000,SUCCESS
B,gamma,914,4000,SUCCESS
B,gamma,915,4000,SUCCESS
B,gamma,916,4000,SUCCESS
B,gamma,917,4000,SUCCESS
B,gamma,918,4000,SUCCESS
B,gamma,919,4000,SUCCESS
B,gamma,920,3900,SUCCESS
B,gamma,921,4000,SUCCESS
B,gamma,922,4100,SUCCESS
B,gamma,923,4000,SUCCESS
B,gamma,924,4000,SUCCESS
B,gamma,925,3900,SUCCESS
B,gamma,926,3800,SUCCESS
B,gamma,927,3800,SUCCESS
B,gamma,928,3800,SUCCESS
B,gamma,929,3800,SUCCESS
B,gamma,930,3800,SUCCESS
B,gamma,931,3800,SUCCESS
B,gamma,932,3800,SUCCESS
B,gamma,933,3800,SUCCESS
B,gamma,934,3800,SUCCESS
B,gamma,935,3700,SUCCESS
B,gamma,936,3700,SUCCESS
B,gamma,937,3800,SUCCESS
B,gamma,938,3700,SUCCESS
B,gamma,939,3700,SUCCESS
B,gamma,940,3800,SUCCESS
B,gamma,941,3800,SUCCESS
B,gamma,942,3800,SUCCESS
B,gamma,943,3800,SUCCESS
B,gamma,944,3700,SUCCESS
B,gamma,945,3700,SUCCESS
B,gamma,946,3800,SUCCESS
B,gamma,947,3700,SUCCESS
B,gamma,948,3700,SUCCESS
B,gamma,949,3700,SUCCESS
B,gamma,950,3800,SUCCESS
B,gamma,951,3700,SUCCESS
B,gamma,952,3900,SUCCESS
B,gamma,953,3700,SUCCESS
B,gamma,954,3700,SUCCESS
B,gamma,955,3700,SUCCESS
B,gamma,956,3800,SUCCESS
B,gamma,957,3800,SUCCESS
B,gamma,958,3900,SUCCESS
B,gamma,959,3700,SUCCESS
B,gamma,960,3700,SUCCESS
B,gamma,961,3800,SUCCESS
B,gamma,962,3800,SUCCESS
B,gamma,963,3700,SUCCESS
B,gamma,964,3800,SUCCESS
B,gamma,965,3800,SUCCESS
B,gamma,966,3800,SUCCESS
B,gamma,967,3800,SUCCESS
B,gamma,968,3800,SUCCESS
B,gamma,969,3700,SUCCESS
B,gamma,970,3700,SUCCESS
B,gamma,971,3700,SUCCESS
B,gamma,972,3700,SUCCESS
B,gamma,973,3800,SUCCESS
B,gamma,974,3700,SUCCESS
B,gamma,975,3700,SUCCESS
B,gamma,976,3800,SUCCESS
B,gamma,977,3800,SUCCESS
B,gamma,978,3800,SUCCESS
B,gamma,979,3700,SUCCESS
B,gamma,980,3800,SUCCESS
B,gamma,981,3800,SUCCESS
B,gamma,982,3700,SUCCESS
B,gamma,983,3800,SUCCESS
B,gamma,984,3800,SUCCESS
B,gamma,985,3800,SUCCESS
B,gamma,986,3700,SUCCESS
B,gamma,987,3700,SUCCESS
B,gamma,988,3800,SUCCESS
B,gamma,989,3800,SUCCESS
B,gamma,990,3800,SUCCESS
B,gamma,991,3800,SUCCESS
B,gamma,992,3800,SUCCESS
B,gamma,993,3800,SUCCESS
B,gamma,994,3900,SUCCESS
B,gamma,995,3800,SUCCESS
B,gamma,996,3800,SUCCESS
B,gamma,997,3900,SUCCESS
B,gamma,998,3700,SUCCESS
B,gamma,999,3700,SUCCESS
B,delta,0,3900,SUCCESS
B,delta,1,3700,SUCCESS
B,delta,2,3700,SUCCESS
B,delta,3,3700,SUCCESS
B,delta,4,3700,SUCCESS
B,delta,5,3800,SUCCESS
B,delta,6,3700,SUCCESS
B,delta,7,3800,SUCCESS
B,delta,8,3700,SUCCESS
B,delta,9,3800,SUCCESS
B,delta,10,3800,SUCCESS
B,delta,11,3800,SUCCESS
B,delta,12,11300,SUCCESS
B,delta,13,3700,SUCCESS
B,delta,14,3700,SUCCESS
B,delta,15,3800,SUCCESS
B,delta,16,3700,SUCCESS
B,delta,17,3700,SUCCESS
B,delta,18,3700,SUCCESS
B,delta,19,3700,SUCCESS
B,delta,20,3700,SUCCESS
B,delta,21,3700,SUCCESS
B,delta,22,3800,SUCCESS
B,delta,23,3700,SUCCESS
B,delta,24,3700,SUCCESS
B,delta,25,3700,SUCCESS
B,delta,26,3800,SUCCESS
B,delta,27,3700,SUCCESS
B,delta,28,3800,SUCCESS
B,delta,29,3800,SUCCESS
B,delta,30,3700,SUCCESS
B,delta,31,3700,SUCCESS
B,delta,32,3800,SUCCESS
B,delta,33,3700,SUCCESS
B,delta,34,3700,SUCCESS
B,delta,35,3800,SUCCESS
B,delta,36,3700,SUCCESS
B,delta,37,3700,SUCCESS
B,delta,38,3700,SUCCESS
B,delta,39,3700,SUCCESS
B,delta,40,3700,SUCCESS
B,delta,41,3700,SUCCESS
B,delta,42,3800,SUCCESS
B,delta,43,3800,SUCCESS
B,delta,44,3800,SUCCESS
B,delta,45,3700,SUCCESS
B,delta,46,3700,SUCCESS
B,delta,47,3800,SUCCESS
B,delta,48,3700,SUCCESS
B,delta,49,3700,SUCCESS
B,delta,50,3700,SUCCESS
B,delta,51,3800,SUCCESS
B,delta,52,3700,SUCCESS
B,delta,53,3800,SUCCESS
B,delta,54,3700,SUCCESS
B,delta,55,3700,SUCCESS
B,delta,56,3700,SUCCESS
B,delta,57,3800,SUCCESS
B,delta,58,3800,SUCCESS
B,delta,59,3700,SUCCESS
B,delta,60,3700,SUCCESS
B,delta,61,3700,SUCCESS
B,delta,62,3700,SUCCESS
B,delta,63,3800,SUCCESS
B,delta,64,3700,SUCCESS
B,delta,65,3800,SUCCESS
B,delta,66,3700,SUCCESS
B,delta,67,3700,SUCCESS
B,delta,68,3700,SUCCESS
B,delta,69,3700,SUCCESS
B,delta,70,3700,SUCCESS
B,delta,71,3800,SUCCESS
B,delta,72,3800,SUCCESS
B,delta,73,3700,SUCCESS
B,delta,74,3700,SUCCESS
B,delta,75,3700,SUCCESS
B,delta,76,3800,SUCCESS
B,delta,77,3900,SUCCESS
B,delta,78,3700,SUCCESS
B,delta,79,3700,SUCCESS
B,delta,80,3800,SUCCESS
B,delta,81,3700,SUCCESS
B,delta,82,3700,SUCCESS
B,delta,83,3800,SUCCESS
B,delta,84,3700,SUCCESS
B,delta,85,3700,SUCCESS
B,delta,86,3700,SUCCESS
B,delta,87,3700,SUCCESS
B,delta,88,3700,SUCCESS
B,delta,89,3800,SUCCESS
B,delta,90,3700,SUCCESS
B,delta,91,3700,SUCCESS
B,delta,92,3700,SUCCESS
B,delta,93,3800,SUCCESS
B,delta,94,3800,SUCCESS
B,delta,95,3700,SUCCESS
B,delta,96,3700,SUCCESS
B,delta,97,3800,SUCCESS
B,delta,98,3700,SUCCESS
B,delta,99,3800,SUCCESS
B,delta,100,3800,SUCCESS
B,delta,101,3700,SUCCESS
B,delta,102,3800,SUCCESS
B,delta,103,3800,SUCCESS
B,delta,104,3800,SUCCESS
B,delta,105,3700,SUCCESS
B,delta,106,3700,SUCCESS
B,delta,107,3800,SUCCESS
B,delta,108,3700,SUCCESS
B,delta,109,3700,SUCCESS
B,delta,110,3700,SUCCESS
B,delta,111,3700,SUCCESS
B,delta,112,3700,SUCCESS
B,delta,113,3700,SUCCESS
B,delta,114,3700,SUCCESS
B,delta,115,3700,SUCCESS
B,delta,116,3700,SUCCESS
B,delta,117,3700,SUCCESS
B,delta,118,3800,SUCCESS
B,delta,119,3700,SUCCESS
B,delta,120,3700,SUCCESS
B,delta,121,3700,SUCCESS
B,delta,122,3800,SUCCESS
B,delta,123,3700,SUCCESS
B,delta,124,3700,SUCCESS
B,delta,125,3800,SUCCESS
B,delta,126,3800,SUCCESS
B,delta,127,3700,SUCCESS
B,delta,128,3800,SUCCESS
B,delta,129,3700,SUCCESS
B,delta,130,3700,SUCCESS
B,delta,131,3800,SUCCESS
B,delta,132,3700,SUCCESS
B,delta,133,3700,SUCCESS
B,delta,134,3700,SUCCESS
B,delta,135,3700,SUCCESS
B,delta,136,3700,SUCCESS
B,delta,137,3700,SUCCESS
B,delta,138,3700,SUCCESS
B,delta,139,3700,SUCCESS
B,delta,140,3800,SUCCESS
B,delta,141,3700,SUCCESS
B,delta,142,3700,SUCCESS
B,delta,143,3700,SUCCESS
B,delta,144,3700,SUCCESS
B,delta,145,3700,SUCCESS
B,delta,146,3700,SUCCESS
B,delta,147,3800,SUCCESS
B,delta,148,3800,SUCCESS
B,delta,149,3700,SUCCESS
B,delta,150,3700,SUCCESS
B,delta,151,3700,SUCCESS
B,delta,152,3700,SUCCESS
B,delta,153,3800,SUCCESS
B,delta,154,3700,SUCCESS
B,delta,155,3700,SUCCESS
B,delta,156,3800,SUCCESS
B,delta,157,3700,SUCCESS
B,delta,158,3800,SUCCESS
B,delta,159,3700,SUCCESS
B,delta,160,3700,SUCCESS
B,delta,161,3700,SUCCESS
B,delta,162,3700,SUCCESS
B,delta,163,3700,SUCCESS
B,delta,164,3700,SUCCESS
B,delta,165,3700,SUCCESS
B,delta,166,3700,SUCCESS
B,delta,167,3700,SUCCESS
B,delta,168,3700,SUCCESS
B,delta,169,3700,SUCCESS
B,delta,170,3700,SUCCESS
B,delta,171,3800,SUCCESS
B,delta,172,3700,SUCCESS
B,delta,173,3700,SUCCESS
B,delta,174,3700,SUCCESS
B,delta,175,3700,SUCCESS
B,delta,176,3800,SUCCESS
B,delta,177,3700,SUCCESS
B,delta,178,3700,SUCCESS
B,delta,179,3700,SUCCESS
B,delta,180,3700,SUCCESS
B,delta,181,3700,SUCCESS
B,delta,182,3700,SUCCESS
B,delta,183,3800,SUCCESS
B,delta,184,3700,SUCCESS
B,delta,185,3700,SUCCESS
B,delta,186,3800,SUCCESS
B,delta,187,3800,SUCCESS
B,delta,188,3800,SUCCESS
B,delta,189,3800,SUCCESS
B,delta,190,3800,SUCCESS
B,delta,191,3700,SUCCESS
B,delta,192,3700,SUCCESS
B,delta,193,3700,SUCCESS
B,delta,194,3700,SUCCESS
B,delta,195,3800,SUCCESS
B,delta,196,3800,SUCCESS
B,delta,197,3700,SUCCESS
B,delta,198,3700,SUCCESS
B,delta,199,3700,SUCCESS
B,delta,200,3800,SUCCESS
B,delta,201,3700,SUCCESS
B,delta,202,3800,SUCCESS
B,delta,203,3700,SUCCESS
B,delta,204,3700,SUCCESS
B,delta,205,3800,SUCCESS
B,delta,206,3700,SUCCESS
B,delta,207,3700,SUCCESS
B,delta,208,3700,SUCCESS
B,delta,209,3700,SUCCESS
B,delta,210,3800,SUCCESS
B,delta,211,3700,SUCCESS
B,delta,212,3700,SUCCESS
B,delta,213,3700,SUCCESS
B,delta,214,3700,SUCCESS
B,delta,215,3700,SUCCESS
B,delta,216,3700,SUCCESS
B,delta,217,3700,SUCCESS
B,delta,218,3700,SUCCESS
B,delta,219,3800,SUCCESS
B,delta,220,3700,SUCCESS
B,delta,221,3800,SUCCESS
B,delta,222,3700,SUCCESS
B,delta,223,3700,SUCCESS
B,delta,224,3700,SUCCESS
B,delta,225,3700,SUCCESS
B,delta,226,3700,SUCCESS
B,delta,227,3800,SUCCESS
B,delta,228,3700,SUCCESS
B,delta,229,3700,SUCCESS
B,delta,230,3700,SUCCESS
B,delta,231,3800,SUCCESS
B,delta,232,3800,SUCCESS
B,delta,233,3700,SUCCESS
B,delta,234,3800,SUCCESS
B,delta,235,3800,SUCCESS
B,delta,236,3700,SUCCESS
B,delta,237,3700,SUCCESS
B,delta,238,3800,SUCCESS
B,delta,239,3700,SUCCESS
B,delta,240,3700,SUCCESS
B,delta,241,3700,SUCCESS
B,delta,242,3800,SUCCESS
B,delta,243,3700,SUCCESS
B,delta,244,3700,SUCCESS
B,delta,245,3700,SUCCESS
B,delta,246,3700,SUCCESS
B,delta,247,3700,SUCCESS
B,delta,248,3800,SUCCESS
B,delta,249,3700,SUCCESS
B,delta,250,3700,SUCCESS
B,delta,251,3700,SUCCESS
B,delta,252,3700,SUCCESS
B,delta,253,3700,SUCCESS
B,delta,254,3800,SUCCESS
B,delta,255,3700,SUCCESS
B,delta,256,3700,SUCCESS
B,delta,257,3800,SUCCESS
B,delta,258,3700,SUCCESS
B,delta,259,3700,SUCCESS
B,delta,260,3700,SUCCESS
B,delta,261,3800,SUCCESS
B,delta,262,3800,SUCCESS
B,delta,263,3700,SUCCESS
B,delta,264,3700,SUCCESS
B,delta,265,3700,SUCCESS
B,delta,266,3700,SUCCESS
B,delta,267,3700,SUCCESS
B,delta,268,3700,SUCCESS
B,delta,269,3700,SUCCESS
B,delta,270,3700,SUCCESS
B,delta,271,3700,SUCCESS
B,delta,272,3800,SUCCESS
B,delta,273,3800,SUCCESS
B,delta,274,3800,SUCCESS
B,delta,275,3700,SUCCESS
B,delta,276,3700,SUCCESS
B,delta,277,3700,SUCCESS
B,delta,278,3700,SUCCESS
B,delta,279,3700,SUCCESS
B,delta,280,3700,SUCCESS
B,delta,281,3800,SUCCESS
B,delta,282,3700,SUCCESS
B,delta,283,3700,SUCCESS
B,delta,284,3800,SUCCESS
B,delta,285,3700,SUCCESS
B,delta,286,3700,SUCCESS
B,delta,287,3700,SUCCESS
B,delta,288,3800,SUCCESS
B,delta,289,3800,SUCCESS
B,delta,290,3700,SUCCESS
B,delta,291,3700,SUCCESS
B,delta,292,3700,SUCCESS
B,delta,293,3700,SUCCESS
B,delta,294,3800,SUCCESS
B,delta,295,3700,SUCCESS
B,delta,296,3800,SUCCESS
B,delta,297,3700,SUCCESS
B,delta,298,3700,SUCCESS
B,delta,299,3700,SUCCESS
B,delta,300,3700,SUCCESS
B,delta,301,3800,SUCCESS
B,delta,302,3800,SUCCESS
B,delta,303,3700,SUCCESS
B,delta,304,3700,SUCCESS
B,delta,305,3800,SUCCESS
B,delta,306,3800,SUCCESS
B,delta,307,3800,SUCCESS
B,delta,308,3700,SUCCESS
B,delta,309,3800,SUCCESS
B,delta,310,3700,SUCCESS
B,delta,311,3800,SUCCESS
B,delta,312,3700,SUCCESS
B,delta,313,3700,SUCCESS
B,delta,314,3800,SUCCESS
B,delta,315,3700,SUCCESS
B,delta,316,3700,SUCCESS
B,delta,317,3700,SUCCESS
B,delta,318,3800,SUCCESS
B,delta,319,3800,SUCCESS
B,delta,320,3800,SUCCESS
B,delta,321,3700,SUCCESS
B,delta,322,3700,SUCCESS
B,delta,323,3800,SUCCESS
B,delta,324,3700,SUCCESS
B,delta,325,3700,SUCCESS
B,delta,326,3800,SUCCESS
B,delta,327,3700,SUCCESS
B,delta,328,3700,SUCCESS
B,delta,329,3800,SUCCESS
B,delta,330,3700,SUCCESS
B,delta,331,3700,SUCCESS
B,delta,332,3700,SUCCESS
B,delta,333,3700,SUCCESS
B,delta,334,3700,SUCCESS
B,delta,335,3700,SUCCESS
B,delta,336,3700,SUCCESS
B,delta,337,3700,SUCCESS
B,delta,338,3700,SUCCESS
B,delta,339,3700,SUCCESS
B,delta,340,3700,SUCCESS
B,delta,341,3800,SUCCESS
B,delta,342,3700,SUCCESS
B,delta,343,3700,SUCCESS
B,delta,344,3700,SUCCESS
B,delta,345,3700,SUCCESS
B,delta,346,3800,SUCCESS
B,delta,347,3800,SUCCESS
B,delta,348,3700,SUCCESS
B,delta,349,3700,SUCCESS
B,delta,350,3700,SUCCESS
B,delta,351,3800,SUCCESS
B,delta,352,3800,SUCCESS
B,delta,353,3800,SUCCESS
B,delta,354,3700,SUCCESS
B,delta,355,3700,SUCCESS
B,delta,356,3700,SUCCESS
B,delta,357,3700,SUCCESS
B,delta,358,3800,SUCCESS
B,delta,359,3700,SUCCESS
B,delta,360,3800,SUCCESS
B,delta,361,3800,SUCCESS
B,delta,362,3800,SUCCESS
B,delta,363,3700,SUCCESS
B,delta,364,3700,SUCCESS
B,delta,365,3700,SUCCESS
B,delta,366,3800,SUCCESS
B,delta,367,3700,SUCCESS
B,delta,368,3700,SUCCESS
B,delta,369,3700,SUCCESS
B,delta,370,3800,SUCCESS
B,delta,371,3700,SUCCESS
B,delta,372,3800,SUCCESS
B,delta,373,3800,SUCCESS
B,delta,374,3800,SUCCESS
B,delta,375,3700,SUCCESS
B,delta,376,3700,SUCCESS
B,delta,377,3800,SUCCESS
B,delta,378,3700,SUCCESS
B,delta,379,3700,SUCCESS
B,delta,380,3800,SUCCESS
B,delta,381,3700,SUCCESS
B,delta,382,3700,SUCCESS
B,delta,383,3700,SUCCESS
B,delta,384,3800,SUCCESS
B,delta,385,3700,SUCCESS
B,delta,386,3700,SUCCESS
B,delta,387,3800,SUCCESS
B,delta,388,3700,SUCCESS
B,delta,389,3700,SUCCESS
B,delta,390,3800,SUCCESS
B,delta,391,3700,SUCCESS
B,delta,392,3800,SUCCESS
B,delta,393,3700,SUCCESS
B,delta,394,3700,SUCCESS
B,delta,395,3700,SUCCESS
B,delta,396,3700,SUCCESS
B,delta,397,3700,SUCCESS
B,delta,398,3800,SUCCESS
B,delta,399,3700,SUCCESS
B,delta,400,3700,SUCCESS
B,delta,401,3700,SUCCESS
B,delta,402,3800,SUCCESS
B,delta,403,3700,SUCCESS
B,delta,404,3700,SUCCESS
B,delta,405,3700,SUCCESS
B,delta,406,3700,SUCCESS
B,delta,407,3800,SUCCESS
B,delta,408,3700,SUCCESS
B,delta,409,3700,SUCCESS
B,delta,410,3700,SUCCESS
B,delta,411,3800,SUCCESS
B,delta,412,3800,SUCCESS
B,delta,413,3800,SUCCESS
B,delta,414,3700,SUCCESS
B,delta,415,3700,SUCCESS
B,delta,416,3800,SUCCESS
B,delta,417,3700,SUCCESS
B,delta,418,3700,SUCCESS
B,delta,419,3900,SUCCESS
B,delta,420,3700,SUCCESS
B,delta,421,3700,SUCCESS
B,delta,422,3700,SUCCESS
B,delta,423,3700,SUCCESS
B,delta,424,3800,SUCCESS
B,delta,425,3800,SUCCESS
B,delta,426,3700,SUCCESS
B,delta,427,3700,SUCCESS
B,delta,428,3700,SUCCESS
B,delta,429,3700,SUCCESS
B,delta,430,3700,SUCCESS
B,delta,431,3800,SUCCESS
B,delta,432,3800,SUCCESS
B,delta,433,3800,SUCCESS
B,delta,434,3700,SUCCESS
B,delta,435,3800,SUCCESS
B,delta,436,3700,SUCCESS
B,delta,437,3700,SUCCESS
B,delta,438,3700,SUCCESS
B,delta,439,3700,SUCCESS
B,delta,440,3700,SUCCESS
B,delta,441,3800,SUCCESS
B,delta,442,3700,SUCCESS
B,delta,443,3700,SUCCESS
B,delta,444,3700,SUCCESS
B,delta,445,3800,SUCCESS
B,delta,446,3800,SUCCESS
B,delta,447,3700,SUCCESS
B,delta,448,3800,SUCCESS
B,delta,449,3700,SUCCESS
B,delta,450,3700,SUCCESS
B,delta,451,3700,SUCCESS
B,delta,452,3700,SUCCESS
B,delta,453,3700,SUCCESS
B,delta,454,3700,SUCCESS
B,delta,455,3700,SUCCESS
B,delta,456,3800,SUCCESS
B,delta,457,3800,SUCCESS
B,delta,458,3700,SUCCESS
B,delta,459,3700,SUCCESS
B,delta,460,3700,SUCCESS
B,delta,461,3800,SUCCESS
B,delta,462,3700,SUCCESS
B,delta,463,3800,SUCCESS
B,delta,464,3700,SUCCESS
B,delta,465,3700,SUCCESS
B,delta,466,3700,SUCCESS
B,delta,467,3700,SUCCESS
B,delta,468,3700,SUCCESS
B,delta,469,3700,SUCCESS
B,delta,470,3800,SUCCESS
B,delta,471,3800,SUCCESS
B,delta,472,4000,SUCCESS
B,delta,473,4000,SUCCESS
B,delta,474,3900,SUCCESS
B,delta,475,4000,SUCCESS
B,delta,476,3900,SUCCESS
B,delta,477,3900,SUCCESS
B,delta,478,3900,SUCCESS
B,delta,479,4100,SUCCESS
B,delta,480,4000,SUCCESS
B,delta,481,3900,SUCCESS
B,delta,482,4000,SUCCESS
B,delta,483,10200,SUCCESS
B,delta,484,4200,SUCCESS
B,delta,485,5200,SUCCESS
B,delta,486,5200,SUCCESS
B,delta,487,5200,SUCCESS
B,delta,488,5200,SUCCESS
B,delta,489,5100,SUCCESS
B,delta,490,5200,SUCCESS
B,delta,491,5200,SUCCESS
B,delta,492,5200,SUCCESS
B,delta,493,5200,SUCCESS
B,delta,494,4000,SUCCESS
B,delta,495,4000,SUCCESS
B,delta,496,4000,SUCCESS
B,delta,497,4000,SUCCESS
B,delta,498,4000,SUCCESS
B,delta,499,3900,SUCCESS
B,delta,500,4100,SUCCESS
B,delta,501,4000,SUCCESS
B,delta,502,4000,SUCCESS
B,delta,503,3900,SUCCESS
B,delta,504,4000,SUCCESS
B,delta,505,4000,SUCCESS
B,delta,506,3900,SUCCESS
B,delta,507,4000,SUCCESS
B,delta,508,3900,SUCCESS
B,delta,509,4000,SUCCESS
B,delta,510,4000,SUCCESS
B,delta,511,3900,SUCCESS
B,delta,512,3900,SUCCESS
B,delta,513,4000,SUCCESS
B,delta,514,4000,SUCCESS
B,delta,515,4000,SUCCESS
B,delta,516,4000,SUCCESS
B,delta,517,4000,SUCCESS
B,delta,518,4000,SUCCESS
B,delta,519,4000,SUCCESS
B,delta,520,4000,SUCCESS
B,delta,521,4100,SUCCESS
B,delta,522,4000,SUCCESS
B,delta,523,4000,SUCCESS
B,delta,524,4000,SUCCESS
B,delta,525,3900,SUCCESS
B,delta,526,4100,SUCCESS
B,delta,527,4000,SUCCESS
B,delta,528,3900,SUCCESS
B,delta,529,3900,SUCCESS
B,delta,530,3900,SUCCESS
B,delta,531,4000,SUCCESS
B,delta,532,3900,SUCCESS
B,delta,533,4000,SUCCESS
B,delta,534,4000,SUCCESS
B,delta,535,4000,SUCCESS
B,delta,536,4000,SUCCESS
B,delta,537,4000,SUCCESS
B,delta,538,4100,SUCCESS
B,delta,539,4000,SUCCESS
B,delta,540,4000,SUCCESS
B,delta,541,4000,SUCCESS
B,delta,542,4100,SUCCESS
B,delta,543,4000,SUCCESS
B,delta,544,4000,SUCCESS
B,delta,545,10700,SUCCESS
B,delta,546,4100,SUCCESS
B,delta,547,4000,SUCCESS
B,delta,548,5300,SUCCESS
B,delta,549,5200,SUCCESS
B,delta,550,5200,SUCCESS
B,delta,551,5200,SUCCESS
B,delta,552,5200,SUCCESS
B,delta,553,5200,SUCCESS
B,delta,554,5200,SUCCESS
B,delta,555,5200,SUCCESS
B,delta,556,5200,SUCCESS
B,delta,557,4000,SUCCESS
B,delta,558,4000,SUCCESS
B,delta,559,4000,SUCCESS
B,delta,560,3900,SUCCESS
B,delta,561,4000,SUCCESS
B,delta,562,4000,SUCCESS
B,delta,563,3900,SUCCESS
B,delta,564,4000,SUCCESS
B,delta,565,4000,SUCCESS
B,delta,566,4000,SUCCESS
B,delta,567,4000,SUCCESS
B,delta,568,3900,SUCCESS
B,delta,569,4000,SUCCESS
B,delta,570,4000,SUCCESS
B,delta,571,3900,SUCCESS
B,delta,572,3900,SUCCESS
B,delta,573,3900,SUCCESS
B,delta,574,3900,SUCCESS
B,delta,575,4100,SUCCESS
B,delta,576,4000,SUCCESS
B,delta,577,4000,SUCCESS
B,delta,578,4000,SUCCESS
B,delta,579,4000,SUCCESS
B,delta,580,4000,SUCCESS
B,delta,581,4100,SUCCESS
B,delta,582,4000,SUCCESS
B,delta,583,4000,SUCCESS
B,delta,584,4100,SUCCESS
B,delta,585,4000,SUCCESS
B,delta,586,4000,SUCCESS
B,delta,587,4000,SUCCESS
B,delta,588,4000,SUCCESS
B,delta,589,3900,SUCCESS
B,delta,590,4100,SUCCESS
B,delta,591,3900,SUCCESS
B,delta,592,3900,SUCCESS
B,delta,593,4200,SUCCESS
B,delta,594,3900,SUCCESS
B,delta,595,4000,SUCCESS
B,delta,596,4100,SUCCESS
B,delta,597,3900,SUCCESS
B,delta,598,3900,SUCCESS
B,delta,599,4100,SUCCESS
B,delta,600,4000,SUCCESS
B,delta,601,3900,SUCCESS
B,delta,602,4100,SUCCESS
B,delta,603,3900,SUCCESS
B,delta,604,4000,SUCCESS
B,delta,605,4000,SUCCESS
B,delta,606,4000,SUCCESS
B,delta,607,3900,SUCCESS
B,delta,608,4000,SUCCESS
B,delta,609,4000,SUCCESS
B,delta,610,4000,SUCCESS
B,delta,611,4200,SUCCESS
B,delta,612,4000,SUCCESS
B,delta,613,3900,SUCCESS
B,delta,614,4100,SUCCESS
B,delta,615,4000,SUCCESS
B,delta,616,3900,SUCCESS
B,delta,617,4100,SUCCESS
B,delta,618,3900,SUCCESS
B,delta,619,3900,SUCCESS
B,delta,620,4000,SUCCESS
B,delta,621,3900,SUCCESS
B,delta,622,4000,SUCCESS
B,delta,623,4200,SUCCESS
B,delta,624,4100,SUCCESS
B,delta,625,3900,SUCCESS
B,delta,626,4200,SUCCESS
B,delta,627,4000,SUCCESS
B,delta,628,4000,SUCCESS
B,delta,629,4200,SUCCESS
B,delta,630,3900,SUCCESS
B,delta,631,3900,SUCCESS
B,delta,632,4100,SUCCESS
B,delta,633,3900,SUCCESS
B,delta,634,3900,SUCCESS
B,delta,635,4000,SUCCESS
B,delta,636,4000,SUCCESS
B,delta,637,3900,SUCCESS
B,delta,638,4100,SUCCESS
B,delta,639,4000,SUCCESS
B,delta,640,3900,SUCCESS
B,delta,641,4000,SUCCESS
B,delta,642,3900,SUCCESS
B,delta,643,3900,SUCCESS
B,delta,644,4000,SUCCESS
B,delta,645,3900,SUCCESS
B,delta,646,3900,SUCCESS
B,delta,647,4000,SUCCESS
B,delta,648,4000,SUCCESS
B,delta,649,4000,SUCCESS
B,delta,650,4000,SUCCESS
B,delta,651,3900,SUCCESS
B,delta,652,4000,SUCCESS
B,delta,653,4300,SUCCESS
B,delta,654,3900,SUCCESS
B,delta,655,4000,SUCCESS
B,delta,656,4000,SUCCESS
B,delta,657,4000,SUCCESS
B,delta,658,3900,SUCCESS
B,delta,659,4000,SUCCESS
B,delta,660,4000,SUCCESS
B,delta,661,4000,SUCCESS
B,delta,662,4300,SUCCESS
B,delta,663,4000,SUCCESS
B,delta,664,4000,SUCCESS
B,delta,665,4300,SUCCESS
B,delta,666,4000,SUCCESS
B,delta,667,4000,SUCCESS
B,delta,668,4000,SUCCESS
B,delta,669,3900,SUCCESS
B,delta,670,4000,SUCCESS
B,delta,671,4100,SUCCESS
B,delta,672,3900,SUCCESS
B,delta,673,3900,SUCCESS
B,delta,674,4000,SUCCESS
B,delta,675,4000,SUCCESS
B,delta,676,5900,SUCCESS
B,delta,677,4000,SUCCESS
B,delta,678,4000,SUCCESS
B,delta,679,4000,SUCCESS
B,delta,680,4000,SUCCESS
B,delta,681,4000,SUCCESS
B,delta,682,4000,SUCCESS
B,delta,683,4000,SUCCESS
B,delta,684,3900,SUCCESS
B,delta,685,3900,SUCCESS
B,delta,686,4200,SUCCESS
B,delta,687,4000,SUCCESS
B,delta,688,3900,SUCCESS
B,delta,689,4000,SUCCESS
B,delta,690,3900,SUCCESS
B,delta,691,3900,SUCCESS
B,delta,692,4200,SUCCESS
B,delta,693,4000,SUCCESS
B,delta,694,3900,SUCCESS
B,delta,695,4000,SUCCESS
B,delta,696,4000,SUCCESS
B,delta,697,4000,SUCCESS
B,delta,698,3900,SUCCESS
B,delta,699,3900,SUCCESS
B,delta,700,4000,SUCCESS
B,delta,701,4000,SUCCESS
B,delta,702,4000,SUCCESS
B,delta,703,4000,SUCCESS
B,delta,704,4100,SUCCESS
B,delta,705,4000,SUCCESS
B,delta,706,9800,SUCCESS
B,delta,707,4000,SUCCESS
B,delta,708,4000,SUCCESS
B,delta,709,3900,SUCCESS
B,delta,710,4200,SUCCESS
B,delta,711,4000,SUCCESS
B,delta,712,3900,SUCCESS
B,delta,713,4000,SUCCESS
B,delta,714,4100,SUCCESS
B,delta,715,4000,SUCCESS
B,delta,716,4100,SUCCESS
B,delta,717,4000,SUCCESS
B,delta,718,4000,SUCCESS
B,delta,719,4000,SUCCESS
B,delta,720,4000,SUCCESS
B,delta,721,4000,SUCCESS
B,delta,722,4100,SUCCESS
B,delta,723,4000,SUCCESS
B,delta,724,3900,SUCCESS
B,delta,725,4100,SUCCESS
B,delta,726,3900,SUCCESS
B,delta,727,4000,SUCCESS
B,delta,728,4000,SUCCESS
B,delta,729,4000,SUCCESS
B,delta,730,4000,SUCCESS
B,delta,731,4200,SUCCESS
B,delta,732,3900,SUCCESS
B,delta,733,4000,SUCCESS
B,delta,734,4000,SUCCESS
B,delta,735,4000,SUCCESS
B,delta,736,4000,SUCCESS
B,delta,737,4100,SUCCESS
B,delta,738,4000,SUCCESS
B,delta,739,4000,SUCCESS
B,delta,740,4100,SUCCESS
B,delta,741,4000,SUCCESS
B,delta,742,4000,SUCCESS
B,delta,743,4100,SUCCESS
B,delta,744,4000,SUCCESS
B,delta,745,3900,SUCCESS
B,delta,746,4300,SUCCESS
B,delta,747,4000,SUCCESS
B,delta,748,3900,SUCCESS
B,delta,749,4100,SUCCESS
B,delta,750,4000,SUCCESS
B,delta,751,4000,SUCCESS
B,delta,752,4000,SUCCESS
B,delta,753,3900,SUCCESS
B,delta,754,4000,SUCCESS
B,delta,755,4000,SUCCESS
B,delta,756,4000,SUCCESS
B,delta,757,3900,SUCCESS
B,delta,758,4400,SUCCESS
B,delta,759,4000,SUCCESS
B,delta,760,3900,SUCCESS
B,delta,761,4000,SUCCESS
B,delta,762,4000,SUCCESS
B,delta,763,4000,SUCCESS
B,delta,764,4000,SUCCESS
B,delta,765,4000,SUCCESS
B,delta,766,4000,SUCCESS
B,delta,767,4000,SUCCESS
B,delta,768,4000,SUCCESS
B,delta,769,4000,SUCCESS
B,delta,770,4100,SUCCESS
B,delta,771,3900,SUCCESS
B,delta,772,3900,SUCCESS
B,delta,773,4100,SUCCESS
B,delta,774,3900,SUCCESS
B,delta,775,3900,SUCCESS
B,delta,776,4200,SUCCESS
B,delta,777,3900,SUCCESS
B,delta,778,4000,SUCCESS
B,delta,779,4000,SUCCESS
B,delta,780,3900,SUCCESS
B,delta,781,4000,SUCCESS
B,delta,782,4000,SUCCESS
B,delta,783,3900,SUCCESS
B,delta,784,4000,SUCCESS
B,delta,785,4100,SUCCESS
B,delta,786,4000,SUCCESS
B,delta,787,4000,SUCCESS
B,delta,788,4000,SUCCESS
B,delta,789,3900,SUCCESS
B,delta,790,4000,SUCCESS
B,delta,791,4000,SUCCESS
B,delta,792,4000,SUCCESS
B,delta,793,4000,SUCCESS
B,delta,794,4000,SUCCESS
B,delta,795,4000,SUCCESS
B,delta,796,3900,SUCCESS
B,delta,797,4100,SUCCESS
B,delta,798,3900,SUCCESS
B,delta,799,3900,SUCCESS
B,delta,800,4300,SUCCESS
B,delta,801,4000,SUCCESS
B,delta,802,4000,SUCCESS
B,delta,803,4000,SUCCESS
B,delta,804,4000,SUCCESS
B,delta,805,3900,SUCCESS
B,delta,806,4200,SUCCESS
B,delta,807,4000,SUCCESS
B,delta,808,4000,SUCCESS
B,delta,809,4100,SUCCESS
B,delta,810,3900,SUCCESS
B,delta,811,3900,SUCCESS
B,delta,812,4100,SUCCESS
B,delta,813,3900,SUCCESS
B,delta,814,4000,SUCCESS
B,delta,815,4100,SUCCESS
B,delta,816,4000,SUCCESS
B,delta,817,4000,SUCCESS
B,delta,818,3900,SUCCESS
B,delta,819,4000,SUCCESS
B,delta,820,3900,SUCCESS
B,delta,821,4000,SUCCESS
B,delta,822,3900,SUCCESS
B,delta,823,4000,SUCCESS
B,delta,824,4100,SUCCESS
B,delta,825,4000,SUCCESS
B,delta,826,4000,SUCCESS
B,delta,827,4000,SUCCESS
B,delta,828,4000,SUCCESS
B,delta,829,4000,SUCCESS
B,delta,830,4000,SUCCESS
B,delta,831,3900,SUCCESS
B,delta,832,4000,SUCCESS
B,delta,833,3900,SUCCESS
B,delta,834,4000,SUCCESS
B,delta,835,4000,SUCCESS
B,delta,836,4100,SUCCESS
B,delta,837,3900,SUCCESS
B,delta,838,4000,SUCCESS
B,delta,839,4000,SUCCESS
B,delta,840,4000,SUCCESS
B,delta,841,4000,SUCCESS
B,delta,842,3900,SUCCESS
B,delta,843,3900,SUCCESS
B,delta,844,3900,SUCCESS
B,delta,845,4000,SUCCESS
B,delta,846,3900,SUCCESS
B,delta,847,4000,SUCCESS
B,delta,848,4000,SUCCESS
B,delta,849,4000,SUCCESS
B,delta,850,4000,SUCCESS
B,delta,851,4100,SUCCESS
B,delta,852,3900,SUCCESS
B,delta,853,4000,SUCCESS
B,delta,854,4000,SUCCESS
B,delta,855,4000,SUCCESS
B,delta,856,4000,SUCCESS
B,delta,857,4000,SUCCESS
B,delta,858,3900,SUCCESS
B,delta,859,4000,SUCCESS
B,delta,860,9700,SUCCESS
B,delta,861,4000,SUCCESS
B,delta,862,3900,SUCCESS
B,delta,863,4100,SUCCESS
B,delta,864,4000,SUCCESS
B,delta,865,3900,SUCCESS
B,delta,866,4000,SUCCESS
B,delta,867,4000,SUCCESS
B,delta,868,4000,SUCCESS
B,delta,869,4000,SUCCESS
B,delta,870,4000,SUCCESS
B,delta,871,3900,SUCCESS
B,delta,872,4200,SUCCESS
B,delta,873,4000,SUCCESS
B,delta,874,3900,SUCCESS
B,delta,875,4000,SUCCESS
B,delta,876,4000,SUCCESS
B,delta,877,3900,SUCCESS
B,delta,878,4000,SUCCESS
B,delta,879,3900,SUCCESS
B,delta,880,4000,SUCCESS
B,delta,881,4000,SUCCESS
B,delta,882,4000,SUCCESS
B,delta,883,3900,SUCCESS
B,delta,884,4000,SUCCESS
B,delta,885,4000,SUCCESS
B,delta,886,4000,SUCCESS
B,delta,887,4100,SUCCESS
B,delta,888,4000,SUCCESS
B,delta,889,4000,SUCCESS
B,delta,890,4100,SUCCESS
B,delta,891,3900,SUCCESS
B,delta,892,4000,SUCCESS
B,delta,893,4000,SUCCESS
B,delta,894,4000,SUCCESS
B,delta,895,3900,SUCCESS
B,delta,896,4000,SUCCESS
B,delta,897,4000,SUCCESS
B,delta,898,4000,SUCCESS
B,delta,899,4000,SUCCESS
B,delta,900,4000,SUCCESS
B,delta,901,4000,SUCCESS
B,delta,902,3900,SUCCESS
B,delta,903,4000,SUCCESS
B,delta,904,3900,SUCCESS
B,delta,905,4000,SUCCESS
B,delta,906,4000,SUCCESS
B,delta,907,3900,SUCCESS
B,delta,908,4000,SUCCESS
B,delta,909,4000,SUCCESS
B,delta,910,3900,SUCCESS
B,delta,911,4000,SUCCESS
B,delta,912,3900,SUCCESS
B,delta,913,3900,SUCCESS
B,delta,914,3900,SUCCESS
B,delta,915,4000,SUCCESS
B,delta,916,3900,SUCCESS
B,delta,917,4000,SUCCESS
B,delta,918,4000,SUCCESS
B,delta,919,4000,SUCCESS
B,delta,920,4100,SUCCESS
B,delta,921,4000,SUCCESS
B,delta,922,4000,SUCCESS
B,delta,923,4000,SUCCESS
B,delta,924,4000,SUCCESS
B,delta,925,4000,SUCCESS
B,delta,926,4000,SUCCESS
B,delta,927,4000,SUCCESS
B,delta,928,4000,SUCCESS
B,delta,929,4000,SUCCESS
B,delta,930,4000,SUCCESS
B,delta,931,4000,SUCCESS
B,delta,932,4300,SUCCESS
B,delta,933,4000,SUCCESS
B,delta,934,4000,SUCCESS
B,delta,935,3900,SUCCESS
B,delta,936,4000,SUCCESS
B,delta,937,4000,SUCCESS
B,delta,938,4000,SUCCESS
B,delta,939,4000,SUCCESS
B,delta,940,4000,SUCCESS
B,delta,941,4100,SUCCESS
B,delta,942,3900,SUCCESS
B,delta,943,3900,SUCCESS
B,delta,944,4100,SUCCESS
B,delta,945,4000,SUCCESS
B,delta,946,4000,SUCCESS
B,delta,947,4000,SUCCESS
B,delta,948,3900,SUCCESS
B,delta,949,4000,SUCCESS
B,delta,950,4000,SUCCESS
B,delta,951,4000,SUCCESS
B,delta,952,3900,SUCCESS
B,delta,953,4000,SUCCESS
B,delta,954,4000,SUCCESS
B,delta,955,3900,SUCCESS
B,delta,956,4000,SUCCESS
B,delta,957,4000,SUCCESS
B,delta,958,4000,SUCCESS
B,delta,959,4000,SUCCESS
B,delta,960,4000,SUCCESS
B,delta,961,3900,SUCCESS
B,delta,962,4000,SUCCESS
B,delta,963,4000,SUCCESS
B,delta,964,4000,SUCCESS
B,delta,965,3900,SUCCESS
B,delta,966,4000,SUCCESS
B,delta,967,3900,SUCCESS
B,delta,968,4000,SUCCESS
B,delta,969,3900,SUCCESS
B,delta,970,3900,SUCCESS
B,delta,971,4000,SUCCESS
B,delta,972,4000,SUCCESS
B,delta,973,3900,SUCCESS
B,delta,974,4000,SUCCESS
B,delta,975,4000,SUCCESS
B,delta,976,3900,SUCCESS
B,delta,977,4100,SUCCESS
B,delta,978,3900,SUCCESS
B,delta,979,4000,SUCCESS
B,delta,980,3900,SUCCESS
B,delta,981,3900,SUCCESS
B,delta,982,4000,SUCCESS
B,delta,983,4000,SUCCESS
B,delta,984,4000,SUCCESS
B,delta,985,3900,SUCCESS
B,delta,986,3900,SUCCESS
B,delta,987,4000,SUCCESS
B,delta,988,3900,SUCCESS
B,delta,989,4000,SUCCESS
B,delta,990,3900,SUCCESS
B,delta,991,4000,SUCCESS
B,delta,992,4100,SUCCESS
B,delta,993,4100,SUCCESS
B,delta,994,4000,SUCCESS
B,delta,995,4000,SUCCESS
B,delta,996,4000,SUCCESS
B,delta,997,4000,SUCCESS
B,delta,998,3900,SUCCESS
B,delta,999,3900,SUCCESS
B,epsilon,0,4200,SUCCESS
B,epsilon,1,4100,SUCCESS
B,epsilon,2,4000,SUCCESS
B,epsilon,3,4000,SUCCESS
B,epsilon,4,4000,SUCCESS
B,epsilon,5,4000,SUCCESS
B,epsilon,6,4100,SUCCESS
B,epsilon,7,4000,SUCCESS
B,epsilon,8,4000,SUCCESS
B,epsilon,9,4000,SUCCESS
B,epsilon,10,3900,SUCCESS
B,epsilon,11,4000,SUCCESS
B,epsilon,12,4000,SUCCESS
B,epsilon,13,4100,SUCCESS
B,epsilon,14,4000,SUCCESS
B,epsilon,15,4000,SUCCESS
B,epsilon,16,4000,SUCCESS
B,epsilon,17,3900,SUCCESS
B,epsilon,18,4000,SUCCESS
B,epsilon,19,4000,SUCCESS
B,epsilon,20,4000,SUCCESS
B,epsilon,21,4200,SUCCESS
B,epsilon,22,4000,SUCCESS
B,epsilon,23,4000,SUCCESS
B,epsilon,24,3900,SUCCESS
B,epsilon,25,3900,SUCCESS
B,epsilon,26,4300,SUCCESS
B,epsilon,27,4000,SUCCESS
B,epsilon,28,4000,SUCCESS
B,epsilon,29,4000,SUCCESS
B,epsilon,30,4000,SUCCESS
B,epsilon,31,4100,SUCCESS
B,epsilon,32,4000,SUCCESS
B,epsilon,33,4000,SUCCESS
B,epsilon,34,4000,SUCCESS
B,epsilon,35,4000,SUCCESS
B,epsilon,36,4300,SUCCESS
B,epsilon,37,4000,SUCCESS
B,epsilon,38,4000,SUCCESS
B,epsilon,39,4000,SUCCESS
B,epsilon,40,4000,SUCCESS
B,epsilon,41,4200,SUCCESS
B,epsilon,42,4000,SUCCESS
B,epsilon,43,4000,SUCCESS
B,epsilon,44,4000,SUCCESS
B,epsilon,45,4000,SUCCESS
B,epsilon,46,4100,SUCCESS
B,epsilon,47,3900,SUCCESS
B,epsilon,48,3900,SUCCESS
B,epsilon,49,3900,SUCCESS
B,epsilon,50,4000,SUCCESS
B,epsilon,51,4200,SUCCESS
B,epsilon,52,4000,SUCCESS
B,epsilon,53,4000,SUCCESS
B,epsilon,54,4000,SUCCESS
B,epsilon,55,4000,SUCCESS
B,epsilon,56,4200,SUCCESS
B,epsilon,57,4000,SUCCESS
B,epsilon,58,3900,SUCCESS
B,epsilon,59,4000,SUCCESS
B,epsilon,60,4000,SUCCESS
B,epsilon,61,4300,SUCCESS
B,epsilon,62,4000,SUCCESS
B,epsilon,63,4000,SUCCESS
B,epsilon,64,4000,SUCCESS
B,epsilon,65,4000,SUCCESS
B,epsilon,66,4200,SUCCESS
B,epsilon,67,4000,SUCCESS
B,epsilon,68,4000,SUCCESS
B,epsilon,69,4000,SUCCESS
B,epsilon,70,4000,SUCCESS
B,epsilon,71,4100,SUCCESS
B,epsilon,72,3900,SUCCESS
B,epsilon,73,4000,SUCCESS
B,epsilon,74,3900,SUCCESS
B,epsilon,75,4000,SUCCESS
B,epsilon,76,4100,SUCCESS
B,epsilon,77,4000,SUCCESS
B,epsilon,78,4000,SUCCESS
B,epsilon,79,4000,SUCCESS
B,epsilon,80,4000,SUCCESS
B,epsilon,81,4400,SUCCESS
B,epsilon,82,4000,SUCCESS
B,epsilon,83,3900,SUCCESS
B,epsilon,84,3900,SUCCESS
B,epsilon,85,4000,SUCCESS
B,epsilon,86,4100,SUCCESS
B,epsilon,87,4000,SUCCESS
B,epsilon,88,4000,SUCCESS
B,epsilon,89,4000,SUCCESS
B,epsilon,90,4000,SUCCESS
B,epsilon,91,4100,SUCCESS
B,epsilon,92,4000,SUCCESS
B,epsilon,93,4000,SUCCESS
B,epsilon,94,4000,SUCCESS
B,epsilon,95,4000,SUCCESS
B,epsilon,96,4000,SUCCESS
B,epsilon,97,4100,SUCCESS
B,epsilon,98,4000,SUCCESS
B,epsilon,99,4000,SUCCESS
B,epsilon,100,4000,SUCCESS
B,epsilon,101,4000,SUCCESS
B,epsilon,102,4100,SUCCESS
B,epsilon,103,4000,SUCCESS
B,epsilon,104,3900,SUCCESS
B,epsilon,105,4000,SUCCESS
B,epsilon,106,4000,SUCCESS
B,epsilon,107,4000,SUCCESS
B,epsilon,108,4000,SUCCESS
B,epsilon,109,4000,SUCCESS
B,epsilon,110,4000,SUCCESS
B,epsilon,111,4000,SUCCESS
B,epsilon,112,4000,SUCCESS
B,epsilon,113,4000,SUCCESS
B,epsilon,114,4000,SUCCESS
B,epsilon,115,4200,SUCCESS
B,epsilon,116,4000,SUCCESS
B,epsilon,117,4100,SUCCESS
B,epsilon,118,4000,SUCCESS
B,epsilon,119,4000,SUCCESS
B,epsilon,120,4000,SUCCESS
B,epsilon,121,4000,SUCCESS
B,epsilon,122,4000,SUCCESS
B,epsilon,123,4100,SUCCESS
B,epsilon,124,4000,SUCCESS
B,epsilon,125,4000,SUCCESS
B,epsilon,126,4000,SUCCESS
B,epsilon,127,4000,SUCCESS
B,epsilon,128,4000,SUCCESS
B,epsilon,129,4000,SUCCESS
B,epsilon,130,4000,SUCCESS
B,epsilon,131,4000,SUCCESS
B,epsilon,132,4000,SUCCESS
B,epsilon,133,4000,SUCCESS
B,epsilon,134,4000,SUCCESS
B,epsilon,135,4000,SUCCESS
B,epsilon,136,4000,SUCCESS
B,epsilon,137,4000,SUCCESS
B,epsilon,138,4000,SUCCESS
B,epsilon,139,4000,SUCCESS
B,epsilon,140,4000,SUCCESS
B,epsilon,141,4000,SUCCESS
B,epsilon,142,4000,SUCCESS
B,epsilon,143,4100,SUCCESS
B,epsilon,144,3900,SUCCESS
B,epsilon,145,3900,SUCCESS
B,epsilon,146,4100,SUCCESS
B,epsilon,147,4100,SUCCESS
B,epsilon,148,4100,SUCCESS
B,epsilon,149,4000,SUCCESS
B,epsilon,150,4000,SUCCESS
B,epsilon,151,4000,SUCCESS
B,epsilon,152,4000,SUCCESS
B,epsilon,153,4000,SUCCESS
B,epsilon,154,4000,SUCCESS
B,epsilon,155,4000,SUCCESS
B,epsilon,156,3900,SUCCESS
B,epsilon,157,4000,SUCCESS
B,epsilon,158,4100,SUCCESS
B,epsilon,159,45700,SUCCESS
B,epsilon,160,4300,SUCCESS
B,epsilon,161,4000,SUCCESS
B,epsilon,162,4000,SUCCESS
B,epsilon,163,4000,SUCCESS
B,epsilon,164,4000,SUCCESS
B,epsilon,165,4000,SUCCESS
B,epsilon,166,4000,SUCCESS
B,epsilon,167,4000,SUCCESS
B,epsilon,168,4000,SUCCESS
B,epsilon,169,4000,SUCCESS
B,epsilon,170,4000,SUCCESS
B,epsilon,171,4000,SUCCESS
B,epsilon,172,3900,SUCCESS
B,epsilon,173,4000,SUCCESS
B,epsilon,174,4000,SUCCESS
B,epsilon,175,4000,SUCCESS
B,epsilon,176,4000,SUCCESS
B,epsilon,177,4000,SUCCESS
B,epsilon,178,4000,SUCCESS
B,epsilon,179,4000,SUCCESS
B,epsilon,180,4000,SUCCESS
B,epsilon,181,4000,SUCCESS
B,epsilon,182,4000,SUCCESS
B,epsilon,183,4000,SUCCESS
B,epsilon,184,4000,SUCCESS
B,epsilon,185,4000,SUCCESS
B,epsilon,186,4000,SUCCESS
B,epsilon,187,4000,SUCCESS
B,epsilon,188,3900,SUCCESS
B,epsilon,189,4000,SUCCESS
B,epsilon,190,4000,SUCCESS
B,epsilon,191,4000,SUCCESS
B,epsilon,192,4000,SUCCESS
B,epsilon,193,3900,SUCCESS
B,epsilon,194,4000,SUCCESS
B,epsilon,195,4000,SUCCESS
B,epsilon,196,4000,SUCCESS
B,epsilon,197,4000,SUCCESS
B,epsilon,198,4000,SUCCESS
B,epsilon,199,4000,SUCCESS
B,epsilon,200,4000,SUCCESS
B,epsilon,201,4000,SUCCESS
B,epsilon,202,4000,SUCCESS
B,epsilon,203,3900,SUCCESS
B,epsilon,204,4000,SUCCESS
B,epsilon,205,4000,SUCCESS
B,epsilon,206,4000,SUCCESS
B,epsilon,207,3900,SUCCESS
B,epsilon,208,4000,SUCCESS
B,epsilon,209,4000,SUCCESS
B,epsilon,210,4100,SUCCESS
B,epsilon,211,4000,SUCCESS
B,epsilon,212,4000,SUCCESS
B,epsilon,213,3900,SUCCESS
B,epsilon,214,4000,SUCCESS
B,epsilon,215,4000,SUCCESS
B,epsilon,216,4000,SUCCESS
B,epsilon,217,4000,SUCCESS
B,epsilon,218,3900,SUCCESS
B,epsilon,219,4000,SUCCESS
B,epsilon,220,4000,SUCCESS
B,epsilon,221,4000,SUCCESS
B,epsilon,222,4000,SUCCESS
B,epsilon,223,4000,SUCCESS
B,epsilon,224,4000,SUCCESS
B,epsilon,225,4000,SUCCESS
B,epsilon,226,3900,SUCCESS
B,epsilon,227,4000,SUCCESS
B,epsilon,228,4000,SUCCESS
B,epsilon,229,4000,SUCCESS
B,epsilon,230,4100,SUCCESS
B,epsilon,231,4000,SUCCESS
B,epsilon,232,3900,SUCCESS
B,epsilon,233,4000,SUCCESS
B,epsilon,234,4000,SUCCESS
B,epsilon,235,4000,SUCCESS
B,epsilon,236,4100,SUCCESS
B,epsilon,237,4000,SUCCESS
B,epsilon,238,4000,SUCCESS
B,epsilon,239,4100,SUCCESS
B,epsilon,240,4000,SUCCESS
B,epsilon,241,4000,SUCCESS
B,epsilon,242,4000,SUCCESS
B,epsilon,243,4000,SUCCESS
B,epsilon,244,4000,SUCCESS
B,epsilon,245,4000,SUCCESS
B,epsilon,246,4000,SUCCESS
B,epsilon,247,4000,SUCCESS
B,epsilon,248,4000,SUCCESS
B,epsilon,249,4000,SUCCESS
B,epsilon,250,4000,SUCCESS
B,epsilon,251,4000,SUCCESS
B,epsilon,252,4000,SUCCESS
B,epsilon,253,4000,SUCCESS
B,epsilon,254,4000,SUCCESS
B,epsilon,255,4000,SUCCESS
B,epsilon,256,4000,SUCCESS
B,epsilon,257,4000,SUCCESS
B,epsilon,258,4000,SUCCESS
B,epsilon,259,3900,SUCCESS
B,epsilon,260,4000,SUCCESS
B,epsilon,261,4000,SUCCESS
B,epsilon,262,4000,SUCCESS
B,epsilon,263,4000,SUCCESS
B,epsilon,264,4000,SUCCESS
B,epsilon,265,4000,SUCCESS
B,epsilon,266,4000,SUCCESS
B,epsilon,267,4000,SUCCESS
B,epsilon,268,4000,SUCCESS
B,epsilon,269,4300,SUCCESS
B,epsilon,270,4000,SUCCESS
B,epsilon,271,4000,SUCCESS
B,epsilon,272,4000,SUCCESS
B,epsilon,273,4000,SUCCESS
B,epsilon,274,4000,SUCCESS
B,epsilon,275,4000,SUCCESS
B,epsilon,276,4000,SUCCESS
B,epsilon,277,3900,SUCCESS
B,epsilon,278,4100,SUCCESS
B,epsilon,279,4000,SUCCESS
B,epsilon,280,4000,SUCCESS
B,epsilon,281,4000,SUCCESS
B,epsilon,282,4000,SUCCESS
B,epsilon,283,4000,SUCCESS
B,epsilon,284,4000,SUCCESS
B,epsilon,285,4000,SUCCESS
B,epsilon,286,4000,SUCCESS
B,epsilon,287,4000,SUCCESS
B,epsilon,288,3900,SUCCESS
B,epsilon,289,4000,SUCCESS
B,epsilon,290,3900,SUCCESS
B,epsilon,291,4000,SUCCESS
B,epsilon,292,4100,SUCCESS
B,epsilon,293,4000,SUCCESS
B,epsilon,294,4000,SUCCESS
B,epsilon,295,4000,SUCCESS
B,epsilon,296,4000,SUCCESS
B,epsilon,297,4000,SUCCESS
B,epsilon,298,4000,SUCCESS
B,epsilon,299,4000,SUCCESS
B,epsilon,300,3900,SUCCESS
B,epsilon,301,4000,SUCCESS
B,epsilon,302,3900,SUCCESS
B,epsilon,303,3800,SUCCESS
B,epsilon,304,3800,SUCCESS
B,epsilon,305,3800,SUCCESS
B,epsilon,306,3900,SUCCESS
B,epsilon,307,3800,SUCCESS
B,epsilon,308,3800,SUCCESS
B,epsilon,309,3800,SUCCESS
B,epsilon,310,3800,SUCCESS
B,epsilon,311,3800,SUCCESS
B,epsilon,312,3800,SUCCESS
B,epsilon,313,3800,SUCCESS
B,epsilon,314,3900,SUCCESS
B,epsilon,315,3800,SUCCESS
B,epsilon,316,3800,SUCCESS
B,epsilon,317,3800,SUCCESS
B,epsilon,318,3800,SUCCESS
B,epsilon,319,3800,SUCCESS
B,epsilon,320,3800,SUCCESS
B,epsilon,321,3800,SUCCESS
B,epsilon,322,3800,SUCCESS
B,epsilon,323,3800,SUCCESS
B,epsilon,324,3800,SUCCESS
B,epsilon,325,3800,SUCCESS
B,epsilon,326,3800,SUCCESS
B,epsilon,327,3800,SUCCESS
B,epsilon,328,3800,SUCCESS
B,epsilon,329,3800,SUCCESS
B,epsilon,330,4000,SUCCESS
B,epsilon,331,3900,SUCCESS
B,epsilon,332,3800,SUCCESS
B,epsilon,333,3900,SUCCESS
B,epsilon,334,3800,SUCCESS
B,epsilon,335,3800,SUCCESS
B,epsilon,336,3800,SUCCESS
B,epsilon,337,3800,SUCCESS
B,epsilon,338,3800,SUCCESS
B,epsilon,339,3800,SUCCESS
B,epsilon,340,3800,SUCCESS
B,epsilon,341,3800,SUCCESS
B,epsilon,342,3800,SUCCESS
B,epsilon,343,3800,SUCCESS
B,epsilon,344,3800,SUCCESS
B,epsilon,345,3900,SUCCESS
B,epsilon,346,3800,SUCCESS
B,epsilon,347,3800,SUCCESS
B,epsilon,348,3800,SUCCESS
B,epsilon,349,3800,SUCCESS
B,epsilon,350,3900,SUCCESS
B,epsilon,351,3900,SUCCESS
B,epsilon,352,3900,SUCCESS
B,epsilon,353,3900,SUCCESS
B,epsilon,354,3900,SUCCESS
B,epsilon,355,3900,SUCCESS
B,epsilon,356,3900,SUCCESS
B,epsilon,357,3800,SUCCESS
B,epsilon,358,3800,SUCCESS
B,epsilon,359,3900,SUCCESS
B,epsilon,360,3900,SUCCESS
B,epsilon,361,3900,SUCCESS
B,epsilon,362,3800,SUCCESS
B,epsilon,363,3900,SUCCESS
B,epsilon,364,3800,SUCCESS
B,epsilon,365,3800,SUCCESS
B,epsilon,366,3800,SUCCESS
B,epsilon,367,3800,SUCCESS
B,epsilon,368,3800,SUCCESS
B,epsilon,369,3800,SUCCESS
B,epsilon,370,3900,SUCCESS
B,epsilon,371,3900,SUCCESS
B,epsilon,372,3900,SUCCESS
B,epsilon,373,3900,SUCCESS
B,epsilon,374,3800,SUCCESS
B,epsilon,375,3800,SUCCESS
B,epsilon,376,3800,SUCCESS
B,epsilon,377,3800,SUCCESS
B,epsilon,378,3800,SUCCESS
B,epsilon,379,3800,SUCCESS
B,epsilon,380,3800,SUCCESS
B,epsilon,381,3800,SUCCESS
B,epsilon,382,3900,SUCCESS
B,epsilon,383,3900,SUCCESS
B,epsilon,384,3800,SUCCESS
B,epsilon,385,3800,SUCCESS
B,epsilon,386,3900,SUCCESS
B,epsilon,387,3800,SUCCESS
B,epsilon,388,3800,SUCCESS
B,epsilon,389,3800,SUCCESS
B,epsilon,390,3800,SUCCESS
B,epsilon,391,3800,SUCCESS
B,epsilon,392,3800,SUCCESS
B,epsilon,393,3800,SUCCESS
B,epsilon,394,3900,SUCCESS
B,epsilon,395,3800,SUCCESS
B,epsilon,396,3800,SUCCESS
B,epsilon,397,3800,SUCCESS
B,epsilon,398,3800,SUCCESS
B,epsilon,399,3800,SUCCESS
B,epsilon,400,3800,SUCCESS
B,epsilon,401,3800,SUCCESS
B,epsilon,402,3800,SUCCESS
B,epsilon,403,3800,SUCCESS
B,epsilon,404,3800,SUCCESS
B,epsilon,405,3800,SUCCESS
B,epsilon,406,3900,SUCCESS
B,epsilon,407,3800,SUCCESS
B,epsilon,408,3800,SUCCESS
B,epsilon,409,3800,SUCCESS
B,epsilon,410,3800,SUCCESS
B,epsilon,411,3800,SUCCESS
B,epsilon,412,3800,SUCCESS
B,epsilon,413,3800,SUCCESS
B,epsilon,414,3800,SUCCESS
B,epsilon,415,3800,SUCCESS
B,epsilon,416,3800,SUCCESS
B,epsilon,417,3900,SUCCESS
B,epsilon,418,3900,SUCCESS
B,epsilon,419,3800,SUCCESS
B,epsilon,420,3800,SUCCESS
B,epsilon,421,3900,SUCCESS
B,epsilon,422,3900,SUCCESS
B,epsilon,423,3800,SUCCESS
B,epsilon,424,3800,SUCCESS
B,epsilon,425,3900,SUCCESS
B,epsilon,426,3800,SUCCESS
B,epsilon,427,3800,SUCCESS
B,epsilon,428,3800,SUCCESS
B,epsilon,429,3800,SUCCESS
B,epsilon,430,3800,SUCCESS
B,epsilon,431,3800,SUCCESS
B,epsilon,432,3800,SUCCESS
B,epsilon,433,3800,SUCCESS
B,epsilon,434,3800,SUCCESS
B,epsilon,435,3800,SUCCESS
B,epsilon,436,3900,SUCCESS
B,epsilon,437,3900,SUCCESS
B,epsilon,438,3900,SUCCESS
B,epsilon,439,4900,SUCCESS
B,epsilon,440,3800,SUCCESS
B,epsilon,441,3700,SUCCESS
B,epsilon,442,3700,SUCCESS
B,epsilon,443,3700,SUCCESS
B,epsilon,444,3700,SUCCESS
B,epsilon,445,3700,SUCCESS
B,epsilon,446,3700,SUCCESS
B,epsilon,447,3800,SUCCESS
B,epsilon,448,3800,SUCCESS
B,epsilon,449,3800,SUCCESS
B,epsilon,450,3800,SUCCESS
B,epsilon,451,3800,SUCCESS
B,epsilon,452,3800,SUCCESS
B,epsilon,453,3800,SUCCESS
B,epsilon,454,3800,SUCCESS
B,epsilon,455,3800,SUCCESS
B,epsilon,456,3800,SUCCESS
B,epsilon,457,3700,SUCCESS
B,epsilon,458,3800,SUCCESS
B,epsilon,459,3800,SUCCESS
B,epsilon,460,3800,SUCCESS
B,epsilon,461,3800,SUCCESS
B,epsilon,462,3700,SUCCESS
B,epsilon,463,3800,SUCCESS
B,epsilon,464,3700,SUCCESS
B,epsilon,465,3800,SUCCESS
B,epsilon,466,3800,SUCCESS
B,epsilon,467,3800,SUCCESS
B,epsilon,468,3800,SUCCESS
B,epsilon,469,3700,SUCCESS
B,epsilon,470,3700,SUCCESS
B,epsilon,471,3700,SUCCESS
B,epsilon,472,3700,SUCCESS
B,epsilon,473,3800,SUCCESS
B,epsilon,474,3700,SUCCESS
B,epsilon,475,3700,SUCCESS
B,epsilon,476,3700,SUCCESS
B,epsilon,477,3700,SUCCESS
B,epsilon,478,3700,SUCCESS
B,epsilon,479,3800,SUCCESS
B,epsilon,480,3800,SUCCESS
B,epsilon,481,3800,SUCCESS
B,epsilon,482,3800,SUCCESS
B,epsilon,483,3800,SUCCESS
B,epsilon,484,3700,SUCCESS
B,epsilon,485,3700,SUCCESS
B,epsilon,486,3800,SUCCESS
B,epsilon,487,3800,SUCCESS
B,epsilon,488,3800,SUCCESS
B,epsilon,489,3700,SUCCESS
B,epsilon,490,3700,SUCCESS
B,epsilon,491,3800,SUCCESS
B,epsilon,492,8900,SUCCESS
B,epsilon,493,3800,SUCCESS
B,epsilon,494,3800,SUCCESS
B,epsilon,495,3800,SUCCESS
B,epsilon,496,3800,SUCCESS
B,epsilon,497,3700,SUCCESS
B,epsilon,498,3800,SUCCESS
B,epsilon,499,3800,SUCCESS
B,epsilon,500,3800,SUCCESS
B,epsilon,501,3800,SUCCESS
B,epsilon,502,3800,SUCCESS
B,epsilon,503,3800,SUCCESS
B,epsilon,504,3700,SUCCESS
B,epsilon,505,3700,SUCCESS
B,epsilon,506,3700,SUCCESS
B,epsilon,507,3700,SUCCESS
B,epsilon,508,3800,SUCCESS
B,epsilon,509,3700,SUCCESS
B,epsilon,510,3700,SUCCESS
B,epsilon,511,3800,SUCCESS
B,epsilon,512,3800,SUCCESS
B,epsilon,513,3700,SUCCESS
B,epsilon,514,3700,SUCCESS
B,epsilon,515,3800,SUCCESS
B,epsilon,516,3900,SUCCESS
B,epsilon,517,3800,SUCCESS
B,epsilon,518,3800,SUCCESS
B,epsilon,519,3700,SUCCESS
B,epsilon,520,3700,SUCCESS
B,epsilon,521,3700,SUCCESS
B,epsilon,522,3800,SUCCESS
B,epsilon,523,3800,SUCCESS
B,epsilon,524,3800,SUCCESS
B,epsilon,525,3800,SUCCESS
B,epsilon,526,3800,SUCCESS
B,epsilon,527,3800,SUCCESS
B,epsilon,528,3800,SUCCESS
B,epsilon,529,3700,SUCCESS
B,epsilon,530,3700,SUCCESS
B,epsilon,531,3700,SUCCESS
B,epsilon,532,3700,SUCCESS
B,epsilon,533,3700,SUCCESS
B,epsilon,534,3700,SUCCESS
B,epsilon,535,3700,SUCCESS
B,epsilon,536,3800,SUCCESS
B,epsilon,537,3800,SUCCESS
B,epsilon,538,3800,SUCCESS
B,epsilon,539,3800,SUCCESS
B,epsilon,540,3800,SUCCESS
B,epsilon,541,3800,SUCCESS
B,epsilon,542,3800,SUCCESS
B,epsilon,543,3800,SUCCESS
B,epsilon,544,3800,SUCCESS
B,epsilon,545,3800,SUCCESS
B,epsilon,546,3800,SUCCESS
B,epsilon,547,3800,SUCCESS
B,epsilon,548,3800,SUCCESS
B,epsilon,549,3800,SUCCESS
B,epsilon,550,3800,SUCCESS
B,epsilon,551,3800,SUCCESS
B,epsilon,552,3800,SUCCESS
B,epsilon,553,3800,SUCCESS
B,epsilon,554,3700,SUCCESS
B,epsilon,555,3700,SUCCESS
B,epsilon,556,3700,SUCCESS
B,epsilon,557,3700,SUCCESS
B,epsilon,558,3700,SUCCESS
B,epsilon,559,3700,SUCCESS
B,epsilon,560,3800,SUCCESS
B,epsilon,561,3800,SUCCESS
B,epsilon,562,3800,SUCCESS
B,epsilon,563,3700,SUCCESS
B,epsilon,564,3800,SUCCESS
B,epsilon,565,3800,SUCCESS
B,epsilon,566,3700,SUCCESS
B,epsilon,567,3800,SUCCESS
B,epsilon,568,3700,SUCCESS
B,epsilon,569,3700,SUCCESS
B,epsilon,570,3800,SUCCESS
B,epsilon,571,3700,SUCCESS
B,epsilon,572,3800,SUCCESS
B,epsilon,573,3800,SUCCESS
B,epsilon,574,3800,SUCCESS
B,epsilon,575,3800,SUCCESS
B,epsilon,576,3800,SUCCESS
B,epsilon,577,3800,SUCCESS
B,epsilon,578,3700,SUCCESS
B,epsilon,579,3700,SUCCESS
B,epsilon,580,3700,SUCCESS
B,epsilon,581,3700,SUCCESS
B,epsilon,582,3700,SUCCESS
B,epsilon,583,3700,SUCCESS
B,epsilon,584,3800,SUCCESS
B,epsilon,585,3800,SUCCESS
B,epsilon,586,3800,SUCCESS
B,epsilon,587,3800,SUCCESS
B,epsilon,588,3800,SUCCESS
B,epsilon,589,3800,SUCCESS
B,epsilon,590,3800,SUCCESS
B,epsilon,591,3800,SUCCESS
B,epsilon,592,3700,SUCCESS
B,epsilon,593,3800,SUCCESS
B,epsilon,594,3700,SUCCESS
B,epsilon,595,3700,SUCCESS
B,epsilon,596,3800,SUCCESS
B,epsilon,597,3700,SUCCESS
B,epsilon,598,3700,SUCCESS
B,epsilon,599,3800,SUCCESS
B,epsilon,600,3800,SUCCESS
B,epsilon,601,3700,SUCCESS
B,epsilon,602,3800,SUCCESS
B,epsilon,603,3800,SUCCESS
B,epsilon,604,3800,SUCCESS
B,epsilon,605,3800,SUCCESS
B,epsilon,606,3800,SUCCESS
B,epsilon,607,3800,SUCCESS
B,epsilon,608,3800,SUCCESS
B,epsilon,609,3800,SUCCESS
B,epsilon,610,3800,SUCCESS
B,epsilon,611,3800,SUCCESS
B,epsilon,612,3800,SUCCESS
B,epsilon,613,3800,SUCCESS
B,epsilon,614,3700,SUCCESS
B,epsilon,615,3700,SUCCESS
B,epsilon,616,3800,SUCCESS
B,epsilon,617,3700,SUCCESS
B,epsilon,618,3700,SUCCESS
B,epsilon,619,3700,SUCCESS
B,epsilon,620,3700,SUCCESS
B,epsilon,621,3700,SUCCESS
B,epsilon,622,3700,SUCCESS
B,epsilon,623,3700,SUCCESS
B,epsilon,624,3800,SUCCESS
B,epsilon,625,3800,SUCCESS
B,epsilon,626,3800,SUCCESS
B,epsilon,627,3800,SUCCESS
B,epsilon,628,3800,SUCCESS
B,epsilon,629,3700,SUCCESS
B,epsilon,630,3700,SUCCESS
B,epsilon,631,3800,SUCCESS
B,epsilon,632,3700,SUCCESS
B,epsilon,633,3800,SUCCESS
B,epsilon,634,3700,SUCCESS
B,epsilon,635,3700,SUCCESS
B,epsilon,636,3700,SUCCESS
B,epsilon,637,3700,SUCCESS
B,epsilon,638,3700,SUCCESS
B,epsilon,639,3700,SUCCESS
B,epsilon,640,3700,SUCCESS
B,epsilon,641,3700,SUCCESS
B,epsilon,642,3700,SUCCESS
B,epsilon,643,3700,SUCCESS
B,epsilon,644,3700,SUCCESS
B,epsilon,645,3700,SUCCESS
B,epsilon,646,3700,SUCCESS
B,epsilon,647,3700,SUCCESS
B,epsilon,648,3700,SUCCESS
B,epsilon,649,3800,SUCCESS
B,epsilon,650,3800,SUCCESS
B,epsilon,651,3700,SUCCESS
B,epsilon,652,3800,SUCCESS
B,epsilon,653,3700,SUCCESS
B,epsilon,654,3700,SUCCESS
B,epsilon,655,3700,SUCCESS
B,epsilon,656,3700,SUCCESS
B,epsilon,657,3700,SUCCESS
B,epsilon,658,3800,SUCCESS
B,epsilon,659,3800,SUCCESS
B,epsilon,660,3800,SUCCESS
B,epsilon,661,3800,SUCCESS
B,epsilon,662,3800,SUCCESS
B,epsilon,663,3800,SUCCESS
B,epsilon,664,3700,SUCCESS
B,epsilon,665,3800,SUCCESS
B,epsilon,666,3700,SUCCESS
B,epsilon,667,3700,SUCCESS
B,epsilon,668,3700,SUCCESS
B,epsilon,669,3700,SUCCESS
B,epsilon,670,3700,SUCCESS
B,epsilon,671,3700,SUCCESS
B,epsilon,672,3800,SUCCESS
B,epsilon,673,3800,SUCCESS
B,epsilon,674,3800,SUCCESS
B,epsilon,675,3800,SUCCESS
B,epsilon,676,3700,SUCCESS
B,epsilon,677,3800,SUCCESS
B,epsilon,678,3800,SUCCESS
B,epsilon,679,3800,SUCCESS
B,epsilon,680,3800,SUCCESS
B,epsilon,681,3800,SUCCESS
B,epsilon,682,3800,SUCCESS
B,epsilon,683,3800,SUCCESS
B,epsilon,684,3800,SUCCESS
B,epsilon,685,3800,SUCCESS
B,epsilon,686,3800,SUCCESS
B,epsilon,687,3700,SUCCESS
B,epsilon,688,3800,SUCCESS
B,epsilon,689,3800,SUCCESS
B,epsilon,690,3800,SUCCESS
B,epsilon,691,3800,SUCCESS
B,epsilon,692,3700,SUCCESS
B,epsilon,693,3800,SUCCESS
B,epsilon,694,3800,SUCCESS
B,epsilon,695,3800,SUCCESS
B,epsilon,696,3800,SUCCESS
B,epsilon,697,3800,SUCCESS
B,epsilon,698,3800,SUCCESS
B,epsilon,699,3800,SUCCESS
B,epsilon,700,3800,SUCCESS
B,epsilon,701,3800,SUCCESS
B,epsilon,702,3700,SUCCESS
B,epsilon,703,3700,SUCCESS
B,epsilon,704,3700,SUCCESS
B,epsilon,705,3700,SUCCESS
B,epsilon,706,3700,SUCCESS
B,epsilon,707,3700,SUCCESS
B,epsilon,708,3700,SUCCESS
B,epsilon,709,3800,SUCCESS
B,epsilon,710,3800,SUCCESS
B,epsilon,711,3800,SUCCESS
B,epsilon,712,3800,SUCCESS
B,epsilon,713,3800,SUCCESS
B,epsilon,714,3800,SUCCESS
B,epsilon,715,3800,SUCCESS
B,epsilon,716,3800,SUCCESS
B,epsilon,717,3700,SUCCESS
B,epsilon,718,3800,SUCCESS
B,epsilon,719,3700,SUCCESS
B,epsilon,720,3700,SUCCESS
B,epsilon,721,3800,SUCCESS
B,epsilon,722,3700,SUCCESS
B,epsilon,723,3700,SUCCESS
B,epsilon,724,3700,SUCCESS
B,epsilon,725,3700,SUCCESS
B,epsilon,726,3700,SUCCESS
B,epsilon,727,3700,SUCCESS
B,epsilon,728,3800,SUCCESS
B,epsilon,729,3800,SUCCESS
B,epsilon,730,3700,SUCCESS
B,epsilon,731,3700,SUCCESS
B,epsilon,732,3700,SUCCESS
B,epsilon,733,3700,SUCCESS
B,epsilon,734,3800,SUCCESS
B,epsilon,735,3800,SUCCESS
B,epsilon,736,3800,SUCCESS
B,epsilon,737,3800,SUCCESS
B,epsilon,738,3700,SUCCESS
B,epsilon,739,3800,SUCCESS
B,epsilon,740,3700,SUCCESS
B,epsilon,741,3700,SUCCESS
B,epsilon,742,3700,SUCCESS
B,epsilon,743,3700,SUCCESS
B,epsilon,744,3700,SUCCESS
B,epsilon,745,3700,SUCCESS
B,epsilon,746,3700,SUCCESS
B,epsilon,747,3800,SUCCESS
B,epsilon,748,3800,SUCCESS
B,epsilon,749,3800,SUCCESS
B,epsilon,750,3700,SUCCESS
B,epsilon,751,3700,SUCCESS
B,epsilon,752,3700,SUCCESS
B,epsilon,753,3700,SUCCESS
B,epsilon,754,3800,SUCCESS
B,epsilon,755,3700,SUCCESS
B,epsilon,756,3700,SUCCESS
B,epsilon,757,3800,SUCCESS
B,epsilon,758,3800,SUCCESS
B,epsilon,759,3700,SUCCESS
B,epsilon,760,3800,SUCCESS
B,epsilon,761,3800,SUCCESS
B,epsilon,762,3800,SUCCESS
B,epsilon,763,3700,SUCCESS
B,epsilon,764,3800,SUCCESS
B,epsilon,765,3800,SUCCESS
B,epsilon,766,3800,SUCCESS
B,epsilon,767,3800,SUCCESS
B,epsilon,768,3700,SUCCESS
B,epsilon,769,3700,SUCCESS
B,epsilon,770,3800,SUCCESS
B,epsilon,771,3800,SUCCESS
B,epsilon,772,3800,SUCCESS
B,epsilon,773,3800,SUCCESS
B,epsilon,774,3800,SUCCESS
B,epsilon,775,3800,SUCCESS
B,epsilon,776,3800,SUCCESS
B,epsilon,777,3800,SUCCESS
B,epsilon,778,3800,SUCCESS
B,epsilon,779,3700,SUCCESS
B,epsilon,780,3700,SUCCESS
B,epsilon,781,3700,SUCCESS
B,epsilon,782,3700,SUCCESS
B,epsilon,783,3700,SUCCESS
B,epsilon,784,3700,SUCCESS
B,epsilon,785,3700,SUCCESS
B,epsilon,786,3800,SUCCESS
B,epsilon,787,3800,SUCCESS
B,epsilon,788,3700,SUCCESS
B,epsilon,789,3800,SUCCESS
B,epsilon,790,3800,SUCCESS
B,epsilon,791,3800,SUCCESS
B,epsilon,792,3800,SUCCESS
B,epsilon,793,3800,SUCCESS
B,epsilon,794,3800,SUCCESS
B,epsilon,795,3800,SUCCESS
B,epsilon,796,3800,SUCCESS
B,epsilon,797,3800,SUCCESS
B,epsilon,798,3700,SUCCESS
B,epsilon,799,3800,SUCCESS
B,epsilon,800,3800,SUCCESS
B,epsilon,801,3800,SUCCESS
B,epsilon,802,3800,SUCCESS
B,epsilon,803,3800,SUCCESS
B,epsilon,804,3800,SUCCESS
B,epsilon,805,3800,SUCCESS
B,epsilon,806,3800,SUCCESS
B,epsilon,807,3800,SUCCESS
B,epsilon,808,3700,SUCCESS
B,epsilon,809,3800,SUCCESS
B,epsilon,810,3700,SUCCESS
B,epsilon,811,3700,SUCCESS
B,epsilon,812,3800,SUCCESS
B,epsilon,813,3800,SUCCESS
B,epsilon,814,3800,SUCCESS
B,epsilon,815,3800,SUCCESS
B,epsilon,816,3800,SUCCESS
B,epsilon,817,3800,SUCCESS
B,epsilon,818,3800,SUCCESS
B,epsilon,819,3700,SUCCESS
B,epsilon,820,3700,SUCCESS
B,epsilon,821,3700,SUCCESS
B,epsilon,822,3700,SUCCESS
B,epsilon,823,3700,SUCCESS
B,epsilon,824,3700,SUCCESS
B,epsilon,825,3700,SUCCESS
B,epsilon,826,3700,SUCCESS
B,epsilon,827,3800,SUCCESS
B,epsilon,828,3800,SUCCESS
B,epsilon,829,3700,SUCCESS
B,epsilon,830,3800,SUCCESS
B,epsilon,831,3800,SUCCESS
B,epsilon,832,3700,SUCCESS
B,epsilon,833,3700,SUCCESS
B,epsilon,834,3800,SUCCESS
B,epsilon,835,3800,SUCCESS
B,epsilon,836,3800,SUCCESS
B,epsilon,837,3800,SUCCESS
B,epsilon,838,3800,SUCCESS
B,epsilon,839,3800,SUCCESS
B,epsilon,840,3700,SUCCESS
B,epsilon,841,3700,SUCCESS
B,epsilon,842,3800,SUCCESS
B,epsilon,843,3800,SUCCESS
B,epsilon,844,3800,SUCCESS
B,epsilon,845,3800,SUCCESS
B,epsilon,846,3800,SUCCESS
B,epsilon,847,3800,SUCCESS
B,epsilon,848,3800,SUCCESS
B,epsilon,849,3800,SUCCESS
B,epsilon,850,3800,SUCCESS
B,epsilon,851,3800,SUCCESS
B,epsilon,852,3800,SUCCESS
B,epsilon,853,3800,SUCCESS
B,epsilon,854,3800,SUCCESS
B,epsilon,855,3800,SUCCESS
B,epsilon,856,3800,SUCCESS
B,epsilon,857,3800,SUCCESS
B,epsilon,858,3700,SUCCESS
B,epsilon,859,3700,SUCCESS
B,epsilon,860,3700,SUCCESS
B,epsilon,861,3700,SUCCESS
B,epsilon,862,3700,SUCCESS
B,epsilon,863,3700,SUCCESS
B,epsilon,864,3700,SUCCESS
B,epsilon,865,3700,SUCCESS
B,epsilon,866,3700,SUCCESS
B,epsilon,867,3700,SUCCESS
B,epsilon,868,3700,SUCCESS
B,epsilon,869,3800,SUCCESS
B,epsilon,870,3700,SUCCESS
B,epsilon,871,3700,SUCCESS
B,epsilon,872,3700,SUCCESS
B,epsilon,873,3700,SUCCESS
B,epsilon,874,3700,SUCCESS
B,epsilon,875,3700,SUCCESS
B,epsilon,876,3700,SUCCESS
B,epsilon,877,3800,SUCCESS
B,epsilon,878,3700,SUCCESS
B,epsilon,879,3700,SUCCESS
B,epsilon,880,3700,SUCCESS
B,epsilon,881,3700,SUCCESS
B,epsilon,882,3700,SUCCESS
B,epsilon,883,3700,SUCCESS
B,epsilon,884,3800,SUCCESS
B,epsilon,885,3800,SUCCESS
B,epsilon,886,3800,SUCCESS
B,epsilon,887,3800,SUCCESS
B,epsilon,888,3700,SUCCESS
B,epsilon,889,3800,SUCCESS
B,epsilon,890,6600,SUCCESS
B,epsilon,891,3700,SUCCESS
B,epsilon,892,3700,SUCCESS
B,epsilon,893,3700,SUCCESS
B,epsilon,894,3700,SUCCESS
B,epsilon,895,3700,SUCCESS
B,epsilon,896,3700,SUCCESS
B,epsilon,897,3800,SUCCESS
B,epsilon,898,3700,SUCCESS
B,epsilon,899,3700,SUCCESS
B,epsilon,900,3800,SUCCESS
B,epsilon,901,3700,SUCCESS
B,epsilon,902,3700,SUCCESS
B,epsilon,903,3700,SUCCESS
B,epsilon,904,3700,SUCCESS
B,epsilon,905,3700,SUCCESS
B,epsilon,906,3700,SUCCESS
B,epsilon,907,3800,SUCCESS
B,epsilon,908,3800,SUCCESS
B,epsilon,909,3800,SUCCESS
B,epsilon,910,3800,SUCCESS
B,epsilon,911,3700,SUCCESS
B,epsilon,912,3800,SUCCESS
B,epsilon,913,3800,SUCCESS
B,epsilon,914,3700,SUCCESS
B,epsilon,915,3700,SUCCESS
B,epsilon,916,3700,SUCCESS
B,epsilon,917,3800,SUCCESS
B,epsilon,918,3800,SUCCESS
B,epsilon,919,3700,SUCCESS
B,epsilon,920,3700,SUCCESS
B,epsilon,921,3800,SUCCESS
B,epsilon,922,3800,SUCCESS
B,epsilon,923,3700,SUCCESS
B,epsilon,924,3700,SUCCESS
B,epsilon,925,3800,SUCCESS
B,epsilon,926,3800,SUCCESS
B,epsilon,927,3800,SUCCESS
B,epsilon,928,3800,SUCCESS
B,epsilon,929,3800,SUCCESS
B,epsilon,930,3800,SUCCESS
B,epsilon,931,3800,SUCCESS
B,epsilon,932,3700,SUCCESS
B,epsilon,933,3700,SUCCESS
B,epsilon,934,3700,SUCCESS
B,epsilon,935,3700,SUCCESS
B,epsilon,936,3700,SUCCESS
B,epsilon,937,3700,SUCCESS
B,epsilon,938,3700,SUCCESS
B,epsilon,939,3700,SUCCESS
B,epsilon,940,3700,SUCCESS
B,epsilon,941,3700,SUCCESS
B,epsilon,942,3700,SUCCESS
B,epsilon,943,3700,SUCCESS
B,epsilon,944,3700,SUCCESS
B,epsilon,945,3700,SUCCESS
B,epsilon,946,3700,SUCCESS
B,epsilon,947,3700,SUCCESS
B,epsilon,948,3700,SUCCESS
B,epsilon,949,3700,SUCCESS
B,epsilon,950,3700,SUCCESS
B,epsilon,951,3700,SUCCESS
B,epsilon,952,3700,SUCCESS
B,epsilon,953,3700,SUCCESS
B,epsilon,954,3700,SUCCESS
B,epsilon,955,3700,SUCCESS
B,epsilon,956,3800,SUCCESS
B,epsilon,957,3800,SUCCESS
B,epsilon,958,3800,SUCCESS
B,epsilon,959,3800,SUCCESS
B,epsilon,960,3800,SUCCESS
B,epsilon,961,3800,SUCCESS
B,epsilon,962,3700,SUCCESS
B,epsilon,963,3700,SUCCESS
B,epsilon,964,3700,SUCCESS
B,epsilon,965,3700,SUCCESS
B,epsilon,966,3700,SUCCESS
B,epsilon,967,3700,SUCCESS
B,epsilon,968,3700,SUCCESS
B,epsilon,969,3800,SUCCESS
B,epsilon,970,3800,SUCCESS
B,epsilon,971,3800,SUCCESS
B,epsilon,972,3800,SUCCESS
B,epsilon,973,3800,SUCCESS
B,epsilon,974,3800,SUCCESS
B,epsilon,975,3800,SUCCESS
B,epsilon,976,3800,SUCCESS
B,epsilon,977,3800,SUCCESS
B,epsilon,978,3800,SUCCESS
B,epsilon,979,3800,SUCCESS
B,epsilon,980,3800,SUCCESS
B,epsilon,981,3800,SUCCESS
B,epsilon,982,3800,SUCCESS
B,epsilon,983,3800,SUCCESS
B,epsilon,984,4000,SUCCESS
B,epsilon,985,3700,SUCCESS
B,epsilon,986,3700,SUCCESS
B,epsilon,987,3800,SUCCESS
B,epsilon,988,3800,SUCCESS
B,epsilon,989,3800,SUCCESS
B,epsilon,990,3800,SUCCESS
B,epsilon,991,3700,SUCCESS
B,epsilon,992,3700,SUCCESS
B,epsilon,993,3700,SUCCESS
B,epsilon,994,3800,SUCCESS
B,epsilon,995,3800,SUCCESS
B,epsilon,996,3800,SUCCESS
B,epsilon,997,3700,SUCCESS
B,epsilon,998,3700,SUCCESS
B,epsilon,999,3800,SUCCESS
