PIPE,gamma,0,304300,182500,11200,SUCCESS
PIPE,gamma,1,295600,147000,11500,SUCCESS
PIPE,gamma,2,263400,130400,12700,SUCCESS
PIPE,gamma,3,258800,107600,13000,SUCCESS
PIPE,gamma,4,243600,86500,15800,SUCCESS
PIPE,gamma,5,238200,67200,20800,SUCCESS
PIPE,gamma,6,174600,5600,12100,SUCCESS
PIPE,gamma,7,145400,93300,29100,SUCCESS
PIPE,gamma,8,91900,44500,12200,SUCCESS
PIPE,gamma,9,86000,11800,10900,SUCCESS
PIPE,gamma,10,31300,20000,10300,SUCCESS
PIPE,gamma,11,42100,7800,27800,SUCCESS
PIPE,gamma,12,22400,400,16300,SUCCESS
PIPE,gamma,13,32800,15400,12100,SUCCESS
PIPE,gamma,14,82000,25400,13700,SUCCESS
PIPE,gamma,15,60700,300,10200,SUCCESS
PIPE,gamma,16,28500,7000,11300,SUCCESS
PIPE,gamma,17,35700,15200,11000,SUCCESS
PIPE,gamma,18,42700,22300,10800,SUCCESS
PIPE,gamma,19,40300,19700,10900,SUCCESS
PIPE,gamma,20,48900,22400,16700,SUCCESS
PIPE,gamma,21,43900,23500,10800,SUCCESS
PIPE,gamma,22,78200,22000,10800,SUCCESS
PIPE,gamma,23,94400,35600,21300,SUCCESS
PIPE,gamma,24,82600,12000,11900,SUCCESS
PIPE,gamma,25,103000,12500,11700,SUCCESS
PIPE,gamma,26,89800,12300,30600,SUCCESS
PIPE,gamma,27,47000,18000,11300,SUCCESS
PIPE,gamma,28,68700,18400,11600,SUCCESS
PIPE,gamma,29,70200,900,11200,SUCCESS
PIPE,gamma,30,93300,5900,10300,SUCCESS
PIPE,gamma,31,79800,12400,10700,SUCCESS
PIPE,gamma,32,29600,7900,10900,SUCCESS
PIPE,gamma,33,46300,24700,11900,SUCCESS
PIPE,gamma,34,47100,15200,11000,SUCCESS
PIPE,gamma,35,59800,17200,10800,SUCCESS
PIPE,gamma,36,43200,18300,13200,SUCCESS
PIPE,gamma,37,44800,19800,11000,SUCCESS
PIPE,gamma,38,42200,700,11000,SUCCESS
PIPE,gamma,39,18600,7100,10800,SUCCESS
PIPE,gamma,40,90900,66400,12600,SUCCESS
PIPE,gamma,41,86600,48700,11100,SUCCESS
PIPE,gamma,42,111700,56000,12800,SUCCESS
PIPE,gamma,43,105800,34500,11000,SUCCESS
PIPE,gamma,44,85700,5000,12200,SUCCESS
PIPE,gamma,45,36900,11400,12200,SUCCESS
PIPE,gamma,46,89000,65200,11400,SUCCESS
PIPE,gamma,47,46400,34500,11200,SUCCESS
PIPE,gamma,48,50400,10700,12800,SUCCESS
PIPE,gamma,49,24200,8900,12500,SUCCESS
PIPE,gamma,50,39200,5600,21400,SUCCESS
PIPE,gamma,51,19700,700,11300,SUCCESS
PIPE,gamma,52,32100,8400,10500,SUCCESS
PIPE,gamma,53,27000,6700,10800,SUCCESS
PIPE,gamma,54,89700,66500,11900,SUCCESS
PIPE,gamma,55,85500,48300,11400,SUCCESS
PIPE,gamma,56,110300,55600,12700,SUCCESS
PIPE,gamma,57,101800,34800,11000,SUCCESS
PIPE,gamma,58,81300,4700,12300,SUCCESS
PIPE,gamma,59,37200,5500,10800,SUCCESS
PIPE,gamma,60,84800,60500,11300,SUCCESS
PIPE,gamma,61,58300,30700,11100,SUCCESS
PIPE,gamma,62,38900,1000,12800,SUCCESS
PIPE,gamma,63,61500,21500,27000,SUCCESS
PIPE,gamma,64,62400,17600,14500,SUCCESS
PIPE,gamma,65,84200,1200,10800,SUCCESS
PIPE,gamma,66,30700,7700,11900,SUCCESS
PIPE,gamma,67,111900,7800,18400,SUCCESS
PIPE,gamma,68,107100,39400,11600,SUCCESS
PIPE,gamma,69,91000,7300,12500,SUCCESS
PIPE,gamma,70,64100,6200,10200,SUCCESS
PIPE,gamma,71,98200,61600,10800,SUCCESS
PIPE,gamma,72,42000,18500,10700,SUCCESS
PIPE,gamma,73,43700,32200,10900,SUCCESS
PIPE,gamma,74,52300,37300,11600,SUCCESS
PIPE,gamma,75,95000,58800,10600,SUCCESS
PIPE,gamma,76,74600,15500,10700,SUCCESS
PIPE,gamma,77,47500,24900,10600,SUCCESS
PIPE,gamma,78,124300,66300,10600,SUCCESS
PIPE,gamma,79,88700,22000,10700,SUCCESS
PIPE,gamma,80,102800,29300,10600,SUCCESS
PIPE,gamma,81,76600,800,10800,SUCCESS
PIPE,gamma,82,72200,59400,10500,SUCCESS
PIPE,gamma,83,68900,57100,10600,SUCCESS
PIPE,gamma,84,75300,63300,10700,SUCCESS
PIPE,gamma,85,80900,69100,10600,SUCCESS
PIPE,gamma,86,92100,80400,10500,SUCCESS
PIPE,gamma,87,95300,83400,10600,SUCCESS
PIPE,gamma,88,89700,78100,10400,SUCCESS
PIPE,gamma,89,92600,80800,10600,SUCCESS
PIPE,gamma,90,95400,83500,10600,SUCCESS
PIPE,gamma,91,89200,77400,10600,SUCCESS
PIPE,gamma,92,95300,83700,10300,SUCCESS
PIPE,gamma,93,93400,81600,10500,SUCCESS
PIPE,gamma,94,95400,83700,10400,SUCCESS
PIPE,gamma,95,96400,84700,10500,SUCCESS
PIPE,gamma,96,94900,83100,10500,SUCCESS
PIPE,gamma,97,89200,77500,10400,SUCCESS
PIPE,gamma,98,94500,82900,10400,SUCCESS
PIPE,gamma,99,94000,82100,10600,SUCCESS
PIPE,gamma,100,86900,75200,10500,SUCCESS
PIPE,gamma,101,93200,81600,10400,SUCCESS
PIPE,gamma,102,93300,81600,10500,SUCCESS
PIPE,gamma,103,480200,428600,13700,SUCCESS
PIPE,gamma,104,436000,399900,11900,SUCCESS
PIPE,gamma,105,429400,364800,12500,SUCCESS
PIPE,gamma,106,359400,305500,42200,SUCCESS
PIPE,gamma,107,347100,312600,11400,SUCCESS
PIPE,gamma,108,322500,286800,11900,SUCCESS
PIPE,gamma,109,307600,263200,16900,SUCCESS
PIPE,gamma,110,285600,244500,10600,SUCCESS
PIPE,gamma,111,257300,209400,14000,SUCCESS
PIPE,gamma,112,237100,185700,13500,SUCCESS
PIPE,gamma,113,216400,160000,15200,SUCCESS
PIPE,gamma,114,185700,132100,11900,SUCCESS
PIPE,gamma,115,120500,66900,13900,SUCCESS
PIPE,gamma,116,68100,24800,12300,SUCCESS
PIPE,gamma,117,68200,48300,12200,SUCCESS
PIPE,gamma,118,31400,800,12200,SUCCESS
PIPE,gamma,119,69800,6400,27000,SUCCESS
PIPE,gamma,120,36900,700,10900,SUCCESS
PIPE,gamma,121,34800,14300,10700,SUCCESS
PIPE,gamma,122,31600,11100,10700,SUCCESS
PIPE,gamma,123,49600,6500,11100,SUCCESS
PIPE,gamma,124,41500,10400,10700,SUCCESS
PIPE,gamma,125,65100,15400,10900,SUCCESS
PIPE,gamma,126,39800,27200,11900,SUCCESS
PIPE,gamma,127,82100,54600,11000,SUCCESS
PIPE,gamma,128,61300,29900,10800,SUCCESS
PIPE,gamma,129,61000,4700,12700,SUCCESS
PIPE,gamma,130,70200,13700,10800,SUCCESS
PIPE,gamma,131,44400,7600,12300,SUCCESS
PIPE,gamma,132,70100,45800,11000,SUCCESS
PIPE,gamma,133,51700,28700,10900,SUCCESS
PIPE,gamma,134,32800,5500,12600,SUCCESS
PIPE,gamma,135,82500,59100,11200,SUCCESS
PIPE,gamma,136,64800,42800,10900,SUCCESS
PIPE,gamma,137,48400,23600,10800,SUCCESS
PIPE,gamma,138,125300,100900,11000,SUCCESS
PIPE,gamma,139,71300,59300,11300,SUCCESS
PIPE,gamma,140,64900,37700,12700,SUCCESS
PIPE,gamma,141,46800,18100,12400,SUCCESS
PIPE,gamma,142,107000,86000,11100,SUCCESS
PIPE,gamma,143,75100,51400,13000,SUCCESS
PIPE,gamma,144,59600,30200,11000,SUCCESS
PIPE,gamma,145,37200,5400,12300,SUCCESS
PIPE,gamma,146,76600,55700,11200,SUCCESS
PIPE,gamma,147,56200,36800,12600,SUCCESS
PIPE,gamma,148,38200,16300,10800,SUCCESS
PIPE,gamma,149,81500,59900,11400,SUCCESS
PIPE,gamma,150,63300,43000,12700,SUCCESS
PIPE,gamma,151,46600,22400,10900,SUCCESS
PIPE,gamma,152,19600,8000,10800,SUCCESS
PIPE,gamma,153,73400,51600,11200,SUCCESS
PIPE,gamma,154,54600,34900,12700,SUCCESS
PIPE,gamma,155,35700,13600,11000,SUCCESS
PIPE,gamma,156,53200,5500,11900,SUCCESS
PIPE,gamma,157,18100,5600,11800,SUCCESS
PIPE,gamma,158,25700,5300,11600,SUCCESS
PIPE,gamma,159,18500,5800,10800,SUCCESS
PIPE,gamma,160,111400,62800,11300,SUCCESS
PIPE,gamma,161,88300,32100,11000,SUCCESS
PIPE,gamma,162,64400,5900,10700,SUCCESS
PIPE,gamma,163,69600,48900,10800,SUCCESS
PIPE,gamma,164,42200,21800,10700,SUCCESS
PIPE,gamma,165,34600,14700,10500,SUCCESS
PIPE,gamma,166,31100,11300,10500,SUCCESS
PIPE,gamma,167,32300,12500,10500,SUCCESS
PIPE,gamma,168,31400,11600,10500,SUCCESS
PIPE,gamma,169,33600,13700,10500,SUCCESS
PIPE,gamma,170,31200,11400,10500,SUCCESS
PIPE,gamma,171,33100,13200,10600,SUCCESS
PIPE,gamma,172,31100,11300,10500,SUCCESS
PIPE,gamma,173,37300,17500,10400,SUCCESS
PIPE,gamma,174,30200,10400,10500,SUCCESS
PIPE,gamma,175,31700,11900,10400,SUCCESS
PIPE,gamma,176,29900,10200,10400,SUCCESS
PIPE,gamma,177,30500,12100,10600,SUCCESS
PIPE,gamma,178,29900,10600,10400,SUCCESS
PIPE,gamma,179,97400,77100,10500,SUCCESS
PIPE,gamma,180,66000,43600,12200,SUCCESS
PIPE,gamma,181,48000,24700,10600,SUCCESS
PIPE,gamma,182,13100,700,11900,SUCCESS
PIPE,gamma,183,68900,48000,10600,SUCCESS
PIPE,gamma,184,51900,31100,12500,SUCCESS
PIPE,gamma,185,34000,10800,10600,SUCCESS
PIPE,gamma,186,85000,64400,10500,SUCCESS
PIPE,gamma,187,67200,47900,12300,SUCCESS
PIPE,gamma,188,53700,28200,10700,SUCCESS
PIPE,gamma,189,14000,2600,10800,SUCCESS
PIPE,gamma,190,100800,53500,10700,SUCCESS
PIPE,gamma,191,81600,34100,10500,SUCCESS
PIPE,gamma,192,63100,10500,10500,SUCCESS
PIPE,gamma,193,74500,51600,10700,SUCCESS
PIPE,gamma,194,55100,33900,12400,SUCCESS
PIPE,gamma,195,38000,14100,10700,SUCCESS
PIPE,gamma,196,83800,61100,10700,SUCCESS
PIPE,gamma,197,65700,44200,10700,SUCCESS
PIPE,gamma,198,49300,22800,12100,SUCCESS
PIPE,gamma,199,20900,9700,10500,SUCCESS
PIPE,gamma,200,70800,46900,10800,SUCCESS
PIPE,gamma,201,52300,29900,10700,SUCCESS
PIPE,gamma,202,32100,5500,12300,SUCCESS
PIPE,gamma,203,76800,54200,10600,SUCCESS
PIPE,gamma,204,58400,36100,10500,SUCCESS
PIPE,gamma,205,41400,15000,12200,SUCCESS
PIPE,gamma,206,85200,62300,11000,SUCCESS
PIPE,gamma,207,64800,43500,12200,SUCCESS
PIPE,gamma,208,48200,24100,11000,SUCCESS
PIPE,gamma,209,126500,103200,10600,SUCCESS
PIPE,gamma,210,79900,56700,10900,SUCCESS
PIPE,gamma,211,62900,34600,12300,SUCCESS
PIPE,gamma,212,42500,13700,12000,SUCCESS
PIPE,gamma,213,81100,58400,10800,SUCCESS
PIPE,gamma,214,62800,41500,10600,SUCCESS
PIPE,gamma,215,46900,19400,12100,SUCCESS
PIPE,gamma,216,17400,6100,10600,SUCCESS
PIPE,gamma,217,422300,283200,10900,SUCCESS
PIPE,gamma,218,417000,262100,10600,SUCCESS
PIPE,gamma,219,397400,236600,10800,SUCCESS
PIPE,gamma,220,360300,209100,10400,SUCCESS
PIPE,gamma,221,245000,81300,84400,SUCCESS
PIPE,gamma,222,82800,59600,12200,SUCCESS
PIPE,gamma,223,49000,27200,11200,SUCCESS
PIPE,gamma,224,108500,18700,10300,SUCCESS
PIPE,gamma,225,116200,39600,26700,SUCCESS
PIPE,gamma,226,77300,28600,13400,SUCCESS
PIPE,gamma,227,100700,37600,13300,SUCCESS
PIPE,gamma,228,88600,8400,11700,SUCCESS
PIPE,gamma,229,61300,11700,24300,SUCCESS
PIPE,gamma,230,69600,45700,11000,SUCCESS
PIPE,gamma,231,49400,26700,10700,SUCCESS
PIPE,gamma,232,31800,4900,12200,SUCCESS
PIPE,gamma,233,79400,58300,11100,SUCCESS
PIPE,gamma,234,62100,41800,12300,SUCCESS
PIPE,gamma,235,45100,21900,10600,SUCCESS
PIPE,gamma,236,150400,129600,11100,SUCCESS
PIPE,gamma,237,136000,112100,11300,SUCCESS
PIPE,gamma,238,121900,93100,12400,SUCCESS
PIPE,gamma,239,104600,75400,11900,SUCCESS
PIPE,gamma,240,88600,56300,11900,SUCCESS
PIPE,gamma,241,69000,33100,11800,SUCCESS
PIPE,gamma,242,80400,59600,10700,SUCCESS
PIPE,gamma,243,58700,38100,12600,SUCCESS
PIPE,gamma,244,43100,19700,10800,SUCCESS
PIPE,gamma,245,26300,8300,10800,SUCCESS
PIPE,gamma,246,77100,56300,11100,SUCCESS
PIPE,gamma,247,58800,39300,12700,SUCCESS
PIPE,gamma,248,42000,19000,11000,SUCCESS
PIPE,gamma,249,33500,15000,10900,SUCCESS
PIPE,gamma,250,28900,10900,10800,SUCCESS
PIPE,gamma,251,86100,64800,11400,SUCCESS
PIPE,gamma,252,70200,46400,12700,SUCCESS
PIPE,gamma,253,54300,29300,10800,SUCCESS
PIPE,gamma,254,31600,2700,12100,SUCCESS
PIPE,gamma,255,157800,135700,11600,SUCCESS
PIPE,gamma,256,145700,119000,11600,SUCCESS
PIPE,gamma,257,117300,83000,13000,SUCCESS
PIPE,gamma,258,121300,64300,11100,SUCCESS
PIPE,gamma,259,132900,41400,10900,SUCCESS
PIPE,gamma,260,109600,11000,12500,SUCCESS
PIPE,gamma,261,102700,79400,11300,SUCCESS
PIPE,gamma,262,50500,28800,10800,SUCCESS
PIPE,gamma,263,33400,5500,10900,SUCCESS
PIPE,gamma,264,70500,49000,11000,SUCCESS
PIPE,gamma,265,53300,30700,12600,SUCCESS
PIPE,gamma,266,20100,7700,10800,SUCCESS
PIPE,gamma,267,79700,57400,11300,SUCCESS
PIPE,gamma,268,49200,37700,11000,SUCCESS
PIPE,gamma,269,41200,13800,12800,SUCCESS
PIPE,gamma,270,85600,63300,11400,SUCCESS
PIPE,gamma,271,58000,46300,10900,SUCCESS
PIPE,gamma,272,55600,23500,10800,SUCCESS
PIPE,gamma,273,19300,1300,10900,SUCCESS
PIPE,gamma,274,74100,50600,11100,SUCCESS
PIPE,gamma,275,56700,31200,10800,SUCCESS
PIPE,gamma,276,35600,5700,12600,SUCCESS
PIPE,gamma,277,74200,50700,10900,SUCCESS
PIPE,gamma,278,56400,31200,10900,SUCCESS
PIPE,gamma,279,36100,5600,12700,SUCCESS
PIPE,gamma,280,80600,56400,11700,SUCCESS
PIPE,gamma,281,60700,38000,10500,SUCCESS
PIPE,gamma,282,41000,13800,10600,SUCCESS
PIPE,gamma,283,95100,72600,11100,SUCCESS
PIPE,gamma,284,68900,45700,10700,SUCCESS
PIPE,gamma,285,51600,23300,10700,SUCCESS
PIPE,gamma,286,90600,67600,11700,SUCCESS
PIPE,gamma,287,71200,47700,10700,SUCCESS
PIPE,gamma,288,53000,22500,12300,SUCCESS
PIPE,gamma,289,17600,6200,10500,SUCCESS
PIPE,gamma,290,85300,62000,11200,SUCCESS
PIPE,gamma,291,54100,43000,10500,SUCCESS
PIPE,gamma,292,68800,19900,12300,SUCCESS
PIPE,gamma,293,83600,60900,10700,SUCCESS
PIPE,gamma,294,46700,35400,10700,SUCCESS
PIPE,gamma,295,38400,11300,12300,SUCCESS
PIPE,gamma,296,77400,55000,11100,SUCCESS
PIPE,gamma,297,47400,36100,10500,SUCCESS
PIPE,gamma,298,39300,11600,12300,SUCCESS
PIPE,gamma,299,74500,50400,10700,SUCCESS
PIPE,gamma,300,41300,30000,10700,SUCCESS
PIPE,gamma,301,35500,3900,12300,SUCCESS
PIPE,gamma,302,77900,55000,11100,SUCCESS
PIPE,gamma,303,46500,35400,10500,SUCCESS
PIPE,gamma,304,38300,10100,12400,SUCCESS
PIPE,gamma,305,77500,55300,10600,SUCCESS
PIPE,gamma,306,46300,34900,10900,SUCCESS
PIPE,gamma,307,46500,9600,12300,SUCCESS
PIPE,gamma,308,34400,14000,10700,SUCCESS
PIPE,gamma,309,129700,105800,11000,SUCCESS
PIPE,gamma,310,45200,33900,10800,SUCCESS
PIPE,gamma,311,39200,7800,12400,SUCCESS
PIPE,gamma,312,85500,62700,11300,SUCCESS
PIPE,gamma,313,48900,37700,10600,SUCCESS
PIPE,gamma,314,40400,13300,12500,SUCCESS
PIPE,gamma,315,83800,61600,10800,SUCCESS
PIPE,gamma,316,53100,41800,10800,SUCCESS
PIPE,gamma,317,48000,14300,12200,SUCCESS
PIPE,gamma,318,25700,7000,10500,SUCCESS
PIPE,gamma,319,64400,48300,10600,SUCCESS
PIPE,gamma,320,39300,25900,10600,SUCCESS
PIPE,gamma,321,29300,800,12400,SUCCESS
PIPE,gamma,322,23800,6800,9700,SUCCESS
PIPE,gamma,323,23700,6500,9700,SUCCESS
PIPE,gamma,324,21700,11600,9900,SUCCESS
PIPE,gamma,325,24800,7800,9900,SUCCESS
PIPE,gamma,326,22500,6800,9800,SUCCESS
PIPE,gamma,327,23200,7300,10100,SUCCESS
PIPE,gamma,328,23000,6400,9700,SUCCESS
PIPE,gamma,329,21300,11200,9900,SUCCESS
PIPE,gamma,330,17800,7400,9800,SUCCESS
PIPE,gamma,331,21600,6100,9700,SUCCESS
PIPE,gamma,332,23000,6400,9500,SUCCESS
PIPE,gamma,333,21200,11100,9900,SUCCESS
PIPE,gamma,334,48800,16300,11100,SUCCESS
PIPE,gamma,335,18000,7900,9800,SUCCESS
PIPE,gamma,336,22100,6200,9600,SUCCESS
PIPE,gamma,337,23100,6500,9600,SUCCESS
PIPE,gamma,338,21200,11000,10000,SUCCESS
PIPE,gamma,339,17800,7500,9900,SUCCESS
PIPE,gamma,340,22100,6600,9700,SUCCESS
PIPE,gamma,341,23400,6600,9600,SUCCESS
PIPE,gamma,342,21500,11300,10100,SUCCESS
PIPE,gamma,343,47500,16500,11100,SUCCESS
PIPE,gamma,344,16700,6500,9800,SUCCESS
PIPE,gamma,345,22300,6200,9700,SUCCESS
PIPE,gamma,346,23000,6400,9600,SUCCESS
PIPE,gamma,347,21400,11000,10200,SUCCESS
PIPE,gamma,348,19200,8700,9800,SUCCESS
PIPE,gamma,349,21400,5800,9600,SUCCESS
PIPE,gamma,350,22100,5800,9600,SUCCESS
PIPE,gamma,351,20200,10100,9900,SUCCESS
PIPE,gamma,352,44700,15100,11100,SUCCESS
PIPE,gamma,353,25000,7000,9600,SUCCESS
PIPE,gamma,354,21100,5700,9600,SUCCESS
PIPE,gamma,355,22400,6100,9600,SUCCESS
PIPE,gamma,356,20600,10400,10000,SUCCESS
PIPE,gamma,357,17400,7100,9700,SUCCESS
PIPE,gamma,358,21200,5800,9500,SUCCESS
PIPE,gamma,359,22300,5900,9600,SUCCESS
PIPE,gamma,360,20500,10300,10000,SUCCESS
PIPE,gamma,361,45500,15300,11000,SUCCESS
PIPE,gamma,362,17500,7000,9900,SUCCESS
PIPE,gamma,363,21600,5900,9600,SUCCESS
PIPE,gamma,364,22500,5900,9600,SUCCESS
PIPE,gamma,365,20700,10400,10100,SUCCESS
PIPE,gamma,366,17000,6900,9600,SUCCESS
PIPE,gamma,367,21400,5700,9600,SUCCESS
PIPE,gamma,368,22200,5800,9700,SUCCESS
PIPE,gamma,369,20300,10200,9900,SUCCESS
PIPE,gamma,370,45400,15300,11000,SUCCESS
PIPE,gamma,371,18900,7500,9700,SUCCESS
PIPE,gamma,372,21100,5600,9600,SUCCESS
PIPE,gamma,373,22900,6300,9600,SUCCESS
PIPE,gamma,374,20700,10600,9900,SUCCESS
PIPE,gamma,375,17200,7000,9800,SUCCESS
PIPE,gamma,376,21200,5700,9700,SUCCESS
PIPE,gamma,377,22700,6200,9600,SUCCESS
PIPE,gamma,378,20600,10500,9900,SUCCESS
PIPE,gamma,379,44800,15400,11300,SUCCESS
PIPE,gamma,380,24700,7000,9700,SUCCESS
PIPE,gamma,381,17200,7000,9800,SUCCESS
PIPE,gamma,382,23600,6400,9700,SUCCESS
PIPE,gamma,383,20900,10600,10000,SUCCESS
PIPE,gamma,384,18100,7900,9700,SUCCESS
PIPE,gamma,385,21100,5700,9600,SUCCESS
PIPE,gamma,386,22400,6000,9500,SUCCESS
PIPE,gamma,387,20100,9900,10000,SUCCESS
PIPE,gamma,388,45200,14800,11100,SUCCESS
PIPE,gamma,389,19200,7100,9800,SUCCESS
PIPE,gamma,390,21200,5600,9600,SUCCESS
PIPE,gamma,391,22000,5800,9700,SUCCESS
PIPE,gamma,392,20200,10000,10000,SUCCESS
PIPE,gamma,393,18300,8100,9800,SUCCESS
PIPE,gamma,394,21500,5500,9700,SUCCESS
PIPE,gamma,395,22200,5800,9600,SUCCESS
PIPE,gamma,396,20000,9700,10100,SUCCESS
PIPE,gamma,397,44700,14900,11100,SUCCESS
PIPE,gamma,398,26200,7400,9700,SUCCESS
PIPE,gamma,399,17100,6800,9800,SUCCESS
PIPE,gamma,400,22900,6100,9600,SUCCESS
PIPE,gamma,401,20600,10300,10200,SUCCESS
PIPE,gamma,402,18600,8300,9800,SUCCESS
PIPE,gamma,403,21300,5900,9600,SUCCESS
PIPE,gamma,404,22800,6100,9500,SUCCESS
PIPE,gamma,405,20500,10200,10100,SUCCESS
PIPE,gamma,406,46300,15500,11100,SUCCESS
PIPE,gamma,407,17100,7100,9700,SUCCESS
PIPE,gamma,408,21700,5500,9800,SUCCESS
PIPE,gamma,409,22300,5900,9600,SUCCESS
PIPE,gamma,410,20400,10200,10100,SUCCESS
PIPE,gamma,411,17200,6900,9800,SUCCESS
PIPE,gamma,412,22100,5800,9800,SUCCESS
PIPE,gamma,413,21400,4700,9600,SUCCESS
PIPE,gamma,414,19000,8900,9800,SUCCESS
PIPE,gamma,415,43900,13800,11400,SUCCESS
PIPE,gamma,416,15500,5400,9700,SUCCESS
PIPE,gamma,417,19900,4400,9700,SUCCESS
PIPE,gamma,418,21400,4800,9600,SUCCESS
PIPE,gamma,419,19300,9000,10100,SUCCESS
PIPE,gamma,420,15400,5200,9700,SUCCESS
PIPE,gamma,421,20800,4800,9700,SUCCESS
PIPE,gamma,422,21600,5100,9500,SUCCESS
PIPE,gamma,423,19300,9000,10100,SUCCESS
PIPE,gamma,424,44900,14100,11000,SUCCESS
PIPE,gamma,425,15800,5600,9700,SUCCESS
PIPE,gamma,426,20300,4600,9700,SUCCESS
PIPE,gamma,427,21400,4700,9600,SUCCESS
PIPE,gamma,428,19600,9200,10000,SUCCESS
PIPE,gamma,429,15700,5400,9900,SUCCESS
PIPE,gamma,430,21000,4800,9700,SUCCESS
PIPE,gamma,431,21500,4800,9600,SUCCESS
PIPE,gamma,432,19100,8900,10000,SUCCESS
PIPE,gamma,433,45000,14000,11200,SUCCESS
PIPE,gamma,434,17200,5400,11300,SUCCESS
PIPE,gamma,435,20100,4500,9600,SUCCESS
PIPE,gamma,436,20100,4600,9800,SUCCESS
PIPE,gamma,437,21200,4800,9700,SUCCESS
PIPE,gamma,438,20200,9100,10200,SUCCESS
PIPE,gamma,439,20600,4700,9700,SUCCESS
PIPE,gamma,440,19700,4500,9600,SUCCESS
PIPE,gamma,441,22000,4800,9700,SUCCESS
PIPE,gamma,442,21000,4500,9700,SUCCESS
PIPE,gamma,443,19200,8800,10200,SUCCESS
PIPE,gamma,444,20300,4800,9600,SUCCESS
PIPE,gamma,445,20600,5000,9700,SUCCESS
PIPE,gamma,446,21300,4800,9600,SUCCESS
PIPE,gamma,447,18500,8300,10000,SUCCESS
PIPE,gamma,448,45800,12700,12100,SUCCESS
PIPE,gamma,449,23100,5300,11400,SUCCESS
PIPE,gamma,450,20700,4700,9700,SUCCESS
PIPE,gamma,451,21800,4800,9600,SUCCESS
PIPE,gamma,452,20000,9500,10100,SUCCESS
PIPE,gamma,453,22200,5700,9800,SUCCESS
PIPE,gamma,454,20500,4600,9600,SUCCESS
PIPE,gamma,455,21400,4800,9500,SUCCESS
PIPE,gamma,456,19200,9000,10100,SUCCESS
PIPE,gamma,457,42900,14100,11300,SUCCESS
PIPE,gamma,458,20800,5000,9800,SUCCESS
PIPE,gamma,459,20100,4400,9600,SUCCESS
PIPE,gamma,460,20800,5100,9700,SUCCESS
PIPE,gamma,461,21600,4700,9700,SUCCESS
PIPE,gamma,462,19300,9300,9800,SUCCESS
PIPE,gamma,463,21800,5200,10200,SUCCESS
PIPE,gamma,464,19800,4400,9500,SUCCESS
PIPE,gamma,465,22400,5500,9700,SUCCESS
PIPE,gamma,466,21200,4600,9600,SUCCESS
PIPE,gamma,467,19100,8900,10000,SUCCESS
PIPE,gamma,468,79200,56800,10000,SUCCESS
PIPE,gamma,469,28400,8500,10500,SUCCESS
PIPE,gamma,470,77200,13400,27700,SUCCESS
PIPE,gamma,471,59900,26300,12800,SUCCESS
PIPE,gamma,472,81300,27400,10800,SUCCESS
PIPE,gamma,473,47100,29800,11200,SUCCESS
PIPE,gamma,474,86400,5200,58200,SUCCESS
PIPE,gamma,475,34200,700,11000,SUCCESS
PIPE,gamma,476,230700,171100,12900,SUCCESS
PIPE,gamma,477,177200,115800,12200,SUCCESS
PIPE,gamma,478,134100,72200,11900,SUCCESS
PIPE,gamma,479,64300,800,10800,SUCCESS
PIPE,gamma,480,189200,140900,12900,SUCCESS
PIPE,gamma,481,89000,55700,11300,SUCCESS
PIPE,gamma,482,59700,4400,10600,SUCCESS
PIPE,gamma,483,42800,17600,14400,SUCCESS
PIPE,gamma,484,27900,7200,10800,SUCCESS
PIPE,gamma,485,125300,65000,13300,SUCCESS
PIPE,gamma,486,138500,75400,10400,SUCCESS
PIPE,gamma,487,137900,81400,10200,SUCCESS
PIPE,gamma,488,97000,25200,11000,SUCCESS
PIPE,gamma,489,107500,67800,11100,SUCCESS
PIPE,gamma,490,50800,9300,10600,SUCCESS
PIPE,gamma,491,99200,61900,11400,SUCCESS
PIPE,gamma,492,47200,23700,10900,SUCCESS
PIPE,gamma,493,47600,25100,10500,SUCCESS
PIPE,gamma,494,839600,13100,10300,SUCCESS
PIPE,gamma,495,1151600,748900,11900,SUCCESS
PIPE,gamma,496,1145600,755900,11700,SUCCESS
PIPE,gamma,497,1097200,718700,11400,SUCCESS
PIPE,gamma,498,1056700,689200,11400,SUCCESS
PIPE,gamma,499,1087200,658600,10500,SUCCESS
PIPE,gamma,500,1050500,632000,10600,SUCCESS
PIPE,gamma,501,1003300,595000,10400,SUCCESS
PIPE,gamma,502,992200,552100,11000,SUCCESS
PIPE,gamma,503,934300,502100,11000,SUCCESS
PIPE,gamma,504,911400,458000,11000,SUCCESS
PIPE,gamma,505,878500,434300,10400,SUCCESS
PIPE,gamma,506,885500,403900,11300,SUCCESS
PIPE,gamma,507,846500,375800,11300,SUCCESS
PIPE,gamma,508,834900,347700,10400,SUCCESS
PIPE,gamma,509,735300,257300,10800,SUCCESS
PIPE,gamma,510,734200,224100,10500,SUCCESS
PIPE,gamma,511,702200,201100,11000,SUCCESS
PIPE,gamma,512,708800,179800,10800,SUCCESS
PIPE,gamma,513,727300,186100,10400,SUCCESS
PIPE,gamma,514,767200,164200,10400,SUCCESS
PIPE,gamma,515,736800,142100,10500,SUCCESS
PIPE,gamma,516,738300,120100,10400,SUCCESS
PIPE,gamma,517,720100,96300,10500,SUCCESS
PIPE,gamma,518,682900,67800,10400,SUCCESS
PIPE,gamma,519,650300,45300,10800,SUCCESS
PIPE,gamma,520,657600,16100,11000,SUCCESS
PIPE,gamma,521,642200,1000,10700,SUCCESS
PIPE,gamma,522,624700,127300,15100,SUCCESS
PIPE,gamma,523,608500,108500,12800,SUCCESS
PIPE,gamma,524,595400,91600,13200,SUCCESS
PIPE,gamma,525,576200,67300,14200,SUCCESS
PIPE,gamma,526,259900,19700,9800,SUCCESS
PIPE,gamma,527,241700,197900,11100,SUCCESS
PIPE,gamma,528,60000,27000,10400,SUCCESS
PIPE,gamma,529,57000,3300,10100,SUCCESS
PIPE,gamma,530,38700,19400,10900,SUCCESS
PIPE,gamma,531,35400,12700,10900,SUCCESS
PIPE,gamma,532,23800,2600,10500,SUCCESS
PIPE,gamma,533,72300,11400,10500,SUCCESS
PIPE,gamma,534,89000,16100,11300,SUCCESS
PIPE,gamma,535,86600,22700,10900,SUCCESS
PIPE,gamma,536,76000,700,11500,SUCCESS
PIPE,gamma,537,504400,65000,10500,SUCCESS
PIPE,gamma,538,447500,19000,10100,SUCCESS
PIPE,gamma,539,910600,898000,11300,SUCCESS
PIPE,gamma,540,811000,795200,13400,SUCCESS
PIPE,gamma,541,781000,765600,11800,SUCCESS
PIPE,gamma,542,754400,737600,12200,SUCCESS
PIPE,gamma,543,730100,712800,12900,SUCCESS
PIPE,gamma,544,704000,686500,12100,SUCCESS
PIPE,gamma,545,689300,661800,12100,SUCCESS
PIPE,gamma,546,1866300,569900,55500,SUCCESS
PIPE,gamma,547,2306100,1171300,23800,SUCCESS
PIPE,gamma,548,2267500,1156600,19700,SUCCESS
PIPE,gamma,549,2142100,1050100,18500,SUCCESS
PIPE,gamma,550,2093100,1019400,17200,SUCCESS
PIPE,gamma,551,2167700,1000900,15200,SUCCESS
PIPE,gamma,552,2136500,980800,13900,SUCCESS
PIPE,gamma,553,2101900,959700,14800,SUCCESS
PIPE,gamma,554,2138400,938900,14500,SUCCESS
PIPE,gamma,555,2106400,919400,14000,SUCCESS
PIPE,gamma,556,2071400,898200,13800,SUCCESS
PIPE,gamma,557,2103600,877100,12900,SUCCESS
PIPE,gamma,558,2056200,841200,12800,SUCCESS
PIPE,gamma,559,2019300,816600,12800,SUCCESS
PIPE,gamma,560,2026600,781700,13100,SUCCESS
PIPE,gamma,561,1989500,757200,12000,SUCCESS
PIPE,gamma,562,1951500,730900,12200,SUCCESS
PIPE,gamma,563,1957900,707600,13400,SUCCESS
PIPE,gamma,564,1924300,685800,12300,SUCCESS
PIPE,gamma,565,1913300,657400,12700,SUCCESS
PIPE,gamma,566,1876500,631200,12900,SUCCESS
PIPE,gamma,567,1747100,482400,12600,SUCCESS
PIPE,gamma,568,1689400,436900,13100,SUCCESS
PIPE,gamma,569,1636100,371000,15900,SUCCESS
PIPE,gamma,570,1596900,346600,11100,SUCCESS
PIPE,gamma,571,1624800,351400,10600,SUCCESS
PIPE,gamma,572,1582300,313400,10600,SUCCESS
PIPE,gamma,573,1571500,266400,11900,SUCCESS
PIPE,gamma,574,1515700,220900,12200,SUCCESS
PIPE,gamma,575,1496200,171500,11700,SUCCESS
PIPE,gamma,576,1446700,112000,14700,SUCCESS
PIPE,gamma,577,1363400,38900,11500,SUCCESS
PIPE,gamma,578,1379500,3300,12000,SUCCESS
PIPE,gamma,579,1288600,638200,16500,SUCCESS
PIPE,gamma,580,1284700,610300,15900,SUCCESS
PIPE,gamma,581,1279500,588600,87900,SUCCESS
PIPE,gamma,582,1283500,638600,11700,SUCCESS
PIPE,gamma,583,1268500,612100,13200,SUCCESS
PIPE,gamma,584,835300,168600,10800,SUCCESS
PIPE,gamma,585,212700,21000,30800,SUCCESS
PIPE,gamma,586,131800,82900,14800,SUCCESS
PIPE,gamma,587,85500,27800,11800,SUCCESS
PIPE,gamma,588,53700,300,11700,SUCCESS
PIPE,gamma,589,23900,9000,11700,SUCCESS
PIPE,gamma,590,38900,15600,10900,SUCCESS
PIPE,gamma,591,29100,8400,10900,SUCCESS
PIPE,gamma,592,46900,14100,11000,SUCCESS
PIPE,gamma,593,39500,18600,10900,SUCCESS
PIPE,gamma,594,43200,22800,10800,SUCCESS
PIPE,gamma,595,30800,9200,10700,SUCCESS
PIPE,gamma,596,73500,12700,10800,SUCCESS
PIPE,gamma,597,82200,16900,11000,SUCCESS
PIPE,gamma,598,92500,23500,10800,SUCCESS
PIPE,gamma,599,66500,600,10800,SUCCESS
PIPE,gamma,600,66100,45800,10700,SUCCESS
PIPE,gamma,601,29600,9100,10900,SUCCESS
PIPE,gamma,602,53500,20800,10800,SUCCESS
PIPE,gamma,603,45500,24600,11000,SUCCESS
PIPE,gamma,604,36200,22800,10700,SUCCESS
PIPE,gamma,605,116300,56600,11300,SUCCESS
PIPE,gamma,606,98900,29900,10900,SUCCESS
PIPE,gamma,607,99800,37800,10800,SUCCESS
PIPE,gamma,608,86900,11100,10700,SUCCESS
PIPE,gamma,609,93700,73000,10700,SUCCESS
PIPE,gamma,610,44800,24300,10800,SUCCESS
PIPE,gamma,611,40400,8800,10900,SUCCESS
PIPE,gamma,612,31900,11700,10800,SUCCESS
PIPE,gamma,613,27000,6700,10700,SUCCESS
PIPE,gamma,614,31400,9700,10900,SUCCESS
PIPE,gamma,615,43400,22900,10700,SUCCESS
PIPE,gamma,616,160400,101200,11100,SUCCESS
PIPE,gamma,617,122200,76500,10800,SUCCESS
PIPE,gamma,618,110200,39400,10800,SUCCESS
PIPE,gamma,619,82200,11700,10600,SUCCESS
PIPE,gamma,620,44500,26900,11700,SUCCESS
PIPE,gamma,621,145900,97100,11500,SUCCESS
PIPE,gamma,622,73800,39000,10900,SUCCESS
PIPE,gamma,623,69400,11000,10700,SUCCESS
PIPE,gamma,624,46200,26500,12000,SUCCESS
PIPE,gamma,625,117100,55200,11600,SUCCESS
PIPE,gamma,626,112700,64800,11000,SUCCESS
PIPE,gamma,627,98000,26000,10900,SUCCESS
PIPE,gamma,628,61600,700,10700,SUCCESS
PIPE,gamma,629,42500,30800,11000,SUCCESS
PIPE,gamma,630,149400,100100,11900,SUCCESS
PIPE,gamma,631,83400,48300,11100,SUCCESS
PIPE,gamma,632,71200,10000,10700,SUCCESS
PIPE,gamma,633,42300,26700,12000,SUCCESS
PIPE,gamma,634,117100,52000,11100,SUCCESS
PIPE,gamma,635,68100,16700,11000,SUCCESS
PIPE,gamma,636,99300,24300,10700,SUCCESS
PIPE,gamma,637,61000,800,11000,SUCCESS
PIPE,gamma,638,76000,55500,10600,SUCCESS
PIPE,gamma,639,43700,23200,10700,SUCCESS
PIPE,gamma,640,36900,15100,10800,SUCCESS
PIPE,gamma,641,45800,3800,10900,SUCCESS
PIPE,gamma,642,38200,7700,10500,SUCCESS
PIPE,gamma,643,61100,13600,10700,SUCCESS
PIPE,gamma,644,51100,30900,10600,SUCCESS
PIPE,gamma,645,34900,13400,10700,SUCCESS
PIPE,gamma,646,34700,3000,10900,SUCCESS
PIPE,gamma,647,27200,7100,10800,SUCCESS
PIPE,gamma,648,24500,4200,10700,SUCCESS
PIPE,gamma,649,124700,64400,12000,SUCCESS
PIPE,gamma,650,84400,38500,11000,SUCCESS
PIPE,gamma,651,117700,45300,10800,SUCCESS
PIPE,gamma,652,89500,18000,10700,SUCCESS
PIPE,gamma,653,51400,24400,12500,SUCCESS
PIPE,gamma,654,116700,65900,11100,SUCCESS
PIPE,gamma,655,65300,28100,11000,SUCCESS
PIPE,gamma,656,55400,900,10700,SUCCESS
PIPE,gamma,657,45700,25000,10700,SUCCESS
PIPE,gamma,658,27200,6800,10700,SUCCESS
PIPE,gamma,659,31500,9800,10900,SUCCESS
PIPE,gamma,660,43000,22600,10700,SUCCESS
PIPE,gamma,661,153400,93600,11300,SUCCESS
PIPE,gamma,662,126100,80000,10800,SUCCESS
PIPE,gamma,663,113100,40200,11100,SUCCESS
PIPE,gamma,664,84200,12300,10600,SUCCESS
PIPE,gamma,665,45900,27100,11800,SUCCESS
PIPE,gamma,666,123000,74500,11400,SUCCESS
PIPE,gamma,667,71100,36500,10800,SUCCESS
PIPE,gamma,668,67700,9700,10700,SUCCESS
PIPE,gamma,669,44400,26000,11500,SUCCESS
PIPE,gamma,670,115500,56200,11000,SUCCESS
PIPE,gamma,671,111400,65500,10900,SUCCESS
PIPE,gamma,672,97400,27900,10800,SUCCESS
PIPE,gamma,673,62400,1400,10700,SUCCESS
PIPE,gamma,674,72500,51800,10700,SUCCESS
PIPE,gamma,675,31000,10500,10800,SUCCESS
PIPE,gamma,676,41800,10100,10800,SUCCESS
PIPE,gamma,677,32600,12300,10700,SUCCESS
PIPE,gamma,678,30400,10000,10700,SUCCESS
PIPE,gamma,679,35300,13800,10800,SUCCESS
PIPE,gamma,680,45500,3500,10900,SUCCESS
PIPE,gamma,681,38200,7800,10300,SUCCESS
PIPE,gamma,682,57800,13500,10800,SUCCESS
PIPE,gamma,683,49700,29300,10700,SUCCESS
PIPE,gamma,684,35100,13600,10700,SUCCESS
PIPE,gamma,685,34700,3700,10800,SUCCESS
PIPE,gamma,686,27200,7600,10400,SUCCESS
PIPE,gamma,687,25400,5000,10800,SUCCESS
PIPE,gamma,688,161800,86500,11200,SUCCESS
PIPE,gamma,689,106300,44600,10900,SUCCESS
PIPE,gamma,690,136800,51400,10800,SUCCESS
PIPE,gamma,691,101100,24500,10600,SUCCESS
PIPE,gamma,692,83500,800,11000,SUCCESS
PIPE,gamma,693,85500,64800,10700,SUCCESS
PIPE,gamma,694,46000,26200,10500,SUCCESS
PIPE,gamma,695,38800,7900,10500,SUCCESS
PIPE,gamma,696,30300,10700,10400,SUCCESS
PIPE,gamma,697,25000,5100,10500,SUCCESS
PIPE,gamma,698,179800,110600,10900,SUCCESS
PIPE,gamma,699,111700,55700,10900,SUCCESS
PIPE,gamma,700,144100,62500,10500,SUCCESS
PIPE,gamma,701,116100,35800,10500,SUCCESS
PIPE,gamma,702,79600,7800,10800,SUCCESS
PIPE,gamma,703,67600,26100,11800,SUCCESS
PIPE,gamma,704,36500,14900,10600,SUCCESS
PIPE,gamma,705,25000,5000,10500,SUCCESS
PIPE,gamma,706,160600,102400,11300,SUCCESS
PIPE,gamma,707,123500,79100,10700,SUCCESS
PIPE,gamma,708,111100,43100,10600,SUCCESS
PIPE,gamma,709,83000,16400,10400,SUCCESS
PIPE,gamma,710,47000,24400,11400,SUCCESS
PIPE,gamma,711,121100,73800,11100,SUCCESS
PIPE,gamma,712,70500,36800,10700,SUCCESS
PIPE,gamma,713,60800,8700,10500,SUCCESS
PIPE,gamma,714,49900,29900,10500,SUCCESS
PIPE,gamma,715,28000,8100,10500,SUCCESS
PIPE,gamma,716,34200,13100,10500,SUCCESS
PIPE,gamma,717,42700,22700,10600,SUCCESS
PIPE,gamma,718,162200,104300,10900,SUCCESS
PIPE,gamma,719,125100,80500,10500,SUCCESS
PIPE,gamma,720,113800,43700,10700,SUCCESS
PIPE,gamma,721,83900,15000,10400,SUCCESS
PIPE,gamma,722,47300,24200,11600,SUCCESS
PIPE,gamma,723,112200,64900,10900,SUCCESS
PIPE,gamma,724,63800,30000,10700,SUCCESS
PIPE,gamma,725,53000,500,10600,SUCCESS
PIPE,gamma,726,41200,21000,10500,SUCCESS
PIPE,gamma,727,28000,8100,10500,SUCCESS
PIPE,gamma,728,33000,11800,10500,SUCCESS
PIPE,gamma,729,41900,22100,10500,SUCCESS
PIPE,gamma,730,164400,106500,11000,SUCCESS
PIPE,gamma,731,127500,82800,10600,SUCCESS
PIPE,gamma,732,113700,45600,10600,SUCCESS
PIPE,gamma,733,83800,17000,10300,SUCCESS
PIPE,gamma,734,46700,24600,11400,SUCCESS
PIPE,gamma,735,201200,68800,10800,SUCCESS
PIPE,gamma,736,152000,33000,10700,SUCCESS
PIPE,gamma,737,140900,2900,10400,SUCCESS
PIPE,gamma,738,103600,50300,10700,SUCCESS
PIPE,gamma,739,109400,77800,10900,SUCCESS
PIPE,gamma,740,33500,12500,10500,SUCCESS
PIPE,gamma,741,36200,16100,10700,SUCCESS
PIPE,gamma,742,49200,6800,10800,SUCCESS
PIPE,gamma,743,40900,9300,10400,SUCCESS
PIPE,gamma,744,39900,21400,11800,SUCCESS
PIPE,gamma,745,27300,6500,11000,SUCCESS
PIPE,gamma,746,34800,4900,10900,SUCCESS
PIPE,gamma,747,27500,8500,10500,SUCCESS
PIPE,gamma,748,56100,14500,10500,SUCCESS
PIPE,gamma,749,19300,6400,11800,SUCCESS
PIPE,gamma,750,116700,68600,10700,SUCCESS
PIPE,gamma,751,71100,36300,10600,SUCCESS
PIPE,gamma,752,57600,800,10500,SUCCESS
PIPE,gamma,753,44800,24900,10300,SUCCESS
PIPE,gamma,754,40400,20500,10500,SUCCESS
PIPE,gamma,755,39000,8100,10500,SUCCESS
PIPE,gamma,756,30500,10800,10500,SUCCESS
PIPE,gamma,757,26700,6900,10500,SUCCESS
PIPE,gamma,758,27200,6800,10400,SUCCESS
PIPE,gamma,759,35900,16000,10600,SUCCESS
PIPE,gamma,760,38200,7000,10700,SUCCESS
PIPE,gamma,761,30400,10400,10500,SUCCESS
PIPE,gamma,762,26300,6500,10400,SUCCESS
PIPE,gamma,763,37500,16500,10500,SUCCESS
PIPE,gamma,764,44900,4100,10500,SUCCESS
PIPE,gamma,765,37500,7800,10100,SUCCESS
PIPE,gamma,766,61100,13400,10500,SUCCESS
PIPE,gamma,767,50200,30500,10300,SUCCESS
PIPE,gamma,768,38600,18800,10500,SUCCESS
PIPE,gamma,769,48300,16300,10500,SUCCESS
PIPE,gamma,770,40200,19900,10700,SUCCESS
PIPE,gamma,771,47400,27600,10500,SUCCESS
PIPE,gamma,772,27000,6600,10600,SUCCESS
PIPE,gamma,773,128900,60100,11200,SUCCESS
PIPE,gamma,774,124600,68700,10500,SUCCESS
PIPE,gamma,775,154400,75000,10400,SUCCESS
PIPE,gamma,776,125500,46200,10400,SUCCESS
PIPE,gamma,777,101500,17100,10700,SUCCESS
PIPE,gamma,778,129100,86000,10500,SUCCESS
PIPE,gamma,779,96200,50200,10500,SUCCESS
PIPE,gamma,780,54800,700,10500,SUCCESS
PIPE,gamma,781,46000,26000,10400,SUCCESS
PIPE,gamma,782,35800,16000,10500,SUCCESS
PIPE,gamma,783,28700,8800,10500,SUCCESS
PIPE,gamma,784,40500,9800,10400,SUCCESS
PIPE,gamma,785,32100,12300,10500,SUCCESS
PIPE,gamma,786,27700,7900,10500,SUCCESS
PIPE,gamma,787,38700,17600,10500,SUCCESS
PIPE,gamma,788,45300,4300,10600,SUCCESS
PIPE,gamma,789,37600,7700,10200,SUCCESS
PIPE,gamma,790,71800,13700,10500,SUCCESS
PIPE,gamma,791,41400,28800,11700,SUCCESS
PIPE,gamma,792,80400,56200,10700,SUCCESS
PIPE,gamma,793,42000,30900,10500,SUCCESS
PIPE,gamma,794,44000,4400,12100,SUCCESS
PIPE,gamma,795,144300,107700,10700,SUCCESS
PIPE,gamma,796,67400,23200,10600,SUCCESS
PIPE,gamma,797,49700,29700,10300,SUCCESS
PIPE,gamma,798,36800,17000,10400,SUCCESS
PIPE,gamma,799,27600,7500,10400,SUCCESS
PIPE,gamma,800,28600,7300,11900,SUCCESS
PIPE,gamma,801,42300,24800,10000,SUCCESS
PIPE,gamma,802,84800,61900,10500,SUCCESS
PIPE,gamma,803,83400,72400,10500,SUCCESS
PIPE,gamma,804,76600,42000,12100,SUCCESS
PIPE,gamma,805,46000,22700,11600,SUCCESS
PIPE,gamma,806,23900,1000,11700,SUCCESS
PIPE,gamma,807,83400,60700,10500,SUCCESS
PIPE,gamma,808,54900,43900,10500,SUCCESS
PIPE,gamma,809,45000,15700,12200,SUCCESS
PIPE,gamma,810,28600,7700,10500,SUCCESS
PIPE,gamma,811,78400,55900,10500,SUCCESS
PIPE,gamma,812,49900,39000,10400,SUCCESS
PIPE,gamma,813,79300,46200,12100,SUCCESS
PIPE,gamma,814,49200,27300,12900,SUCCESS
PIPE,gamma,815,34500,800,10700,SUCCESS
PIPE,gamma,816,72600,50700,10600,SUCCESS
PIPE,gamma,817,44300,33300,10400,SUCCESS
PIPE,gamma,818,43200,11600,12100,SUCCESS
PIPE,gamma,819,18300,7100,10500,SUCCESS
PIPE,gamma,820,76800,54900,10700,SUCCESS
PIPE,gamma,821,88600,65800,12100,SUCCESS
PIPE,gamma,822,49100,36700,11700,SUCCESS
PIPE,gamma,823,34600,6500,11600,SUCCESS
PIPE,gamma,824,123800,99300,11000,SUCCESS
PIPE,gamma,825,54300,42900,10600,SUCCESS
PIPE,gamma,826,22000,1300,12400,SUCCESS
PIPE,gamma,827,19100,7700,10800,SUCCESS
PIPE,gamma,828,75400,52500,10600,SUCCESS
PIPE,gamma,829,38500,27400,10500,SUCCESS
PIPE,gamma,830,30900,4600,12200,SUCCESS
PIPE,gamma,831,29600,9400,10500,SUCCESS
PIPE,gamma,832,97100,74600,10500,SUCCESS
PIPE,gamma,833,94100,83200,10400,SUCCESS
PIPE,gamma,834,85100,53500,12300,SUCCESS
PIPE,gamma,835,54400,34200,11800,SUCCESS
PIPE,gamma,836,36500,8100,11800,SUCCESS
PIPE,gamma,837,71400,48400,10700,SUCCESS
PIPE,gamma,838,56500,30600,10500,SUCCESS
PIPE,gamma,839,19400,8000,10600,SUCCESS
PIPE,gamma,840,72100,50100,10600,SUCCESS
PIPE,gamma,841,56600,32200,10400,SUCCESS
PIPE,gamma,842,13800,2600,10600,SUCCESS
PIPE,gamma,843,80700,58500,10900,SUCCESS
PIPE,gamma,844,53000,41700,10700,SUCCESS
PIPE,gamma,845,40800,10100,12400,SUCCESS
PIPE,gamma,846,94500,72700,10500,SUCCESS
PIPE,gamma,847,58400,47300,10500,SUCCESS
PIPE,gamma,848,48400,24000,12300,SUCCESS
PIPE,gamma,849,13200,600,10700,SUCCESS
PIPE,gamma,850,70700,48300,10700,SUCCESS
PIPE,gamma,851,39800,28700,10400,SUCCESS
PIPE,gamma,852,24500,5200,10400,SUCCESS
PIPE,gamma,853,23000,12100,10300,SUCCESS
PIPE,gamma,854,44000,17200,12000,SUCCESS
PIPE,gamma,855,29300,9900,10800,SUCCESS
PIPE,gamma,856,79200,57200,10800,SUCCESS
PIPE,gamma,857,57900,36100,12300,SUCCESS
PIPE,gamma,858,43600,15200,10500,SUCCESS
PIPE,gamma,859,17600,6400,10500,SUCCESS
PIPE,gamma,860,92600,69300,11200,SUCCESS
PIPE,gamma,861,109000,80800,10400,SUCCESS
PIPE,gamma,862,82500,48300,13300,SUCCESS
PIPE,gamma,863,62700,29800,11500,SUCCESS
PIPE,gamma,864,35300,800,11900,SUCCESS
PIPE,gamma,865,68200,45900,10600,SUCCESS
PIPE,gamma,866,37900,26700,10700,SUCCESS
PIPE,gamma,867,24800,3700,11800,SUCCESS
PIPE,gamma,868,69500,46600,10600,SUCCESS
PIPE,gamma,869,40000,28600,10700,SUCCESS
PIPE,gamma,870,24300,1200,11500,SUCCESS
PIPE,gamma,871,69000,46400,10700,SUCCESS
PIPE,gamma,872,39000,27800,10700,SUCCESS
PIPE,gamma,873,25600,2000,11700,SUCCESS
PIPE,gamma,874,67500,45300,10800,SUCCESS
PIPE,gamma,875,37300,26200,10600,SUCCESS
PIPE,gamma,876,23200,2700,11700,SUCCESS
PIPE,gamma,877,69800,47900,10600,SUCCESS
PIPE,gamma,878,40500,29200,10800,SUCCESS
PIPE,gamma,879,26600,1200,10400,SUCCESS
PIPE,gamma,880,150000,114800,12700,SUCCESS
PIPE,gamma,881,53500,30100,11700,SUCCESS
PIPE,gamma,882,43400,13600,9900,SUCCESS
PIPE,gamma,883,72100,15600,9700,SUCCESS
PIPE,gamma,884,55300,25200,14400,SUCCESS
PIPE,gamma,885,28900,8500,9800,SUCCESS
PIPE,gamma,886,33400,3900,9800,SUCCESS
PIPE,gamma,887,26800,7800,9700,SUCCESS
PIPE,gamma,888,44200,24500,9900,SUCCESS
PIPE,gamma,889,25400,5900,9900,SUCCESS
PIPE,gamma,890,119400,31800,10500,SUCCESS
PIPE,gamma,891,114400,37400,18900,SUCCESS
PIPE,gamma,892,145400,53500,10300,SUCCESS
PIPE,gamma,893,118500,25800,10600,SUCCESS
PIPE,gamma,894,106300,5200,20200,SUCCESS
PIPE,gamma,895,82200,22700,11100,SUCCESS
PIPE,gamma,896,23400,5800,9600,SUCCESS
PIPE,gamma,897,18000,7500,10000,SUCCESS
PIPE,gamma,898,23000,6200,9600,SUCCESS
PIPE,gamma,899,21100,10800,10100,SUCCESS
PIPE,gamma,900,22500,6300,10300,SUCCESS
PIPE,gamma,901,21500,5700,9700,SUCCESS
PIPE,gamma,902,25900,9200,9900,SUCCESS
PIPE,gamma,903,24900,14700,10000,SUCCESS
PIPE,gamma,904,51200,19700,11300,SUCCESS
PIPE,gamma,905,18600,500,13700,SUCCESS
PIPE,gamma,906,22600,6600,9700,SUCCESS
PIPE,gamma,907,23500,6900,9500,SUCCESS
PIPE,gamma,908,22000,11700,10100,SUCCESS
PIPE,gamma,909,23100,6900,10200,SUCCESS
PIPE,gamma,910,24000,6200,9700,SUCCESS
PIPE,gamma,911,23400,6800,9600,SUCCESS
PIPE,gamma,912,21400,11100,10100,SUCCESS
PIPE,gamma,913,49200,15900,11600,SUCCESS
PIPE,gamma,914,17400,7200,9900,SUCCESS
PIPE,gamma,915,21700,6100,9600,SUCCESS
PIPE,gamma,916,21600,6300,9600,SUCCESS
PIPE,gamma,917,23000,6400,9700,SUCCESS
PIPE,gamma,918,21400,11300,9800,SUCCESS
PIPE,gamma,919,48700,16100,11300,SUCCESS
PIPE,gamma,920,16100,4700,11000,SUCCESS
PIPE,gamma,921,22700,6900,9800,SUCCESS
PIPE,gamma,922,22500,6300,9900,SUCCESS
PIPE,gamma,923,23500,6600,9900,SUCCESS
PIPE,gamma,924,21900,11200,10400,SUCCESS
PIPE,gamma,925,48500,16400,11400,SUCCESS
PIPE,gamma,926,24600,7300,10100,SUCCESS
PIPE,gamma,927,24900,7000,10100,SUCCESS
PIPE,gamma,928,22600,5700,9800,SUCCESS
PIPE,gamma,929,20800,10500,10100,SUCCESS
PIPE,gamma,930,22500,6600,10200,SUCCESS
PIPE,gamma,931,21700,5700,9900,SUCCESS
PIPE,gamma,932,23300,5900,9900,SUCCESS
PIPE,gamma,933,21000,10400,10400,SUCCESS
PIPE,gamma,934,47500,15800,11400,SUCCESS
PIPE,gamma,935,17500,6800,10100,SUCCESS
PIPE,gamma,936,21900,5800,10000,SUCCESS
PIPE,gamma,937,21600,5700,9900,SUCCESS
PIPE,gamma,938,22900,6000,9800,SUCCESS
PIPE,gamma,939,21000,10600,10200,SUCCESS
PIPE,gamma,940,47900,15300,11800,SUCCESS
PIPE,gamma,941,23100,6400,10700,SUCCESS
PIPE,gamma,942,21700,5900,9900,SUCCESS
PIPE,gamma,943,21700,5600,10000,SUCCESS
PIPE,gamma,944,23300,6400,9800,SUCCESS
PIPE,gamma,945,21300,10700,10400,SUCCESS
PIPE,gamma,946,47400,15500,11500,SUCCESS
PIPE,gamma,947,22900,6300,10700,SUCCESS
PIPE,gamma,948,21700,5900,9800,SUCCESS
PIPE,gamma,949,22000,5800,10000,SUCCESS
PIPE,gamma,950,22700,5900,9800,SUCCESS
PIPE,gamma,951,20900,10500,10200,SUCCESS
PIPE,gamma,952,47100,15300,11600,SUCCESS
PIPE,gamma,953,23600,6900,10700,SUCCESS
PIPE,gamma,954,21700,5700,9900,SUCCESS
PIPE,gamma,955,21400,5600,9900,SUCCESS
PIPE,gamma,956,24500,6700,9900,SUCCESS
PIPE,gamma,957,22400,11700,10400,SUCCESS
PIPE,gamma,958,49100,16600,11500,SUCCESS
PIPE,gamma,959,17900,7200,10300,SUCCESS
PIPE,gamma,960,22600,6300,9900,SUCCESS
PIPE,gamma,961,21800,5500,10000,SUCCESS
PIPE,gamma,962,24600,7000,9800,SUCCESS
PIPE,gamma,963,21900,11400,10300,SUCCESS
PIPE,gamma,964,48900,16200,11600,SUCCESS
PIPE,gamma,965,17300,6700,10200,SUCCESS
PIPE,gamma,966,22900,6400,9900,SUCCESS
PIPE,gamma,967,21600,5700,10000,SUCCESS
PIPE,gamma,968,23600,6200,9800,SUCCESS
PIPE,gamma,969,21400,10800,10300,SUCCESS
PIPE,gamma,970,46800,15600,11500,SUCCESS
PIPE,gamma,971,23600,6900,10600,SUCCESS
PIPE,gamma,972,21900,6000,10000,SUCCESS
PIPE,gamma,973,22300,6200,9900,SUCCESS
PIPE,gamma,974,23900,6100,9900,SUCCESS
PIPE,gamma,975,21700,11100,10400,SUCCESS
PIPE,gamma,976,48000,16200,11300,SUCCESS
PIPE,gamma,977,17800,7200,10200,SUCCESS
PIPE,gamma,978,22200,6000,9900,SUCCESS
PIPE,gamma,979,21800,5600,9900,SUCCESS
PIPE,gamma,980,23500,6400,9900,SUCCESS
PIPE,gamma,981,21900,11400,10200,SUCCESS
PIPE,gamma,982,48300,16100,11300,SUCCESS
PIPE,gamma,983,23700,7000,10700,SUCCESS
PIPE,gamma,984,21700,5900,9900,SUCCESS
PIPE,gamma,985,22200,5700,10000,SUCCESS
PIPE,gamma,986,23700,6300,9800,SUCCESS
PIPE,gamma,987,21500,11100,10200,SUCCESS
PIPE,gamma,988,48300,15800,11300,SUCCESS
PIPE,gamma,989,17900,7500,10000,SUCCESS
PIPE,gamma,990,22000,5800,9900,SUCCESS
PIPE,gamma,991,22100,5700,10000,SUCCESS
PIPE,gamma,992,23300,6000,10000,SUCCESS
PIPE,gamma,993,21500,10700,10600,SUCCESS
PIPE,gamma,994,47000,15800,11500,SUCCESS
PIPE,gamma,995,17700,7200,10000,SUCCESS
PIPE,gamma,996,22700,6200,9800,SUCCESS
PIPE,gamma,997,22900,6100,10000,SUCCESS
PIPE,gamma,998,24700,5900,11200,SUCCESS
PIPE,gamma,999,43600,12200,11600,SUCCESS
PIPE,gamma,0,67300,22800,20700,SUCCESS
PIPE,gamma,1,113000,59900,14200,SUCCESS
PIPE,gamma,2,62500,24900,13100,SUCCESS
PIPE,gamma,3,55100,17600,18800,SUCCESS
PIPE,gamma,4,56700,36900,18800,SUCCESS
PIPE,gamma,5,75800,10900,23800,SUCCESS
PIPE,gamma,6,67200,900,21900,SUCCESS
PIPE,gamma,7,36700,9300,12600,SUCCESS
PIPE,gamma,8,46100,8600,12500,SUCCESS
PIPE,gamma,9,48500,16300,12400,SUCCESS
PIPE,gamma,10,66600,54200,11900,SUCCESS
PIPE,gamma,11,75600,30500,13800,SUCCESS
PIPE,gamma,12,38100,13800,12500,SUCCESS
PIPE,gamma,13,32700,11800,11200,SUCCESS
PIPE,gamma,14,86700,18400,11100,SUCCESS
PIPE,gamma,15,121700,3300,110800,SUCCESS
PIPE,gamma,16,110800,80800,12000,SUCCESS
PIPE,gamma,17,89400,24200,11600,SUCCESS
PIPE,gamma,18,106200,31000,11500,SUCCESS
PIPE,gamma,19,90400,5900,11100,SUCCESS
PIPE,gamma,20,39300,8500,12100,SUCCESS
PIPE,gamma,21,129600,7200,12800,SUCCESS
PIPE,gamma,22,79400,7900,24700,SUCCESS
PIPE,gamma,23,47800,7000,11000,SUCCESS
PIPE,gamma,24,130800,7100,13100,SUCCESS
PIPE,gamma,25,89300,7900,25600,SUCCESS
PIPE,gamma,26,50700,7100,11200,SUCCESS
PIPE,gamma,27,100400,70700,12100,SUCCESS
PIPE,gamma,28,37300,23800,11500,SUCCESS
PIPE,gamma,29,125900,31900,11300,SUCCESS
PIPE,gamma,30,107900,5300,13300,SUCCESS
PIPE,gamma,31,88800,57800,13000,SUCCESS
PIPE,gamma,32,71500,18300,11300,SUCCESS
PIPE,gamma,33,65300,900,13000,SUCCESS
PIPE,gamma,34,132800,14200,20000,SUCCESS
PIPE,gamma,35,78200,11700,25700,SUCCESS
PIPE,gamma,36,41600,8300,11000,SUCCESS
PIPE,gamma,37,130900,7600,13000,SUCCESS
PIPE,gamma,38,81200,8100,12800,SUCCESS
PIPE,gamma,39,44500,7200,11000,SUCCESS
PIPE,gamma,40,134400,7100,13000,SUCCESS
PIPE,gamma,41,88200,8000,12900,SUCCESS
PIPE,gamma,42,84000,7300,11000,SUCCESS
PIPE,gamma,43,88500,57600,12800,SUCCESS
PIPE,gamma,44,62400,17100,11400,SUCCESS
PIPE,gamma,45,47000,15600,11600,SUCCESS
PIPE,gamma,46,123400,8400,17600,SUCCESS
PIPE,gamma,47,66000,20300,12900,SUCCESS
PIPE,gamma,48,27800,6800,14300,SUCCESS
PIPE,gamma,49,124600,7200,15300,SUCCESS
PIPE,gamma,50,74000,7900,25000,SUCCESS
PIPE,gamma,51,36800,6700,11400,SUCCESS
PIPE,gamma,52,127500,7100,13900,SUCCESS
PIPE,gamma,53,72900,7700,23400,SUCCESS
PIPE,gamma,54,38200,6600,11300,SUCCESS
PIPE,gamma,55,133600,7300,14200,SUCCESS
PIPE,gamma,56,75800,8100,24900,SUCCESS
PIPE,gamma,57,20600,8200,11600,SUCCESS
PIPE,gamma,58,95500,65300,12000,SUCCESS
PIPE,gamma,59,33900,20000,11500,SUCCESS
PIPE,gamma,60,113100,28200,11400,SUCCESS
PIPE,gamma,61,95700,2400,13000,SUCCESS
PIPE,gamma,62,88300,58100,12300,SUCCESS
PIPE,gamma,63,62000,16400,11300,SUCCESS
PIPE,gamma,64,44100,17600,14000,SUCCESS
PIPE,gamma,65,138300,8700,13200,SUCCESS
PIPE,gamma,66,54800,8100,12900,SUCCESS
PIPE,gamma,67,46200,7300,11000,SUCCESS
PIPE,gamma,68,85700,56000,11700,SUCCESS
PIPE,gamma,69,32400,18800,11600,SUCCESS
PIPE,gamma,70,80800,9000,11000,SUCCESS
PIPE,gamma,71,88800,58400,12400,SUCCESS
PIPE,gamma,72,30300,16800,12100,SUCCESS
PIPE,gamma,73,46400,16300,13000,SUCCESS
PIPE,gamma,74,80500,50400,11900,SUCCESS
PIPE,gamma,75,76200,28600,11600,SUCCESS
PIPE,gamma,76,58400,2800,11300,SUCCESS
PIPE,gamma,77,20300,8300,10800,SUCCESS
PIPE,gamma,78,104200,74100,11500,SUCCESS
PIPE,gamma,79,101300,44700,11600,SUCCESS
PIPE,gamma,80,83000,18000,11000,SUCCESS
PIPE,gamma,81,46400,1300,11200,SUCCESS
PIPE,gamma,82,96500,66500,11700,SUCCESS
PIPE,gamma,83,82400,34400,11600,SUCCESS
PIPE,gamma,84,63100,6900,11400,SUCCESS
PIPE,gamma,85,19900,8200,10700,SUCCESS
PIPE,gamma,86,30600,10800,10700,SUCCESS
PIPE,gamma,87,19400,7300,11400,SUCCESS
PIPE,gamma,88,105600,75500,12400,SUCCESS
PIPE,gamma,89,103500,50900,11300,SUCCESS
PIPE,gamma,90,85600,25100,11300,SUCCESS
PIPE,gamma,91,52000,700,13100,SUCCESS
PIPE,gamma,92,97600,68300,11500,SUCCESS
PIPE,gamma,93,84200,36600,11500,SUCCESS
PIPE,gamma,94,65300,9700,11400,SUCCESS
PIPE,gamma,95,20500,7900,10800,SUCCESS
PIPE,gamma,96,29400,9500,10800,SUCCESS
PIPE,gamma,97,19200,7100,11300,SUCCESS
PIPE,gamma,98,121500,91800,11700,SUCCESS
PIPE,gamma,99,140000,55100,11400,SUCCESS
PIPE,gamma,100,121600,28900,11300,SUCCESS
PIPE,gamma,101,104300,4500,13200,SUCCESS
PIPE,gamma,102,84000,53100,12900,SUCCESS
PIPE,gamma,103,38200,24600,11400,SUCCESS
PIPE,gamma,104,81200,900,11400,SUCCESS
PIPE,gamma,105,83500,52500,12800,SUCCESS
PIPE,gamma,106,38500,25100,11300,SUCCESS
PIPE,gamma,107,80100,1000,11400,SUCCESS
PIPE,gamma,108,209400,54000,12800,SUCCESS
PIPE,gamma,109,167400,25700,11700,SUCCESS
PIPE,gamma,110,397100,900,11400,SUCCESS
PIPE,gamma,111,383500,13400,11500,SUCCESS
PIPE,gamma,112,361900,13700,11400,SUCCESS
PIPE,gamma,113,345000,12000,11600,SUCCESS
PIPE,gamma,114,281000,98900,11600,SUCCESS
PIPE,gamma,115,222000,54800,12400,SUCCESS
PIPE,gamma,116,168300,16600,11600,SUCCESS
PIPE,gamma,117,324100,9900,11300,SUCCESS
PIPE,gamma,118,304800,11500,11400,SUCCESS
PIPE,gamma,119,284700,11500,11400,SUCCESS
PIPE,gamma,120,264500,12700,11400,SUCCESS
PIPE,gamma,121,232000,11400,11500,SUCCESS
PIPE,gamma,122,122700,14000,10700,SUCCESS
PIPE,gamma,123,281600,109800,12000,SUCCESS
PIPE,gamma,124,230600,49600,11200,SUCCESS
PIPE,gamma,125,203000,14700,11600,SUCCESS
PIPE,gamma,126,212800,50600,12900,SUCCESS
PIPE,gamma,127,350100,23200,11400,SUCCESS
PIPE,gamma,128,333200,900,11400,SUCCESS
PIPE,gamma,129,294700,64700,13500,SUCCESS
PIPE,gamma,130,285800,40700,11400,SUCCESS
PIPE,gamma,131,267300,12200,11400,SUCCESS
PIPE,gamma,132,183900,106500,19300,SUCCESS
PIPE,gamma,133,101200,49500,18900,SUCCESS
PIPE,gamma,134,102600,23700,18600,SUCCESS
PIPE,gamma,135,81000,1000,18600,SUCCESS
PIPE,gamma,136,54500,22900,21700,SUCCESS
PIPE,gamma,137,204400,69300,12200,SUCCESS
PIPE,gamma,138,321000,8300,11500,SUCCESS
PIPE,gamma,139,297300,11700,11400,SUCCESS
PIPE,gamma,140,230100,91900,11100,SUCCESS
PIPE,gamma,141,227000,56600,12600,SUCCESS
PIPE,gamma,142,169900,14400,11500,SUCCESS
PIPE,gamma,143,196400,13200,11400,SUCCESS
PIPE,gamma,144,214700,67500,11700,SUCCESS
PIPE,gamma,145,196000,42000,11200,SUCCESS
PIPE,gamma,146,207800,47300,11500,SUCCESS
PIPE,gamma,147,135800,9500,22200,SUCCESS
PIPE,gamma,148,150100,51000,12400,SUCCESS
PIPE,gamma,149,90500,6900,11400,SUCCESS
PIPE,gamma,150,289600,91500,11600,SUCCESS
PIPE,gamma,151,183400,62400,12000,SUCCESS
PIPE,gamma,152,125000,19000,11500,SUCCESS
PIPE,gamma,153,264100,7300,11500,SUCCESS
PIPE,gamma,154,222900,60700,11500,SUCCESS
PIPE,gamma,155,195300,28300,12100,SUCCESS
PIPE,gamma,156,176400,53300,12000,SUCCESS
PIPE,gamma,157,120000,12200,11400,SUCCESS
PIPE,gamma,158,262200,9500,11400,SUCCESS
PIPE,gamma,159,240400,117200,11200,SUCCESS
PIPE,gamma,160,201900,73400,10900,SUCCESS
PIPE,gamma,161,71600,50400,12000,SUCCESS
PIPE,gamma,162,174400,126200,19300,SUCCESS
PIPE,gamma,163,166600,102200,18500,SUCCESS
PIPE,gamma,164,167500,100400,18300,SUCCESS
PIPE,gamma,165,135800,80600,22200,SUCCESS
PIPE,gamma,166,132600,59800,21500,SUCCESS
PIPE,gamma,167,116300,45100,21500,SUCCESS
PIPE,gamma,168,30900,12300,11000,SUCCESS
PIPE,gamma,169,120600,28300,27000,SUCCESS
PIPE,gamma,170,90700,1100,18600,SUCCESS
PIPE,gamma,171,75700,24700,22400,SUCCESS
PIPE,gamma,172,49000,800,21600,SUCCESS
PIPE,gamma,173,140800,67600,18800,SUCCESS
PIPE,gamma,174,107900,34200,18800,SUCCESS
PIPE,gamma,175,85700,6700,18600,SUCCESS
PIPE,gamma,176,63900,28500,18600,SUCCESS
PIPE,gamma,177,48900,18000,18600,SUCCESS
PIPE,gamma,178,150800,74800,18900,SUCCESS
PIPE,gamma,179,97300,44700,18800,SUCCESS
PIPE,gamma,180,117600,28600,18600,SUCCESS
PIPE,gamma,181,110800,11900,18500,SUCCESS
PIPE,gamma,182,88700,23700,18800,SUCCESS
PIPE,gamma,183,31400,10500,11000,SUCCESS
PIPE,gamma,184,19900,8400,11000,SUCCESS
PIPE,gamma,185,129700,77100,11200,SUCCESS
PIPE,gamma,186,68600,17900,11800,SUCCESS
PIPE,gamma,187,116800,23200,11000,SUCCESS
PIPE,gamma,188,54600,33100,11900,SUCCESS
PIPE,gamma,189,176800,58700,19200,SUCCESS
PIPE,gamma,190,113400,26600,26900,SUCCESS
PIPE,gamma,191,97700,7200,18600,SUCCESS
PIPE,gamma,192,76700,27500,22600,SUCCESS
PIPE,gamma,193,52500,4100,21600,SUCCESS
PIPE,gamma,194,86700,65800,12600,SUCCESS
PIPE,gamma,195,154300,105000,18800,SUCCESS
PIPE,gamma,196,140800,81100,18700,SUCCESS
PIPE,gamma,197,154900,93600,18300,SUCCESS
PIPE,gamma,198,116900,51900,22500,SUCCESS
PIPE,gamma,199,98800,34200,21600,SUCCESS
PIPE,gamma,200,125400,20400,21900,SUCCESS
PIPE,gamma,201,169200,102000,19000,SUCCESS
PIPE,gamma,202,119300,79800,19000,SUCCESS
PIPE,gamma,203,158500,43700,18500,SUCCESS
PIPE,gamma,204,139700,23300,18400,SUCCESS
PIPE,gamma,205,103200,6000,18800,SUCCESS
PIPE,gamma,206,47000,10200,12500,SUCCESS
PIPE,gamma,207,28500,9600,11500,SUCCESS
PIPE,gamma,208,26600,8600,11200,SUCCESS
PIPE,gamma,209,26400,8800,10800,SUCCESS
PIPE,gamma,210,26500,8200,11500,SUCCESS
PIPE,gamma,211,26100,8700,10700,SUCCESS
PIPE,gamma,212,34100,8300,11700,SUCCESS
PIPE,gamma,213,31800,8400,12700,SUCCESS
PIPE,gamma,214,33800,21400,11600,SUCCESS
PIPE,gamma,215,31200,9300,11500,SUCCESS
PIPE,gamma,216,22600,10200,11700,SUCCESS
PIPE,gamma,217,31700,6600,12200,SUCCESS
PIPE,gamma,218,48500,26000,12000,SUCCESS
PIPE,gamma,219,47500,22200,12000,SUCCESS
PIPE,gamma,220,21800,8800,12300,SUCCESS
PIPE,gamma,221,37500,7800,11700,SUCCESS
PIPE,gamma,222,25900,8100,12100,SUCCESS
PIPE,gamma,223,26900,5600,12200,SUCCESS
PIPE,gamma,224,50700,29300,12300,SUCCESS
PIPE,gamma,225,28500,10300,10700,SUCCESS
PIPE,gamma,226,33200,10400,11700,SUCCESS
PIPE,gamma,227,19900,6900,12100,SUCCESS
PIPE,gamma,228,32800,8200,12300,SUCCESS
PIPE,gamma,229,18500,4800,12900,SUCCESS
PIPE,gamma,230,30300,9100,12200,SUCCESS
PIPE,gamma,231,21200,3100,10600,SUCCESS
PIPE,gamma,232,31300,9000,12400,SUCCESS
PIPE,gamma,233,44700,13400,16500,SUCCESS
PIPE,gamma,234,37300,12300,12200,SUCCESS
PIPE,gamma,235,62100,39900,12200,SUCCESS
PIPE,gamma,236,38300,16900,12700,SUCCESS
PIPE,gamma,237,49600,28300,12700,SUCCESS
PIPE,gamma,238,19300,7500,11000,SUCCESS
PIPE,gamma,239,35100,9100,12600,SUCCESS
PIPE,gamma,240,20700,8300,11600,SUCCESS
PIPE,gamma,241,32500,9700,11900,SUCCESS
PIPE,gamma,242,72500,8900,12200,SUCCESS
PIPE,gamma,243,72400,38100,16600,SUCCESS
PIPE,gamma,244,84400,14300,12100,SUCCESS
PIPE,gamma,245,102600,21200,11600,SUCCESS
PIPE,gamma,246,57400,7600,14000,SUCCESS
PIPE,gamma,247,44700,20400,11600,SUCCESS
PIPE,gamma,248,447800,111800,19600,SUCCESS
PIPE,gamma,249,390300,80000,276000,SUCCESS
PIPE,gamma,250,377500,275900,13300,SUCCESS
PIPE,gamma,251,378000,246200,11900,SUCCESS
PIPE,gamma,252,370500,219000,11900,SUCCESS
PIPE,gamma,253,361300,189900,14000,SUCCESS
PIPE,gamma,254,383400,164300,12100,SUCCESS
PIPE,gamma,255,337500,102700,11300,SUCCESS
PIPE,gamma,256,249100,5100,12900,SUCCESS
PIPE,gamma,257,41700,11300,11700,SUCCESS
PIPE,gamma,258,88600,17700,11400,SUCCESS
PIPE,gamma,259,179300,49200,19300,SUCCESS
PIPE,gamma,260,167400,26800,11400,SUCCESS
PIPE,gamma,261,188700,31300,11500,SUCCESS
PIPE,gamma,262,174000,900,11500,SUCCESS
PIPE,gamma,263,151800,100700,15300,SUCCESS
PIPE,gamma,264,126200,60400,13000,SUCCESS
PIPE,gamma,265,73800,14700,13400,SUCCESS
PIPE,gamma,266,83800,57400,11800,SUCCESS
PIPE,gamma,267,26300,13800,11800,SUCCESS
PIPE,gamma,268,35500,16400,11600,SUCCESS
PIPE,gamma,269,102700,62900,21200,SUCCESS
PIPE,gamma,270,113400,44600,32900,SUCCESS
PIPE,gamma,271,102300,33600,29700,SUCCESS
PIPE,gamma,272,59600,400,13600,SUCCESS
PIPE,gamma,273,40400,9000,13400,SUCCESS
PIPE,gamma,274,41200,11300,11700,SUCCESS
PIPE,gamma,275,26200,9700,11100,SUCCESS
PIPE,gamma,276,89300,63600,11300,SUCCESS
PIPE,gamma,277,81800,40000,11800,SUCCESS
PIPE,gamma,278,87400,5000,14100,SUCCESS
PIPE,gamma,279,281300,257400,11700,SUCCESS
PIPE,gamma,280,52900,37700,11000,SUCCESS
PIPE,gamma,281,94700,68200,11800,SUCCESS
PIPE,gamma,282,45100,32200,12000,SUCCESS
PIPE,gamma,283,24100,3300,11800,SUCCESS
PIPE,gamma,284,47000,11800,10900,SUCCESS
PIPE,gamma,285,95800,17200,13000,SUCCESS
PIPE,gamma,286,66100,33300,19000,SUCCESS
PIPE,gamma,287,33800,10200,18400,SUCCESS
PIPE,gamma,288,51200,11700,22000,SUCCESS
PIPE,gamma,289,22400,10500,11300,SUCCESS
PIPE,gamma,290,30200,8500,12600,SUCCESS
PIPE,gamma,291,27500,6700,12100,SUCCESS
PIPE,gamma,292,27700,7700,11000,SUCCESS
PIPE,gamma,293,108000,84000,12300,SUCCESS
PIPE,gamma,294,79900,41300,11900,SUCCESS
PIPE,gamma,295,63800,14200,13800,SUCCESS
PIPE,gamma,296,19500,7100,11600,SUCCESS
PIPE,gamma,297,112700,78200,18900,SUCCESS
PIPE,gamma,298,102000,65200,22500,SUCCESS
PIPE,gamma,299,87400,49400,21600,SUCCESS
PIPE,gamma,300,52200,32300,18700,SUCCESS
PIPE,gamma,301,173900,62700,48500,SUCCESS
PIPE,gamma,302,130800,77200,18900,SUCCESS
PIPE,gamma,303,150100,24500,18600,SUCCESS
PIPE,gamma,304,133100,5500,18400,SUCCESS
PIPE,gamma,305,113600,30900,51100,SUCCESS
PIPE,gamma,306,133600,55700,13000,SUCCESS
PIPE,gamma,307,228500,17600,12000,SUCCESS
PIPE,gamma,308,208300,6900,11800,SUCCESS
PIPE,gamma,309,153100,24200,18800,SUCCESS
PIPE,gamma,310,131400,900,18600,SUCCESS
PIPE,gamma,311,119800,18700,22300,SUCCESS
PIPE,gamma,312,102100,61800,18800,SUCCESS
PIPE,gamma,313,50600,30800,18600,SUCCESS
PIPE,gamma,314,131400,5200,18800,SUCCESS
PIPE,gamma,315,154800,25100,39900,SUCCESS
PIPE,gamma,316,166900,56600,18500,SUCCESS
PIPE,gamma,317,121100,9400,18700,SUCCESS
PIPE,gamma,318,108700,7000,22400,SUCCESS
PIPE,gamma,319,197700,98600,41100,SUCCESS
PIPE,gamma,320,134600,81900,18900,SUCCESS
PIPE,gamma,321,152500,29500,18600,SUCCESS
PIPE,gamma,322,132500,10500,18500,SUCCESS
PIPE,gamma,323,108700,2500,21800,SUCCESS
PIPE,gamma,324,150100,54200,12700,SUCCESS
PIPE,gamma,325,106000,25500,11400,SUCCESS
PIPE,gamma,326,199100,800,11400,SUCCESS
PIPE,gamma,327,177600,10500,11400,SUCCESS
PIPE,gamma,328,156400,10700,11400,SUCCESS
PIPE,gamma,329,200500,72300,12400,SUCCESS
PIPE,gamma,330,103400,24700,18900,SUCCESS
PIPE,gamma,331,74100,12800,11600,SUCCESS
PIPE,gamma,332,179600,59000,45000,SUCCESS
PIPE,gamma,333,125300,59100,18800,SUCCESS
PIPE,gamma,334,112600,11500,18700,SUCCESS
PIPE,gamma,335,100500,17600,11300,SUCCESS
PIPE,gamma,336,174500,59200,47300,SUCCESS
PIPE,gamma,337,86600,800,18500,SUCCESS
PIPE,gamma,338,68400,24000,22200,SUCCESS
PIPE,gamma,339,144100,21400,18700,SUCCESS
PIPE,gamma,340,200500,73800,18800,SUCCESS
PIPE,gamma,341,160700,64400,42600,SUCCESS
PIPE,gamma,342,118100,6100,18600,SUCCESS
PIPE,gamma,343,125600,31400,22400,SUCCESS
PIPE,gamma,344,99600,7900,21600,SUCCESS
PIPE,gamma,345,144300,51800,13300,SUCCESS
PIPE,gamma,346,311200,24100,11400,SUCCESS
PIPE,gamma,347,293600,800,11400,SUCCESS
PIPE,gamma,348,229300,89100,11400,SUCCESS
PIPE,gamma,349,198900,72800,12300,SUCCESS
PIPE,gamma,350,96100,19900,18900,SUCCESS
PIPE,gamma,351,72300,24900,22200,SUCCESS
PIPE,gamma,352,45500,2100,21800,SUCCESS
PIPE,gamma,353,133900,60100,11500,SUCCESS
PIPE,gamma,354,266200,15600,11400,SUCCESS
PIPE,gamma,355,235500,12100,11400,SUCCESS
PIPE,gamma,356,155100,96800,18900,SUCCESS
PIPE,gamma,357,130800,54100,12200,SUCCESS
PIPE,gamma,358,258800,14500,11500,SUCCESS
PIPE,gamma,359,233600,13600,11400,SUCCESS
PIPE,gamma,360,161100,95700,22500,SUCCESS
PIPE,gamma,361,232700,69800,12400,SUCCESS
PIPE,gamma,362,155900,77300,18800,SUCCESS
PIPE,gamma,363,87300,5400,18500,SUCCESS
PIPE,gamma,364,66200,30700,18700,SUCCESS
PIPE,gamma,365,24400,1200,21700,SUCCESS
PIPE,gamma,366,180400,104200,11700,SUCCESS
PIPE,gamma,367,192100,29800,11500,SUCCESS
PIPE,gamma,368,201000,9500,11300,SUCCESS
PIPE,gamma,369,161300,86900,11200,SUCCESS
PIPE,gamma,370,213800,103600,13100,SUCCESS
PIPE,gamma,371,230800,61200,11800,SUCCESS
PIPE,gamma,372,365900,29500,11500,SUCCESS
PIPE,gamma,373,357800,800,11500,SUCCESS
PIPE,gamma,374,318700,106300,13300,SUCCESS
PIPE,gamma,375,266600,28100,11400,SUCCESS
PIPE,gamma,376,133900,23100,12100,SUCCESS
PIPE,gamma,377,156200,108400,11800,SUCCESS
PIPE,gamma,378,136000,40200,11500,SUCCESS
PIPE,gamma,379,101700,800,11400,SUCCESS
PIPE,gamma,380,55900,21000,22300,SUCCESS
PIPE,gamma,381,140800,65500,18700,SUCCESS
PIPE,gamma,382,97300,21500,18900,SUCCESS
PIPE,gamma,383,66100,31800,22200,SUCCESS
PIPE,gamma,384,30700,900,18700,SUCCESS
PIPE,gamma,385,94400,6900,11600,SUCCESS
PIPE,gamma,386,174100,97000,11600,SUCCESS
PIPE,gamma,387,107400,44700,11600,SUCCESS
PIPE,gamma,388,260400,52300,11600,SUCCESS
PIPE,gamma,389,258400,5800,12000,SUCCESS
PIPE,gamma,390,183800,84400,10900,SUCCESS
PIPE,gamma,391,157200,51500,12700,SUCCESS
PIPE,gamma,392,170200,95300,11600,SUCCESS
PIPE,gamma,393,201900,47900,11500,SUCCESS
PIPE,gamma,394,255800,55200,12900,SUCCESS
PIPE,gamma,395,288500,32100,11000,SUCCESS
PIPE,gamma,396,299000,3400,10900,SUCCESS
PIPE,gamma,397,325400,14200,10900,SUCCESS
PIPE,gamma,398,69600,22500,24300,SUCCESS
PIPE,gamma,399,58900,23200,18800,SUCCESS
PIPE,gamma,400,52300,2700,18700,SUCCESS
PIPE,gamma,401,68000,12600,22100,SUCCESS
PIPE,gamma,402,52700,20500,18800,SUCCESS
PIPE,gamma,403,49300,800,21900,SUCCESS
PIPE,gamma,404,86000,54500,13200,SUCCESS
PIPE,gamma,405,30700,17100,11400,SUCCESS
PIPE,gamma,406,28100,8800,11200,SUCCESS
PIPE,gamma,407,28100,8100,11500,SUCCESS
PIPE,gamma,408,26800,7700,10700,SUCCESS
PIPE,gamma,409,25000,7300,10700,SUCCESS
PIPE,gamma,410,25400,7100,11500,SUCCESS
PIPE,gamma,411,25400,7500,11200,SUCCESS
PIPE,gamma,412,32500,7000,11400,SUCCESS
PIPE,gamma,413,85100,47900,18900,SUCCESS
PIPE,gamma,414,34500,4900,23800,SUCCESS
PIPE,gamma,415,46000,23300,11300,SUCCESS
PIPE,gamma,416,37000,20400,11200,SUCCESS
PIPE,gamma,417,51500,12000,24400,SUCCESS
PIPE,gamma,418,36900,1200,35000,SUCCESS
PIPE,gamma,419,106300,64400,11800,SUCCESS
PIPE,gamma,420,143400,39000,11900,SUCCESS
PIPE,gamma,421,170000,8300,12100,SUCCESS
PIPE,gamma,422,177900,49800,11200,SUCCESS
PIPE,gamma,423,162000,130900,12200,SUCCESS
PIPE,gamma,424,290600,103100,11600,SUCCESS
PIPE,gamma,425,278200,78400,11800,SUCCESS
PIPE,gamma,426,260400,55900,11800,SUCCESS
PIPE,gamma,427,250000,31600,13000,SUCCESS
PIPE,gamma,428,221700,800,11100,SUCCESS
PIPE,gamma,429,119800,99200,12300,SUCCESS
PIPE,gamma,430,220000,176200,19000,SUCCESS
PIPE,gamma,431,173000,146500,18700,SUCCESS
PIPE,gamma,432,182100,125000,22300,SUCCESS
PIPE,gamma,433,144800,90200,21700,SUCCESS
PIPE,gamma,434,127000,75300,21500,SUCCESS
PIPE,gamma,435,114300,62600,21600,SUCCESS
PIPE,gamma,436,111700,45900,21600,SUCCESS
PIPE,gamma,437,70500,19000,42100,SUCCESS
PIPE,gamma,438,153000,103200,18700,SUCCESS
PIPE,gamma,439,163600,83900,18500,SUCCESS
PIPE,gamma,440,175300,93700,18900,SUCCESS
PIPE,gamma,441,110500,46600,22200,SUCCESS
PIPE,gamma,442,108800,32500,21700,SUCCESS
PIPE,gamma,443,66400,2400,21800,SUCCESS
PIPE,gamma,444,72100,21100,41900,SUCCESS
PIPE,gamma,445,161000,111700,18800,SUCCESS
PIPE,gamma,446,125800,93700,18600,SUCCESS
PIPE,gamma,447,168400,105800,18400,SUCCESS
PIPE,gamma,448,120300,53900,22200,SUCCESS
PIPE,gamma,449,103200,40800,21900,SUCCESS
PIPE,gamma,450,119700,54500,21700,SUCCESS
PIPE,gamma,451,102100,35700,21400,SUCCESS
PIPE,gamma,452,56000,4200,21700,SUCCESS
PIPE,gamma,453,52400,19000,18600,SUCCESS
PIPE,gamma,454,139000,20100,38400,SUCCESS
PIPE,gamma,455,78600,21100,18600,SUCCESS
PIPE,gamma,456,57100,1300,21700,SUCCESS
PIPE,gamma,457,143500,19700,18700,SUCCESS
PIPE,gamma,458,189300,89000,41300,SUCCESS
PIPE,gamma,459,180900,130900,18800,SUCCESS
PIPE,gamma,460,196200,112100,18600,SUCCESS
PIPE,gamma,461,144100,59100,18400,SUCCESS
PIPE,gamma,462,138000,69300,22300,SUCCESS
PIPE,gamma,463,134600,55200,21600,SUCCESS
PIPE,gamma,464,118200,39200,21600,SUCCESS
PIPE,gamma,465,83300,63200,11600,SUCCESS
PIPE,gamma,466,172600,117800,18600,SUCCESS
PIPE,gamma,467,164000,98500,18900,SUCCESS
PIPE,gamma,468,181600,111300,18600,SUCCESS
PIPE,gamma,469,129800,58400,22500,SUCCESS
PIPE,gamma,470,114800,44000,21800,SUCCESS
PIPE,gamma,471,100000,26500,21700,SUCCESS
PIPE,gamma,472,65200,15100,14100,SUCCESS
PIPE,gamma,473,154500,80600,18900,SUCCESS
PIPE,gamma,474,96000,16900,18800,SUCCESS
PIPE,gamma,475,79800,1200,18700,SUCCESS
PIPE,gamma,476,59300,23300,24300,SUCCESS
PIPE,gamma,477,51300,21600,18700,SUCCESS
PIPE,gamma,478,190200,114000,11500,SUCCESS
PIPE,gamma,479,118200,55700,11500,SUCCESS
PIPE,gamma,480,80300,28400,11500,SUCCESS
PIPE,gamma,481,201100,2800,11700,SUCCESS
PIPE,gamma,482,226900,15800,11400,SUCCESS
PIPE,gamma,483,233400,19200,17600,SUCCESS
PIPE,gamma,484,156700,102500,14700,SUCCESS
PIPE,gamma,485,110200,83900,13500,SUCCESS
PIPE,gamma,486,88300,53800,12100,SUCCESS
PIPE,gamma,487,66400,24800,13700,SUCCESS
PIPE,gamma,488,83600,61300,11500,SUCCESS
PIPE,gamma,489,44900,32900,11500,SUCCESS
PIPE,gamma,490,75000,50700,11600,SUCCESS
PIPE,gamma,491,30500,18200,11700,SUCCESS
PIPE,gamma,492,139700,64800,11700,SUCCESS
PIPE,gamma,493,93100,32500,11600,SUCCESS
PIPE,gamma,494,190600,5200,11500,SUCCESS
PIPE,gamma,495,212700,13800,11400,SUCCESS
PIPE,gamma,496,169000,81600,10900,SUCCESS
PIPE,gamma,497,76900,51000,13400,SUCCESS
PIPE,gamma,498,28800,16400,11800,SUCCESS
PIPE,gamma,499,89900,68000,11800,SUCCESS
PIPE,gamma,500,48100,36000,11600,SUCCESS
PIPE,gamma,501,82000,58100,11300,SUCCESS
PIPE,gamma,502,31100,18300,12200,SUCCESS
PIPE,gamma,503,141800,67900,12100,SUCCESS
PIPE,gamma,504,94400,35300,11700,SUCCESS
PIPE,gamma,505,209400,8400,11400,SUCCESS
PIPE,gamma,506,227000,8200,11400,SUCCESS
PIPE,gamma,507,170200,79600,10900,SUCCESS
PIPE,gamma,508,78300,52900,12500,SUCCESS
PIPE,gamma,509,28600,16400,11600,SUCCESS
PIPE,gamma,510,87900,66000,11800,SUCCESS
PIPE,gamma,511,46000,33600,11700,SUCCESS
PIPE,gamma,512,75600,51500,11600,SUCCESS
PIPE,gamma,513,147100,13000,12100,SUCCESS
PIPE,gamma,514,33900,17700,12200,SUCCESS
PIPE,gamma,515,127900,53100,12600,SUCCESS
PIPE,gamma,516,181800,29200,11400,SUCCESS
PIPE,gamma,517,211400,700,11600,SUCCESS
PIPE,gamma,518,134300,82300,13100,SUCCESS
PIPE,gamma,519,79700,54400,12800,SUCCESS
PIPE,gamma,520,39600,27500,11600,SUCCESS
PIPE,gamma,521,84500,62200,11900,SUCCESS
PIPE,gamma,522,50400,38300,11500,SUCCESS
PIPE,gamma,523,134600,59100,11100,SUCCESS
PIPE,gamma,524,209700,24900,11500,SUCCESS
PIPE,gamma,525,209700,11400,11500,SUCCESS
PIPE,gamma,526,188200,86900,11100,SUCCESS
PIPE,gamma,527,78300,52500,12900,SUCCESS
PIPE,gamma,528,37800,25800,11400,SUCCESS
PIPE,gamma,529,83600,61700,11700,SUCCESS
PIPE,gamma,530,49300,37100,11700,SUCCESS
PIPE,gamma,531,79500,55800,11000,SUCCESS
PIPE,gamma,532,35100,22300,12300,SUCCESS
PIPE,gamma,533,133700,50800,11700,SUCCESS
PIPE,gamma,534,205500,25700,11400,SUCCESS
PIPE,gamma,535,229900,800,11500,SUCCESS
PIPE,gamma,536,221400,82000,10900,SUCCESS
PIPE,gamma,537,105400,80100,12800,SUCCESS
PIPE,gamma,538,88500,52400,11700,SUCCESS
PIPE,gamma,539,60300,18400,13200,SUCCESS
PIPE,gamma,540,111100,51800,33300,SUCCESS
PIPE,gamma,541,133700,42100,11700,SUCCESS
PIPE,gamma,542,126200,14600,11900,SUCCESS
PIPE,gamma,543,88600,65100,12200,SUCCESS
PIPE,gamma,544,38900,11500,13500,SUCCESS
PIPE,gamma,545,53400,20400,11500,SUCCESS
PIPE,gamma,546,204900,80600,12100,SUCCESS
PIPE,gamma,547,113200,24000,18800,SUCCESS
PIPE,gamma,548,90700,19400,11500,SUCCESS
PIPE,gamma,549,186700,59700,18700,SUCCESS
PIPE,gamma,550,176900,19500,30200,SUCCESS
PIPE,gamma,551,129700,27400,18600,SUCCESS
PIPE,gamma,552,105900,5400,22400,SUCCESS
PIPE,gamma,553,82500,57700,12500,SUCCESS
PIPE,gamma,554,42000,30000,11400,SUCCESS
PIPE,gamma,555,32600,13600,11300,SUCCESS
PIPE,gamma,556,45700,11100,13400,SUCCESS
PIPE,gamma,557,34900,700,12900,SUCCESS
PIPE,gamma,558,128400,53300,11500,SUCCESS
PIPE,gamma,559,180100,24600,11500,SUCCESS
PIPE,gamma,560,210200,2000,11500,SUCCESS
PIPE,gamma,561,134100,78700,12600,SUCCESS
PIPE,gamma,562,250400,55600,12800,SUCCESS
PIPE,gamma,563,236100,28300,11400,SUCCESS
PIPE,gamma,564,202600,8900,11400,SUCCESS
PIPE,gamma,565,120200,98500,19900,SUCCESS
PIPE,gamma,566,118100,81500,21600,SUCCESS
PIPE,gamma,567,79100,42300,18600,SUCCESS
PIPE,gamma,568,22300,2500,18600,SUCCESS
PIPE,gamma,569,119100,19200,20600,SUCCESS
PIPE,gamma,570,56900,24500,18700,SUCCESS
PIPE,gamma,571,61800,17900,21700,SUCCESS
PIPE,gamma,572,132600,53200,12500,SUCCESS
PIPE,gamma,573,260200,28200,11500,SUCCESS
PIPE,gamma,574,238600,600,11500,SUCCESS
PIPE,gamma,575,203600,77800,11100,SUCCESS
PIPE,gamma,576,163900,51600,12000,SUCCESS
PIPE,gamma,577,305100,22700,11500,SUCCESS
PIPE,gamma,578,239300,64900,11700,SUCCESS
PIPE,gamma,579,123000,18100,18700,SUCCESS
PIPE,gamma,580,130200,52500,12700,SUCCESS
PIPE,gamma,581,66800,5600,11700,SUCCESS
PIPE,gamma,582,141800,33900,19100,SUCCESS
PIPE,gamma,583,83700,24700,18600,SUCCESS
PIPE,gamma,584,62200,1000,18600,SUCCESS
PIPE,gamma,585,145900,73400,18900,SUCCESS
PIPE,gamma,586,119600,45100,18800,SUCCESS
PIPE,gamma,587,112800,26400,18700,SUCCESS
PIPE,gamma,588,59500,16700,22200,SUCCESS
PIPE,gamma,589,183200,13100,11000,SUCCESS
PIPE,gamma,590,163300,9400,10700,SUCCESS
PIPE,gamma,591,122300,21800,25400,SUCCESS
PIPE,gamma,592,181000,68200,19700,SUCCESS
PIPE,gamma,593,130200,18900,18800,SUCCESS
PIPE,gamma,594,101700,21300,18500,SUCCESS
PIPE,gamma,595,57000,20300,21700,SUCCESS
PIPE,gamma,596,161400,80500,18900,SUCCESS
PIPE,gamma,597,133300,50800,18900,SUCCESS
PIPE,gamma,598,116200,27800,28600,SUCCESS
PIPE,gamma,599,56000,20300,22200,SUCCESS
PIPE,gamma,600,126400,21300,22500,SUCCESS
PIPE,gamma,601,66100,20000,29600,SUCCESS
PIPE,gamma,602,121700,23200,30400,SUCCESS
PIPE,gamma,603,110400,46400,20700,SUCCESS
PIPE,gamma,604,150000,59100,23600,SUCCESS
PIPE,gamma,605,70300,17600,21900,SUCCESS
PIPE,gamma,606,53300,21900,18800,SUCCESS
PIPE,gamma,607,35100,15200,18700,SUCCESS
PIPE,gamma,608,133800,55900,11500,SUCCESS
PIPE,gamma,609,77800,13800,11500,SUCCESS
PIPE,gamma,610,143300,77000,12500,SUCCESS
PIPE,gamma,611,173600,96800,12700,SUCCESS
PIPE,gamma,612,108900,48200,11700,SUCCESS
PIPE,gamma,613,253600,8300,11800,SUCCESS
PIPE,gamma,614,234200,13800,11800,SUCCESS
PIPE,gamma,615,200100,6800,11700,SUCCESS
PIPE,gamma,616,171700,64000,12100,SUCCESS
PIPE,gamma,617,284800,22600,11400,SUCCESS
PIPE,gamma,618,255300,6800,11400,SUCCESS
PIPE,gamma,619,209000,72900,10900,SUCCESS
PIPE,gamma,620,182400,66000,12800,SUCCESS
PIPE,gamma,621,312800,37500,11800,SUCCESS
PIPE,gamma,622,264600,14200,11800,SUCCESS
PIPE,gamma,623,195800,64600,11200,SUCCESS
PIPE,gamma,624,167500,64100,11800,SUCCESS
PIPE,gamma,625,175800,15800,11500,SUCCESS
PIPE,gamma,626,320700,97600,11600,SUCCESS
PIPE,gamma,627,215700,7900,13100,SUCCESS
PIPE,gamma,628,186200,59800,12200,SUCCESS
PIPE,gamma,629,131100,19700,11500,SUCCESS
PIPE,gamma,630,279600,7100,11500,SUCCESS
PIPE,gamma,631,236000,67900,11500,SUCCESS
PIPE,gamma,632,202600,21500,11300,SUCCESS
PIPE,gamma,633,187400,57900,12700,SUCCESS
PIPE,gamma,634,137000,23500,11800,SUCCESS
PIPE,gamma,635,283000,7700,12000,SUCCESS
PIPE,gamma,636,233900,69300,18500,SUCCESS
PIPE,gamma,637,207600,48800,17000,SUCCESS
PIPE,gamma,638,189300,62000,11700,SUCCESS
PIPE,gamma,639,133200,20600,11500,SUCCESS
PIPE,gamma,640,274700,10800,11600,SUCCESS
PIPE,gamma,641,240800,82400,17300,SUCCESS
PIPE,gamma,642,216600,52100,17600,SUCCESS
PIPE,gamma,643,185700,58700,12300,SUCCESS
PIPE,gamma,644,309100,35100,11700,SUCCESS
PIPE,gamma,645,284900,4600,11700,SUCCESS
PIPE,gamma,646,258700,11000,11700,SUCCESS
PIPE,gamma,647,237300,7000,11700,SUCCESS
PIPE,gamma,648,204600,10800,11600,SUCCESS
PIPE,gamma,649,196700,68800,12800,SUCCESS
PIPE,gamma,650,141200,29300,11400,SUCCESS
PIPE,gamma,651,95100,700,11500,SUCCESS
PIPE,gamma,652,231000,106800,13500,SUCCESS
PIPE,gamma,653,202500,73900,11500,SUCCESS
PIPE,gamma,654,217200,80900,10800,SUCCESS
PIPE,gamma,655,158300,51500,12300,SUCCESS
PIPE,gamma,656,118500,27100,11400,SUCCESS
PIPE,gamma,657,258100,700,11500,SUCCESS
PIPE,gamma,658,233100,84000,24800,SUCCESS
PIPE,gamma,659,196300,58200,10700,SUCCESS
PIPE,gamma,660,168600,58500,12400,SUCCESS
PIPE,gamma,661,128600,33700,11600,SUCCESS
PIPE,gamma,662,270900,2200,11600,SUCCESS
PIPE,gamma,663,243600,89100,25500,SUCCESS
PIPE,gamma,664,206100,63100,11200,SUCCESS
PIPE,gamma,665,159900,51400,11900,SUCCESS
PIPE,gamma,666,119500,26100,11400,SUCCESS
PIPE,gamma,667,261300,700,11500,SUCCESS
PIPE,gamma,668,229600,82000,24900,SUCCESS
PIPE,gamma,669,197500,60900,10900,SUCCESS
PIPE,gamma,670,156800,58100,12100,SUCCESS
PIPE,gamma,671,116900,33300,11600,SUCCESS
PIPE,gamma,672,273000,1400,11500,SUCCESS
PIPE,gamma,673,239800,80800,25600,SUCCESS
PIPE,gamma,674,209300,61400,10900,SUCCESS
PIPE,gamma,675,194500,54800,12900,SUCCESS
PIPE,gamma,676,277000,31100,11400,SUCCESS
PIPE,gamma,677,268100,600,11500,SUCCESS
PIPE,gamma,678,233600,84500,11700,SUCCESS
PIPE,gamma,679,196900,56300,11300,SUCCESS
PIPE,gamma,680,144200,8900,11400,SUCCESS
PIPE,gamma,681,107300,83000,22400,SUCCESS
PIPE,gamma,682,143800,24400,18600,SUCCESS
PIPE,gamma,683,63400,19900,18800,SUCCESS
PIPE,gamma,684,100900,29000,18600,SUCCESS
PIPE,gamma,685,79200,3800,21800,SUCCESS
PIPE,gamma,686,60200,24600,23800,SUCCESS
PIPE,gamma,687,51200,21500,18600,SUCCESS
PIPE,gamma,688,148600,74100,18700,SUCCESS
PIPE,gamma,689,97500,50800,18800,SUCCESS
PIPE,gamma,690,108500,26200,18500,SUCCESS
PIPE,gamma,691,84300,1600,18400,SUCCESS
PIPE,gamma,692,54500,31300,21700,SUCCESS
PIPE,gamma,693,158900,78900,11600,SUCCESS
PIPE,gamma,694,218700,51000,11500,SUCCESS
PIPE,gamma,695,236200,19800,11400,SUCCESS
PIPE,gamma,696,212900,11000,11400,SUCCESS
PIPE,gamma,697,170400,17100,20800,SUCCESS
PIPE,gamma,698,154500,40800,13600,SUCCESS
PIPE,gamma,699,138100,18400,11200,SUCCESS
PIPE,gamma,700,84400,59600,23100,SUCCESS
PIPE,gamma,701,110400,17500,29600,SUCCESS
PIPE,gamma,702,60400,5500,18800,SUCCESS
PIPE,gamma,703,68400,16000,21800,SUCCESS
PIPE,gamma,704,162200,85200,18700,SUCCESS
PIPE,gamma,705,87900,33800,18800,SUCCESS
PIPE,gamma,706,111000,17000,18600,SUCCESS
PIPE,gamma,707,86900,13700,13500,SUCCESS
PIPE,gamma,708,86100,11000,11100,SUCCESS
PIPE,gamma,709,77500,53100,11700,SUCCESS
PIPE,gamma,710,39200,27200,11400,SUCCESS
PIPE,gamma,711,140400,73600,11700,SUCCESS
PIPE,gamma,712,127500,20800,18600,SUCCESS
PIPE,gamma,713,96300,24100,18600,SUCCESS
PIPE,gamma,714,110300,36600,18500,SUCCESS
PIPE,gamma,715,87200,10800,22300,SUCCESS
PIPE,gamma,716,159300,81800,21400,SUCCESS
PIPE,gamma,717,106600,55600,18700,SUCCESS
PIPE,gamma,718,99900,20200,18500,SUCCESS
PIPE,gamma,719,67300,3200,18500,SUCCESS
PIPE,gamma,720,58700,21200,24000,SUCCESS
PIPE,gamma,721,118900,17700,27100,SUCCESS
PIPE,gamma,722,65600,1000,18400,SUCCESS
PIPE,gamma,723,186700,84200,22400,SUCCESS
PIPE,gamma,724,143300,73100,18900,SUCCESS
PIPE,gamma,725,102000,2500,18600,SUCCESS
PIPE,gamma,726,84500,29900,22400,SUCCESS
PIPE,gamma,727,44500,11000,21600,SUCCESS
PIPE,gamma,728,35900,14000,10800,SUCCESS
PIPE,gamma,729,145100,80100,11500,SUCCESS
PIPE,gamma,730,113500,63700,11900,SUCCESS
PIPE,gamma,731,171600,83500,20200,SUCCESS
PIPE,gamma,732,147000,68700,18900,SUCCESS
PIPE,gamma,733,92100,41700,18800,SUCCESS
PIPE,gamma,734,143400,52900,18600,SUCCESS
PIPE,gamma,735,120200,28000,18500,SUCCESS
PIPE,gamma,736,104600,11200,22300,SUCCESS
PIPE,gamma,737,86900,1300,21700,SUCCESS
PIPE,gamma,738,154900,132000,11700,SUCCESS
PIPE,gamma,739,119700,86800,11700,SUCCESS
PIPE,gamma,740,92200,52500,13300,SUCCESS
PIPE,gamma,741,75900,52000,11400,SUCCESS
PIPE,gamma,742,31800,19300,11800,SUCCESS
PIPE,gamma,743,125500,50600,11900,SUCCESS
PIPE,gamma,744,81100,20100,11400,SUCCESS
PIPE,gamma,745,174200,7800,11500,SUCCESS
PIPE,gamma,746,197900,172600,11700,SUCCESS
PIPE,gamma,747,102400,51900,14400,SUCCESS
PIPE,gamma,748,56800,21300,13000,SUCCESS
PIPE,gamma,749,72700,23400,13700,SUCCESS
PIPE,gamma,750,34400,10700,11700,SUCCESS
PIPE,gamma,751,44200,8900,11900,SUCCESS
PIPE,gamma,752,37100,14600,11200,SUCCESS
PIPE,gamma,753,21000,5200,13900,SUCCESS
PIPE,gamma,754,132300,63900,12500,SUCCESS
PIPE,gamma,755,110500,33100,11700,SUCCESS
PIPE,gamma,756,119700,39400,11500,SUCCESS
PIPE,gamma,757,79800,600,11600,SUCCESS
PIPE,gamma,758,48700,27000,11200,SUCCESS
PIPE,gamma,759,52200,19000,23100,SUCCESS
PIPE,gamma,760,40300,6800,11400,SUCCESS
PIPE,gamma,761,31200,9800,11400,SUCCESS
PIPE,gamma,762,32400,10800,11500,SUCCESS
PIPE,gamma,763,34600,11800,11400,SUCCESS
PIPE,gamma,764,43900,22500,11300,SUCCESS
PIPE,gamma,765,41000,7200,11400,SUCCESS
PIPE,gamma,766,31900,10500,11300,SUCCESS
PIPE,gamma,767,26200,4500,11400,SUCCESS
PIPE,gamma,768,137400,74600,11500,SUCCESS
PIPE,gamma,769,93500,44800,11600,SUCCESS
PIPE,gamma,770,129300,51500,11300,SUCCESS
PIPE,gamma,771,84200,4300,11600,SUCCESS
PIPE,gamma,772,48200,25000,11300,SUCCESS
PIPE,gamma,773,122200,71300,11700,SUCCESS
PIPE,gamma,774,81600,44800,11600,SUCCESS
PIPE,gamma,775,70400,6200,11500,SUCCESS
PIPE,gamma,776,50900,29100,11400,SUCCESS
PIPE,gamma,777,48300,26800,11300,SUCCESS
PIPE,gamma,778,41600,8100,11400,SUCCESS
PIPE,gamma,779,32800,11400,11400,SUCCESS
PIPE,gamma,780,32400,10900,11400,SUCCESS
PIPE,gamma,781,24500,2800,11500,SUCCESS
PIPE,gamma,782,33000,11600,11300,SUCCESS
PIPE,gamma,783,36200,3100,11500,SUCCESS
PIPE,gamma,784,28100,7100,11200,SUCCESS
PIPE,gamma,785,31400,9900,11500,SUCCESS
PIPE,gamma,786,41700,18900,11400,SUCCESS
PIPE,gamma,787,53600,9200,11400,SUCCESS
PIPE,gamma,788,45500,13000,11100,SUCCESS
PIPE,gamma,789,70700,18600,11500,SUCCESS
PIPE,gamma,790,50100,28700,11400,SUCCESS
PIPE,gamma,791,51900,30400,11400,SUCCESS
PIPE,gamma,792,41000,7600,11400,SUCCESS
PIPE,gamma,793,31800,10500,11400,SUCCESS
PIPE,gamma,794,28000,6400,11400,SUCCESS
PIPE,gamma,795,41400,18700,11400,SUCCESS
PIPE,gamma,796,52800,6800,11500,SUCCESS
PIPE,gamma,797,44600,10900,11500,SUCCESS
PIPE,gamma,798,71900,17300,11700,SUCCESS
PIPE,gamma,799,47200,27900,11300,SUCCESS
PIPE,gamma,800,98700,34000,41200,SUCCESS
PIPE,gamma,801,90600,15800,12400,SUCCESS
PIPE,gamma,802,42600,18700,12500,SUCCESS
PIPE,gamma,803,31800,9300,11700,SUCCESS
PIPE,gamma,804,52200,16600,11800,SUCCESS
PIPE,gamma,805,43900,21400,11800,SUCCESS
PIPE,gamma,806,42100,20000,11700,SUCCESS
PIPE,gamma,807,27000,4700,11900,SUCCESS
PIPE,gamma,808,64300,16700,11700,SUCCESS
PIPE,gamma,809,57100,22400,12000,SUCCESS
PIPE,gamma,810,86300,29800,11800,SUCCESS
PIPE,gamma,811,41400,27600,12900,SUCCESS
PIPE,gamma,812,96300,55600,12000,SUCCESS
PIPE,gamma,813,77400,27900,12000,SUCCESS
PIPE,gamma,814,40300,17700,11800,SUCCESS
PIPE,gamma,815,46100,23900,11700,SUCCESS
PIPE,gamma,816,53700,18000,11700,SUCCESS
PIPE,gamma,817,45100,22300,11800,SUCCESS
PIPE,gamma,818,41000,18800,11800,SUCCESS
PIPE,gamma,819,25500,3400,11800,SUCCESS
PIPE,gamma,820,158400,81800,11900,SUCCESS
PIPE,gamma,821,141400,79400,11800,SUCCESS
PIPE,gamma,822,179100,86600,11700,SUCCESS
PIPE,gamma,823,132200,37500,11900,SUCCESS
PIPE,gamma,824,95700,10400,11800,SUCCESS
PIPE,gamma,825,76300,27700,11400,SUCCESS
PIPE,gamma,826,101900,61600,12000,SUCCESS
PIPE,gamma,827,52500,26800,11900,SUCCESS
PIPE,gamma,828,38800,26500,11600,SUCCESS
PIPE,gamma,829,132300,65700,11900,SUCCESS
PIPE,gamma,830,113300,34800,11900,SUCCESS
PIPE,gamma,831,124600,43200,11700,SUCCESS
PIPE,gamma,832,84900,600,12000,SUCCESS
PIPE,gamma,833,83500,43500,11600,SUCCESS
PIPE,gamma,834,39800,700,11800,SUCCESS
PIPE,gamma,835,143700,91100,12100,SUCCESS
PIPE,gamma,836,88900,47300,11800,SUCCESS
PIPE,gamma,837,76400,11500,11800,SUCCESS
PIPE,gamma,838,39900,17400,11700,SUCCESS
PIPE,gamma,839,41900,19700,11700,SUCCESS
PIPE,gamma,840,45700,11400,11600,SUCCESS
PIPE,gamma,841,36800,14600,11600,SUCCESS
PIPE,gamma,842,41800,19700,11700,SUCCESS
PIPE,gamma,843,30000,7800,11800,SUCCESS
PIPE,gamma,844,66500,18900,11600,SUCCESS
PIPE,gamma,845,78000,23600,11900,SUCCESS
PIPE,gamma,846,87100,31100,11700,SUCCESS
PIPE,gamma,847,92900,58800,11700,SUCCESS
PIPE,gamma,848,34700,12900,11600,SUCCESS
PIPE,gamma,849,47500,25500,11700,SUCCESS
PIPE,gamma,850,51900,16600,11700,SUCCESS
PIPE,gamma,851,44800,22300,11800,SUCCESS
PIPE,gamma,852,53700,27600,12300,SUCCESS
PIPE,gamma,853,30500,7500,11700,SUCCESS
PIPE,gamma,854,31300,9200,11600,SUCCESS
PIPE,gamma,855,46700,11400,11600,SUCCESS
PIPE,gamma,856,39900,17400,11900,SUCCESS
PIPE,gamma,857,34500,12300,11700,SUCCESS
PIPE,gamma,858,25500,3200,11900,SUCCESS
PIPE,gamma,859,59800,12500,11700,SUCCESS
PIPE,gamma,860,53000,18500,11900,SUCCESS
PIPE,gamma,861,83300,25700,11800,SUCCESS
PIPE,gamma,862,41700,28200,12600,SUCCESS
PIPE,gamma,863,119800,63200,12100,SUCCESS
PIPE,gamma,864,77700,35800,11800,SUCCESS
PIPE,gamma,865,66600,600,11900,SUCCESS
PIPE,gamma,866,40200,17800,11700,SUCCESS
PIPE,gamma,867,25900,3600,11900,SUCCESS
PIPE,gamma,868,52100,16300,11800,SUCCESS
PIPE,gamma,869,45000,22000,11900,SUCCESS
PIPE,gamma,870,39800,27400,11500,SUCCESS
PIPE,gamma,871,127300,62200,12100,SUCCESS
PIPE,gamma,872,108500,33700,12000,SUCCESS
PIPE,gamma,873,120300,42100,11800,SUCCESS
PIPE,gamma,874,85900,3000,12000,SUCCESS
PIPE,gamma,875,85400,47800,11700,SUCCESS
PIPE,gamma,876,39700,800,11700,SUCCESS
PIPE,gamma,877,39900,16300,11700,SUCCESS
PIPE,gamma,878,43300,21200,11700,SUCCESS
PIPE,gamma,879,40500,6000,11800,SUCCESS
PIPE,gamma,880,32000,9900,11700,SUCCESS
PIPE,gamma,881,36000,13800,11800,SUCCESS
PIPE,gamma,882,25100,2800,11900,SUCCESS
PIPE,gamma,883,60900,13500,11800,SUCCESS
PIPE,gamma,884,54300,19800,11900,SUCCESS
PIPE,gamma,885,86100,27100,11800,SUCCESS
PIPE,gamma,886,45500,27900,12700,SUCCESS
PIPE,gamma,887,119900,59400,12100,SUCCESS
PIPE,gamma,888,77400,31700,11900,SUCCESS
PIPE,gamma,889,65900,700,11800,SUCCESS
PIPE,gamma,890,42000,19600,11700,SUCCESS
PIPE,gamma,891,25400,3100,11900,SUCCESS
PIPE,gamma,892,54500,18900,11800,SUCCESS
PIPE,gamma,893,45800,23000,11900,SUCCESS
PIPE,gamma,894,37900,25900,11100,SUCCESS
PIPE,gamma,895,98600,57600,12200,SUCCESS
PIPE,gamma,896,58100,29500,11900,SUCCESS
PIPE,gamma,897,95300,58100,11700,SUCCESS
PIPE,gamma,898,25400,700,11900,SUCCESS
PIPE,gamma,899,45300,23000,11800,SUCCESS
PIPE,gamma,900,45600,11300,11700,SUCCESS
PIPE,gamma,901,36400,14400,11700,SUCCESS
PIPE,gamma,902,40800,18700,11800,SUCCESS
PIPE,gamma,903,25300,3200,11800,SUCCESS
PIPE,gamma,904,63800,16700,11700,SUCCESS
PIPE,gamma,905,56600,22100,11900,SUCCESS
PIPE,gamma,906,82300,29400,11700,SUCCESS
PIPE,gamma,907,60300,40300,12400,SUCCESS
PIPE,gamma,908,74700,12000,29800,SUCCESS
PIPE,gamma,909,47400,1100,15100,SUCCESS
PIPE,gamma,910,43100,20700,11100,SUCCESS
PIPE,gamma,911,44200,21700,11300,SUCCESS
PIPE,gamma,912,38300,4600,11100,SUCCESS
PIPE,gamma,913,31400,9600,11000,SUCCESS
PIPE,gamma,914,43700,21100,11100,SUCCESS
PIPE,gamma,915,31600,8700,11100,SUCCESS
PIPE,gamma,916,72900,8500,11100,SUCCESS
PIPE,gamma,917,64500,12700,22200,SUCCESS
PIPE,gamma,918,99500,28500,18200,SUCCESS
PIPE,gamma,919,50400,22800,11000,SUCCESS
PIPE,gamma,920,90500,49600,12100,SUCCESS
PIPE,gamma,921,70000,20900,11900,SUCCESS
PIPE,gamma,922,52800,30400,11700,SUCCESS
PIPE,gamma,923,53800,29500,15100,SUCCESS
PIPE,gamma,924,110000,56800,12100,SUCCESS
PIPE,gamma,925,129500,65400,12200,SUCCESS
PIPE,gamma,926,81600,13400,12000,SUCCESS
PIPE,gamma,927,47000,24500,11800,SUCCESS
PIPE,gamma,928,25400,3000,12000,SUCCESS
PIPE,gamma,929,36400,14500,11500,SUCCESS
PIPE,gamma,930,36500,2400,12000,SUCCESS
PIPE,gamma,931,28600,7200,11400,SUCCESS
PIPE,gamma,932,33200,11000,11800,SUCCESS
PIPE,gamma,933,25300,2900,11900,SUCCESS
PIPE,gamma,934,68500,21000,11900,SUCCESS
PIPE,gamma,935,59500,24800,11800,SUCCESS
PIPE,gamma,936,55700,31800,11700,SUCCESS
PIPE,gamma,937,54000,34600,11800,SUCCESS
PIPE,gamma,938,54100,41200,12300,SUCCESS
PIPE,gamma,939,39200,15800,11600,SUCCESS
PIPE,gamma,940,38700,5100,11600,SUCCESS
PIPE,gamma,941,30400,9000,11400,SUCCESS
PIPE,gamma,942,35800,13700,11600,SUCCESS
PIPE,gamma,943,27600,5300,11900,SUCCESS
PIPE,gamma,944,34900,13000,11600,SUCCESS
PIPE,gamma,945,42000,7800,11700,SUCCESS
PIPE,gamma,946,33000,11200,11600,SUCCESS
PIPE,gamma,947,38000,15800,11800,SUCCESS
PIPE,gamma,948,29500,7100,11800,SUCCESS
PIPE,gamma,949,65300,17800,12000,SUCCESS
PIPE,gamma,950,79800,23600,11900,SUCCESS
PIPE,gamma,951,88500,31000,11700,SUCCESS
PIPE,gamma,952,92600,58300,11900,SUCCESS
PIPE,gamma,953,37300,15600,11700,SUCCESS
PIPE,gamma,954,52000,29800,11800,SUCCESS
PIPE,gamma,955,40900,6500,11700,SUCCESS
PIPE,gamma,956,32000,10000,11700,SUCCESS
PIPE,gamma,957,36400,14300,11700,SUCCESS
PIPE,gamma,958,29400,7000,11800,SUCCESS
PIPE,gamma,959,37700,15700,11600,SUCCESS
PIPE,gamma,960,41000,6700,11800,SUCCESS
PIPE,gamma,961,31700,9800,11800,SUCCESS
PIPE,gamma,962,35400,13300,11700,SUCCESS
PIPE,gamma,963,24900,2600,11900,SUCCESS
PIPE,gamma,964,63800,16700,11700,SUCCESS
PIPE,gamma,965,56900,22400,11800,SUCCESS
PIPE,gamma,966,85200,29800,11700,SUCCESS
PIPE,gamma,967,45100,28700,12900,SUCCESS
PIPE,gamma,968,100200,59700,11800,SUCCESS
PIPE,gamma,969,59200,30600,12000,SUCCESS
PIPE,gamma,970,95800,57700,11600,SUCCESS
PIPE,gamma,971,25300,700,11800,SUCCESS
PIPE,gamma,972,26500,4300,11700,SUCCESS
PIPE,gamma,973,42800,8000,11600,SUCCESS
PIPE,gamma,974,34000,11800,11700,SUCCESS
PIPE,gamma,975,40100,18000,11700,SUCCESS
PIPE,gamma,976,25200,2800,11800,SUCCESS
PIPE,gamma,977,34200,12200,11600,SUCCESS
PIPE,gamma,978,42400,8300,11600,SUCCESS
PIPE,gamma,979,33200,11500,11600,SUCCESS
PIPE,gamma,980,37500,15400,11700,SUCCESS
PIPE,gamma,981,25400,3200,12000,SUCCESS
PIPE,gamma,982,64300,16900,11800,SUCCESS
PIPE,gamma,983,57100,22500,11900,SUCCESS
PIPE,gamma,984,87600,29900,11700,SUCCESS
PIPE,gamma,985,48900,27500,11400,SUCCESS
PIPE,gamma,986,121700,60500,11900,SUCCESS
PIPE,gamma,987,80900,30900,12000,SUCCESS
PIPE,gamma,988,70300,700,11800,SUCCESS
PIPE,gamma,989,31100,8600,11700,SUCCESS
PIPE,gamma,990,34000,11600,11700,SUCCESS
PIPE,gamma,991,42400,7600,11700,SUCCESS
PIPE,gamma,992,33900,11700,11700,SUCCESS
PIPE,gamma,993,51700,29300,12000,SUCCESS
PIPE,gamma,994,28800,6400,11800,SUCCESS
PIPE,gamma,995,34800,12800,11600,SUCCESS
PIPE,gamma,996,41100,6500,11900,SUCCESS
PIPE,gamma,997,32000,10000,11900,SUCCESS
PIPE,gamma,998,35200,13100,11700,SUCCESS
PIPE,gamma,999,31600,6000,13300,SUCCESS
PIPE,gamma,0,47200,14800,12200,SUCCESS
PIPE,gamma,1,108700,14200,20200,SUCCESS
PIPE,gamma,2,60000,19900,19900,SUCCESS
PIPE,gamma,3,75200,27900,17300,SUCCESS
PIPE,gamma,4,55500,18600,19300,SUCCESS
PIPE,gamma,5,33600,2000,18600,SUCCESS
PIPE,gamma,6,52800,16700,22600,SUCCESS
PIPE,gamma,7,38100,10700,11900,SUCCESS
PIPE,gamma,8,31600,9600,12000,SUCCESS
PIPE,gamma,9,21500,8400,12300,SUCCESS
PIPE,gamma,10,78300,8400,11900,SUCCESS
PIPE,gamma,11,35300,8500,12100,SUCCESS
PIPE,gamma,12,43900,8400,11800,SUCCESS
PIPE,gamma,13,32000,9900,12500,SUCCESS
PIPE,gamma,14,29100,7400,12600,SUCCESS
PIPE,gamma,15,18100,6600,10800,SUCCESS
PIPE,gamma,16,28800,7700,12400,SUCCESS
PIPE,gamma,17,21300,6300,10700,SUCCESS
PIPE,gamma,18,29800,8500,12100,SUCCESS
PIPE,gamma,19,53200,17900,13600,SUCCESS
PIPE,gamma,20,29400,7700,12500,SUCCESS
PIPE,gamma,21,28400,6900,12500,SUCCESS
PIPE,gamma,22,43900,16700,11600,SUCCESS
PIPE,gamma,23,41300,26500,12400,SUCCESS
PIPE,gamma,24,161100,34500,12800,SUCCESS
PIPE,gamma,25,108000,7800,10800,SUCCESS
PIPE,gamma,26,40700,7600,12600,SUCCESS
PIPE,gamma,27,48600,15000,19100,SUCCESS
PIPE,gamma,28,79500,36100,19100,SUCCESS
PIPE,gamma,29,102500,20100,19100,SUCCESS
PIPE,gamma,30,93500,600,22200,SUCCESS
PIPE,gamma,31,41600,9000,12500,SUCCESS
PIPE,gamma,32,28300,7700,12200,SUCCESS
PIPE,gamma,33,79700,16800,12300,SUCCESS
PIPE,gamma,34,58400,6700,10900,SUCCESS
PIPE,gamma,35,39800,8400,12300,SUCCESS
PIPE,gamma,36,42200,7200,12200,SUCCESS
PIPE,gamma,37,37900,7500,12500,SUCCESS
PIPE,gamma,38,34300,7300,10700,SUCCESS
PIPE,gamma,39,39200,7500,12300,SUCCESS
PIPE,gamma,40,25900,6700,10700,SUCCESS
PIPE,gamma,41,38200,7500,11900,SUCCESS
PIPE,gamma,42,19200,6700,10800,SUCCESS
PIPE,gamma,43,38200,7100,11900,SUCCESS
PIPE,gamma,44,29500,7600,12400,SUCCESS
PIPE,gamma,45,28400,6900,12600,SUCCESS
PIPE,gamma,46,36800,7800,12800,SUCCESS
PIPE,gamma,47,28200,6800,12600,SUCCESS
PIPE,gamma,48,28900,7100,13000,SUCCESS
PIPE,gamma,49,35100,9300,15600,SUCCESS
PIPE,gamma,50,35600,9500,15800,SUCCESS
PIPE,gamma,51,27800,6800,12400,SUCCESS
PIPE,gamma,52,29100,7200,12700,SUCCESS
PIPE,gamma,53,28000,7200,12300,SUCCESS
PIPE,gamma,54,29900,7700,12100,SUCCESS
PIPE,gamma,55,28400,6700,12500,SUCCESS
PIPE,gamma,56,36400,7100,13300,SUCCESS
PIPE,gamma,57,29300,7100,12800,SUCCESS
PIPE,gamma,58,40100,7700,12200,SUCCESS
PIPE,gamma,59,35000,7700,12000,SUCCESS
PIPE,gamma,60,39500,7500,13200,SUCCESS
PIPE,gamma,61,35000,7100,12300,SUCCESS
PIPE,gamma,62,38100,7300,12600,SUCCESS
PIPE,gamma,63,35000,7400,12700,SUCCESS
PIPE,gamma,64,68600,19900,30100,SUCCESS
PIPE,gamma,65,69500,16000,12200,SUCCESS
PIPE,gamma,66,52600,9800,13400,SUCCESS
PIPE,gamma,67,39400,8600,12300,SUCCESS
PIPE,gamma,68,29700,8000,12400,SUCCESS
PIPE,gamma,69,72400,18000,12400,SUCCESS
PIPE,gamma,70,36400,7600,13300,SUCCESS
PIPE,gamma,71,30500,9400,12600,SUCCESS
PIPE,gamma,72,47300,9600,19000,SUCCESS
PIPE,gamma,73,42800,26700,12400,SUCCESS
PIPE,gamma,74,106300,35500,12100,SUCCESS
PIPE,gamma,75,30300,7800,12800,SUCCESS
PIPE,gamma,76,32000,6900,16100,SUCCESS
PIPE,gamma,77,44800,11500,15500,SUCCESS
PIPE,gamma,78,106300,22400,12400,SUCCESS
PIPE,gamma,79,19900,7200,11900,SUCCESS
PIPE,gamma,80,39400,7600,14200,SUCCESS
PIPE,gamma,81,32300,10900,12800,SUCCESS
PIPE,gamma,82,34600,21600,12400,SUCCESS
PIPE,gamma,83,97000,27800,14800,SUCCESS
PIPE,gamma,84,42400,7900,11900,SUCCESS
PIPE,gamma,85,28600,7400,12500,SUCCESS
PIPE,gamma,86,41000,11000,12300,SUCCESS
PIPE,gamma,87,101900,21000,12800,SUCCESS
PIPE,gamma,88,19900,7000,12200,SUCCESS
PIPE,gamma,89,29900,7600,13100,SUCCESS
PIPE,gamma,90,45200,9700,16400,SUCCESS
PIPE,gamma,91,40300,23500,12600,SUCCESS
PIPE,gamma,92,106900,31700,12200,SUCCESS
PIPE,gamma,93,37600,8800,12900,SUCCESS
PIPE,gamma,94,27900,7300,12300,SUCCESS
PIPE,gamma,95,45900,8400,20100,SUCCESS
PIPE,gamma,96,112100,25200,12300,SUCCESS
PIPE,gamma,97,18800,6700,11400,SUCCESS
PIPE,gamma,98,40300,7900,14200,SUCCESS
PIPE,gamma,99,34400,11900,13900,SUCCESS
PIPE,gamma,100,37100,23100,13200,SUCCESS
PIPE,gamma,101,86500,30400,13300,SUCCESS
PIPE,gamma,102,39300,7100,11300,SUCCESS
PIPE,gamma,103,41200,7200,14800,SUCCESS
PIPE,gamma,104,32300,8000,15200,SUCCESS
PIPE,gamma,105,58900,21300,12300,SUCCESS
PIPE,gamma,106,48700,9800,19800,SUCCESS
PIPE,gamma,107,52300,18700,20000,SUCCESS
PIPE,gamma,108,49600,13300,16500,SUCCESS
PIPE,gamma,109,41100,22400,13000,SUCCESS
PIPE,gamma,110,153800,32200,15200,SUCCESS
PIPE,gamma,111,49200,6900,11000,SUCCESS
PIPE,gamma,112,68700,17700,29200,SUCCESS
PIPE,gamma,113,46200,11700,16300,SUCCESS
PIPE,gamma,114,85300,21800,12600,SUCCESS
PIPE,gamma,115,19400,7100,11400,SUCCESS
PIPE,gamma,116,61300,20800,28200,SUCCESS
PIPE,gamma,117,29900,8200,11400,SUCCESS
PIPE,gamma,118,26400,13900,11900,SUCCESS
PIPE,gamma,119,67800,20400,13500,SUCCESS
PIPE,gamma,120,40200,9000,12800,SUCCESS
PIPE,gamma,121,29800,8000,12900,SUCCESS
PIPE,gamma,122,36100,8600,12700,SUCCESS
PIPE,gamma,123,106100,19100,16200,SUCCESS
PIPE,gamma,124,43900,6700,11600,SUCCESS
PIPE,gamma,125,42000,7500,16500,SUCCESS
PIPE,gamma,126,33900,11600,13300,SUCCESS
PIPE,gamma,127,75900,22300,13700,SUCCESS
PIPE,gamma,128,30700,8200,13000,SUCCESS
PIPE,gamma,129,59700,7000,12300,SUCCESS
PIPE,gamma,130,29700,7300,13700,SUCCESS
PIPE,gamma,131,29400,6900,11100,SUCCESS
PIPE,gamma,132,54200,17300,25100,SUCCESS
PIPE,gamma,133,23900,700,12600,SUCCESS
PIPE,gamma,134,52400,16900,24400,SUCCESS
PIPE,gamma,135,13800,600,12500,SUCCESS
PIPE,gamma,136,52500,16800,25700,SUCCESS
PIPE,gamma,137,18500,5400,12500,SUCCESS
PIPE,gamma,138,57000,16300,30600,SUCCESS
PIPE,gamma,139,21100,8600,11900,SUCCESS
PIPE,gamma,140,54300,17100,26700,SUCCESS
PIPE,gamma,141,17600,5000,11900,SUCCESS
PIPE,gamma,142,54100,17100,26200,SUCCESS
PIPE,gamma,143,20600,7600,12400,SUCCESS
PIPE,gamma,144,53100,17300,25300,SUCCESS
PIPE,gamma,145,17500,4200,12800,SUCCESS
PIPE,gamma,146,59200,16500,28300,SUCCESS
PIPE,gamma,147,27200,11900,11700,SUCCESS
PIPE,gamma,148,41500,8200,18700,SUCCESS
PIPE,gamma,149,28100,600,13900,SUCCESS
PIPE,gamma,150,44300,12600,13000,SUCCESS
PIPE,gamma,151,34000,7500,13000,SUCCESS
PIPE,gamma,152,42000,10600,12600,SUCCESS
PIPE,gamma,153,38700,7300,13000,SUCCESS
PIPE,gamma,154,41400,10700,12500,SUCCESS
PIPE,gamma,155,36100,7200,11500,SUCCESS
PIPE,gamma,156,39700,9000,12600,SUCCESS
PIPE,gamma,157,35900,7300,11000,SUCCESS
PIPE,gamma,158,42400,11000,13000,SUCCESS
PIPE,gamma,159,37400,7100,11200,SUCCESS
PIPE,gamma,160,42300,7500,16400,SUCCESS
PIPE,gamma,161,37500,7500,13300,SUCCESS
PIPE,gamma,162,41600,10800,12700,SUCCESS
PIPE,gamma,163,38000,7200,12400,SUCCESS
PIPE,gamma,164,42100,7500,15800,SUCCESS
PIPE,gamma,165,38900,7100,14500,SUCCESS
PIPE,gamma,166,40100,7400,13600,SUCCESS
PIPE,gamma,167,36800,6900,12900,SUCCESS
PIPE,gamma,168,39700,9200,12400,SUCCESS
PIPE,gamma,169,35400,6600,11900,SUCCESS
PIPE,gamma,170,38200,7900,13300,SUCCESS
PIPE,gamma,171,38500,6000,11200,SUCCESS
PIPE,gamma,172,39300,6200,23800,SUCCESS
PIPE,gamma,173,28100,6700,12800,SUCCESS
PIPE,gamma,174,30900,8300,14000,SUCCESS
PIPE,gamma,175,27300,6000,13000,SUCCESS
PIPE,gamma,176,27900,6500,12700,SUCCESS
PIPE,gamma,177,27900,6400,12900,SUCCESS
PIPE,gamma,178,27000,6300,12600,SUCCESS
PIPE,gamma,179,27000,6100,12300,SUCCESS
PIPE,gamma,180,26800,5900,12600,SUCCESS
PIPE,gamma,181,33200,5600,10700,SUCCESS
PIPE,gamma,182,36400,6500,12100,SUCCESS
PIPE,gamma,183,37200,5900,12300,SUCCESS
PIPE,gamma,184,45000,11200,12700,SUCCESS
PIPE,gamma,185,81300,6200,10700,SUCCESS
PIPE,gamma,186,164800,15700,19300,SUCCESS
PIPE,gamma,187,122400,79900,12700,SUCCESS
PIPE,gamma,188,198000,51300,12800,SUCCESS
PIPE,gamma,189,240800,22400,13100,SUCCESS
PIPE,gamma,190,224900,25300,12200,SUCCESS
PIPE,gamma,191,37000,7800,12700,SUCCESS
PIPE,gamma,192,86300,6900,11000,SUCCESS
PIPE,gamma,193,44000,17000,11900,SUCCESS
PIPE,gamma,194,38300,24400,12300,SUCCESS
PIPE,gamma,195,38300,12500,11100,SUCCESS
PIPE,gamma,196,47400,25100,10900,SUCCESS
PIPE,gamma,197,688600,353800,21100,SUCCESS
PIPE,gamma,198,683100,331800,18900,SUCCESS
PIPE,gamma,199,641900,308600,19400,SUCCESS
PIPE,gamma,200,692000,286300,18900,SUCCESS
PIPE,gamma,201,653100,264600,19300,SUCCESS
PIPE,gamma,202,659900,239700,19100,SUCCESS
PIPE,gamma,203,617400,215300,19100,SUCCESS
PIPE,gamma,204,627600,191100,19000,SUCCESS
PIPE,gamma,205,612900,158600,18900,SUCCESS
PIPE,gamma,206,595900,130100,19100,SUCCESS
PIPE,gamma,207,584300,107800,68700,SUCCESS
PIPE,gamma,208,572700,135800,11700,SUCCESS
PIPE,gamma,209,561500,105300,11600,SUCCESS
PIPE,gamma,210,552300,74700,11600,SUCCESS
PIPE,gamma,211,541800,44600,11700,SUCCESS
PIPE,gamma,212,530100,14100,11400,SUCCESS
PIPE,gamma,213,516000,81200,55800,SUCCESS
PIPE,gamma,214,33700,7800,12600,SUCCESS
PIPE,gamma,215,46500,21500,12600,SUCCESS
PIPE,gamma,216,63900,27900,12800,SUCCESS
PIPE,gamma,217,71100,44300,12900,SUCCESS
PIPE,gamma,218,146600,15700,12900,SUCCESS
PIPE,gamma,219,177100,127400,11800,SUCCESS
PIPE,gamma,220,173700,92500,12000,SUCCESS
PIPE,gamma,221,158600,59800,11000,SUCCESS
PIPE,gamma,222,151400,126800,12300,SUCCESS
PIPE,gamma,223,107500,72100,11000,SUCCESS
PIPE,gamma,224,36500,11200,11900,SUCCESS
PIPE,gamma,225,43700,31200,11700,SUCCESS
PIPE,gamma,226,33400,3200,12500,SUCCESS
PIPE,gamma,227,57800,27800,12600,SUCCESS
PIPE,gamma,228,33400,21700,11200,SUCCESS
PIPE,gamma,229,125100,65300,12600,SUCCESS
PIPE,gamma,230,117400,33100,15100,SUCCESS
PIPE,gamma,231,101900,800,12800,SUCCESS
PIPE,gamma,232,77500,20900,12800,SUCCESS
PIPE,gamma,233,50500,11800,12100,SUCCESS
PIPE,gamma,234,36600,23900,11900,SUCCESS
PIPE,gamma,235,164300,88500,12800,SUCCESS
PIPE,gamma,236,116100,53800,12100,SUCCESS
PIPE,gamma,237,126800,14000,11500,SUCCESS
PIPE,gamma,238,109300,72800,11500,SUCCESS
PIPE,gamma,239,88500,34500,13500,SUCCESS
PIPE,gamma,240,43400,9400,12600,SUCCESS
PIPE,gamma,241,87800,6900,12400,SUCCESS
PIPE,gamma,242,37600,7100,12600,SUCCESS
PIPE,gamma,243,74300,6700,10800,SUCCESS
PIPE,gamma,244,38300,7100,12300,SUCCESS
PIPE,gamma,245,70300,6800,10700,SUCCESS
PIPE,gamma,246,55100,7100,12400,SUCCESS
PIPE,gamma,247,44000,7100,12800,SUCCESS
PIPE,gamma,248,124600,7000,10800,SUCCESS
PIPE,gamma,249,38900,7600,12500,SUCCESS
PIPE,gamma,250,77600,7000,10700,SUCCESS
PIPE,gamma,251,75300,18300,26000,SUCCESS
PIPE,gamma,252,25200,500,13500,SUCCESS
PIPE,gamma,253,89200,17900,26800,SUCCESS
PIPE,gamma,254,34700,8600,11500,SUCCESS
PIPE,gamma,255,88700,26100,12300,SUCCESS
PIPE,gamma,256,146100,50400,19000,SUCCESS
PIPE,gamma,257,131300,29100,18900,SUCCESS
PIPE,gamma,258,833200,41700,18400,SUCCESS
PIPE,gamma,259,816300,1100,18600,SUCCESS
PIPE,gamma,260,1551900,1057600,13800,SUCCESS
PIPE,gamma,261,1443300,964100,22200,SUCCESS
PIPE,gamma,262,682800,156900,16100,SUCCESS
PIPE,gamma,263,634800,124400,12900,SUCCESS
PIPE,gamma,264,624300,76600,12900,SUCCESS
PIPE,gamma,265,597000,32200,14400,SUCCESS
PIPE,gamma,266,583700,600,12400,SUCCESS
PIPE,gamma,267,574400,497900,11900,SUCCESS
PIPE,gamma,268,534100,431200,14400,SUCCESS
PIPE,gamma,269,486300,364700,12900,SUCCESS
PIPE,gamma,270,436400,283900,11600,SUCCESS
PIPE,gamma,271,409100,242100,13000,SUCCESS
PIPE,gamma,272,388600,203100,11800,SUCCESS
PIPE,gamma,273,50800,13900,12700,SUCCESS
PIPE,gamma,274,78500,12200,12700,SUCCESS
PIPE,gamma,275,75500,22500,11000,SUCCESS
PIPE,gamma,276,67200,24500,11200,SUCCESS
PIPE,gamma,277,67500,29600,11800,SUCCESS
PIPE,gamma,278,66400,18700,13800,SUCCESS
PIPE,gamma,279,130100,23900,13300,SUCCESS
PIPE,gamma,280,68000,13400,49800,SUCCESS
PIPE,gamma,281,31500,6100,12200,SUCCESS
PIPE,gamma,282,39500,9400,11500,SUCCESS
PIPE,gamma,283,31700,14400,11400,SUCCESS
PIPE,gamma,284,130300,18600,12000,SUCCESS
PIPE,gamma,285,112100,10900,12400,SUCCESS
PIPE,gamma,286,44300,10600,13500,SUCCESS
PIPE,gamma,287,34600,8800,16100,SUCCESS
PIPE,gamma,288,57400,22400,12400,SUCCESS
PIPE,gamma,289,35300,7300,12300,SUCCESS
PIPE,gamma,290,36600,11600,11700,SUCCESS
PIPE,gamma,291,31000,9100,11500,SUCCESS
PIPE,gamma,292,25800,14300,11200,SUCCESS
PIPE,gamma,293,77800,21500,11400,SUCCESS
PIPE,gamma,294,22400,10400,11400,SUCCESS
PIPE,gamma,295,41700,8700,11400,SUCCESS
PIPE,gamma,296,35300,8700,11500,SUCCESS
PIPE,gamma,297,142600,14200,11400,SUCCESS
PIPE,gamma,298,145700,9600,11400,SUCCESS
PIPE,gamma,299,95100,36400,13200,SUCCESS
PIPE,gamma,300,42100,300,15500,SUCCESS
PIPE,gamma,301,149800,10500,13000,SUCCESS
PIPE,gamma,302,200300,8800,11300,SUCCESS
PIPE,gamma,303,39200,7800,12500,SUCCESS
PIPE,gamma,304,33200,7600,12500,SUCCESS
PIPE,gamma,305,57900,17800,12200,SUCCESS
PIPE,gamma,306,18600,6700,11100,SUCCESS
PIPE,gamma,307,29900,7800,12200,SUCCESS
PIPE,gamma,308,29700,8400,12800,SUCCESS
PIPE,gamma,309,30600,18000,11900,SUCCESS
PIPE,gamma,310,82400,27000,12800,SUCCESS
PIPE,gamma,311,37400,6900,12400,SUCCESS
PIPE,gamma,312,31100,9400,12000,SUCCESS
PIPE,gamma,313,29000,8500,12200,SUCCESS
PIPE,gamma,314,50700,18100,12200,SUCCESS
PIPE,gamma,315,28200,7200,11900,SUCCESS
PIPE,gamma,316,29100,7600,12700,SUCCESS
PIPE,gamma,317,30000,8700,12500,SUCCESS
PIPE,gamma,318,32000,18800,12300,SUCCESS
PIPE,gamma,319,96100,28200,11600,SUCCESS
PIPE,gamma,320,41500,6800,13300,SUCCESS
PIPE,gamma,321,18400,6800,10900,SUCCESS
PIPE,gamma,322,43900,10300,15600,SUCCESS
PIPE,gamma,323,76000,23600,15800,SUCCESS
PIPE,gamma,324,48400,24000,12800,SUCCESS
PIPE,gamma,325,26900,7300,10700,SUCCESS
PIPE,gamma,326,25500,6800,10800,SUCCESS
PIPE,gamma,327,45900,11500,11100,SUCCESS
PIPE,gamma,328,19500,8000,11000,SUCCESS
PIPE,gamma,329,24100,6400,10700,SUCCESS
PIPE,gamma,330,25800,6800,10700,SUCCESS
PIPE,gamma,331,22900,11500,11200,SUCCESS
PIPE,gamma,332,65500,16900,12500,SUCCESS
PIPE,gamma,333,34400,7800,12400,SUCCESS
PIPE,gamma,334,24300,6700,10700,SUCCESS
PIPE,gamma,335,25400,6800,10700,SUCCESS
PIPE,gamma,336,44100,11200,11500,SUCCESS
PIPE,gamma,337,26000,7600,11200,SUCCESS
PIPE,gamma,338,24100,6600,10800,SUCCESS
PIPE,gamma,339,25300,6700,10800,SUCCESS
PIPE,gamma,340,22400,11200,11000,SUCCESS
PIPE,gamma,341,62900,16100,12800,SUCCESS
PIPE,gamma,342,37300,8300,12300,SUCCESS
PIPE,gamma,343,24400,6900,10700,SUCCESS
PIPE,gamma,344,25500,6800,10700,SUCCESS
PIPE,gamma,345,46600,11100,11600,SUCCESS
PIPE,gamma,346,19700,8300,10900,SUCCESS
PIPE,gamma,347,24400,6800,10800,SUCCESS
PIPE,gamma,348,25300,6600,10800,SUCCESS
PIPE,gamma,349,22300,11000,11100,SUCCESS
PIPE,gamma,350,64300,16200,12600,SUCCESS
PIPE,gamma,351,37000,8300,12400,SUCCESS
PIPE,gamma,352,24700,7200,10600,SUCCESS
PIPE,gamma,353,25200,6600,10700,SUCCESS
PIPE,gamma,354,45600,10500,11500,SUCCESS
PIPE,gamma,355,24500,7100,10600,SUCCESS
PIPE,gamma,356,41300,8600,11400,SUCCESS
PIPE,gamma,357,27000,7000,10700,SUCCESS
PIPE,gamma,358,23000,11500,11200,SUCCESS
PIPE,gamma,359,65000,17100,12400,SUCCESS
PIPE,gamma,360,34800,8300,12700,SUCCESS
PIPE,gamma,361,24500,6500,10800,SUCCESS
PIPE,gamma,362,24500,6000,10700,SUCCESS
PIPE,gamma,363,43700,10500,11200,SUCCESS
PIPE,gamma,364,25200,7100,10900,SUCCESS
PIPE,gamma,365,23200,5900,10700,SUCCESS
PIPE,gamma,366,24300,5900,10700,SUCCESS
PIPE,gamma,367,21200,9800,11200,SUCCESS
PIPE,gamma,368,63800,14900,12600,SUCCESS
PIPE,gamma,369,41400,7300,11200,SUCCESS
PIPE,gamma,370,23600,6100,10700,SUCCESS
PIPE,gamma,371,24300,6100,10700,SUCCESS
PIPE,gamma,372,41600,10100,11500,SUCCESS
PIPE,gamma,373,18900,7600,10800,SUCCESS
PIPE,gamma,374,23300,6100,10700,SUCCESS
PIPE,gamma,375,24500,6000,10700,SUCCESS
PIPE,gamma,376,21500,10200,11100,SUCCESS
PIPE,gamma,377,60500,15600,12500,SUCCESS
PIPE,gamma,378,23400,6100,10700,SUCCESS
PIPE,gamma,379,23100,6000,10700,SUCCESS
PIPE,gamma,380,25300,6600,10800,SUCCESS
PIPE,gamma,381,58600,10800,11400,SUCCESS
PIPE,gamma,382,24100,6700,11000,SUCCESS
PIPE,gamma,383,24200,6800,10700,SUCCESS
PIPE,gamma,384,24700,6400,10700,SUCCESS
PIPE,gamma,385,21600,10100,11200,SUCCESS
PIPE,gamma,386,59200,15500,12600,SUCCESS
PIPE,gamma,387,19400,8200,10700,SUCCESS
PIPE,gamma,388,23300,6000,10700,SUCCESS
PIPE,gamma,389,24400,5900,10700,SUCCESS
PIPE,gamma,390,56900,10200,11400,SUCCESS
PIPE,gamma,391,25200,7400,11300,SUCCESS
PIPE,gamma,392,23200,6100,10700,SUCCESS
PIPE,gamma,393,54500,5800,10700,SUCCESS
PIPE,gamma,394,48900,10400,10600,SUCCESS
PIPE,gamma,395,156700,14900,10800,SUCCESS
PIPE,gamma,396,180100,5900,10900,SUCCESS
PIPE,gamma,397,64600,21300,18700,SUCCESS
PIPE,gamma,398,61300,1100,18600,SUCCESS
PIPE,gamma,399,48800,18300,19000,SUCCESS
PIPE,gamma,400,36500,8800,10800,SUCCESS
PIPE,gamma,401,34200,7200,10700,SUCCESS
PIPE,gamma,402,26900,12100,10700,SUCCESS
PIPE,gamma,403,126300,14700,10700,SUCCESS
PIPE,gamma,404,141100,6900,11000,SUCCESS
PIPE,gamma,405,56500,16800,18600,SUCCESS
PIPE,gamma,406,82000,1800,18700,SUCCESS
PIPE,gamma,407,35600,15700,18700,SUCCESS
PIPE,gamma,408,52400,19500,18500,SUCCESS
PIPE,gamma,409,57200,16000,18600,SUCCESS
PIPE,gamma,410,51900,32100,18900,SUCCESS
PIPE,gamma,411,77900,11200,18900,SUCCESS
PIPE,gamma,412,31500,11100,19000,SUCCESS
PIPE,gamma,413,43400,8700,13000,SUCCESS
PIPE,gamma,414,32600,7500,12300,SUCCESS
PIPE,gamma,415,141700,17600,12700,SUCCESS
PIPE,gamma,416,96800,9200,11500,SUCCESS
PIPE,gamma,417,31800,9100,12900,SUCCESS
PIPE,gamma,418,26700,7300,10800,SUCCESS
PIPE,gamma,419,49900,16100,11200,SUCCESS
PIPE,gamma,420,33600,7300,13200,SUCCESS
PIPE,gamma,421,25100,7300,10800,SUCCESS
PIPE,gamma,422,25400,6600,10700,SUCCESS
PIPE,gamma,423,43600,12300,11200,SUCCESS
PIPE,gamma,424,24700,7400,14100,SUCCESS
PIPE,gamma,425,26700,6800,12500,SUCCESS
PIPE,gamma,426,24500,5800,10700,SUCCESS
PIPE,gamma,427,43800,14200,11500,SUCCESS
PIPE,gamma,428,26400,7200,12600,SUCCESS
PIPE,gamma,429,23000,5800,10700,SUCCESS
PIPE,gamma,430,24200,5700,10700,SUCCESS
PIPE,gamma,431,23000,11600,11200,SUCCESS
PIPE,gamma,432,63300,19800,12700,SUCCESS
PIPE,gamma,433,27100,7100,10700,SUCCESS
PIPE,gamma,434,23300,6000,10700,SUCCESS
PIPE,gamma,435,24400,5900,10700,SUCCESS
PIPE,gamma,436,40100,11100,11600,SUCCESS
PIPE,gamma,437,27900,8400,12300,SUCCESS
PIPE,gamma,438,22900,5800,10700,SUCCESS
PIPE,gamma,439,24200,5700,10700,SUCCESS
PIPE,gamma,440,22900,11500,11200,SUCCESS
PIPE,gamma,441,62600,19600,12700,SUCCESS
PIPE,gamma,442,21800,7100,10700,SUCCESS
PIPE,gamma,443,57600,6200,11100,SUCCESS
PIPE,gamma,444,63400,8200,12400,SUCCESS
PIPE,gamma,445,47600,18200,23900,SUCCESS
PIPE,gamma,446,64500,24600,19100,SUCCESS
PIPE,gamma,447,49800,6800,18400,SUCCESS
PIPE,gamma,448,61900,29500,18600,SUCCESS
PIPE,gamma,449,49900,18900,18900,SUCCESS
PIPE,gamma,450,28700,900,18600,SUCCESS
PIPE,gamma,451,43000,15000,18600,SUCCESS
PIPE,gamma,452,87700,30600,21800,SUCCESS
PIPE,gamma,453,70600,6300,21800,SUCCESS
PIPE,gamma,454,32500,9500,11700,SUCCESS
PIPE,gamma,455,27900,8200,11300,SUCCESS
PIPE,gamma,456,44300,14300,11200,SUCCESS
PIPE,gamma,457,34900,8600,11500,SUCCESS
PIPE,gamma,458,90200,7700,11000,SUCCESS
PIPE,gamma,459,87400,27500,19800,SUCCESS
PIPE,gamma,460,113200,45500,18500,SUCCESS
PIPE,gamma,461,95200,19300,18600,SUCCESS
PIPE,gamma,462,117100,32700,23400,SUCCESS
PIPE,gamma,463,98300,10800,21900,SUCCESS
PIPE,gamma,464,56800,22500,18700,SUCCESS
PIPE,gamma,465,36200,700,21600,SUCCESS
PIPE,gamma,466,48500,17600,18700,SUCCESS
PIPE,gamma,467,28700,800,18500,SUCCESS
PIPE,gamma,468,46800,17000,18600,SUCCESS
PIPE,gamma,469,59900,30800,18800,SUCCESS
PIPE,gamma,470,74300,46500,18800,SUCCESS
PIPE,gamma,471,58800,25800,22200,SUCCESS
PIPE,gamma,472,76700,39600,21800,SUCCESS
PIPE,gamma,473,97000,53100,18500,SUCCESS
PIPE,gamma,474,46900,16800,18900,SUCCESS
PIPE,gamma,475,33000,9200,11100,SUCCESS
PIPE,gamma,476,28300,12300,11100,SUCCESS
PIPE,gamma,477,73900,15100,11300,SUCCESS
PIPE,gamma,478,37100,12100,13100,SUCCESS
PIPE,gamma,479,49900,10400,27300,SUCCESS
PIPE,gamma,480,39500,500,11500,SUCCESS
PIPE,gamma,481,60200,8500,14000,SUCCESS
PIPE,gamma,482,40200,9400,11000,SUCCESS
PIPE,gamma,483,84000,6200,19000,SUCCESS
PIPE,gamma,484,75200,22300,18500,SUCCESS
PIPE,gamma,485,137300,900,18500,SUCCESS
PIPE,gamma,486,241900,73800,99100,SUCCESS
PIPE,gamma,487,68800,500,12400,SUCCESS
PIPE,gamma,488,73000,20000,23900,SUCCESS
PIPE,gamma,489,76100,23300,18900,SUCCESS
PIPE,gamma,490,72700,52600,19100,SUCCESS
PIPE,gamma,491,66500,26200,38800,SUCCESS
PIPE,gamma,492,30400,10600,10700,SUCCESS
PIPE,gamma,493,45100,13800,11600,SUCCESS
PIPE,gamma,494,41700,16700,12000,SUCCESS
PIPE,gamma,495,28400,5200,11400,SUCCESS
PIPE,gamma,496,101800,9300,12000,SUCCESS
PIPE,gamma,497,154200,13200,26400,SUCCESS
PIPE,gamma,498,210600,33400,71300,SUCCESS
PIPE,gamma,499,241700,65600,11400,SUCCESS
PIPE,gamma,500,265900,38800,12000,SUCCESS
PIPE,gamma,501,237300,10000,11500,SUCCESS
PIPE,gamma,502,76400,21200,18900,SUCCESS
PIPE,gamma,503,69800,1200,18400,SUCCESS
PIPE,gamma,504,56800,3600,12200,SUCCESS
PIPE,gamma,505,59600,17800,18700,SUCCESS
PIPE,gamma,506,74100,7500,18700,SUCCESS
PIPE,gamma,507,64300,8700,10700,SUCCESS
PIPE,gamma,508,55800,16000,18800,SUCCESS
PIPE,gamma,509,68500,2800,18700,SUCCESS
PIPE,gamma,510,53800,17400,21600,SUCCESS
PIPE,gamma,511,46400,15900,18700,SUCCESS
PIPE,gamma,512,37300,2400,21800,SUCCESS
PIPE,gamma,513,107200,20400,18600,SUCCESS
PIPE,gamma,514,89000,21100,26800,SUCCESS
PIPE,gamma,515,45800,15500,18600,SUCCESS
PIPE,gamma,516,33300,1500,21900,SUCCESS
PIPE,gamma,517,52600,22500,18700,SUCCESS
PIPE,gamma,518,47900,16700,18800,SUCCESS
PIPE,gamma,519,49900,900,24800,SUCCESS
PIPE,gamma,520,35600,15700,18600,SUCCESS
PIPE,gamma,521,55900,17600,18700,SUCCESS
PIPE,gamma,522,62400,1000,18500,SUCCESS
PIPE,gamma,523,52100,19500,21500,SUCCESS
PIPE,gamma,524,45600,15500,18600,SUCCESS
PIPE,gamma,525,33700,1500,21800,SUCCESS
PIPE,gamma,526,53400,21700,18600,SUCCESS
PIPE,gamma,527,45600,15300,18900,SUCCESS
PIPE,gamma,528,36000,4700,21800,SUCCESS
PIPE,gamma,529,45800,16700,18600,SUCCESS
PIPE,gamma,530,45600,15500,18600,SUCCESS
PIPE,gamma,531,33300,3500,21800,SUCCESS
PIPE,gamma,532,45900,16400,18600,SUCCESS
PIPE,gamma,533,45000,15500,18400,SUCCESS
PIPE,gamma,534,30700,1100,21600,SUCCESS
PIPE,gamma,535,45900,15700,18700,SUCCESS
PIPE,gamma,536,48100,7600,18600,SUCCESS
PIPE,gamma,537,56400,17400,18700,SUCCESS
PIPE,gamma,538,20300,800,18600,SUCCESS
PIPE,gamma,539,49000,22300,21600,SUCCESS
PIPE,gamma,540,55100,15700,18900,SUCCESS
PIPE,gamma,541,20700,900,18700,SUCCESS
PIPE,gamma,542,46000,19700,21800,SUCCESS
PIPE,gamma,543,56500,17900,18700,SUCCESS
PIPE,gamma,544,20600,800,18800,SUCCESS
PIPE,gamma,545,54900,20000,21800,SUCCESS
PIPE,gamma,546,55800,17400,18700,SUCCESS
PIPE,gamma,547,20200,700,18600,SUCCESS
PIPE,gamma,548,56200,21300,21500,SUCCESS
PIPE,gamma,549,46200,15900,18600,SUCCESS
PIPE,gamma,550,29400,800,18500,SUCCESS
PIPE,gamma,551,39100,18300,19100,SUCCESS
PIPE,gamma,552,46800,15800,18700,SUCCESS
PIPE,gamma,553,28700,800,18500,SUCCESS
PIPE,gamma,554,43900,23900,18700,SUCCESS
PIPE,gamma,555,46200,16100,18600,SUCCESS
PIPE,gamma,556,29400,1000,18800,SUCCESS
PIPE,gamma,557,48000,8100,18900,SUCCESS
PIPE,gamma,558,57600,18600,18700,SUCCESS
PIPE,gamma,559,20300,1000,18500,SUCCESS
PIPE,gamma,560,48100,22300,21700,SUCCESS
PIPE,gamma,561,56500,17900,18700,SUCCESS
PIPE,gamma,562,20100,700,18600,SUCCESS
PIPE,gamma,563,45200,21800,21300,SUCCESS
PIPE,gamma,564,57600,17900,18900,SUCCESS
PIPE,gamma,565,20400,700,18600,SUCCESS
PIPE,gamma,566,50400,18200,21500,SUCCESS
PIPE,gamma,567,55900,18300,18700,SUCCESS
PIPE,gamma,568,20900,1200,18800,SUCCESS
PIPE,gamma,569,47900,16500,21700,SUCCESS
PIPE,gamma,570,46400,15600,18700,SUCCESS
PIPE,gamma,571,55600,23100,18600,SUCCESS
PIPE,gamma,572,41900,13800,18700,SUCCESS
PIPE,gamma,573,85900,29300,22000,SUCCESS
PIPE,gamma,574,46400,15600,18700,SUCCESS
PIPE,gamma,575,45800,16300,18700,SUCCESS
PIPE,gamma,576,46300,15800,18600,SUCCESS
PIPE,gamma,577,38300,6800,21800,SUCCESS
PIPE,gamma,578,62500,20700,21600,SUCCESS
PIPE,gamma,579,47700,16400,18800,SUCCESS
PIPE,gamma,580,29700,800,18700,SUCCESS
PIPE,gamma,581,45300,19900,21400,SUCCESS
PIPE,gamma,582,60600,16000,18800,SUCCESS
PIPE,gamma,583,21400,1100,18600,SUCCESS
PIPE,gamma,584,47900,15800,21800,SUCCESS
PIPE,gamma,585,57100,17800,18800,SUCCESS
PIPE,gamma,586,25100,10800,12700,SUCCESS
PIPE,gamma,587,45300,16300,18800,SUCCESS
PIPE,gamma,588,33600,13000,10700,SUCCESS
PIPE,gamma,589,23900,12100,11500,SUCCESS
PIPE,gamma,590,21100,9300,11300,SUCCESS
PIPE,gamma,591,37000,7100,10800,SUCCESS
PIPE,gamma,592,34300,7100,10700,SUCCESS
PIPE,gamma,593,26700,11400,10700,SUCCESS
PIPE,gamma,594,124300,15900,10700,SUCCESS
PIPE,gamma,595,34700,7600,10700,SUCCESS
PIPE,gamma,596,64700,17000,18900,SUCCESS
PIPE,gamma,597,63600,800,18600,SUCCESS
PIPE,gamma,598,46500,16900,18600,SUCCESS
PIPE,gamma,599,44300,16400,18600,SUCCESS
PIPE,gamma,600,35200,7400,11200,SUCCESS
PIPE,gamma,601,33000,6200,11300,SUCCESS
PIPE,gamma,602,25300,11000,11100,SUCCESS
PIPE,gamma,603,113800,13700,11000,SUCCESS
PIPE,gamma,604,34600,6600,11100,SUCCESS
PIPE,gamma,605,34000,6100,11000,SUCCESS
PIPE,gamma,606,62600,16500,18900,SUCCESS
PIPE,gamma,607,54100,21100,20800,SUCCESS
PIPE,gamma,608,37000,3200,18800,SUCCESS
PIPE,gamma,609,42400,18800,22700,SUCCESS
PIPE,gamma,610,115300,33600,20500,SUCCESS
PIPE,gamma,611,70300,16500,21300,SUCCESS
PIPE,gamma,612,65200,18500,18900,SUCCESS
PIPE,gamma,613,23700,1100,18900,SUCCESS
PIPE,gamma,614,47700,17500,21800,SUCCESS
PIPE,gamma,615,55800,15800,18600,SUCCESS
PIPE,gamma,616,50200,18200,18400,SUCCESS
PIPE,gamma,617,52400,1200,21900,SUCCESS
PIPE,gamma,618,46300,15800,18600,SUCCESS
PIPE,gamma,619,29300,700,18800,SUCCESS
PIPE,gamma,620,42500,22000,18900,SUCCESS
PIPE,gamma,621,46600,15800,18800,SUCCESS
PIPE,gamma,622,60100,31500,18700,SUCCESS
PIPE,gamma,623,35800,8300,18600,SUCCESS
PIPE,gamma,624,83000,23700,21400,SUCCESS
PIPE,gamma,625,55400,16100,18700,SUCCESS
PIPE,gamma,626,41800,18900,18600,SUCCESS
PIPE,gamma,627,54600,15800,18700,SUCCESS
PIPE,gamma,628,20300,700,18600,SUCCESS
PIPE,gamma,629,35900,15600,18900,SUCCESS
PIPE,gamma,630,54200,15800,18800,SUCCESS
PIPE,gamma,631,51200,31400,18700,SUCCESS
PIPE,gamma,632,21100,1200,18700,SUCCESS
PIPE,gamma,633,40100,12400,18400,SUCCESS
PIPE,gamma,634,103200,27400,21500,SUCCESS
PIPE,gamma,635,79800,2200,18600,SUCCESS
PIPE,gamma,636,62700,18600,18700,SUCCESS
PIPE,gamma,637,22900,3400,18600,SUCCESS
PIPE,gamma,638,58900,18900,21800,SUCCESS
PIPE,gamma,639,58100,18700,18900,SUCCESS
PIPE,gamma,640,21100,1400,18700,SUCCESS
PIPE,gamma,641,50500,19800,21800,SUCCESS
PIPE,gamma,642,45500,15800,18600,SUCCESS
PIPE,gamma,643,31400,1400,18700,SUCCESS
PIPE,gamma,644,41100,18100,21800,SUCCESS
PIPE,gamma,645,47600,15800,18800,SUCCESS
PIPE,gamma,646,49100,17700,18600,SUCCESS
PIPE,gamma,647,29100,1000,18700,SUCCESS
PIPE,gamma,648,44400,16500,18800,SUCCESS
PIPE,gamma,649,98300,32200,21500,SUCCESS
PIPE,gamma,650,68200,1800,21700,SUCCESS
PIPE,gamma,651,46700,16100,18600,SUCCESS
PIPE,gamma,652,43100,800,20700,SUCCESS
PIPE,gamma,653,51700,19400,21600,SUCCESS
PIPE,gamma,654,58200,18600,18800,SUCCESS
PIPE,gamma,655,21000,700,18600,SUCCESS
PIPE,gamma,656,49200,22700,21400,SUCCESS
PIPE,gamma,657,58200,18300,18800,SUCCESS
PIPE,gamma,658,20700,700,18400,SUCCESS
PIPE,gamma,659,39500,16900,21700,SUCCESS
PIPE,gamma,660,60700,16000,20800,SUCCESS
PIPE,gamma,661,20500,900,18500,SUCCESS
PIPE,gamma,662,38900,15900,21500,SUCCESS
PIPE,gamma,663,57500,17800,18700,SUCCESS
PIPE,gamma,664,20600,800,18600,SUCCESS
PIPE,gamma,665,48500,20500,21600,SUCCESS
PIPE,gamma,666,46500,16200,18700,SUCCESS
PIPE,gamma,667,31200,2100,18700,SUCCESS
PIPE,gamma,668,51800,8500,18700,SUCCESS
PIPE,gamma,669,46800,12800,12800,SUCCESS
PIPE,gamma,670,35600,10700,15400,SUCCESS
PIPE,gamma,671,51300,8400,13900,SUCCESS
PIPE,gamma,672,64200,16600,25600,SUCCESS
PIPE,gamma,673,27000,5000,12300,SUCCESS
PIPE,gamma,674,97000,8200,11400,SUCCESS
PIPE,gamma,675,63300,18100,18800,SUCCESS
PIPE,gamma,676,27000,6700,18900,SUCCESS
PIPE,gamma,677,54300,26800,21700,SUCCESS
PIPE,gamma,678,40600,10700,11300,SUCCESS
PIPE,gamma,679,37900,9800,14700,SUCCESS
PIPE,gamma,680,28900,10300,10700,SUCCESS
PIPE,gamma,681,27300,8500,10700,SUCCESS
PIPE,gamma,682,13000,1500,11300,SUCCESS
PIPE,gamma,683,26600,9100,10800,SUCCESS
PIPE,gamma,684,25600,8100,10800,SUCCESS
PIPE,gamma,685,26900,7900,10700,SUCCESS
PIPE,gamma,686,12400,1200,11000,SUCCESS
PIPE,gamma,687,43100,700,12500,SUCCESS
PIPE,gamma,688,24800,7100,10700,SUCCESS
PIPE,gamma,689,29100,9200,12600,SUCCESS
PIPE,gamma,690,25800,6700,10700,SUCCESS
PIPE,gamma,691,26200,15000,11000,SUCCESS
PIPE,gamma,692,27700,6500,10900,SUCCESS
PIPE,gamma,693,24000,6500,10700,SUCCESS
PIPE,gamma,694,24000,6500,10800,SUCCESS
PIPE,gamma,695,29400,8000,12600,SUCCESS
PIPE,gamma,696,23500,6200,10800,SUCCESS
PIPE,gamma,697,23900,6400,10800,SUCCESS
PIPE,gamma,698,26400,7500,12800,SUCCESS
PIPE,gamma,699,24100,6200,10800,SUCCESS
PIPE,gamma,700,24100,6400,10700,SUCCESS
PIPE,gamma,701,25900,8000,12600,SUCCESS
PIPE,gamma,702,24000,6500,10800,SUCCESS
PIPE,gamma,703,23700,6300,10800,SUCCESS
PIPE,gamma,704,25400,7800,12500,SUCCESS
PIPE,gamma,705,42700,8200,11100,SUCCESS
PIPE,gamma,706,45500,9300,12800,SUCCESS
PIPE,gamma,707,103500,64300,19000,SUCCESS
PIPE,gamma,708,58400,24200,22500,SUCCESS
PIPE,gamma,709,21100,1400,18700,SUCCESS
PIPE,gamma,710,55000,22300,18800,SUCCESS
PIPE,gamma,711,53300,21800,18800,SUCCESS
PIPE,gamma,712,65300,36500,21800,SUCCESS
PIPE,gamma,713,55500,21700,21700,SUCCESS
PIPE,gamma,714,47900,16800,18600,SUCCESS
PIPE,gamma,715,32200,3700,18800,SUCCESS
PIPE,gamma,716,41900,22200,18400,SUCCESS
PIPE,gamma,717,55300,16100,18900,SUCCESS
PIPE,gamma,718,21000,1300,18700,SUCCESS
PIPE,gamma,719,88200,22300,18500,SUCCESS
PIPE,gamma,720,56300,16200,18600,SUCCESS
PIPE,gamma,721,22100,2500,18700,SUCCESS
PIPE,gamma,722,47400,19600,21600,SUCCESS
PIPE,gamma,723,55300,15900,18600,SUCCESS
PIPE,gamma,724,20500,800,18700,SUCCESS
PIPE,gamma,725,49300,18200,22000,SUCCESS
PIPE,gamma,726,46300,15700,18700,SUCCESS
PIPE,gamma,727,28400,900,18500,SUCCESS
PIPE,gamma,728,41000,10900,12400,SUCCESS
PIPE,gamma,729,27200,9100,10700,SUCCESS
PIPE,gamma,730,24600,7200,10700,SUCCESS
PIPE,gamma,731,21600,10000,11100,SUCCESS
PIPE,gamma,732,44900,6600,17100,SUCCESS
PIPE,gamma,733,41200,21000,19900,SUCCESS
PIPE,gamma,734,42200,700,12900,SUCCESS
PIPE,gamma,735,52800,16600,25300,SUCCESS
PIPE,gamma,736,13000,700,11700,SUCCESS
PIPE,gamma,737,35400,11600,22300,SUCCESS
PIPE,gamma,738,32200,8800,11500,SUCCESS
PIPE,gamma,739,68300,33200,20100,SUCCESS
PIPE,gamma,740,51800,19700,18800,SUCCESS
PIPE,gamma,741,105000,38000,22300,SUCCESS
PIPE,gamma,742,49300,25600,12400,SUCCESS
PIPE,gamma,743,29300,9800,11100,SUCCESS
PIPE,gamma,744,30100,8200,12100,SUCCESS
PIPE,gamma,745,29100,8400,11200,SUCCESS
PIPE,gamma,746,26600,14300,11800,SUCCESS
PIPE,gamma,747,64200,20900,13200,SUCCESS
PIPE,gamma,748,52300,17200,24600,SUCCESS
PIPE,gamma,749,13800,2300,11000,SUCCESS
PIPE,gamma,750,53700,10500,29700,SUCCESS
PIPE,gamma,751,14500,1700,11800,SUCCESS
PIPE,gamma,752,43400,8400,21400,SUCCESS
PIPE,gamma,753,30000,7300,12700,SUCCESS
PIPE,gamma,754,37300,12500,15600,SUCCESS
PIPE,gamma,755,39600,25900,12800,SUCCESS
PIPE,gamma,756,104800,27800,11400,SUCCESS
PIPE,gamma,757,29500,7800,12200,SUCCESS
PIPE,gamma,758,29600,7800,12700,SUCCESS
PIPE,gamma,759,46000,15600,18100,SUCCESS
PIPE,gamma,760,33500,500,11400,SUCCESS
PIPE,gamma,761,56800,8000,12600,SUCCESS
PIPE,gamma,762,31600,8700,12400,SUCCESS
PIPE,gamma,763,29300,8100,12700,SUCCESS
PIPE,gamma,764,18700,6700,11200,SUCCESS
PIPE,gamma,765,39600,8300,12100,SUCCESS
PIPE,gamma,766,39300,18600,13100,SUCCESS
PIPE,gamma,767,46000,8400,10700,SUCCESS
PIPE,gamma,768,56000,17900,27500,SUCCESS
PIPE,gamma,769,19300,6400,12400,SUCCESS
PIPE,gamma,770,35200,16400,17600,SUCCESS
PIPE,gamma,771,37600,12600,15100,SUCCESS
PIPE,gamma,772,36300,10600,15700,SUCCESS
PIPE,gamma,773,47800,9100,14000,SUCCESS
PIPE,gamma,774,42000,9500,12300,SUCCESS
PIPE,gamma,775,25800,3600,13200,SUCCESS
PIPE,gamma,776,34000,7500,12300,SUCCESS
PIPE,gamma,777,38400,7000,12300,SUCCESS
PIPE,gamma,778,32500,5800,12300,SUCCESS
PIPE,gamma,779,40700,9000,16200,SUCCESS
PIPE,gamma,780,64000,26600,20400,SUCCESS
PIPE,gamma,781,44200,12700,18700,SUCCESS
PIPE,gamma,782,30600,900,18700,SUCCESS
PIPE,gamma,783,44300,15400,18500,SUCCESS
PIPE,gamma,784,93400,30100,22200,SUCCESS
PIPE,gamma,785,56200,900,21900,SUCCESS
PIPE,gamma,786,26200,8000,10700,SUCCESS
PIPE,gamma,787,25100,7300,10800,SUCCESS
PIPE,gamma,788,29800,8600,13500,SUCCESS
PIPE,gamma,789,25300,6700,10700,SUCCESS
PIPE,gamma,790,25800,14400,11200,SUCCESS
PIPE,gamma,791,25400,6500,11700,SUCCESS
PIPE,gamma,792,32100,9200,12600,SUCCESS
PIPE,gamma,793,29100,7900,12300,SUCCESS
PIPE,gamma,794,47000,7000,10800,SUCCESS
PIPE,gamma,795,28400,6800,11800,SUCCESS
PIPE,gamma,796,27200,6800,11800,SUCCESS
PIPE,gamma,797,35500,8900,12600,SUCCESS
PIPE,gamma,798,2693300,2653100,17700,SUCCESS
PIPE,gamma,799,2691300,2673000,13800,SUCCESS
PIPE,gamma,800,2653300,2638700,13200,SUCCESS
PIPE,gamma,801,2623000,2598600,18800,SUCCESS
PIPE,gamma,802,2590700,2577400,12800,SUCCESS
PIPE,gamma,803,2564400,2539500,13800,SUCCESS
PIPE,gamma,804,2515000,2501800,12700,SUCCESS
PIPE,gamma,805,2500400,2471500,19500,SUCCESS
PIPE,gamma,806,2497700,2449900,16300,SUCCESS
PIPE,gamma,807,2455700,2425300,13900,SUCCESS
PIPE,gamma,808,2412800,2396300,13600,SUCCESS
PIPE,gamma,809,2392000,2367000,13100,SUCCESS
PIPE,gamma,810,2353600,2324900,19800,SUCCESS
PIPE,gamma,811,2319000,2293400,17100,SUCCESS
PIPE,gamma,812,2281400,2267600,13200,SUCCESS
PIPE,gamma,813,2258100,2237200,13000,SUCCESS
PIPE,gamma,814,2223900,2210200,13200,SUCCESS
PIPE,gamma,815,2297400,2180100,18500,SUCCESS
PIPE,gamma,816,2249400,2148400,11700,SUCCESS
PIPE,gamma,817,2199200,2109700,11700,SUCCESS
PIPE,gamma,818,2144800,2067000,12000,SUCCESS
PIPE,gamma,819,2174600,2020400,12900,SUCCESS
PIPE,gamma,820,2124000,1982500,11800,SUCCESS
PIPE,gamma,821,2080000,1950100,13700,SUCCESS
PIPE,gamma,822,2037800,1921600,12200,SUCCESS
PIPE,gamma,823,2068400,1890600,12500,SUCCESS
PIPE,gamma,824,2024900,1858500,12000,SUCCESS
PIPE,gamma,825,1971800,1817300,13000,SUCCESS
PIPE,gamma,826,1927400,1785900,12100,SUCCESS
PIPE,gamma,827,1971900,1754500,12100,SUCCESS
PIPE,gamma,828,1947900,1723000,12000,SUCCESS
PIPE,gamma,829,1908300,1691300,11600,SUCCESS
PIPE,gamma,830,1862000,1656600,11900,SUCCESS
PIPE,gamma,831,1872700,1625500,11800,SUCCESS
PIPE,gamma,832,1824300,1587400,13700,SUCCESS
PIPE,gamma,833,1777600,1554500,11900,SUCCESS
PIPE,gamma,834,1783400,1519100,13900,SUCCESS
PIPE,gamma,835,1706600,1454600,12200,SUCCESS
PIPE,gamma,836,1683300,1399100,11900,SUCCESS
PIPE,gamma,837,1646300,1353300,12000,SUCCESS
PIPE,gamma,838,1594600,1310200,14400,SUCCESS
PIPE,gamma,839,1538100,1268300,11200,SUCCESS
PIPE,gamma,840,1537800,1224500,11800,SUCCESS
PIPE,gamma,841,1476800,1168700,11300,SUCCESS
PIPE,gamma,842,1400500,1103600,11300,SUCCESS
PIPE,gamma,843,1312100,1026400,11300,SUCCESS
PIPE,gamma,844,1303600,951700,12000,SUCCESS
PIPE,gamma,845,1264400,896600,13400,SUCCESS
PIPE,gamma,846,1204600,849100,12500,SUCCESS
PIPE,gamma,847,1197300,806000,12900,SUCCESS
PIPE,gamma,848,1139900,757400,11500,SUCCESS
PIPE,gamma,849,1084100,711100,11500,SUCCESS
PIPE,gamma,850,1108100,672000,11200,SUCCESS
PIPE,gamma,851,1105500,678400,12500,SUCCESS
PIPE,gamma,852,1145500,687000,12700,SUCCESS
PIPE,gamma,853,1142000,696100,11200,SUCCESS
PIPE,gamma,854,1127800,651700,11700,SUCCESS
PIPE,gamma,855,1128900,658800,11800,SUCCESS
PIPE,gamma,856,1178700,667200,13400,SUCCESS
PIPE,gamma,857,1175600,676000,11000,SUCCESS
PIPE,gamma,858,1213500,683100,11200,SUCCESS
PIPE,gamma,859,1212400,690500,13600,SUCCESS
PIPE,gamma,860,1148500,638400,11300,SUCCESS
PIPE,gamma,861,1211900,644400,12600,SUCCESS
PIPE,gamma,862,1209200,653100,15600,SUCCESS
PIPE,gamma,863,1253300,664500,17200,SUCCESS
PIPE,gamma,864,1250900,677700,11700,SUCCESS
PIPE,gamma,865,1295800,685700,14300,SUCCESS
PIPE,gamma,866,1226200,628500,14400,SUCCESS
PIPE,gamma,867,676700,40200,16800,SUCCESS
PIPE,gamma,868,623100,12200,11800,SUCCESS
PIPE,gamma,869,543300,9100,11600,SUCCESS
PIPE,gamma,870,432300,8000,11400,SUCCESS
PIPE,gamma,871,355700,10500,11300,SUCCESS
PIPE,gamma,872,287200,9500,11200,SUCCESS
PIPE,gamma,873,149500,9300,12800,SUCCESS
PIPE,gamma,874,83200,12900,12500,SUCCESS
PIPE,gamma,875,21800,9900,11100,SUCCESS
PIPE,gamma,876,28600,8300,11700,SUCCESS
PIPE,gamma,877,26600,7800,10800,SUCCESS
PIPE,gamma,878,25100,13600,11300,SUCCESS
PIPE,gamma,879,20400,8600,11300,SUCCESS
PIPE,gamma,880,26500,7500,10700,SUCCESS
PIPE,gamma,881,24400,13200,11000,SUCCESS
PIPE,gamma,882,32000,9400,11100,SUCCESS
PIPE,gamma,883,25200,7200,10800,SUCCESS
PIPE,gamma,884,26800,8300,11000,SUCCESS
PIPE,gamma,885,26000,7200,10700,SUCCESS
PIPE,gamma,886,24400,13000,11200,SUCCESS
PIPE,gamma,887,26300,7900,11400,SUCCESS
PIPE,gamma,888,26200,7400,10700,SUCCESS
PIPE,gamma,889,24200,13000,11000,SUCCESS
PIPE,gamma,890,22400,8500,11400,SUCCESS
PIPE,gamma,891,24800,7300,10700,SUCCESS
PIPE,gamma,892,25500,7100,10700,SUCCESS
PIPE,gamma,893,24100,12500,11400,SUCCESS
PIPE,gamma,894,34100,8600,12800,SUCCESS
PIPE,gamma,895,25200,7300,10800,SUCCESS
PIPE,gamma,896,28800,9000,12100,SUCCESS
PIPE,gamma,897,25900,7200,10700,SUCCESS
PIPE,gamma,898,26500,15300,11000,SUCCESS
PIPE,gamma,899,19300,7500,11100,SUCCESS
PIPE,gamma,900,26100,7300,10700,SUCCESS
PIPE,gamma,901,26900,15700,11000,SUCCESS
PIPE,gamma,902,30200,7700,10700,SUCCESS
PIPE,gamma,903,24600,7100,10800,SUCCESS
PIPE,gamma,904,26000,7500,10700,SUCCESS
PIPE,gamma,905,24400,12900,11300,SUCCESS
PIPE,gamma,906,26300,8900,10700,SUCCESS
PIPE,gamma,907,24400,6900,10800,SUCCESS
PIPE,gamma,908,26600,7400,12100,SUCCESS
PIPE,gamma,909,25300,6700,10700,SUCCESS
PIPE,gamma,910,26700,15300,11200,SUCCESS
PIPE,gamma,911,19400,7300,10700,SUCCESS
PIPE,gamma,912,25600,7100,10700,SUCCESS
PIPE,gamma,913,26800,15500,11100,SUCCESS
PIPE,gamma,914,25200,7400,10700,SUCCESS
PIPE,gamma,915,23600,6400,10800,SUCCESS
PIPE,gamma,916,24900,6400,10700,SUCCESS
PIPE,gamma,917,22900,11700,11000,SUCCESS
PIPE,gamma,918,27300,7700,12000,SUCCESS
PIPE,gamma,919,24700,6300,10700,SUCCESS
PIPE,gamma,920,25700,14400,11100,SUCCESS
PIPE,gamma,921,18600,7100,10800,SUCCESS
PIPE,gamma,922,25500,6900,10800,SUCCESS
PIPE,gamma,923,26100,14700,11200,SUCCESS
PIPE,gamma,924,25400,8500,10600,SUCCESS
PIPE,gamma,925,23600,6400,10700,SUCCESS
PIPE,gamma,926,26600,7000,12200,SUCCESS
PIPE,gamma,927,25100,6300,10700,SUCCESS
PIPE,gamma,928,26400,15000,11200,SUCCESS
PIPE,gamma,929,32300,7500,12200,SUCCESS
PIPE,gamma,930,24300,6500,10800,SUCCESS
PIPE,gamma,931,24800,6300,10700,SUCCESS
PIPE,gamma,932,22900,11700,10900,SUCCESS
PIPE,gamma,933,28200,7800,12100,SUCCESS
PIPE,gamma,934,23300,6200,10700,SUCCESS
PIPE,gamma,935,26600,7400,12300,SUCCESS
PIPE,gamma,936,24500,6200,10800,SUCCESS
PIPE,gamma,937,25800,14300,11300,SUCCESS
PIPE,gamma,938,19000,7300,11100,SUCCESS
PIPE,gamma,939,24800,6400,10700,SUCCESS
PIPE,gamma,940,25500,14200,11100,SUCCESS
PIPE,gamma,941,18800,7200,10800,SUCCESS
PIPE,gamma,942,25300,6300,10700,SUCCESS
PIPE,gamma,943,25700,14500,11000,SUCCESS
PIPE,gamma,944,28600,7400,12200,SUCCESS
PIPE,gamma,945,23500,6300,10800,SUCCESS
PIPE,gamma,946,24700,6300,10700,SUCCESS
PIPE,gamma,947,23100,11700,11200,SUCCESS
PIPE,gamma,948,27700,7300,12200,SUCCESS
PIPE,gamma,949,23600,6300,10800,SUCCESS
PIPE,gamma,950,26500,7300,12200,SUCCESS
PIPE,gamma,951,24800,6200,10800,SUCCESS
PIPE,gamma,952,25900,14600,11100,SUCCESS
PIPE,gamma,953,31000,7200,12300,SUCCESS
PIPE,gamma,954,23600,6100,10800,SUCCESS
PIPE,gamma,955,24600,6300,10700,SUCCESS
PIPE,gamma,956,22700,11400,11100,SUCCESS
PIPE,gamma,957,27100,7300,12200,SUCCESS
PIPE,gamma,958,23300,6100,10800,SUCCESS
PIPE,gamma,959,27500,8000,12100,SUCCESS
PIPE,gamma,960,24800,6300,10800,SUCCESS
PIPE,gamma,961,25800,14500,11100,SUCCESS
PIPE,gamma,962,27900,7400,12100,SUCCESS
PIPE,gamma,963,24400,6300,10700,SUCCESS
PIPE,gamma,964,24800,6600,10700,SUCCESS
PIPE,gamma,965,23100,11800,11100,SUCCESS
PIPE,gamma,966,30400,11100,12100,SUCCESS
PIPE,gamma,967,25500,6700,10800,SUCCESS
PIPE,gamma,968,26500,15100,11200,SUCCESS
PIPE,gamma,969,29300,7700,10700,SUCCESS
PIPE,gamma,970,23400,6200,10800,SUCCESS
PIPE,gamma,971,27000,7800,12400,SUCCESS
PIPE,gamma,972,24900,6300,10700,SUCCESS
PIPE,gamma,973,25700,14400,11100,SUCCESS
PIPE,gamma,974,30800,7600,12200,SUCCESS
PIPE,gamma,975,23800,6100,10800,SUCCESS
PIPE,gamma,976,24700,6400,10700,SUCCESS
PIPE,gamma,977,23000,11600,11100,SUCCESS
PIPE,gamma,978,28300,7700,12200,SUCCESS
PIPE,gamma,979,24400,6100,10800,SUCCESS
PIPE,gamma,980,26700,7600,12200,SUCCESS
PIPE,gamma,981,25300,6200,10800,SUCCESS
PIPE,gamma,982,26200,14700,11300,SUCCESS
PIPE,gamma,983,30800,7600,12300,SUCCESS
PIPE,gamma,984,23400,6000,10800,SUCCESS
PIPE,gamma,985,24500,6200,10800,SUCCESS
PIPE,gamma,986,22900,11800,10900,SUCCESS
PIPE,gamma,987,27700,7600,12100,SUCCESS
PIPE,gamma,988,23400,6100,10700,SUCCESS
PIPE,gamma,989,27000,7600,12400,SUCCESS
PIPE,gamma,990,24700,6300,10700,SUCCESS
PIPE,gamma,991,26000,14400,11300,SUCCESS
PIPE,gamma,992,30000,7500,12200,SUCCESS
PIPE,gamma,993,23400,6100,10800,SUCCESS
PIPE,gamma,994,24900,6300,10700,SUCCESS
PIPE,gamma,995,23100,11900,11000,SUCCESS
PIPE,gamma,996,27700,7400,12200,SUCCESS
PIPE,gamma,997,23600,6100,10700,SUCCESS
PIPE,gamma,998,26700,7400,12400,SUCCESS
PIPE,gamma,999,25600,6200,12100,SUCCESS
