SYNC,alpha,0,200,0,100,SUCCESS
SYNC,alpha,1,200,0,100,SUCCESS
SYNC,alpha,2,200,0,100,SUCCESS
SYNC,alpha,3,200,0,100,SUCCESS
SYNC,alpha,4,100,0,100,SUCCESS
SYNC,alpha,5,100,0,100,SUCCESS
SYNC,alpha,6,100,0,100,SUCCESS
SYNC,alpha,7,200,0,100,SUCCESS
SYNC,alpha,8,200,0,100,SUCCESS
SYNC,alpha,9,200,0,100,SUCCESS
SYNC,alpha,10,100,0,100,SUCCESS
SYNC,alpha,11,200,0,100,SUCCESS
SYNC,alpha,12,100,0,100,SUCCESS
SYNC,alpha,13,200,0,100,SUCCESS
SYNC,alpha,14,200,0,100,SUCCESS
SYNC,alpha,15,100,0,100,SUCCESS
SYNC,alpha,16,200,0,100,SUCCESS
SYNC,alpha,17,200,0,100,SUCCESS
SYNC,alpha,18,200,0,100,SUCCESS
SYNC,alpha,19,200,0,100,SUCCESS
SYNC,alpha,20,100,0,100,SUCCESS
SYNC,alpha,21,100,0,100,SUCCESS
SYNC,alpha,22,200,0,100,SUCCESS
SYNC,alpha,23,200,0,100,SUCCESS
SYNC,alpha,24,200,0,100,SUCCESS
SYNC,alpha,25,100,0,100,SUCCESS
SYNC,alpha,26,100,0,100,SUCCESS
SYNC,alpha,27,200,0,100,SUCCESS
SYNC,alpha,28,200,0,100,SUCCESS
SYNC,alpha,29,100,0,100,SUCCESS
SYNC,alpha,30,200,0,100,SUCCESS
SYNC,alpha,31,200,0,100,SUCCESS
SYNC,alpha,32,200,0,100,SUCCESS
SYNC,alpha,33,200,0,100,SUCCESS
SYNC,alpha,34,100,0,100,SUCCESS
SYNC,alpha,35,100,0,100,SUCCESS
SYNC,alpha,36,100,0,100,SUCCESS
SYNC,alpha,37,200,0,100,SUCCESS
SYNC,alpha,38,200,0,100,SUCCESS
SYNC,alpha,39,200,0,100,SUCCESS
SYNC,alpha,40,200,0,100,SUCCESS
SYNC,alpha,41,200,0,200,SUCCESS
SYNC,alpha,42,100,0,100,SUCCESS
SYNC,alpha,43,200,0,100,SUCCESS
SYNC,alpha,44,100,0,100,SUCCESS
SYNC,alpha,45,200,0,100,SUCCESS
SYNC,alpha,46,200,0,100,SUCCESS
SYNC,alpha,47,100,0,100,SUCCESS
SYNC,alpha,48,200,0,100,SUCCESS
SYNC,alpha,49,100,0,100,SUCCESS
SYNC,alpha,50,200,0,100,SUCCESS
SYNC,alpha,51,100,0,100,SUCCESS
SYNC,alpha,52,200,0,100,SUCCESS
SYNC,alpha,53,100,0,100,SUCCESS
SYNC,alpha,54,200,0,100,SUCCESS
SYNC,alpha,55,100,0,100,SUCCESS
SYNC,alpha,56,200,0,100,SUCCESS
SYNC,alpha,57,200,0,100,SUCCESS
SYNC,alpha,58,200,0,100,SUCCESS
SYNC,alpha,59,100,0,100,SUCCESS
SYNC,alpha,60,200,0,100,SUCCESS
SYNC,alpha,61,200,0,100,SUCCESS
SYNC,alpha,62,100,0,100,SUCCESS
SYNC,alpha,63,200,0,100,SUCCESS
SYNC,alpha,64,100,0,100,SUCCESS
SYNC,alpha,65,200,0,100,SUCCESS
SYNC,alpha,66,200,0,100,SUCCESS
SYNC,alpha,67,100,0,100,SUCCESS
SYNC,alpha,68,200,0,100,SUCCESS
SYNC,alpha,69,200,0,100,SUCCESS
SYNC,alpha,70,100,0,100,SUCCESS
SYNC,alpha,71,200,0,100,SUCCESS
SYNC,alpha,72,200,0,100,SUCCESS
SYNC,alpha,73,200,0,100,SUCCESS
SYNC,alpha,74,100,0,100,SUCCESS
SYNC,alpha,75,200,0,100,SUCCESS
SYNC,alpha,76,100,0,100,SUCCESS
SYNC,alpha,77,200,0,100,SUCCESS
SYNC,alpha,78,200,0,100,SUCCESS
SYNC,alpha,79,200,0,200,SUCCESS
SYNC,alpha,80,100,0,100,SUCCESS
SYNC,alpha,81,200,0,100,SUCCESS
SYNC,alpha,82,200,0,100,SUCCESS
SYNC,alpha,83,100,0,100,SUCCESS
SYNC,alpha,84,200,0,100,SUCCESS
SYNC,alpha,85,100,0,100,SUCCESS
SYNC,alpha,86,200,0,100,SUCCESS
SYNC,alpha,87,100,0,100,SUCCESS
SYNC,alpha,88,200,0,100,SUCCESS
SYNC,alpha,89,100,0,100,SUCCESS
SYNC,alpha,90,100,0,100,SUCCESS
SYNC,alpha,91,100,0,100,SUCCESS
SYNC,alpha,92,200,0,100,SUCCESS
SYNC,alpha,93,200,0,100,SUCCESS
SYNC,alpha,94,200,0,100,SUCCESS
SYNC,alpha,95,200,0,100,SUCCESS
SYNC,alpha,96,200,0,100,SUCCESS
SYNC,alpha,97,100,0,100,SUCCESS
SYNC,alpha,98,200,0,100,SUCCESS
SYNC,alpha,99,200,0,100,SUCCESS
SYNC,alpha,100,100,0,100,SUCCESS
SYNC,alpha,101,200,0,100,SUCCESS
SYNC,alpha,102,200,0,100,SUCCESS
SYNC,alpha,103,200,0,100,SUCCESS
SYNC,alpha,104,100,0,100,SUCCESS
SYNC,alpha,105,200,0,100,SUCCESS
SYNC,alpha,106,200,0,100,SUCCESS
SYNC,alpha,107,100,0,100,SUCCESS
SYNC,alpha,108,100,0,100,SUCCESS
SYNC,alpha,109,200,0,100,SUCCESS
SYNC,alpha,110,200,0,100,SUCCESS
SYNC,alpha,111,200,0,100,SUCCESS
SYNC,alpha,112,100,0,100,SUCCESS
SYNC,alpha,113,200,0,100,SUCCESS
SYNC,alpha,114,200,0,100,SUCCESS
SYNC,alpha,115,100,0,100,SUCCESS
SYNC,alpha,116,100,0,100,SUCCESS
SYNC,alpha,117,200,0,100,SUCCESS
SYNC,alpha,118,200,0,200,SUCCESS
SYNC,alpha,119,200,0,100,SUCCESS
SYNC,alpha,120,100,0,100,SUCCESS
SYNC,alpha,121,200,0,100,SUCCESS
SYNC,alpha,122,200,0,100,SUCCESS
SYNC,alpha,123,200,0,100,SUCCESS
SYNC,alpha,124,100,0,100,SUCCESS
SYNC,alpha,125,200,0,100,SUCCESS
SYNC,alpha,126,200,0,100,SUCCESS
SYNC,alpha,127,200,0,100,SUCCESS
SYNC,alpha,128,100,0,100,SUCCESS
SYNC,alpha,129,100,0,100,SUCCESS
SYNC,alpha,130,200,0,100,SUCCESS
SYNC,alpha,131,200,0,100,SUCCESS
SYNC,alpha,132,200,0,100,SUCCESS
SYNC,alpha,133,100,0,100,SUCCESS
SYNC,alpha,134,200,0,100,SUCCESS
SYNC,alpha,135,200,0,100,SUCCESS
SYNC,alpha,136,100,0,100,SUCCESS
SYNC,alpha,137,200,0,100,SUCCESS
SYNC,alpha,138,200,0,100,SUCCESS
SYNC,alpha,139,200,0,100,SUCCESS
SYNC,alpha,140,200,0,100,SUCCESS
SYNC,alpha,141,200,0,100,SUCCESS
SYNC,alpha,142,200,0,100,SUCCESS
SYNC,alpha,143,200,0,100,SUCCESS
SYNC,alpha,144,200,0,100,SUCCESS
SYNC,alpha,145,100,0,100,SUCCESS
SYNC,alpha,146,100,0,100,SUCCESS
SYNC,alpha,147,100,0,100,SUCCESS
SYNC,alpha,148,200,0,100,SUCCESS
SYNC,alpha,149,200,0,100,SUCCESS
SYNC,alpha,150,200,0,100,SUCCESS
SYNC,alpha,151,200,0,100,SUCCESS
SYNC,alpha,152,100,0,100,SUCCESS
SYNC,alpha,153,200,0,100,SUCCESS
SYNC,alpha,154,100,0,100,SUCCESS
SYNC,alpha,155,200,0,100,SUCCESS
SYNC,alpha,156,100,0,100,SUCCESS
SYNC,alpha,157,200,0,100,SUCCESS
SYNC,alpha,158,200,0,100,SUCCESS
SYNC,alpha,159,200,0,100,SUCCESS
SYNC,alpha,160,100,0,100,SUCCESS
SYNC,alpha,161,200,0,100,SUCCESS
SYNC,alpha,162,100,0,100,SUCCESS
SYNC,alpha,163,200,0,100,SUCCESS
SYNC,alpha,164,100,0,100,SUCCESS
SYNC,alpha,165,200,0,100,SUCCESS
SYNC,alpha,166,200,0,100,SUCCESS
SYNC,alpha,167,100,0,100,SUCCESS
SYNC,alpha,168,200,0,100,SUCCESS
SYNC,alpha,169,200,0,100,SUCCESS
SYNC,alpha,170,100,0,100,SUCCESS
SYNC,alpha,171,200,0,200,SUCCESS
SYNC,alpha,172,100,0,100,SUCCESS
SYNC,alpha,173,200,0,100,SUCCESS
SYNC,alpha,174,100,0,100,SUCCESS
SYNC,alpha,175,100,0,100,SUCCESS
SYNC,alpha,176,200,0,100,SUCCESS
SYNC,alpha,177,200,0,100,SUCCESS
SYNC,alpha,178,100,0,100,SUCCESS
SYNC,alpha,179,100,0,100,SUCCESS
SYNC,alpha,180,100,0,100,SUCCESS
SYNC,alpha,181,200,0,100,SUCCESS
SYNC,alpha,182,200,0,100,SUCCESS
SYNC,alpha,183,100,0,100,SUCCESS
SYNC,alpha,184,200,0,100,SUCCESS
SYNC,alpha,185,200,0,100,SUCCESS
SYNC,alpha,186,100,0,100,SUCCESS
SYNC,alpha,187,200,0,100,SUCCESS
SYNC,alpha,188,100,0,100,SUCCESS
SYNC,alpha,189,200,0,100,SUCCESS
SYNC,alpha,190,100,0,100,SUCCESS
SYNC,alpha,191,200,0,100,SUCCESS
SYNC,alpha,192,100,0,100,SUCCESS
SYNC,alpha,193,200,0,100,SUCCESS
SYNC,alpha,194,100,0,100,SUCCESS
SYNC,alpha,195,200,0,200,SUCCESS
SYNC,alpha,196,100,0,100,SUCCESS
SYNC,alpha,197,200,0,100,SUCCESS
SYNC,alpha,198,100,0,100,SUCCESS
SYNC,alpha,199,100,0,100,SUCCESS
SYNC,alpha,200,200,0,100,SUCCESS
SYNC,alpha,201,200,0,100,SUCCESS
SYNC,alpha,202,100,0,100,SUCCESS
SYNC,alpha,203,200,0,100,SUCCESS
SYNC,alpha,204,100,0,100,SUCCESS
SYNC,alpha,205,200,0,100,SUCCESS
SYNC,alpha,206,200,0,100,SUCCESS
SYNC,alpha,207,100,0,100,SUCCESS
SYNC,alpha,208,200,0,100,SUCCESS
SYNC,alpha,209,200,0,100,SUCCESS
SYNC,alpha,210,100,0,100,SUCCESS
SYNC,alpha,211,200,0,100,SUCCESS
SYNC,alpha,212,100,0,100,SUCCESS
SYNC,alpha,213,200,0,100,SUCCESS
SYNC,alpha,214,100,0,100,SUCCESS
SYNC,alpha,215,100,0,100,SUCCESS
SYNC,alpha,216,100,0,100,SUCCESS
SYNC,alpha,217,200,0,100,SUCCESS
SYNC,alpha,218,200,0,100,SUCCESS
SYNC,alpha,219,200,0,100,SUCCESS
SYNC,alpha,220,100,0,100,SUCCESS
SYNC,alpha,221,200,0,100,SUCCESS
SYNC,alpha,222,200,0,100,SUCCESS
SYNC,alpha,223,100,0,100,SUCCESS
SYNC,alpha,224,200,0,100,SUCCESS
SYNC,alpha,225,200,0,100,SUCCESS
SYNC,alpha,226,100,0,100,SUCCESS
SYNC,alpha,227,100,0,100,SUCCESS
SYNC,alpha,228,200,0,100,SUCCESS
SYNC,alpha,229,200,0,100,SUCCESS
SYNC,alpha,230,100,0,100,SUCCESS
SYNC,alpha,231,200,0,100,SUCCESS
SYNC,alpha,232,200,0,100,SUCCESS
SYNC,alpha,233,100,0,100,SUCCESS
SYNC,alpha,234,200,0,100,SUCCESS
SYNC,alpha,235,200,0,100,SUCCESS
SYNC,alpha,236,100,0,100,SUCCESS
SYNC,alpha,237,200,0,200,SUCCESS
SYNC,alpha,238,100,0,100,SUCCESS
SYNC,alpha,239,200,0,100,SUCCESS
SYNC,alpha,240,200,0,100,SUCCESS
SYNC,alpha,241,200,0,100,SUCCESS
SYNC,alpha,242,200,0,200,SUCCESS
SYNC,alpha,243,100,0,100,SUCCESS
SYNC,alpha,244,200,0,100,SUCCESS
SYNC,alpha,245,200,0,200,SUCCESS
SYNC,alpha,246,100,0,100,SUCCESS
SYNC,alpha,247,200,0,100,SUCCESS
SYNC,alpha,248,200,0,100,SUCCESS
SYNC,alpha,249,100,0,100,SUCCESS
SYNC,alpha,250,200,0,100,SUCCESS
SYNC,alpha,251,200,0,100,SUCCESS
SYNC,alpha,252,100,0,100,SUCCESS
SYNC,alpha,253,200,0,100,SUCCESS
SYNC,alpha,254,200,0,100,SUCCESS
SYNC,alpha,255,200,0,100,SUCCESS
SYNC,alpha,256,100,0,100,SUCCESS
SYNC,alpha,257,200,0,100,SUCCESS
SYNC,alpha,258,200,0,100,SUCCESS
SYNC,alpha,259,200,0,100,SUCCESS
SYNC,alpha,260,100,0,100,SUCCESS
SYNC,alpha,261,200,0,100,SUCCESS
SYNC,alpha,262,100,0,100,SUCCESS
SYNC,alpha,263,100,0,100,SUCCESS
SYNC,alpha,264,100,0,100,SUCCESS
SYNC,alpha,265,200,0,100,SUCCESS
SYNC,alpha,266,100,0,100,SUCCESS
SYNC,alpha,267,200,0,100,SUCCESS
SYNC,alpha,268,200,0,100,SUCCESS
SYNC,alpha,269,100,0,100,SUCCESS
SYNC,alpha,270,200,0,100,SUCCESS
SYNC,alpha,271,200,0,100,SUCCESS
SYNC,alpha,272,200,0,100,SUCCESS
SYNC,alpha,273,200,0,100,SUCCESS
SYNC,alpha,274,100,0,100,SUCCESS
SYNC,alpha,275,200,0,100,SUCCESS
SYNC,alpha,276,100,0,100,SUCCESS
SYNC,alpha,277,200,0,100,SUCCESS
SYNC,alpha,278,100,0,100,SUCCESS
SYNC,alpha,279,200,0,100,SUCCESS
SYNC,alpha,280,200,0,100,SUCCESS
SYNC,alpha,281,100,0,100,SUCCESS
SYNC,alpha,282,200,0,100,SUCCESS
SYNC,alpha,283,200,0,100,SUCCESS
SYNC,alpha,284,100,0,100,SUCCESS
SYNC,alpha,285,200,0,100,SUCCESS
SYNC,alpha,286,200,0,100,SUCCESS
SYNC,alpha,287,200,0,100,SUCCESS
SYNC,alpha,288,200,0,100,SUCCESS
SYNC,alpha,289,100,0,100,SUCCESS
SYNC,alpha,290,200,0,100,SUCCESS
SYNC,alpha,291,200,0,100,SUCCESS
SYNC,alpha,292,200,0,100,SUCCESS
SYNC,alpha,293,200,0,100,SUCCESS
SYNC,alpha,294,100,0,100,SUCCESS
SYNC,alpha,295,200,0,100,SUCCESS
SYNC,alpha,296,200,0,100,SUCCESS
SYNC,alpha,297,200,0,100,SUCCESS
SYNC,alpha,298,200,0,100,SUCCESS
SYNC,alpha,299,100,0,100,SUCCESS
SYNC,alpha,300,200,0,100,SUCCESS
SYNC,alpha,301,100,0,100,SUCCESS
SYNC,alpha,302,200,0,100,SUCCESS
SYNC,alpha,303,200,0,100,SUCCESS
SYNC,alpha,304,100,0,100,SUCCESS
SYNC,alpha,305,200,0,100,SUCCESS
SYNC,alpha,306,200,0,100,SUCCESS
SYNC,alpha,307,200,0,100,SUCCESS
SYNC,alpha,308,200,0,100,SUCCESS
SYNC,alpha,309,100,0,100,SUCCESS
SYNC,alpha,310,200,0,100,SUCCESS
SYNC,alpha,311,100,0,100,SUCCESS
SYNC,alpha,312,100,0,100,SUCCESS
SYNC,alpha,313,200,0,100,SUCCESS
SYNC,alpha,314,100,0,100,SUCCESS
SYNC,alpha,315,200,0,100,SUCCESS
SYNC,alpha,316,200,0,100,SUCCESS
SYNC,alpha,317,200,0,100,SUCCESS
SYNC,alpha,318,200,0,100,SUCCESS
SYNC,alpha,319,100,0,100,SUCCESS
SYNC,alpha,320,200,0,100,SUCCESS
SYNC,alpha,321,100,0,100,SUCCESS
SYNC,alpha,322,200,0,100,SUCCESS
SYNC,alpha,323,200,0,100,SUCCESS
SYNC,alpha,324,100,0,100,SUCCESS
SYNC,alpha,325,100,0,100,SUCCESS
SYNC,alpha,326,200,0,100,SUCCESS
SYNC,alpha,327,200,0,100,SUCCESS
SYNC,alpha,328,100,0,100,SUCCESS
SYNC,alpha,329,200,0,200,SUCCESS
SYNC,alpha,330,200,0,100,SUCCESS
SYNC,alpha,331,100,0,100,SUCCESS
SYNC,alpha,332,200,0,100,SUCCESS
SYNC,alpha,333,100,0,100,SUCCESS
SYNC,alpha,334,200,0,100,SUCCESS
SYNC,alpha,335,100,0,100,SUCCESS
SYNC,alpha,336,200,0,100,SUCCESS
SYNC,alpha,337,200,0,100,SUCCESS
SYNC,alpha,338,100,0,100,SUCCESS
SYNC,alpha,339,200,0,100,SUCCESS
SYNC,alpha,340,200,0,100,SUCCESS
SYNC,alpha,341,200,0,100,SUCCESS
SYNC,alpha,342,200,0,100,SUCCESS
SYNC,alpha,343,100,0,100,SUCCESS
SYNC,alpha,344,200,0,100,SUCCESS
SYNC,alpha,345,200,0,100,SUCCESS
SYNC,alpha,346,200,0,100,SUCCESS
SYNC,alpha,347,200,0,100,SUCCESS
SYNC,alpha,348,100,0,100,SUCCESS
SYNC,alpha,349,100,0,100,SUCCESS
SYNC,alpha,350,200,0,200,SUCCESS
SYNC,alpha,351,100,0,100,SUCCESS
SYNC,alpha,352,100,0,100,SUCCESS
SYNC,alpha,353,200,0,100,SUCCESS
SYNC,alpha,354,100,0,100,SUCCESS
SYNC,alpha,355,200,0,100,SUCCESS
SYNC,alpha,356,200,0,100,SUCCESS
SYNC,alpha,357,100,0,100,SUCCESS
SYNC,alpha,358,200,0,100,SUCCESS
SYNC,alpha,359,100,0,100,SUCCESS
SYNC,alpha,360,200,0,100,SUCCESS
SYNC,alpha,361,200,0,100,SUCCESS
SYNC,alpha,362,100,0,100,SUCCESS
SYNC,alpha,363,200,0,100,SUCCESS
SYNC,alpha,364,200,0,200,SUCCESS
SYNC,alpha,365,100,0,100,SUCCESS
SYNC,alpha,366,100,0,100,SUCCESS
SYNC,alpha,367,200,0,100,SUCCESS
SYNC,alpha,368,100,0,100,SUCCESS
SYNC,alpha,369,200,0,200,SUCCESS
SYNC,alpha,370,100,0,100,SUCCESS
SYNC,alpha,371,200,0,100,SUCCESS
SYNC,alpha,372,200,0,100,SUCCESS
SYNC,alpha,373,100,0,100,SUCCESS
SYNC,alpha,374,200,0,100,SUCCESS
SYNC,alpha,375,200,0,100,SUCCESS
SYNC,alpha,376,100,0,100,SUCCESS
SYNC,alpha,377,200,0,100,SUCCESS
SYNC,alpha,378,100,0,100,SUCCESS
SYNC,alpha,379,200,0,100,SUCCESS
SYNC,alpha,380,200,0,100,SUCCESS
SYNC,alpha,381,200,0,100,SUCCESS
SYNC,alpha,382,200,0,100,SUCCESS
SYNC,alpha,383,100,0,100,SUCCESS
SYNC,alpha,384,100,0,100,SUCCESS
SYNC,alpha,385,200,0,100,SUCCESS
SYNC,alpha,386,200,0,100,SUCCESS
SYNC,alpha,387,100,0,100,SUCCESS
SYNC,alpha,388,100,0,100,SUCCESS
SYNC,alpha,389,200,0,100,SUCCESS
SYNC,alpha,390,100,0,100,SUCCESS
SYNC,alpha,391,100,0,100,SUCCESS
SYNC,alpha,392,200,0,100,SUCCESS
SYNC,alpha,393,200,0,100,SUCCESS
SYNC,alpha,394,100,0,100,SUCCESS
SYNC,alpha,395,200,0,100,SUCCESS
SYNC,alpha,396,200,0,100,SUCCESS
SYNC,alpha,397,200,0,100,SUCCESS
SYNC,alpha,398,200,0,100,SUCCESS
SYNC,alpha,399,100,0,100,SUCCESS
SYNC,alpha,400,200,0,100,SUCCESS
SYNC,alpha,401,100,0,100,SUCCESS
SYNC,alpha,402,200,0,100,SUCCESS
SYNC,alpha,403,200,0,100,SUCCESS
SYNC,alpha,404,100,0,100,SUCCESS
SYNC,alpha,405,100,0,100,SUCCESS
SYNC,alpha,406,200,0,100,SUCCESS
SYNC,alpha,407,200,0,100,SUCCESS
SYNC,alpha,408,200,0,100,SUCCESS
SYNC,alpha,409,200,0,100,SUCCESS
SYNC,alpha,410,200,0,100,SUCCESS
SYNC,alpha,411,100,0,100,SUCCESS
SYNC,alpha,412,200,0,100,SUCCESS
SYNC,alpha,413,200,0,100,SUCCESS
SYNC,alpha,414,100,0,100,SUCCESS
SYNC,alpha,415,200,0,200,SUCCESS
SYNC,alpha,416,100,0,100,SUCCESS
SYNC,alpha,417,100,0,100,SUCCESS
SYNC,alpha,418,200,0,100,SUCCESS
SYNC,alpha,419,100,0,100,SUCCESS
SYNC,alpha,420,100,0,100,SUCCESS
SYNC,alpha,421,200,0,100,SUCCESS
SYNC,alpha,422,100,0,100,SUCCESS
SYNC,alpha,423,200,0,100,SUCCESS
SYNC,alpha,424,200,0,100,SUCCESS
SYNC,alpha,425,100,0,100,SUCCESS
SYNC,alpha,426,200,0,100,SUCCESS
SYNC,alpha,427,100,0,100,SUCCESS
SYNC,alpha,428,200,0,100,SUCCESS
SYNC,alpha,429,200,0,100,SUCCESS
SYNC,alpha,430,100,0,100,SUCCESS
SYNC,alpha,431,200,0,100,SUCCESS
SYNC,alpha,432,200,0,100,SUCCESS
SYNC,alpha,433,100,0,100,SUCCESS
SYNC,alpha,434,200,0,100,SUCCESS
SYNC,alpha,435,200,0,100,SUCCESS
SYNC,alpha,436,200,0,100,SUCCESS
SYNC,alpha,437,100,0,100,SUCCESS
SYNC,alpha,438,200,0,200,SUCCESS
SYNC,alpha,439,100,0,100,SUCCESS
SYNC,alpha,440,200,0,100,SUCCESS
SYNC,alpha,441,100,0,100,SUCCESS
SYNC,alpha,442,200,0,200,SUCCESS
SYNC,alpha,443,200,0,100,SUCCESS
SYNC,alpha,444,200,0,100,SUCCESS
SYNC,alpha,445,100,0,100,SUCCESS
SYNC,alpha,446,200,0,100,SUCCESS
SYNC,alpha,447,100,0,100,SUCCESS
SYNC,alpha,448,200,0,100,SUCCESS
SYNC,alpha,449,100,0,100,SUCCESS
SYNC,alpha,450,100,0,100,SUCCESS
SYNC,alpha,451,200,0,100,SUCCESS
SYNC,alpha,452,100,0,100,SUCCESS
SYNC,alpha,453,200,0,100,SUCCESS
SYNC,alpha,454,100,0,100,SUCCESS
SYNC,alpha,455,200,0,100,SUCCESS
SYNC,alpha,456,200,0,100,SUCCESS
SYNC,alpha,457,200,0,100,SUCCESS
SYNC,alpha,458,200,0,100,SUCCESS
SYNC,alpha,459,100,0,100,SUCCESS
SYNC,alpha,460,200,0,100,SUCCESS
SYNC,alpha,461,100,0,100,SUCCESS
SYNC,alpha,462,200,0,100,SUCCESS
SYNC,alpha,463,100,0,100,SUCCESS
SYNC,alpha,464,200,0,100,SUCCESS
SYNC,alpha,465,200,0,100,SUCCESS
SYNC,alpha,466,200,0,100,SUCCESS
SYNC,alpha,467,200,0,100,SUCCESS
SYNC,alpha,468,100,0,100,SUCCESS
SYNC,alpha,469,200,0,100,SUCCESS
SYNC,alpha,470,100,0,100,SUCCESS
SYNC,alpha,471,200,0,100,SUCCESS
SYNC,alpha,472,200,0,100,SUCCESS
SYNC,alpha,473,100,0,100,SUCCESS
SYNC,alpha,474,200,0,100,SUCCESS
SYNC,alpha,475,100,0,100,SUCCESS
SYNC,alpha,476,200,0,200,SUCCESS
SYNC,alpha,477,100,0,100,SUCCESS
SYNC,alpha,478,200,0,100,SUCCESS
SYNC,alpha,479,100,0,100,SUCCESS
SYNC,alpha,480,200,0,100,SUCCESS
SYNC,alpha,481,100,0,100,SUCCESS
SYNC,alpha,482,200,0,100,SUCCESS
SYNC,alpha,483,200,0,100,SUCCESS
SYNC,alpha,484,200,0,100,SUCCESS
SYNC,alpha,485,200,0,100,SUCCESS
SYNC,alpha,486,100,0,100,SUCCESS
SYNC,alpha,487,200,0,100,SUCCESS
SYNC,alpha,488,100,0,100,SUCCESS
SYNC,alpha,489,200,0,100,SUCCESS
SYNC,alpha,490,100,0,100,SUCCESS
SYNC,alpha,491,200,0,100,SUCCESS
SYNC,alpha,492,200,0,100,SUCCESS
SYNC,alpha,493,100,0,100,SUCCESS
SYNC,alpha,494,200,0,100,SUCCESS
SYNC,alpha,495,100,0,100,SUCCESS
SYNC,alpha,496,200,0,100,SUCCESS
SYNC,alpha,497,100,0,100,SUCCESS
SYNC,alpha,498,200,0,100,SUCCESS
SYNC,alpha,499,100,0,100,SUCCESS
SYNC,alpha,500,200,0,100,SUCCESS
SYNC,alpha,501,100,0,100,SUCCESS
SYNC,alpha,502,200,0,100,SUCCESS
SYNC,alpha,503,100,0,100,SUCCESS
SYNC,alpha,504,100,0,100,SUCCESS
SYNC,alpha,505,200,0,100,SUCCESS
SYNC,alpha,506,100,0,100,SUCCESS
SYNC,alpha,507,100,0,100,SUCCESS
SYNC,alpha,508,200,0,100,SUCCESS
SYNC,alpha,509,100,0,100,SUCCESS
SYNC,alpha,510,200,0,100,SUCCESS
SYNC,alpha,511,100,0,100,SUCCESS
SYNC,alpha,512,200,0,100,SUCCESS
SYNC,alpha,513,200,0,100,SUCCESS
SYNC,alpha,514,200,0,100,SUCCESS
SYNC,alpha,515,200,0,100,SUCCESS
SYNC,alpha,516,200,0,100,SUCCESS
SYNC,alpha,517,200,0,100,SUCCESS
SYNC,alpha,518,200,0,100,SUCCESS
SYNC,alpha,519,100,0,100,SUCCESS
SYNC,alpha,520,100,0,100,SUCCESS
SYNC,alpha,521,200,0,100,SUCCESS
SYNC,alpha,522,200,0,100,SUCCESS
SYNC,alpha,523,100,0,100,SUCCESS
SYNC,alpha,524,200,0,100,SUCCESS
SYNC,alpha,525,200,0,100,SUCCESS
SYNC,alpha,526,200,0,100,SUCCESS
SYNC,alpha,527,100,0,100,SUCCESS
SYNC,alpha,528,100,0,100,SUCCESS
SYNC,alpha,529,200,0,100,SUCCESS
SYNC,alpha,530,200,0,100,SUCCESS
SYNC,alpha,531,100,0,100,SUCCESS
SYNC,alpha,532,200,0,100,SUCCESS
SYNC,alpha,533,100,0,100,SUCCESS
SYNC,alpha,534,100,0,100,SUCCESS
SYNC,alpha,535,100,0,100,SUCCESS
SYNC,alpha,536,200,0,100,SUCCESS
SYNC,alpha,537,100,0,100,SUCCESS
SYNC,alpha,538,200,0,100,SUCCESS
SYNC,alpha,539,200,0,100,SUCCESS
SYNC,alpha,540,200,0,100,SUCCESS
SYNC,alpha,541,100,0,100,SUCCESS
SYNC,alpha,542,200,0,100,SUCCESS
SYNC,alpha,543,200,0,100,SUCCESS
SYNC,alpha,544,100,0,100,SUCCESS
SYNC,alpha,545,200,0,100,SUCCESS
SYNC,alpha,546,200,0,100,SUCCESS
SYNC,alpha,547,100,0,100,SUCCESS
SYNC,alpha,548,200,0,100,SUCCESS
SYNC,alpha,549,100,0,100,SUCCESS
SYNC,alpha,550,200,0,100,SUCCESS
SYNC,alpha,551,200,0,100,SUCCESS
SYNC,alpha,552,100,0,100,SUCCESS
SYNC,alpha,553,200,0,100,SUCCESS
SYNC,alpha,554,200,0,100,SUCCESS
SYNC,alpha,555,100,0,100,SUCCESS
SYNC,alpha,556,200,0,100,SUCCESS
SYNC,alpha,557,100,0,100,SUCCESS
SYNC,alpha,558,200,0,100,SUCCESS
SYNC,alpha,559,100,0,100,SUCCESS
SYNC,alpha,560,200,0,100,SUCCESS
SYNC,alpha,561,200,0,100,SUCCESS
SYNC,alpha,562,100,0,100,SUCCESS
SYNC,alpha,563,200,0,100,SUCCESS
SYNC,alpha,564,100,0,100,SUCCESS
SYNC,alpha,565,200,0,100,SUCCESS
SYNC,alpha,566,200,0,100,SUCCESS
SYNC,alpha,567,100,0,100,SUCCESS
SYNC,alpha,568,200,0,100,SUCCESS
SYNC,alpha,569,200,0,100,SUCCESS
SYNC,alpha,570,100,0,100,SUCCESS
SYNC,alpha,571,200,0,100,SUCCESS
SYNC,alpha,572,200,0,100,SUCCESS
SYNC,alpha,573,100,0,100,SUCCESS
SYNC,alpha,574,200,0,100,SUCCESS
SYNC,alpha,575,200,0,100,SUCCESS
SYNC,alpha,576,100,0,100,SUCCESS
SYNC,alpha,577,200,0,100,SUCCESS
SYNC,alpha,578,100,0,100,SUCCESS
SYNC,alpha,579,100,0,100,SUCCESS
SYNC,alpha,580,200,0,100,SUCCESS
SYNC,alpha,581,100,0,100,SUCCESS
SYNC,alpha,582,200,0,100,SUCCESS
SYNC,alpha,583,100,0,100,SUCCESS
SYNC,alpha,584,200,0,100,SUCCESS
SYNC,alpha,585,200,0,100,SUCCESS
SYNC,alpha,586,100,0,100,SUCCESS
SYNC,alpha,587,200,0,100,SUCCESS
SYNC,alpha,588,100,0,100,SUCCESS
SYNC,alpha,589,200,0,100,SUCCESS
SYNC,alpha,590,200,0,100,SUCCESS
SYNC,alpha,591,100,0,100,SUCCESS
SYNC,alpha,592,200,0,100,SUCCESS
SYNC,alpha,593,100,0,100,SUCCESS
SYNC,alpha,594,200,0,100,SUCCESS
SYNC,alpha,595,100,0,100,SUCCESS
SYNC,alpha,596,200,0,100,SUCCESS
SYNC,alpha,597,200,0,100,SUCCESS
SYNC,alpha,598,100,0,100,SUCCESS
SYNC,alpha,599,200,0,100,SUCCESS
SYNC,alpha,600,100,0,100,SUCCESS
SYNC,alpha,601,200,0,100,SUCCESS
SYNC,alpha,602,200,0,100,SUCCESS
SYNC,alpha,603,200,0,100,SUCCESS
SYNC,alpha,604,200,0,100,SUCCESS
SYNC,alpha,605,100,0,100,SUCCESS
SYNC,alpha,606,200,0,100,SUCCESS
SYNC,alpha,607,100,0,100,SUCCESS
SYNC,alpha,608,100,0,100,SUCCESS
SYNC,alpha,609,200,0,200,SUCCESS
SYNC,alpha,610,200,0,100,SUCCESS
SYNC,alpha,611,100,0,100,SUCCESS
SYNC,alpha,612,200,0,100,SUCCESS
SYNC,alpha,613,100,0,100,SUCCESS
SYNC,alpha,614,200,0,200,SUCCESS
SYNC,alpha,615,100,0,100,SUCCESS
SYNC,alpha,616,100,0,100,SUCCESS
SYNC,alpha,617,200,0,100,SUCCESS
SYNC,alpha,618,100,0,100,SUCCESS
SYNC,alpha,619,200,0,100,SUCCESS
SYNC,alpha,620,100,0,100,SUCCESS
SYNC,alpha,621,200,0,100,SUCCESS
SYNC,alpha,622,200,0,100,SUCCESS
SYNC,alpha,623,100,0,100,SUCCESS
SYNC,alpha,624,200,0,100,SUCCESS
SYNC,alpha,625,100,0,100,SUCCESS
SYNC,alpha,626,100,0,100,SUCCESS
SYNC,alpha,627,200,0,100,SUCCESS
SYNC,alpha,628,100,0,100,SUCCESS
SYNC,alpha,629,100,0,100,SUCCESS
SYNC,alpha,630,200,0,200,SUCCESS
SYNC,alpha,631,100,0,100,SUCCESS
SYNC,alpha,632,200,0,100,SUCCESS
SYNC,alpha,633,200,0,100,SUCCESS
SYNC,alpha,634,100,0,100,SUCCESS
SYNC,alpha,635,200,0,200,SUCCESS
SYNC,alpha,636,100,0,100,SUCCESS
SYNC,alpha,637,100,0,100,SUCCESS
SYNC,alpha,638,200,0,100,SUCCESS
SYNC,alpha,639,100,0,100,SUCCESS
SYNC,alpha,640,200,0,100,SUCCESS
SYNC,alpha,641,200,0,100,SUCCESS
SYNC,alpha,642,200,0,100,SUCCESS
SYNC,alpha,643,200,0,100,SUCCESS
SYNC,alpha,644,100,0,100,SUCCESS
SYNC,alpha,645,200,0,200,SUCCESS
SYNC,alpha,646,200,0,100,SUCCESS
SYNC,alpha,647,100,0,100,SUCCESS
SYNC,alpha,648,200,0,100,SUCCESS
SYNC,alpha,649,200,0,100,SUCCESS
SYNC,alpha,650,100,0,100,SUCCESS
SYNC,alpha,651,200,0,200,SUCCESS
SYNC,alpha,652,200,0,100,SUCCESS
SYNC,alpha,653,100,0,100,SUCCESS
SYNC,alpha,654,200,0,100,SUCCESS
SYNC,alpha,655,100,0,100,SUCCESS
SYNC,alpha,656,200,0,100,SUCCESS
SYNC,alpha,657,200,0,100,SUCCESS
SYNC,alpha,658,100,0,100,SUCCESS
SYNC,alpha,659,200,0,100,SUCCESS
SYNC,alpha,660,200,0,100,SUCCESS
SYNC,alpha,661,100,0,100,SUCCESS
SYNC,alpha,662,200,0,100,SUCCESS
SYNC,alpha,663,100,0,100,SUCCESS
SYNC,alpha,664,200,0,100,SUCCESS
SYNC,alpha,665,100,0,100,SUCCESS
SYNC,alpha,666,200,0,100,SUCCESS
SYNC,alpha,667,200,0,100,SUCCESS
SYNC,alpha,668,100,0,100,SUCCESS
SYNC,alpha,669,200,0,100,SUCCESS
SYNC,alpha,670,100,0,100,SUCCESS
SYNC,alpha,671,200,0,100,SUCCESS
SYNC,alpha,672,200,0,100,SUCCESS
SYNC,alpha,673,100,0,100,SUCCESS
SYNC,alpha,674,200,0,100,SUCCESS
SYNC,alpha,675,200,0,100,SUCCESS
SYNC,alpha,676,100,0,100,SUCCESS
SYNC,alpha,677,200,0,100,SUCCESS
SYNC,alpha,678,100,0,100,SUCCESS
SYNC,alpha,679,200,0,200,SUCCESS
SYNC,alpha,680,100,0,100,SUCCESS
SYNC,alpha,681,100,0,100,SUCCESS
SYNC,alpha,682,200,0,100,SUCCESS
SYNC,alpha,683,100,0,100,SUCCESS
SYNC,alpha,684,200,0,100,SUCCESS
SYNC,alpha,685,100,0,100,SUCCESS
SYNC,alpha,686,200,0,100,SUCCESS
SYNC,alpha,687,200,0,100,SUCCESS
SYNC,alpha,688,200,0,100,SUCCESS
SYNC,alpha,689,200,0,100,SUCCESS
SYNC,alpha,690,100,0,100,SUCCESS
SYNC,alpha,691,200,0,100,SUCCESS
SYNC,alpha,692,200,0,100,SUCCESS
SYNC,alpha,693,100,0,100,SUCCESS
SYNC,alpha,694,200,0,100,SUCCESS
SYNC,alpha,695,100,0,100,SUCCESS
SYNC,alpha,696,200,0,100,SUCCESS
SYNC,alpha,697,200,0,100,SUCCESS
SYNC,alpha,698,100,0,100,SUCCESS
SYNC,alpha,699,200,0,100,SUCCESS
SYNC,alpha,700,200,0,100,SUCCESS
SYNC,alpha,701,100,0,100,SUCCESS
SYNC,alpha,702,200,0,100,SUCCESS
SYNC,alpha,703,100,0,100,SUCCESS
SYNC,alpha,704,200,0,100,SUCCESS
SYNC,alpha,705,200,0,100,SUCCESS
SYNC,alpha,706,100,0,100,SUCCESS
SYNC,alpha,707,200,0,100,SUCCESS
SYNC,alpha,708,200,0,100,SUCCESS
SYNC,alpha,709,100,0,100,SUCCESS
SYNC,alpha,710,200,0,100,SUCCESS
SYNC,alpha,711,200,0,100,SUCCESS
SYNC,alpha,712,100,0,100,SUCCESS
SYNC,alpha,713,200,0,100,SUCCESS
SYNC,alpha,714,100,0,100,SUCCESS
SYNC,alpha,715,200,0,100,SUCCESS
SYNC,alpha,716,200,0,100,SUCCESS
SYNC,alpha,717,100,0,100,SUCCESS
SYNC,alpha,718,200,0,100,SUCCESS
SYNC,alpha,719,200,0,100,SUCCESS
SYNC,alpha,720,200,0,100,SUCCESS
SYNC,alpha,721,200,0,200,SUCCESS
SYNC,alpha,722,100,0,100,SUCCESS
SYNC,alpha,723,200,0,100,SUCCESS
SYNC,alpha,724,200,0,100,SUCCESS
SYNC,alpha,725,100,0,100,SUCCESS
SYNC,alpha,726,200,0,100,SUCCESS
SYNC,alpha,727,200,0,100,SUCCESS
SYNC,alpha,728,200,0,100,SUCCESS
SYNC,alpha,729,100,0,100,SUCCESS
SYNC,alpha,730,100,0,100,SUCCESS
SYNC,alpha,731,100,0,100,SUCCESS
SYNC,alpha,732,100,0,100,SUCCESS
SYNC,alpha,733,200,0,100,SUCCESS
SYNC,alpha,734,200,0,100,SUCCESS
SYNC,alpha,735,200,0,200,SUCCESS
SYNC,alpha,736,200,0,100,SUCCESS
SYNC,alpha,737,100,0,100,SUCCESS
SYNC,alpha,738,200,0,100,SUCCESS
SYNC,alpha,739,200,0,100,SUCCESS
SYNC,alpha,740,200,0,100,SUCCESS
SYNC,alpha,741,100,0,100,SUCCESS
SYNC,alpha,742,100,0,100,SUCCESS
SYNC,alpha,743,200,0,100,SUCCESS
SYNC,alpha,744,200,0,100,SUCCESS
SYNC,alpha,745,200,0,100,SUCCESS
SYNC,alpha,746,100,0,100,SUCCESS
SYNC,alpha,747,100,0,100,SUCCESS
SYNC,alpha,748,200,0,100,SUCCESS
SYNC,alpha,749,200,0,100,SUCCESS
SYNC,alpha,750,200,0,100,SUCCESS
SYNC,alpha,751,100,0,100,SUCCESS
SYNC,alpha,752,200,0,100,SUCCESS
SYNC,alpha,753,200,0,200,SUCCESS
SYNC,alpha,754,200,0,100,SUCCESS
SYNC,alpha,755,200,0,100,SUCCESS
SYNC,alpha,756,200,0,100,SUCCESS
SYNC,alpha,757,200,0,100,SUCCESS
SYNC,alpha,758,100,0,100,SUCCESS
SYNC,alpha,759,200,0,100,SUCCESS
SYNC,alpha,760,200,0,100,SUCCESS
SYNC,alpha,761,200,0,100,SUCCESS
SYNC,alpha,762,200,0,100,SUCCESS
SYNC,alpha,763,100,0,100,SUCCESS
SYNC,alpha,764,200,0,100,SUCCESS
SYNC,alpha,765,100,0,100,SUCCESS
SYNC,alpha,766,100,0,100,SUCCESS
SYNC,alpha,767,200,0,100,SUCCESS
SYNC,alpha,768,100,0,100,SUCCESS
SYNC,alpha,769,200,0,100,SUCCESS
SYNC,alpha,770,200,0,100,SUCCESS
SYNC,alpha,771,100,0,100,SUCCESS
SYNC,alpha,772,200,0,100,SUCCESS
SYNC,alpha,773,200,0,100,SUCCESS
SYNC,alpha,774,100,0,100,SUCCESS
SYNC,alpha,775,100,0,100,SUCCESS
SYNC,alpha,776,200,0,100,SUCCESS
SYNC,alpha,777,200,0,100,SUCCESS
SYNC,alpha,778,200,0,100,SUCCESS
SYNC,alpha,779,200,0,100,SUCCESS
SYNC,alpha,780,200,0,100,SUCCESS
SYNC,alpha,781,100,0,100,SUCCESS
SYNC,alpha,782,200,0,100,SUCCESS
SYNC,alpha,783,200,0,100,SUCCESS
SYNC,alpha,784,100,0,100,SUCCESS
SYNC,alpha,785,200,0,100,SUCCESS
SYNC,alpha,786,200,0,200,SUCCESS
SYNC,alpha,787,100,0,100,SUCCESS
SYNC,alpha,788,200,0,100,SUCCESS
SYNC,alpha,789,200,0,100,SUCCESS
SYNC,alpha,790,100,0,100,SUCCESS
SYNC,alpha,791,200,0,100,SUCCESS
SYNC,alpha,792,200,0,100,SUCCESS
SYNC,alpha,793,100,0,100,SUCCESS
SYNC,alpha,794,200,0,100,SUCCESS
SYNC,alpha,795,200,0,100,SUCCESS
SYNC,alpha,796,200,0,100,SUCCESS
SYNC,alpha,797,100,0,100,SUCCESS
SYNC,alpha,798,200,0,100,SUCCESS
SYNC,alpha,799,200,0,100,SUCCESS
SYNC,alpha,800,200,0,100,SUCCESS
SYNC,alpha,801,100,0,100,SUCCESS
SYNC,alpha,802,200,0,100,SUCCESS
SYNC,alpha,803,200,0,100,SUCCESS
SYNC,alpha,804,200,0,100,SUCCESS
SYNC,alpha,805,200,0,200,SUCCESS
SYNC,alpha,806,200,0,100,SUCCESS
SYNC,alpha,807,100,0,100,SUCCESS
SYNC,alpha,808,200,0,100,SUCCESS
SYNC,alpha,809,200,0,100,SUCCESS
SYNC,alpha,810,100,0,100,SUCCESS
SYNC,alpha,811,200,0,200,SUCCESS
SYNC,alpha,812,100,0,100,SUCCESS
SYNC,alpha,813,200,0,100,SUCCESS
SYNC,alpha,814,200,0,100,SUCCESS
SYNC,alpha,815,100,0,100,SUCCESS
SYNC,alpha,816,100,0,100,SUCCESS
SYNC,alpha,817,100,0,100,SUCCESS
SYNC,alpha,818,200,0,100,SUCCESS
SYNC,alpha,819,100,0,100,SUCCESS
SYNC,alpha,820,200,0,100,SUCCESS
SYNC,alpha,821,200,0,200,SUCCESS
SYNC,alpha,822,200,0,100,SUCCESS
SYNC,alpha,823,100,0,100,SUCCESS
SYNC,alpha,824,200,0,100,SUCCESS
SYNC,alpha,825,100,0,100,SUCCESS
SYNC,alpha,826,100,0,100,SUCCESS
SYNC,alpha,827,200,0,100,SUCCESS
SYNC,alpha,828,100,0,100,SUCCESS
SYNC,alpha,829,200,0,100,SUCCESS
SYNC,alpha,830,200,0,100,SUCCESS
SYNC,alpha,831,100,0,100,SUCCESS
SYNC,alpha,832,200,0,100,SUCCESS
SYNC,alpha,833,200,0,100,SUCCESS
SYNC,alpha,834,100,0,100,SUCCESS
SYNC,alpha,835,100,0,100,SUCCESS
SYNC,alpha,836,200,0,100,SUCCESS
SYNC,alpha,837,200,0,100,SUCCESS
SYNC,alpha,838,100,0,100,SUCCESS
SYNC,alpha,839,200,0,100,SUCCESS
SYNC,alpha,840,200,0,100,SUCCESS
SYNC,alpha,841,100,0,100,SUCCESS
SYNC,alpha,842,200,0,100,SUCCESS
SYNC,alpha,843,100,0,100,SUCCESS
SYNC,alpha,844,200,0,100,SUCCESS
SYNC,alpha,845,200,0,100,SUCCESS
SYNC,alpha,846,100,0,100,SUCCESS
SYNC,alpha,847,200,0,100,SUCCESS
SYNC,alpha,848,200,0,100,SUCCESS
SYNC,alpha,849,200,0,100,SUCCESS
SYNC,alpha,850,100,0,100,SUCCESS
SYNC,alpha,851,200,0,100,SUCCESS
SYNC,alpha,852,200,0,100,SUCCESS
SYNC,alpha,853,100,0,100,SUCCESS
SYNC,alpha,854,200,0,100,SUCCESS
SYNC,alpha,855,100,0,100,SUCCESS
SYNC,alpha,856,200,0,100,SUCCESS
SYNC,alpha,857,200,0,100,SUCCESS
SYNC,alpha,858,200,0,100,SUCCESS
SYNC,alpha,859,100,0,100,SUCCESS
SYNC,alpha,860,200,0,100,SUCCESS
SYNC,alpha,861,200,0,100,SUCCESS
SYNC,alpha,862,100,0,100,SUCCESS
SYNC,alpha,863,200,0,100,SUCCESS
SYNC,alpha,864,100,0,100,SUCCESS
SYNC,alpha,865,200,0,100,SUCCESS
SYNC,alpha,866,200,0,100,SUCCESS
SYNC,alpha,867,100,0,100,SUCCESS
SYNC,alpha,868,200,0,100,SUCCESS
SYNC,alpha,869,200,0,100,SUCCESS
SYNC,alpha,870,100,0,100,SUCCESS
SYNC,alpha,871,200,0,100,SUCCESS
SYNC,alpha,872,200,0,100,SUCCESS
SYNC,alpha,873,200,0,100,SUCCESS
SYNC,alpha,874,100,0,100,SUCCESS
SYNC,alpha,875,200,0,100,SUCCESS
SYNC,alpha,876,100,0,100,SUCCESS
SYNC,alpha,877,200,0,100,SUCCESS
SYNC,alpha,878,200,0,100,SUCCESS
SYNC,alpha,879,100,0,100,SUCCESS
SYNC,alpha,880,100,0,100,SUCCESS
SYNC,alpha,881,200,0,100,SUCCESS
SYNC,alpha,882,200,0,100,SUCCESS
SYNC,alpha,883,100,0,100,SUCCESS
SYNC,alpha,884,200,0,100,SUCCESS
SYNC,alpha,885,200,0,100,SUCCESS
SYNC,alpha,886,100,0,100,SUCCESS
SYNC,alpha,887,200,0,100,SUCCESS
SYNC,alpha,888,100,0,100,SUCCESS
SYNC,alpha,889,100,0,100,SUCCESS
SYNC,alpha,890,200,0,200,SUCCESS
SYNC,alpha,891,100,0,100,SUCCESS
SYNC,alpha,892,100,0,100,SUCCESS
SYNC,alpha,893,200,0,100,SUCCESS
SYNC,alpha,894,100,0,100,SUCCESS
SYNC,alpha,895,200,0,100,SUCCESS
SYNC,alpha,896,200,0,100,SUCCESS
SYNC,alpha,897,100,0,100,SUCCESS
SYNC,alpha,898,200,0,100,SUCCESS
SYNC,alpha,899,200,0,100,SUCCESS
SYNC,alpha,900,100,0,100,SUCCESS
SYNC,alpha,901,200,0,100,SUCCESS
SYNC,alpha,902,200,0,100,SUCCESS
SYNC,alpha,903,100,0,100,SUCCESS
SYNC,alpha,904,200,0,100,SUCCESS
SYNC,alpha,905,100,0,100,SUCCESS
SYNC,alpha,906,200,0,100,SUCCESS
SYNC,alpha,907,200,0,100,SUCCESS
SYNC,alpha,908,100,0,100,SUCCESS
SYNC,alpha,909,200,0,100,SUCCESS
SYNC,alpha,910,200,0,100,SUCCESS
SYNC,alpha,911,100,0,100,SUCCESS
SYNC,alpha,912,200,0,100,SUCCESS
SYNC,alpha,913,200,0,100,SUCCESS
SYNC,alpha,914,100,0,100,SUCCESS
SYNC,alpha,915,200,0,100,SUCCESS
SYNC,alpha,916,200,0,200,SUCCESS
SYNC,alpha,917,100,0,100,SUCCESS
SYNC,alpha,918,100,0,100,SUCCESS
SYNC,alpha,919,200,0,200,SUCCESS
SYNC,alpha,920,100,0,100,SUCCESS
SYNC,alpha,921,200,0,100,SUCCESS
SYNC,alpha,922,200,0,100,SUCCESS
SYNC,alpha,923,100,0,100,SUCCESS
SYNC,alpha,924,200,0,100,SUCCESS
SYNC,alpha,925,200,0,100,SUCCESS
SYNC,alpha,926,100,0,100,SUCCESS
SYNC,alpha,927,200,0,100,SUCCESS
SYNC,alpha,928,200,0,100,SUCCESS
SYNC,alpha,929,100,0,100,SUCCESS
SYNC,alpha,930,200,0,100,SUCCESS
SYNC,alpha,931,200,0,100,SUCCESS
SYNC,alpha,932,100,0,100,SUCCESS
SYNC,alpha,933,200,0,100,SUCCESS
SYNC,alpha,934,200,0,100,SUCCESS
SYNC,alpha,935,100,0,100,SUCCESS
SYNC,alpha,936,200,0,100,SUCCESS
SYNC,alpha,937,100,0,100,SUCCESS
SYNC,alpha,938,200,0,100,SUCCESS
SYNC,alpha,939,200,0,100,SUCCESS
SYNC,alpha,940,200,0,100,SUCCESS
SYNC,alpha,941,100,0,100,SUCCESS
SYNC,alpha,942,200,0,100,SUCCESS
SYNC,alpha,943,200,0,100,SUCCESS
SYNC,alpha,944,100,0,100,SUCCESS
SYNC,alpha,945,200,0,100,SUCCESS
SYNC,alpha,946,200,0,100,SUCCESS
SYNC,alpha,947,100,0,100,SUCCESS
SYNC,alpha,948,200,0,100,SUCCESS
SYNC,alpha,949,200,0,100,SUCCESS
SYNC,alpha,950,100,0,100,SUCCESS
SYNC,alpha,951,200,0,100,SUCCESS
SYNC,alpha,952,100,0,100,SUCCESS
SYNC,alpha,953,200,0,100,SUCCESS
SYNC,alpha,954,200,0,100,SUCCESS
SYNC,alpha,955,200,0,100,SUCCESS
SYNC,alpha,956,200,0,100,SUCCESS
SYNC,alpha,957,100,0,100,SUCCESS
SYNC,alpha,958,200,0,100,SUCCESS
SYNC,alpha,959,100,0,100,SUCCESS
SYNC,alpha,960,200,0,100,SUCCESS
SYNC,alpha,961,200,0,100,SUCCESS
SYNC,alpha,962,200,0,100,SUCCESS
SYNC,alpha,963,200,0,100,SUCCESS
SYNC,alpha,964,200,0,100,SUCCESS
SYNC,alpha,965,100,0,100,SUCCESS
SYNC,alpha,966,200,0,200,SUCCESS
SYNC,alpha,967,100,0,100,SUCCESS
SYNC,alpha,968,200,0,100,SUCCESS
SYNC,alpha,969,100,0,100,SUCCESS
SYNC,alpha,970,100,0,100,SUCCESS
SYNC,alpha,971,200,0,100,SUCCESS
SYNC,alpha,972,100,0,100,SUCCESS
SYNC,alpha,973,200,0,100,SUCCESS
SYNC,alpha,974,200,0,100,SUCCESS
SYNC,alpha,975,100,0,100,SUCCESS
SYNC,alpha,976,200,0,100,SUCCESS
SYNC,alpha,977,200,0,100,SUCCESS
SYNC,alpha,978,100,0,100,SUCCESS
SYNC,alpha,979,200,0,100,SUCCESS
SYNC,alpha,980,200,0,100,SUCCESS
SYNC,alpha,981,100,0,100,SUCCESS
SYNC,alpha,982,200,0,100,SUCCESS
SYNC,alpha,983,200,0,100,SUCCESS
SYNC,alpha,984,100,0,100,SUCCESS
SYNC,alpha,985,200,0,100,SUCCESS
SYNC,alpha,986,200,0,100,SUCCESS
SYNC,alpha,987,100,0,100,SUCCESS
SYNC,alpha,988,200,0,100,SUCCESS
SYNC,alpha,989,200,0,100,SUCCESS
SYNC,alpha,990,100,0,100,SUCCESS
SYNC,alpha,991,200,0,100,SUCCESS
SYNC,alpha,992,200,0,100,SUCCESS
SYNC,alpha,993,100,0,100,SUCCESS
SYNC,alpha,994,200,0,100,SUCCESS
SYNC,alpha,995,200,0,100,SUCCESS
SYNC,alpha,996,200,0,100,SUCCESS
SYNC,alpha,997,100,0,100,SUCCESS
SYNC,alpha,998,200,0,100,SUCCESS
SYNC,alpha,999,200,0,100,SUCCESS
SYNC,beta,0,700,0,700,SUCCESS
SYNC,beta,1,700,0,700,SUCCESS
SYNC,beta,2,700,0,700,SUCCESS
SYNC,beta,3,700,0,700,SUCCESS
SYNC,beta,4,700,0,700,SUCCESS
SYNC,beta,5,700,0,600,SUCCESS
SYNC,beta,6,700,0,700,SUCCESS
SYNC,beta,7,800,0,600,SUCCESS
SYNC,beta,8,700,0,700,SUCCESS
SYNC,beta,9,800,0,600,SUCCESS
SYNC,beta,10,700,0,700,SUCCESS
SYNC,beta,11,800,0,600,SUCCESS
SYNC,beta,12,700,0,600,SUCCESS
SYNC,beta,13,700,0,700,SUCCESS
SYNC,beta,14,700,0,700,SUCCESS
SYNC,beta,15,800,0,600,SUCCESS
SYNC,beta,16,700,0,700,SUCCESS
SYNC,beta,17,700,0,600,SUCCESS
SYNC,beta,18,700,0,700,SUCCESS
SYNC,beta,19,700,0,600,SUCCESS
SYNC,beta,20,700,0,600,SUCCESS
SYNC,beta,21,700,0,700,SUCCESS
SYNC,beta,22,700,0,600,SUCCESS
SYNC,beta,23,700,0,700,SUCCESS
SYNC,beta,24,700,0,600,SUCCESS
SYNC,beta,25,800,0,600,SUCCESS
SYNC,beta,26,800,0,600,SUCCESS
SYNC,beta,27,700,0,600,SUCCESS
SYNC,beta,28,700,0,600,SUCCESS
SYNC,beta,29,700,0,700,SUCCESS
SYNC,beta,30,800,0,600,SUCCESS
SYNC,beta,31,700,0,700,SUCCESS
SYNC,beta,32,700,0,700,SUCCESS
SYNC,beta,33,700,0,700,SUCCESS
SYNC,beta,34,700,0,700,SUCCESS
SYNC,beta,35,700,0,600,SUCCESS
SYNC,beta,36,700,0,700,SUCCESS
SYNC,beta,37,700,0,600,SUCCESS
SYNC,beta,38,700,0,700,SUCCESS
SYNC,beta,39,700,0,700,SUCCESS
SYNC,beta,40,700,0,600,SUCCESS
SYNC,beta,41,700,0,600,SUCCESS
SYNC,beta,42,700,0,700,SUCCESS
SYNC,beta,43,700,0,700,SUCCESS
SYNC,beta,44,700,0,700,SUCCESS
SYNC,beta,45,700,0,700,SUCCESS
SYNC,beta,46,700,0,700,SUCCESS
SYNC,beta,47,800,0,600,SUCCESS
SYNC,beta,48,700,0,700,SUCCESS
SYNC,beta,49,700,0,600,SUCCESS
SYNC,beta,50,700,0,700,SUCCESS
SYNC,beta,51,700,0,700,SUCCESS
SYNC,beta,52,700,0,600,SUCCESS
SYNC,beta,53,700,0,700,SUCCESS
SYNC,beta,54,700,0,600,SUCCESS
SYNC,beta,55,700,0,600,SUCCESS
SYNC,beta,56,700,0,700,SUCCESS
SYNC,beta,57,700,0,700,SUCCESS
SYNC,beta,58,800,0,600,SUCCESS
SYNC,beta,59,700,0,600,SUCCESS
SYNC,beta,60,700,0,700,SUCCESS
SYNC,beta,61,700,0,600,SUCCESS
SYNC,beta,62,800,0,600,SUCCESS
SYNC,beta,63,700,0,700,SUCCESS
SYNC,beta,64,700,0,700,SUCCESS
SYNC,beta,65,700,0,700,SUCCESS
SYNC,beta,66,800,0,600,SUCCESS
SYNC,beta,67,700,0,700,SUCCESS
SYNC,beta,68,700,0,700,SUCCESS
SYNC,beta,69,700,0,700,SUCCESS
SYNC,beta,70,700,0,600,SUCCESS
SYNC,beta,71,700,0,600,SUCCESS
SYNC,beta,72,700,0,700,SUCCESS
SYNC,beta,73,700,0,700,SUCCESS
SYNC,beta,74,700,0,600,SUCCESS
SYNC,beta,75,700,0,600,SUCCESS
SYNC,beta,76,700,0,700,SUCCESS
SYNC,beta,77,700,0,600,SUCCESS
SYNC,beta,78,700,0,600,SUCCESS
SYNC,beta,79,700,0,700,SUCCESS
SYNC,beta,80,700,0,700,SUCCESS
SYNC,beta,81,700,0,600,SUCCESS
SYNC,beta,82,700,0,700,SUCCESS
SYNC,beta,83,700,0,700,SUCCESS
SYNC,beta,84,700,0,700,SUCCESS
SYNC,beta,85,700,0,600,SUCCESS
SYNC,beta,86,700,0,700,SUCCESS
SYNC,beta,87,700,0,700,SUCCESS
SYNC,beta,88,800,0,600,SUCCESS
SYNC,beta,89,700,0,700,SUCCESS
SYNC,beta,90,700,0,700,SUCCESS
SYNC,beta,91,700,0,700,SUCCESS
SYNC,beta,92,700,0,700,SUCCESS
SYNC,beta,93,700,0,700,SUCCESS
SYNC,beta,94,1100,0,600,SUCCESS
SYNC,beta,95,900,0,900,SUCCESS
SYNC,beta,96,900,0,900,SUCCESS
SYNC,beta,97,1000,0,800,SUCCESS
SYNC,beta,98,900,0,900,SUCCESS
SYNC,beta,99,900,0,900,SUCCESS
SYNC,beta,100,900,0,800,SUCCESS
SYNC,beta,101,1000,0,800,SUCCESS
SYNC,beta,102,900,0,900,SUCCESS
SYNC,beta,103,900,0,900,SUCCESS
SYNC,beta,104,1000,0,800,SUCCESS
SYNC,beta,105,900,0,800,SUCCESS
SYNC,beta,106,900,0,900,SUCCESS
SYNC,beta,107,1000,0,800,SUCCESS
SYNC,beta,108,900,0,800,SUCCESS
SYNC,beta,109,900,0,900,SUCCESS
SYNC,beta,110,900,0,900,SUCCESS
SYNC,beta,111,1000,0,800,SUCCESS
SYNC,beta,112,900,0,900,SUCCESS
SYNC,beta,113,900,0,900,SUCCESS
SYNC,beta,114,900,0,900,SUCCESS
SYNC,beta,115,1000,0,800,SUCCESS
SYNC,beta,116,900,0,900,SUCCESS
SYNC,beta,117,900,0,900,SUCCESS
SYNC,beta,118,1000,0,800,SUCCESS
SYNC,beta,119,900,0,900,SUCCESS
SYNC,beta,120,900,0,900,SUCCESS
SYNC,beta,121,1000,0,800,SUCCESS
SYNC,beta,122,900,0,900,SUCCESS
SYNC,beta,123,900,0,900,SUCCESS
SYNC,beta,124,2000,0,2000,SUCCESS
SYNC,beta,125,700,0,600,SUCCESS
SYNC,beta,126,700,0,700,SUCCESS
SYNC,beta,127,700,0,600,SUCCESS
SYNC,beta,128,700,0,600,SUCCESS
SYNC,beta,129,700,0,700,SUCCESS
SYNC,beta,130,700,0,700,SUCCESS
SYNC,beta,131,700,0,700,SUCCESS
SYNC,beta,132,700,0,600,SUCCESS
SYNC,beta,133,700,0,700,SUCCESS
SYNC,beta,134,800,0,600,SUCCESS
SYNC,beta,135,700,0,700,SUCCESS
SYNC,beta,136,700,0,700,SUCCESS
SYNC,beta,137,700,0,600,SUCCESS
SYNC,beta,138,700,0,700,SUCCESS
SYNC,beta,139,700,0,600,SUCCESS
SYNC,beta,140,700,0,700,SUCCESS
SYNC,beta,141,700,0,600,SUCCESS
SYNC,beta,142,700,0,700,SUCCESS
SYNC,beta,143,700,0,700,SUCCESS
SYNC,beta,144,800,0,600,SUCCESS
SYNC,beta,145,700,0,700,SUCCESS
SYNC,beta,146,700,0,600,SUCCESS
SYNC,beta,147,700,0,700,SUCCESS
SYNC,beta,148,700,0,700,SUCCESS
SYNC,beta,149,700,0,600,SUCCESS
SYNC,beta,150,700,0,700,SUCCESS
SYNC,beta,151,800,0,600,SUCCESS
SYNC,beta,152,700,0,700,SUCCESS
SYNC,beta,153,700,0,700,SUCCESS
SYNC,beta,154,800,0,600,SUCCESS
SYNC,beta,155,700,0,700,SUCCESS
SYNC,beta,156,700,0,700,SUCCESS
SYNC,beta,157,800,0,600,SUCCESS
SYNC,beta,158,700,0,700,SUCCESS
SYNC,beta,159,700,0,600,SUCCESS
SYNC,beta,160,700,0,600,SUCCESS
SYNC,beta,161,700,0,700,SUCCESS
SYNC,beta,162,800,0,600,SUCCESS
SYNC,beta,163,700,0,700,SUCCESS
SYNC,beta,164,700,0,600,SUCCESS
SYNC,beta,165,700,0,700,SUCCESS
SYNC,beta,166,800,0,600,SUCCESS
SYNC,beta,167,700,0,700,SUCCESS
SYNC,beta,168,700,0,600,SUCCESS
SYNC,beta,169,700,0,700,SUCCESS
SYNC,beta,170,700,0,600,SUCCESS
SYNC,beta,171,700,0,600,SUCCESS
SYNC,beta,172,700,0,700,SUCCESS
SYNC,beta,173,700,0,600,SUCCESS
SYNC,beta,174,700,0,600,SUCCESS
SYNC,beta,175,700,0,700,SUCCESS
SYNC,beta,176,700,0,600,SUCCESS
SYNC,beta,177,700,0,700,SUCCESS
SYNC,beta,178,700,0,600,SUCCESS
SYNC,beta,179,700,0,700,SUCCESS
SYNC,beta,180,700,0,600,SUCCESS
SYNC,beta,181,700,0,700,SUCCESS
SYNC,beta,182,700,0,600,SUCCESS
SYNC,beta,183,700,0,600,SUCCESS
SYNC,beta,184,700,0,700,SUCCESS
SYNC,beta,185,700,0,600,SUCCESS
SYNC,beta,186,700,0,700,SUCCESS
SYNC,beta,187,700,0,700,SUCCESS
SYNC,beta,188,700,0,700,SUCCESS
SYNC,beta,189,700,0,600,SUCCESS
SYNC,beta,190,700,0,700,SUCCESS
SYNC,beta,191,700,0,700,SUCCESS
SYNC,beta,192,700,0,600,SUCCESS
SYNC,beta,193,700,0,700,SUCCESS
SYNC,beta,194,700,0,700,SUCCESS
SYNC,beta,195,700,0,600,SUCCESS
SYNC,beta,196,700,0,600,SUCCESS
SYNC,beta,197,700,0,700,SUCCESS
SYNC,beta,198,800,0,600,SUCCESS
SYNC,beta,199,700,0,700,SUCCESS
SYNC,beta,200,700,0,600,SUCCESS
SYNC,beta,201,700,0,600,SUCCESS
SYNC,beta,202,700,0,700,SUCCESS
SYNC,beta,203,700,0,600,SUCCESS
SYNC,beta,204,700,0,600,SUCCESS
SYNC,beta,205,700,0,700,SUCCESS
SYNC,beta,206,700,0,600,SUCCESS
SYNC,beta,207,700,0,700,SUCCESS
SYNC,beta,208,700,0,600,SUCCESS
SYNC,beta,209,700,0,700,SUCCESS
SYNC,beta,210,700,0,700,SUCCESS
SYNC,beta,211,700,0,600,SUCCESS
SYNC,beta,212,700,0,700,SUCCESS
SYNC,beta,213,800,0,600,SUCCESS
SYNC,beta,214,700,0,700,SUCCESS
SYNC,beta,215,700,0,700,SUCCESS
SYNC,beta,216,800,0,600,SUCCESS
SYNC,beta,217,700,0,700,SUCCESS
SYNC,beta,218,700,0,700,SUCCESS
SYNC,beta,219,700,0,600,SUCCESS
SYNC,beta,220,700,0,700,SUCCESS
SYNC,beta,221,700,0,600,SUCCESS
SYNC,beta,222,700,0,700,SUCCESS
SYNC,beta,223,700,0,700,SUCCESS
SYNC,beta,224,700,0,700,SUCCESS
SYNC,beta,225,700,0,600,SUCCESS
SYNC,beta,226,700,0,700,SUCCESS
SYNC,beta,227,800,0,600,SUCCESS
SYNC,beta,228,700,0,700,SUCCESS
SYNC,beta,229,700,0,600,SUCCESS
SYNC,beta,230,700,0,700,SUCCESS
SYNC,beta,231,700,0,600,SUCCESS
SYNC,beta,232,700,0,600,SUCCESS
SYNC,beta,233,700,0,700,SUCCESS
SYNC,beta,234,800,0,600,SUCCESS
SYNC,beta,235,700,0,700,SUCCESS
SYNC,beta,236,700,0,700,SUCCESS
SYNC,beta,237,700,0,600,SUCCESS
SYNC,beta,238,700,0,600,SUCCESS
SYNC,beta,239,700,0,700,SUCCESS
SYNC,beta,240,700,0,600,SUCCESS
SYNC,beta,241,700,0,700,SUCCESS
SYNC,beta,242,700,0,700,SUCCESS
SYNC,beta,243,700,0,600,SUCCESS
SYNC,beta,244,700,0,700,SUCCESS
SYNC,beta,245,700,0,600,SUCCESS
SYNC,beta,246,700,0,700,SUCCESS
SYNC,beta,247,700,0,700,SUCCESS
SYNC,beta,248,700,0,600,SUCCESS
SYNC,beta,249,700,0,700,SUCCESS
SYNC,beta,250,700,0,600,SUCCESS
SYNC,beta,251,700,0,600,SUCCESS
SYNC,beta,252,700,0,700,SUCCESS
SYNC,beta,253,700,0,700,SUCCESS
SYNC,beta,254,700,0,600,SUCCESS
SYNC,beta,255,700,0,700,SUCCESS
SYNC,beta,256,700,0,600,SUCCESS
SYNC,beta,257,800,0,600,SUCCESS
SYNC,beta,258,700,0,700,SUCCESS
SYNC,beta,259,700,0,600,SUCCESS
SYNC,beta,260,700,0,600,SUCCESS
SYNC,beta,261,700,0,700,SUCCESS
SYNC,beta,262,700,0,600,SUCCESS
SYNC,beta,263,700,0,700,SUCCESS
SYNC,beta,264,700,0,600,SUCCESS
SYNC,beta,265,700,0,700,SUCCESS
SYNC,beta,266,700,0,600,SUCCESS
SYNC,beta,267,700,0,600,SUCCESS
SYNC,beta,268,700,0,700,SUCCESS
SYNC,beta,269,700,0,700,SUCCESS
SYNC,beta,270,700,0,600,SUCCESS
SYNC,beta,271,700,0,700,SUCCESS
SYNC,beta,272,700,0,600,SUCCESS
SYNC,beta,273,700,0,700,SUCCESS
SYNC,beta,274,700,0,700,SUCCESS
SYNC,beta,275,700,0,600,SUCCESS
SYNC,beta,276,700,0,700,SUCCESS
SYNC,beta,277,700,0,700,SUCCESS
SYNC,beta,278,700,0,600,SUCCESS
SYNC,beta,279,700,0,700,SUCCESS
SYNC,beta,280,700,0,600,SUCCESS
SYNC,beta,281,700,0,700,SUCCESS
SYNC,beta,282,700,0,700,SUCCESS
SYNC,beta,283,700,0,600,SUCCESS
SYNC,beta,284,700,0,600,SUCCESS
SYNC,beta,285,700,0,700,SUCCESS
SYNC,beta,286,700,0,600,SUCCESS
SYNC,beta,287,700,0,600,SUCCESS
SYNC,beta,288,700,0,700,SUCCESS
SYNC,beta,289,700,0,600,SUCCESS
SYNC,beta,290,700,0,700,SUCCESS
SYNC,beta,291,700,0,600,SUCCESS
SYNC,beta,292,700,0,700,SUCCESS
SYNC,beta,293,700,0,600,SUCCESS
SYNC,beta,294,700,0,600,SUCCESS
SYNC,beta,295,700,0,700,SUCCESS
SYNC,beta,296,700,0,600,SUCCESS
SYNC,beta,297,700,0,700,SUCCESS
SYNC,beta,298,800,0,600,SUCCESS
SYNC,beta,299,700,0,600,SUCCESS
SYNC,beta,300,700,0,700,SUCCESS
SYNC,beta,301,700,0,700,SUCCESS
SYNC,beta,302,700,0,700,SUCCESS
SYNC,beta,303,700,0,700,SUCCESS
SYNC,beta,304,700,0,600,SUCCESS
SYNC,beta,305,700,0,700,SUCCESS
SYNC,beta,306,700,0,600,SUCCESS
SYNC,beta,307,700,0,700,SUCCESS
SYNC,beta,308,700,0,700,SUCCESS
SYNC,beta,309,700,0,600,SUCCESS
SYNC,beta,310,700,0,700,SUCCESS
SYNC,beta,311,700,0,600,SUCCESS
SYNC,beta,312,700,0,600,SUCCESS
SYNC,beta,313,700,0,700,SUCCESS
SYNC,beta,314,700,0,600,SUCCESS
SYNC,beta,315,700,0,700,SUCCESS
SYNC,beta,316,700,0,700,SUCCESS
SYNC,beta,317,700,0,600,SUCCESS
SYNC,beta,318,700,0,700,SUCCESS
SYNC,beta,319,700,0,600,SUCCESS
SYNC,beta,320,700,0,600,SUCCESS
SYNC,beta,321,700,0,700,SUCCESS
SYNC,beta,322,700,0,600,SUCCESS
SYNC,beta,323,700,0,600,SUCCESS
SYNC,beta,324,700,0,700,SUCCESS
SYNC,beta,325,700,0,700,SUCCESS
SYNC,beta,326,700,0,600,SUCCESS
SYNC,beta,327,700,0,700,SUCCESS
SYNC,beta,328,700,0,700,SUCCESS
SYNC,beta,329,700,0,600,SUCCESS
SYNC,beta,330,700,0,600,SUCCESS
SYNC,beta,331,700,0,700,SUCCESS
SYNC,beta,332,700,0,700,SUCCESS
SYNC,beta,333,700,0,700,SUCCESS
SYNC,beta,334,700,0,600,SUCCESS
SYNC,beta,335,800,0,600,SUCCESS
SYNC,beta,336,700,0,700,SUCCESS
SYNC,beta,337,700,0,700,SUCCESS
SYNC,beta,338,700,0,600,SUCCESS
SYNC,beta,339,700,0,600,SUCCESS
SYNC,beta,340,700,0,700,SUCCESS
SYNC,beta,341,700,0,600,SUCCESS
SYNC,beta,342,800,0,600,SUCCESS
SYNC,beta,343,700,0,700,SUCCESS
SYNC,beta,344,700,0,700,SUCCESS
SYNC,beta,345,700,0,600,SUCCESS
SYNC,beta,346,700,0,600,SUCCESS
SYNC,beta,347,700,0,600,SUCCESS
SYNC,beta,348,700,0,700,SUCCESS
SYNC,beta,349,700,0,700,SUCCESS
SYNC,beta,350,700,0,700,SUCCESS
SYNC,beta,351,700,0,600,SUCCESS
SYNC,beta,352,700,0,700,SUCCESS
SYNC,beta,353,700,0,700,SUCCESS
SYNC,beta,354,700,0,600,SUCCESS
SYNC,beta,355,700,0,600,SUCCESS
SYNC,beta,356,700,0,700,SUCCESS
SYNC,beta,357,700,0,600,SUCCESS
SYNC,beta,358,800,0,600,SUCCESS
SYNC,beta,359,700,0,600,SUCCESS
SYNC,beta,360,700,0,700,SUCCESS
SYNC,beta,361,700,0,700,SUCCESS
SYNC,beta,362,700,0,600,SUCCESS
SYNC,beta,363,700,0,600,SUCCESS
SYNC,beta,364,700,0,700,SUCCESS
SYNC,beta,365,700,0,700,SUCCESS
SYNC,beta,366,700,0,700,SUCCESS
SYNC,beta,367,700,0,600,SUCCESS
SYNC,beta,368,700,0,700,SUCCESS
SYNC,beta,369,700,0,700,SUCCESS
SYNC,beta,370,700,0,600,SUCCESS
SYNC,beta,371,800,0,600,SUCCESS
SYNC,beta,372,700,0,600,SUCCESS
SYNC,beta,373,700,0,700,SUCCESS
SYNC,beta,374,700,0,600,SUCCESS
SYNC,beta,375,700,0,700,SUCCESS
SYNC,beta,376,700,0,700,SUCCESS
SYNC,beta,377,700,0,600,SUCCESS
SYNC,beta,378,800,0,600,SUCCESS
SYNC,beta,379,700,0,700,SUCCESS
SYNC,beta,380,700,0,700,SUCCESS
SYNC,beta,381,700,0,700,SUCCESS
SYNC,beta,382,700,0,700,SUCCESS
SYNC,beta,383,700,0,600,SUCCESS
SYNC,beta,384,700,0,600,SUCCESS
SYNC,beta,385,700,0,700,SUCCESS
SYNC,beta,386,700,0,700,SUCCESS
SYNC,beta,387,700,0,600,SUCCESS
SYNC,beta,388,700,0,700,SUCCESS
SYNC,beta,389,700,0,700,SUCCESS
SYNC,beta,390,800,0,600,SUCCESS
SYNC,beta,391,700,0,600,SUCCESS
SYNC,beta,392,700,0,700,SUCCESS
SYNC,beta,393,700,0,600,SUCCESS
SYNC,beta,394,800,0,600,SUCCESS
SYNC,beta,395,700,0,700,SUCCESS
SYNC,beta,396,700,0,700,SUCCESS
SYNC,beta,397,700,0,600,SUCCESS
SYNC,beta,398,700,0,700,SUCCESS
SYNC,beta,399,700,0,700,SUCCESS
SYNC,beta,400,700,0,600,SUCCESS
SYNC,beta,401,800,0,600,SUCCESS
SYNC,beta,402,700,0,600,SUCCESS
SYNC,beta,403,700,0,700,SUCCESS
SYNC,beta,404,700,0,700,SUCCESS
SYNC,beta,405,700,0,600,SUCCESS
SYNC,beta,406,700,0,700,SUCCESS
SYNC,beta,407,700,0,700,SUCCESS
SYNC,beta,408,700,0,600,SUCCESS
SYNC,beta,409,700,0,600,SUCCESS
SYNC,beta,410,700,0,700,SUCCESS
SYNC,beta,411,700,0,700,SUCCESS
SYNC,beta,412,800,0,600,SUCCESS
SYNC,beta,413,700,0,600,SUCCESS
SYNC,beta,414,700,0,700,SUCCESS
SYNC,beta,415,700,0,700,SUCCESS
SYNC,beta,416,800,0,600,SUCCESS
SYNC,beta,417,700,0,700,SUCCESS
SYNC,beta,418,700,0,600,SUCCESS
SYNC,beta,419,700,0,600,SUCCESS
SYNC,beta,420,700,0,600,SUCCESS
SYNC,beta,421,700,0,600,SUCCESS
SYNC,beta,422,700,0,700,SUCCESS
SYNC,beta,423,700,0,700,SUCCESS
SYNC,beta,424,700,0,600,SUCCESS
SYNC,beta,425,700,0,600,SUCCESS
SYNC,beta,426,700,0,600,SUCCESS
SYNC,beta,427,700,0,700,SUCCESS
SYNC,beta,428,700,0,700,SUCCESS
SYNC,beta,429,700,0,600,SUCCESS
SYNC,beta,430,700,0,600,SUCCESS
SYNC,beta,431,700,0,700,SUCCESS
SYNC,beta,432,700,0,700,SUCCESS
SYNC,beta,433,700,0,600,SUCCESS
SYNC,beta,434,700,0,600,SUCCESS
SYNC,beta,435,700,0,700,SUCCESS
SYNC,beta,436,700,0,600,SUCCESS
SYNC,beta,437,700,0,600,SUCCESS
SYNC,beta,438,700,0,700,SUCCESS
SYNC,beta,439,800,0,600,SUCCESS
SYNC,beta,440,700,0,700,SUCCESS
SYNC,beta,441,700,0,600,SUCCESS
SYNC,beta,442,700,0,700,SUCCESS
SYNC,beta,443,700,0,700,SUCCESS
SYNC,beta,444,700,0,700,SUCCESS
SYNC,beta,445,700,0,600,SUCCESS
SYNC,beta,446,700,0,600,SUCCESS
SYNC,beta,447,700,0,700,SUCCESS
SYNC,beta,448,700,0,700,SUCCESS
SYNC,beta,449,700,0,700,SUCCESS
SYNC,beta,450,700,0,700,SUCCESS
SYNC,beta,451,700,0,600,SUCCESS
SYNC,beta,452,800,0,600,SUCCESS
SYNC,beta,453,700,0,700,SUCCESS
SYNC,beta,454,700,0,600,SUCCESS
SYNC,beta,455,700,0,700,SUCCESS
SYNC,beta,456,700,0,700,SUCCESS
SYNC,beta,457,700,0,700,SUCCESS
SYNC,beta,458,800,0,600,SUCCESS
SYNC,beta,459,700,0,700,SUCCESS
SYNC,beta,460,700,0,700,SUCCESS
SYNC,beta,461,700,0,600,SUCCESS
SYNC,beta,462,700,0,700,SUCCESS
SYNC,beta,463,700,0,700,SUCCESS
SYNC,beta,464,800,0,600,SUCCESS
SYNC,beta,465,700,0,700,SUCCESS
SYNC,beta,466,700,0,700,SUCCESS
SYNC,beta,467,700,0,600,SUCCESS
SYNC,beta,468,700,0,700,SUCCESS
SYNC,beta,469,700,0,700,SUCCESS
SYNC,beta,470,700,0,600,SUCCESS
SYNC,beta,471,700,0,600,SUCCESS
SYNC,beta,472,700,0,700,SUCCESS
SYNC,beta,473,700,0,700,SUCCESS
SYNC,beta,474,700,0,600,SUCCESS
SYNC,beta,475,800,0,600,SUCCESS
SYNC,beta,476,700,0,700,SUCCESS
SYNC,beta,477,700,0,700,SUCCESS
SYNC,beta,478,800,0,600,SUCCESS
SYNC,beta,479,700,0,600,SUCCESS
SYNC,beta,480,700,0,700,SUCCESS
SYNC,beta,481,700,0,700,SUCCESS
SYNC,beta,482,800,0,600,SUCCESS
SYNC,beta,483,700,0,700,SUCCESS
SYNC,beta,484,800,0,600,SUCCESS
SYNC,beta,485,700,0,700,SUCCESS
SYNC,beta,486,700,0,600,SUCCESS
SYNC,beta,487,700,0,700,SUCCESS
SYNC,beta,488,700,0,700,SUCCESS
SYNC,beta,489,700,0,600,SUCCESS
SYNC,beta,490,700,0,600,SUCCESS
SYNC,beta,491,700,0,700,SUCCESS
SYNC,beta,492,700,0,700,SUCCESS
SYNC,beta,493,700,0,700,SUCCESS
SYNC,beta,494,700,0,600,SUCCESS
SYNC,beta,495,700,0,700,SUCCESS
SYNC,beta,496,700,0,600,SUCCESS
SYNC,beta,497,700,0,600,SUCCESS
SYNC,beta,498,700,0,700,SUCCESS
SYNC,beta,499,700,0,700,SUCCESS
SYNC,beta,500,700,0,700,SUCCESS
SYNC,beta,501,700,0,600,SUCCESS
SYNC,beta,502,700,0,600,SUCCESS
SYNC,beta,503,700,0,700,SUCCESS
SYNC,beta,504,700,0,600,SUCCESS
SYNC,beta,505,700,0,700,SUCCESS
SYNC,beta,506,700,0,700,SUCCESS
SYNC,beta,507,700,0,600,SUCCESS
SYNC,beta,508,800,0,600,SUCCESS
SYNC,beta,509,700,0,700,SUCCESS
SYNC,beta,510,700,0,700,SUCCESS
SYNC,beta,511,700,0,600,SUCCESS
SYNC,beta,512,700,0,700,SUCCESS
SYNC,beta,513,700,0,600,SUCCESS
SYNC,beta,514,700,0,600,SUCCESS
SYNC,beta,515,700,0,700,SUCCESS
SYNC,beta,516,800,0,600,SUCCESS
SYNC,beta,517,700,0,700,SUCCESS
SYNC,beta,518,700,0,700,SUCCESS
SYNC,beta,519,700,0,600,SUCCESS
SYNC,beta,520,700,0,700,SUCCESS
SYNC,beta,521,700,0,700,SUCCESS
SYNC,beta,522,700,0,600,SUCCESS
SYNC,beta,523,800,0,600,SUCCESS
SYNC,beta,524,700,0,700,SUCCESS
SYNC,beta,525,700,0,700,SUCCESS
SYNC,beta,526,800,0,600,SUCCESS
SYNC,beta,527,700,0,700,SUCCESS
SYNC,beta,528,700,0,600,SUCCESS
SYNC,beta,529,800,0,600,SUCCESS
SYNC,beta,530,700,0,600,SUCCESS
SYNC,beta,531,700,0,700,SUCCESS
SYNC,beta,532,700,0,700,SUCCESS
SYNC,beta,533,700,0,700,SUCCESS
SYNC,beta,534,700,0,600,SUCCESS
SYNC,beta,535,700,0,700,SUCCESS
SYNC,beta,536,700,0,700,SUCCESS
SYNC,beta,537,700,0,600,SUCCESS
SYNC,beta,538,700,0,600,SUCCESS
SYNC,beta,539,700,0,700,SUCCESS
SYNC,beta,540,700,0,700,SUCCESS
SYNC,beta,541,700,0,600,SUCCESS
SYNC,beta,542,700,0,700,SUCCESS
SYNC,beta,543,700,0,700,SUCCESS
SYNC,beta,544,700,0,600,SUCCESS
SYNC,beta,545,700,0,600,SUCCESS
SYNC,beta,546,700,0,700,SUCCESS
SYNC,beta,547,700,0,700,SUCCESS
SYNC,beta,548,700,0,700,SUCCESS
SYNC,beta,549,700,0,600,SUCCESS
SYNC,beta,550,700,0,700,SUCCESS
SYNC,beta,551,700,0,600,SUCCESS
SYNC,beta,552,700,0,700,SUCCESS
SYNC,beta,553,700,0,600,SUCCESS
SYNC,beta,554,800,0,600,SUCCESS
SYNC,beta,555,700,0,700,SUCCESS
SYNC,beta,556,700,0,700,SUCCESS
SYNC,beta,557,700,0,600,SUCCESS
SYNC,beta,558,700,0,700,SUCCESS
SYNC,beta,559,700,0,700,SUCCESS
SYNC,beta,560,700,0,600,SUCCESS
SYNC,beta,561,700,0,700,SUCCESS
SYNC,beta,562,700,0,700,SUCCESS
SYNC,beta,563,700,0,600,SUCCESS
SYNC,beta,564,700,0,700,SUCCESS
SYNC,beta,565,700,0,600,SUCCESS
SYNC,beta,566,700,0,700,SUCCESS
SYNC,beta,567,700,0,700,SUCCESS
SYNC,beta,568,700,0,600,SUCCESS
SYNC,beta,569,800,0,600,SUCCESS
SYNC,beta,570,700,0,700,SUCCESS
SYNC,beta,571,800,0,600,SUCCESS
SYNC,beta,572,700,0,600,SUCCESS
SYNC,beta,573,700,0,700,SUCCESS
SYNC,beta,574,700,0,700,SUCCESS
SYNC,beta,575,700,0,600,SUCCESS
SYNC,beta,576,700,0,600,SUCCESS
SYNC,beta,577,700,0,700,SUCCESS
SYNC,beta,578,700,0,600,SUCCESS
SYNC,beta,579,700,0,600,SUCCESS
SYNC,beta,580,700,0,700,SUCCESS
SYNC,beta,581,700,0,700,SUCCESS
SYNC,beta,582,700,0,700,SUCCESS
SYNC,beta,583,700,0,600,SUCCESS
SYNC,beta,584,800,0,600,SUCCESS
SYNC,beta,585,700,0,700,SUCCESS
SYNC,beta,586,700,0,700,SUCCESS
SYNC,beta,587,700,0,700,SUCCESS
SYNC,beta,588,700,0,600,SUCCESS
SYNC,beta,589,700,0,700,SUCCESS
SYNC,beta,590,700,0,700,SUCCESS
SYNC,beta,591,700,0,600,SUCCESS
SYNC,beta,592,800,0,600,SUCCESS
SYNC,beta,593,700,0,700,SUCCESS
SYNC,beta,594,700,0,700,SUCCESS
SYNC,beta,595,700,0,700,SUCCESS
SYNC,beta,596,700,0,600,SUCCESS
SYNC,beta,597,700,0,700,SUCCESS
SYNC,beta,598,700,0,600,SUCCESS
SYNC,beta,599,700,0,600,SUCCESS
SYNC,beta,600,700,0,700,SUCCESS
SYNC,beta,601,700,0,700,SUCCESS
SYNC,beta,602,800,0,600,SUCCESS
SYNC,beta,603,700,0,600,SUCCESS
SYNC,beta,604,700,0,700,SUCCESS
SYNC,beta,605,700,0,600,SUCCESS
SYNC,beta,606,700,0,600,SUCCESS
SYNC,beta,607,800,0,700,SUCCESS
SYNC,beta,608,700,0,600,SUCCESS
SYNC,beta,609,700,0,700,SUCCESS
SYNC,beta,610,800,0,700,SUCCESS
SYNC,beta,611,800,0,700,SUCCESS
SYNC,beta,612,700,0,700,SUCCESS
SYNC,beta,613,700,0,600,SUCCESS
SYNC,beta,614,700,0,600,SUCCESS
SYNC,beta,615,700,0,600,SUCCESS
SYNC,beta,616,700,0,700,SUCCESS
SYNC,beta,617,700,0,700,SUCCESS
SYNC,beta,618,700,0,600,SUCCESS
SYNC,beta,619,700,0,600,SUCCESS
SYNC,beta,620,700,0,700,SUCCESS
SYNC,beta,621,700,0,600,SUCCESS
SYNC,beta,622,700,0,700,SUCCESS
SYNC,beta,623,700,0,700,SUCCESS
SYNC,beta,624,800,0,600,SUCCESS
SYNC,beta,625,700,0,700,SUCCESS
SYNC,beta,626,700,0,700,SUCCESS
SYNC,beta,627,700,0,700,SUCCESS
SYNC,beta,628,700,0,700,SUCCESS
SYNC,beta,629,700,0,700,SUCCESS
SYNC,beta,630,700,0,700,SUCCESS
SYNC,beta,631,700,0,700,SUCCESS
SYNC,beta,632,700,0,700,SUCCESS
SYNC,beta,633,700,0,600,SUCCESS
SYNC,beta,634,800,0,800,SUCCESS
SYNC,beta,635,800,0,600,SUCCESS
SYNC,beta,636,700,0,700,SUCCESS
SYNC,beta,637,700,0,700,SUCCESS
SYNC,beta,638,800,0,600,SUCCESS
SYNC,beta,639,700,0,700,SUCCESS
SYNC,beta,640,700,0,700,SUCCESS
SYNC,beta,641,700,0,600,SUCCESS
SYNC,beta,642,700,0,700,SUCCESS
SYNC,beta,643,700,0,700,SUCCESS
SYNC,beta,644,700,0,700,SUCCESS
SYNC,beta,645,700,0,600,SUCCESS
SYNC,beta,646,700,0,700,SUCCESS
SYNC,beta,647,700,0,700,SUCCESS
SYNC,beta,648,700,0,700,SUCCESS
SYNC,beta,649,800,0,600,SUCCESS
SYNC,beta,650,700,0,700,SUCCESS
SYNC,beta,651,700,0,600,SUCCESS
SYNC,beta,652,700,0,600,SUCCESS
SYNC,beta,653,700,0,700,SUCCESS
SYNC,beta,654,800,0,600,SUCCESS
SYNC,beta,655,700,0,700,SUCCESS
SYNC,beta,656,800,0,600,SUCCESS
SYNC,beta,657,700,0,600,SUCCESS
SYNC,beta,658,700,0,700,SUCCESS
SYNC,beta,659,700,0,700,SUCCESS
SYNC,beta,660,700,0,600,SUCCESS
SYNC,beta,661,700,0,700,SUCCESS
SYNC,beta,662,700,0,600,SUCCESS
SYNC,beta,663,700,0,700,SUCCESS
SYNC,beta,664,700,0,600,SUCCESS
SYNC,beta,665,700,0,700,SUCCESS
SYNC,beta,666,800,0,600,SUCCESS
SYNC,beta,667,800,0,600,SUCCESS
SYNC,beta,668,700,0,600,SUCCESS
SYNC,beta,669,700,0,700,SUCCESS
SYNC,beta,670,700,0,700,SUCCESS
SYNC,beta,671,700,0,700,SUCCESS
SYNC,beta,672,700,0,600,SUCCESS
SYNC,beta,673,700,0,600,SUCCESS
SYNC,beta,674,700,0,700,SUCCESS
SYNC,beta,675,700,0,700,SUCCESS
SYNC,beta,676,700,0,700,SUCCESS
SYNC,beta,677,700,0,600,SUCCESS
SYNC,beta,678,700,0,700,SUCCESS
SYNC,beta,679,700,0,600,SUCCESS
SYNC,beta,680,700,0,600,SUCCESS
SYNC,beta,681,700,0,600,SUCCESS
SYNC,beta,682,700,0,700,SUCCESS
SYNC,beta,683,700,0,700,SUCCESS
SYNC,beta,684,800,0,600,SUCCESS
SYNC,beta,685,700,0,700,SUCCESS
SYNC,beta,686,700,0,600,SUCCESS
SYNC,beta,687,800,0,600,SUCCESS
SYNC,beta,688,700,0,700,SUCCESS
SYNC,beta,689,700,0,600,SUCCESS
SYNC,beta,690,700,0,600,SUCCESS
SYNC,beta,691,700,0,700,SUCCESS
SYNC,beta,692,700,0,700,SUCCESS
SYNC,beta,693,700,0,600,SUCCESS
SYNC,beta,694,700,0,600,SUCCESS
SYNC,beta,695,700,0,700,SUCCESS
SYNC,beta,696,700,0,700,SUCCESS
SYNC,beta,697,700,0,600,SUCCESS
SYNC,beta,698,700,0,700,SUCCESS
SYNC,beta,699,700,0,600,SUCCESS
SYNC,beta,700,700,0,600,SUCCESS
SYNC,beta,701,700,0,700,SUCCESS
SYNC,beta,702,700,0,600,SUCCESS
SYNC,beta,703,700,0,700,SUCCESS
SYNC,beta,704,700,0,600,SUCCESS
SYNC,beta,705,700,0,700,SUCCESS
SYNC,beta,706,700,0,700,SUCCESS
SYNC,beta,707,700,0,600,SUCCESS
SYNC,beta,708,700,0,600,SUCCESS
SYNC,beta,709,800,0,800,SUCCESS
SYNC,beta,710,700,0,600,SUCCESS
SYNC,beta,711,700,0,600,SUCCESS
SYNC,beta,712,700,0,700,SUCCESS
SYNC,beta,713,700,0,700,SUCCESS
SYNC,beta,714,700,0,600,SUCCESS
SYNC,beta,715,700,0,700,SUCCESS
SYNC,beta,716,700,0,700,SUCCESS
SYNC,beta,717,700,0,600,SUCCESS
SYNC,beta,718,700,0,700,SUCCESS
SYNC,beta,719,700,0,600,SUCCESS
SYNC,beta,720,700,0,700,SUCCESS
SYNC,beta,721,700,0,600,SUCCESS
SYNC,beta,722,700,0,700,SUCCESS
SYNC,beta,723,700,0,600,SUCCESS
SYNC,beta,724,700,0,600,SUCCESS
SYNC,beta,725,700,0,700,SUCCESS
SYNC,beta,726,700,0,600,SUCCESS
SYNC,beta,727,700,0,600,SUCCESS
SYNC,beta,728,700,0,700,SUCCESS
SYNC,beta,729,700,0,600,SUCCESS
SYNC,beta,730,700,0,600,SUCCESS
SYNC,beta,731,700,0,600,SUCCESS
SYNC,beta,732,700,0,700,SUCCESS
SYNC,beta,733,700,0,600,SUCCESS
SYNC,beta,734,700,0,700,SUCCESS
SYNC,beta,735,700,0,700,SUCCESS
SYNC,beta,736,700,0,600,SUCCESS
SYNC,beta,737,700,0,700,SUCCESS
SYNC,beta,738,700,0,700,SUCCESS
SYNC,beta,739,700,0,600,SUCCESS
SYNC,beta,740,700,0,700,SUCCESS
SYNC,beta,741,700,0,600,SUCCESS
SYNC,beta,742,700,0,700,SUCCESS
SYNC,beta,743,700,0,700,SUCCESS
SYNC,beta,744,700,0,600,SUCCESS
SYNC,beta,745,700,0,700,SUCCESS
SYNC,beta,746,700,0,600,SUCCESS
SYNC,beta,747,700,0,700,SUCCESS
SYNC,beta,748,700,0,700,SUCCESS
SYNC,beta,749,700,0,700,SUCCESS
SYNC,beta,750,800,0,600,SUCCESS
SYNC,beta,751,700,0,700,SUCCESS
SYNC,beta,752,700,0,600,SUCCESS
SYNC,beta,753,700,0,600,SUCCESS
SYNC,beta,754,700,0,600,SUCCESS
SYNC,beta,755,700,0,700,SUCCESS
SYNC,beta,756,700,0,700,SUCCESS
SYNC,beta,757,700,0,700,SUCCESS
SYNC,beta,758,700,0,600,SUCCESS
SYNC,beta,759,700,0,600,SUCCESS
SYNC,beta,760,700,0,600,SUCCESS
SYNC,beta,761,700,0,700,SUCCESS
SYNC,beta,762,700,0,600,SUCCESS
SYNC,beta,763,700,0,600,SUCCESS
SYNC,beta,764,700,0,700,SUCCESS
SYNC,beta,765,700,0,700,SUCCESS
SYNC,beta,766,800,0,600,SUCCESS
SYNC,beta,767,700,0,700,SUCCESS
SYNC,beta,768,800,0,600,SUCCESS
SYNC,beta,769,700,0,600,SUCCESS
SYNC,beta,770,700,0,700,SUCCESS
SYNC,beta,771,700,0,700,SUCCESS
SYNC,beta,772,700,0,700,SUCCESS
SYNC,beta,773,700,0,600,SUCCESS
SYNC,beta,774,700,0,700,SUCCESS
SYNC,beta,775,700,0,700,SUCCESS
SYNC,beta,776,700,0,700,SUCCESS
SYNC,beta,777,700,0,700,SUCCESS
SYNC,beta,778,800,0,600,SUCCESS
SYNC,beta,779,700,0,700,SUCCESS
SYNC,beta,780,700,0,600,SUCCESS
SYNC,beta,781,700,0,700,SUCCESS
SYNC,beta,782,700,0,700,SUCCESS
SYNC,beta,783,700,0,600,SUCCESS
SYNC,beta,784,700,0,700,SUCCESS
SYNC,beta,785,700,0,600,SUCCESS
SYNC,beta,786,700,0,600,SUCCESS
SYNC,beta,787,700,0,600,SUCCESS
SYNC,beta,788,700,0,700,SUCCESS
SYNC,beta,789,700,0,600,SUCCESS
SYNC,beta,790,700,0,600,SUCCESS
SYNC,beta,791,700,0,700,SUCCESS
SYNC,beta,792,700,0,600,SUCCESS
SYNC,beta,793,700,0,700,SUCCESS
SYNC,beta,794,700,0,700,SUCCESS
SYNC,beta,795,700,0,600,SUCCESS
SYNC,beta,796,700,0,700,SUCCESS
SYNC,beta,797,700,0,600,SUCCESS
SYNC,beta,798,700,0,600,SUCCESS
SYNC,beta,799,700,0,700,SUCCESS
SYNC,beta,800,700,0,600,SUCCESS
SYNC,beta,801,700,0,700,SUCCESS
SYNC,beta,802,700,0,700,SUCCESS
SYNC,beta,803,700,0,600,SUCCESS
SYNC,beta,804,700,0,600,SUCCESS
SYNC,beta,805,700,0,700,SUCCESS
SYNC,beta,806,700,0,600,SUCCESS
SYNC,beta,807,700,0,700,SUCCESS
SYNC,beta,808,700,0,600,SUCCESS
SYNC,beta,809,800,0,800,SUCCESS
SYNC,beta,810,700,0,600,SUCCESS
SYNC,beta,811,700,0,700,SUCCESS
SYNC,beta,812,700,0,600,SUCCESS
SYNC,beta,813,800,0,600,SUCCESS
SYNC,beta,814,700,0,600,SUCCESS
SYNC,beta,815,700,0,600,SUCCESS
SYNC,beta,816,700,0,700,SUCCESS
SYNC,beta,817,700,0,600,SUCCESS
SYNC,beta,818,700,0,700,SUCCESS
SYNC,beta,819,700,0,700,SUCCESS
SYNC,beta,820,700,0,600,SUCCESS
SYNC,beta,821,700,0,700,SUCCESS
SYNC,beta,822,700,0,700,SUCCESS
SYNC,beta,823,700,0,600,SUCCESS
SYNC,beta,824,700,0,600,SUCCESS
SYNC,beta,825,700,0,700,SUCCESS
SYNC,beta,826,700,0,600,SUCCESS
SYNC,beta,827,700,0,700,SUCCESS
SYNC,beta,828,700,0,700,SUCCESS
SYNC,beta,829,800,0,600,SUCCESS
SYNC,beta,830,700,0,700,SUCCESS
SYNC,beta,831,700,0,600,SUCCESS
SYNC,beta,832,700,0,700,SUCCESS
SYNC,beta,833,700,0,700,SUCCESS
SYNC,beta,834,700,0,600,SUCCESS
SYNC,beta,835,700,0,600,SUCCESS
SYNC,beta,836,700,0,700,SUCCESS
SYNC,beta,837,800,0,600,SUCCESS
SYNC,beta,838,700,0,600,SUCCESS
SYNC,beta,839,700,0,700,SUCCESS
SYNC,beta,840,700,0,600,SUCCESS
SYNC,beta,841,800,0,600,SUCCESS
SYNC,beta,842,700,0,700,SUCCESS
SYNC,beta,843,700,0,700,SUCCESS
SYNC,beta,844,700,0,700,SUCCESS
SYNC,beta,845,700,0,600,SUCCESS
SYNC,beta,846,700,0,700,SUCCESS
SYNC,beta,847,800,0,600,SUCCESS
SYNC,beta,848,700,0,700,SUCCESS
SYNC,beta,849,800,0,600,SUCCESS
SYNC,beta,850,700,0,700,SUCCESS
SYNC,beta,851,700,0,600,SUCCESS
SYNC,beta,852,800,0,600,SUCCESS
SYNC,beta,853,700,0,700,SUCCESS
SYNC,beta,854,700,0,700,SUCCESS
SYNC,beta,855,700,0,600,SUCCESS
SYNC,beta,856,700,0,700,SUCCESS
SYNC,beta,857,700,0,700,SUCCESS
SYNC,beta,858,800,0,600,SUCCESS
SYNC,beta,859,700,0,700,SUCCESS
SYNC,beta,860,700,0,700,SUCCESS
SYNC,beta,861,700,0,600,SUCCESS
SYNC,beta,862,700,0,700,SUCCESS
SYNC,beta,863,700,0,600,SUCCESS
SYNC,beta,864,700,0,700,SUCCESS
SYNC,beta,865,700,0,600,SUCCESS
SYNC,beta,866,700,0,600,SUCCESS
SYNC,beta,867,700,0,700,SUCCESS
SYNC,beta,868,800,0,600,SUCCESS
SYNC,beta,869,700,0,700,SUCCESS
SYNC,beta,870,700,0,600,SUCCESS
SYNC,beta,871,700,0,600,SUCCESS
SYNC,beta,872,700,0,700,SUCCESS
SYNC,beta,873,700,0,700,SUCCESS
SYNC,beta,874,700,0,600,SUCCESS
SYNC,beta,875,700,0,600,SUCCESS
SYNC,beta,876,700,0,600,SUCCESS
SYNC,beta,877,700,0,700,SUCCESS
SYNC,beta,878,700,0,600,SUCCESS
SYNC,beta,879,700,0,600,SUCCESS
SYNC,beta,880,700,0,700,SUCCESS
SYNC,beta,881,700,0,700,SUCCESS
SYNC,beta,882,700,0,600,SUCCESS
SYNC,beta,883,700,0,600,SUCCESS
SYNC,beta,884,700,0,700,SUCCESS
SYNC,beta,885,700,0,600,SUCCESS
SYNC,beta,886,700,0,600,SUCCESS
SYNC,beta,887,700,0,600,SUCCESS
SYNC,beta,888,700,0,700,SUCCESS
SYNC,beta,889,800,0,600,SUCCESS
SYNC,beta,890,700,0,700,SUCCESS
SYNC,beta,891,700,0,600,SUCCESS
SYNC,beta,892,700,0,700,SUCCESS
SYNC,beta,893,700,0,600,SUCCESS
SYNC,beta,894,800,0,600,SUCCESS
SYNC,beta,895,700,0,700,SUCCESS
SYNC,beta,896,700,0,600,SUCCESS
SYNC,beta,897,700,0,600,SUCCESS
SYNC,beta,898,700,0,700,SUCCESS
SYNC,beta,899,800,0,600,SUCCESS
SYNC,beta,900,700,0,700,SUCCESS
SYNC,beta,901,800,0,600,SUCCESS
SYNC,beta,902,700,0,700,SUCCESS
SYNC,beta,903,700,0,600,SUCCESS
SYNC,beta,904,700,0,700,SUCCESS
SYNC,beta,905,700,0,600,SUCCESS
SYNC,beta,906,700,0,600,SUCCESS
SYNC,beta,907,700,0,700,SUCCESS
SYNC,beta,908,800,0,600,SUCCESS
SYNC,beta,909,700,0,700,SUCCESS
SYNC,beta,910,800,0,600,SUCCESS
SYNC,beta,911,700,0,700,SUCCESS
SYNC,beta,912,700,0,600,SUCCESS
SYNC,beta,913,700,0,600,SUCCESS
SYNC,beta,914,700,0,600,SUCCESS
SYNC,beta,915,700,0,700,SUCCESS
SYNC,beta,916,700,0,600,SUCCESS
SYNC,beta,917,700,0,700,SUCCESS
SYNC,beta,918,700,0,600,SUCCESS
SYNC,beta,919,800,0,700,SUCCESS
SYNC,beta,920,700,0,600,SUCCESS
SYNC,beta,921,700,0,600,SUCCESS
SYNC,beta,922,700,0,700,SUCCESS
SYNC,beta,923,700,0,700,SUCCESS
SYNC,beta,924,700,0,600,SUCCESS
SYNC,beta,925,700,0,700,SUCCESS
SYNC,beta,926,700,0,600,SUCCESS
SYNC,beta,927,700,0,700,SUCCESS
SYNC,beta,928,700,0,600,SUCCESS
SYNC,beta,929,700,0,700,SUCCESS
SYNC,beta,930,700,0,700,SUCCESS
SYNC,beta,931,800,0,600,SUCCESS
SYNC,beta,932,700,0,600,SUCCESS
SYNC,beta,933,700,0,700,SUCCESS
SYNC,beta,934,700,0,600,SUCCESS
SYNC,beta,935,700,0,600,SUCCESS
SYNC,beta,936,700,0,700,SUCCESS
SYNC,beta,937,800,0,600,SUCCESS
SYNC,beta,938,700,0,700,SUCCESS
SYNC,beta,939,700,0,600,SUCCESS
SYNC,beta,940,700,0,700,SUCCESS
SYNC,beta,941,700,0,700,SUCCESS
SYNC,beta,942,700,0,600,SUCCESS
SYNC,beta,943,700,0,700,SUCCESS
SYNC,beta,944,700,0,700,SUCCESS
SYNC,beta,945,700,0,600,SUCCESS
SYNC,beta,946,8600,0,8600,SUCCESS
SYNC,beta,947,800,0,600,SUCCESS
SYNC,beta,948,700,0,700,SUCCESS
SYNC,beta,949,700,0,600,SUCCESS
SYNC,beta,950,800,0,600,SUCCESS
SYNC,beta,951,800,0,600,SUCCESS
SYNC,beta,952,700,0,700,SUCCESS
SYNC,beta,953,700,0,700,SUCCESS
SYNC,beta,954,700,0,600,SUCCESS
SYNC,beta,955,800,0,700,SUCCESS
SYNC,beta,956,700,0,600,SUCCESS
SYNC,beta,957,700,0,700,SUCCESS
SYNC,beta,958,700,0,600,SUCCESS
SYNC,beta,959,700,0,600,SUCCESS
SYNC,beta,960,700,0,700,SUCCESS
SYNC,beta,961,700,0,700,SUCCESS
SYNC,beta,962,700,0,600,SUCCESS
SYNC,beta,963,700,0,700,SUCCESS
SYNC,beta,964,700,0,600,SUCCESS
SYNC,beta,965,700,0,600,SUCCESS
SYNC,beta,966,700,0,600,SUCCESS
SYNC,beta,967,700,0,700,SUCCESS
SYNC,beta,968,700,0,600,SUCCESS
SYNC,beta,969,700,0,700,SUCCESS
SYNC,beta,970,700,0,600,SUCCESS
SYNC,beta,971,700,0,700,SUCCESS
SYNC,beta,972,700,0,600,SUCCESS
SYNC,beta,973,700,0,600,SUCCESS
SYNC,beta,974,700,0,700,SUCCESS
SYNC,beta,975,800,0,600,SUCCESS
SYNC,beta,976,700,0,700,SUCCESS
SYNC,beta,977,700,0,600,SUCCESS
SYNC,beta,978,700,0,600,SUCCESS
SYNC,beta,979,700,0,700,SUCCESS
SYNC,beta,980,700,0,600,SUCCESS
SYNC,beta,981,700,0,600,SUCCESS
SYNC,beta,982,700,0,700,SUCCESS
SYNC,beta,983,700,0,700,SUCCESS
SYNC,beta,984,800,0,600,SUCCESS
SYNC,beta,985,700,0,700,SUCCESS
SYNC,beta,986,700,0,700,SUCCESS
SYNC,beta,987,800,0,600,SUCCESS
SYNC,beta,988,700,0,600,SUCCESS
SYNC,beta,989,800,0,600,SUCCESS
SYNC,beta,990,700,0,700,SUCCESS
SYNC,beta,991,700,0,700,SUCCESS
SYNC,beta,992,800,0,600,SUCCESS
SYNC,beta,993,700,0,700,SUCCESS
SYNC,beta,994,700,0,700,SUCCESS
SYNC,beta,995,800,0,600,SUCCESS
SYNC,beta,996,700,0,700,SUCCESS
SYNC,beta,997,700,0,600,SUCCESS
SYNC,beta,998,700,0,600,SUCCESS
SYNC,beta,999,700,0,700,SUCCESS
SYNC,delta,0,200,0,200,SUCCESS
SYNC,delta,1,200,0,100,SUCCESS
SYNC,delta,2,200,0,100,SUCCESS
SYNC,delta,3,200,0,100,SUCCESS
SYNC,delta,4,100,0,100,SUCCESS
SYNC,delta,5,200,0,100,SUCCESS
SYNC,delta,6,100,0,100,SUCCESS
SYNC,delta,7,100,0,100,SUCCESS
SYNC,delta,8,200,0,200,SUCCESS
SYNC,delta,9,100,0,100,SUCCESS
SYNC,delta,10,200,0,100,SUCCESS
SYNC,delta,11,200,0,100,SUCCESS
SYNC,delta,12,200,0,100,SUCCESS
SYNC,delta,13,100,0,100,SUCCESS
SYNC,delta,14,200,0,100,SUCCESS
SYNC,delta,15,200,0,100,SUCCESS
SYNC,delta,16,100,0,100,SUCCESS
SYNC,delta,17,200,0,100,SUCCESS
SYNC,delta,18,200,0,100,SUCCESS
SYNC,delta,19,100,0,100,SUCCESS
SYNC,delta,20,200,0,100,SUCCESS
SYNC,delta,21,100,0,100,SUCCESS
SYNC,delta,22,100,0,100,SUCCESS
SYNC,delta,23,200,0,100,SUCCESS
SYNC,delta,24,100,0,100,SUCCESS
SYNC,delta,25,200,0,100,SUCCESS
SYNC,delta,26,200,0,100,SUCCESS
SYNC,delta,27,100,0,100,SUCCESS
SYNC,delta,28,200,0,100,SUCCESS
SYNC,delta,29,200,0,100,SUCCESS
SYNC,delta,30,100,0,100,SUCCESS
SYNC,delta,31,200,0,100,SUCCESS
SYNC,delta,32,200,0,100,SUCCESS
SYNC,delta,33,100,0,100,SUCCESS
SYNC,delta,34,200,0,100,SUCCESS
SYNC,delta,35,100,0,100,SUCCESS
SYNC,delta,36,200,0,100,SUCCESS
SYNC,delta,37,200,0,100,SUCCESS
SYNC,delta,38,100,0,100,SUCCESS
SYNC,delta,39,200,0,100,SUCCESS
SYNC,delta,40,100,0,100,SUCCESS
SYNC,delta,41,200,0,100,SUCCESS
SYNC,delta,42,200,0,100,SUCCESS
SYNC,delta,43,100,0,100,SUCCESS
SYNC,delta,44,200,0,100,SUCCESS
SYNC,delta,45,100,0,100,SUCCESS
SYNC,delta,46,200,0,100,SUCCESS
SYNC,delta,47,200,0,100,SUCCESS
SYNC,delta,48,100,0,100,SUCCESS
SYNC,delta,49,200,0,100,SUCCESS
SYNC,delta,50,200,0,100,SUCCESS
SYNC,delta,51,100,0,100,SUCCESS
SYNC,delta,52,100,0,100,SUCCESS
SYNC,delta,53,100,0,100,SUCCESS
SYNC,delta,54,100,0,100,SUCCESS
SYNC,delta,55,200,0,100,SUCCESS
SYNC,delta,56,200,0,100,SUCCESS
SYNC,delta,57,100,0,100,SUCCESS
SYNC,delta,58,200,0,100,SUCCESS
SYNC,delta,59,200,0,100,SUCCESS
SYNC,delta,60,200,0,200,SUCCESS
SYNC,delta,61,100,0,100,SUCCESS
SYNC,delta,62,200,0,100,SUCCESS
SYNC,delta,63,200,0,100,SUCCESS
SYNC,delta,64,200,0,100,SUCCESS
SYNC,delta,65,200,0,100,SUCCESS
SYNC,delta,66,200,0,100,SUCCESS
SYNC,delta,67,100,0,100,SUCCESS
SYNC,delta,68,200,0,100,SUCCESS
SYNC,delta,69,200,0,100,SUCCESS
SYNC,delta,70,200,0,200,SUCCESS
SYNC,delta,71,300,0,200,SUCCESS
SYNC,delta,72,200,0,100,SUCCESS
SYNC,delta,73,100,0,100,SUCCESS
SYNC,delta,74,200,0,100,SUCCESS
SYNC,delta,75,100,0,100,SUCCESS
SYNC,delta,76,200,0,100,SUCCESS
SYNC,delta,77,200,0,100,SUCCESS
SYNC,delta,78,100,0,100,SUCCESS
SYNC,delta,79,200,0,100,SUCCESS
SYNC,delta,80,100,0,100,SUCCESS
SYNC,delta,81,200,0,100,SUCCESS
SYNC,delta,82,200,0,100,SUCCESS
SYNC,delta,83,100,0,100,SUCCESS
SYNC,delta,84,200,0,100,SUCCESS
SYNC,delta,85,200,0,100,SUCCESS
SYNC,delta,86,100,0,100,SUCCESS
SYNC,delta,87,200,0,100,SUCCESS
SYNC,delta,88,100,0,100,SUCCESS
SYNC,delta,89,200,0,100,SUCCESS
SYNC,delta,90,100,0,100,SUCCESS
SYNC,delta,91,200,0,100,SUCCESS
SYNC,delta,92,200,0,100,SUCCESS
SYNC,delta,93,200,0,100,SUCCESS
SYNC,delta,94,200,0,100,SUCCESS
SYNC,delta,95,100,0,100,SUCCESS
SYNC,delta,96,200,0,100,SUCCESS
SYNC,delta,97,200,0,100,SUCCESS
SYNC,delta,98,100,0,100,SUCCESS
SYNC,delta,99,200,0,200,SUCCESS
SYNC,delta,100,100,0,100,SUCCESS
SYNC,delta,101,200,0,100,SUCCESS
SYNC,delta,102,100,0,100,SUCCESS
SYNC,delta,103,200,0,100,SUCCESS
SYNC,delta,104,200,0,100,SUCCESS
SYNC,delta,105,100,0,100,SUCCESS
SYNC,delta,106,200,0,100,SUCCESS
SYNC,delta,107,100,0,100,SUCCESS
SYNC,delta,108,200,0,100,SUCCESS
SYNC,delta,109,200,0,100,SUCCESS
SYNC,delta,110,100,0,100,SUCCESS
SYNC,delta,111,100,0,100,SUCCESS
SYNC,delta,112,200,0,100,SUCCESS
SYNC,delta,113,100,0,100,SUCCESS
SYNC,delta,114,200,0,100,SUCCESS
SYNC,delta,115,100,0,100,SUCCESS
SYNC,delta,116,200,0,100,SUCCESS
SYNC,delta,117,100,0,100,SUCCESS
SYNC,delta,118,200,0,100,SUCCESS
SYNC,delta,119,200,0,100,SUCCESS
SYNC,delta,120,100,0,100,SUCCESS
SYNC,delta,121,200,0,100,SUCCESS
SYNC,delta,122,200,0,100,SUCCESS
SYNC,delta,123,100,0,100,SUCCESS
SYNC,delta,124,200,0,100,SUCCESS
SYNC,delta,125,100,0,100,SUCCESS
SYNC,delta,126,200,0,100,SUCCESS
SYNC,delta,127,100,0,100,SUCCESS
SYNC,delta,128,100,0,100,SUCCESS
SYNC,delta,129,200,0,200,SUCCESS
SYNC,delta,130,100,0,100,SUCCESS
SYNC,delta,131,100,0,100,SUCCESS
SYNC,delta,132,200,0,100,SUCCESS
SYNC,delta,133,200,0,100,SUCCESS
SYNC,delta,134,200,0,100,SUCCESS
SYNC,delta,135,100,0,100,SUCCESS
SYNC,delta,136,200,0,100,SUCCESS
SYNC,delta,137,100,0,100,SUCCESS
SYNC,delta,138,200,0,100,SUCCESS
SYNC,delta,139,200,0,100,SUCCESS
SYNC,delta,140,100,0,100,SUCCESS
SYNC,delta,141,200,0,100,SUCCESS
SYNC,delta,142,200,0,100,SUCCESS
SYNC,delta,143,100,0,100,SUCCESS
SYNC,delta,144,200,0,100,SUCCESS
SYNC,delta,145,200,0,100,SUCCESS
SYNC,delta,146,100,0,100,SUCCESS
SYNC,delta,147,100,0,100,SUCCESS
SYNC,delta,148,200,0,100,SUCCESS
SYNC,delta,149,200,0,100,SUCCESS
SYNC,delta,150,100,0,100,SUCCESS
SYNC,delta,151,200,0,100,SUCCESS
SYNC,delta,152,200,0,100,SUCCESS
SYNC,delta,153,200,0,100,SUCCESS
SYNC,delta,154,200,0,100,SUCCESS
SYNC,delta,155,100,0,100,SUCCESS
SYNC,delta,156,200,0,100,SUCCESS
SYNC,delta,157,200,0,100,SUCCESS
SYNC,delta,158,100,0,100,SUCCESS
SYNC,delta,159,200,0,100,SUCCESS
SYNC,delta,160,200,0,100,SUCCESS
SYNC,delta,161,100,0,100,SUCCESS
SYNC,delta,162,200,0,100,SUCCESS
SYNC,delta,163,100,0,100,SUCCESS
SYNC,delta,164,200,0,200,SUCCESS
SYNC,delta,165,100,0,100,SUCCESS
SYNC,delta,166,200,0,100,SUCCESS
SYNC,delta,167,200,0,100,SUCCESS
SYNC,delta,168,100,0,100,SUCCESS
SYNC,delta,169,200,0,100,SUCCESS
SYNC,delta,170,100,0,100,SUCCESS
SYNC,delta,171,200,0,100,SUCCESS
SYNC,delta,172,200,0,100,SUCCESS
SYNC,delta,173,200,0,100,SUCCESS
SYNC,delta,174,200,0,100,SUCCESS
SYNC,delta,175,100,0,100,SUCCESS
SYNC,delta,176,200,0,100,SUCCESS
SYNC,delta,177,100,0,100,SUCCESS
SYNC,delta,178,200,0,100,SUCCESS
SYNC,delta,179,100,0,100,SUCCESS
SYNC,delta,180,100,0,100,SUCCESS
SYNC,delta,181,200,0,100,SUCCESS
SYNC,delta,182,100,0,100,SUCCESS
SYNC,delta,183,200,0,100,SUCCESS
SYNC,delta,184,100,0,100,SUCCESS
SYNC,delta,185,200,0,100,SUCCESS
SYNC,delta,186,100,0,100,SUCCESS
SYNC,delta,187,100,0,100,SUCCESS
SYNC,delta,188,200,0,100,SUCCESS
SYNC,delta,189,100,0,100,SUCCESS
SYNC,delta,190,200,0,100,SUCCESS
SYNC,delta,191,100,0,100,SUCCESS
SYNC,delta,192,200,0,100,SUCCESS
SYNC,delta,193,200,0,100,SUCCESS
SYNC,delta,194,200,0,100,SUCCESS
SYNC,delta,195,100,0,100,SUCCESS
SYNC,delta,196,200,0,100,SUCCESS
SYNC,delta,197,100,0,100,SUCCESS
SYNC,delta,198,200,0,100,SUCCESS
SYNC,delta,199,200,0,100,SUCCESS
SYNC,delta,200,100,0,100,SUCCESS
SYNC,delta,201,200,0,100,SUCCESS
SYNC,delta,202,100,0,100,SUCCESS
SYNC,delta,203,200,0,100,SUCCESS
SYNC,delta,204,100,0,100,SUCCESS
SYNC,delta,205,200,0,100,SUCCESS
SYNC,delta,206,200,0,100,SUCCESS
SYNC,delta,207,100,0,100,SUCCESS
SYNC,delta,208,200,0,100,SUCCESS
SYNC,delta,209,200,0,100,SUCCESS
SYNC,delta,210,100,0,100,SUCCESS
SYNC,delta,211,100,0,100,SUCCESS
SYNC,delta,212,100,0,100,SUCCESS
SYNC,delta,213,200,0,100,SUCCESS
SYNC,delta,214,200,0,100,SUCCESS
SYNC,delta,215,200,0,100,SUCCESS
SYNC,delta,216,100,0,100,SUCCESS
SYNC,delta,217,200,0,100,SUCCESS
SYNC,delta,218,100,0,100,SUCCESS
SYNC,delta,219,100,0,100,SUCCESS
SYNC,delta,220,200,0,100,SUCCESS
SYNC,delta,221,100,0,100,SUCCESS
SYNC,delta,222,200,0,100,SUCCESS
SYNC,delta,223,100,0,100,SUCCESS
SYNC,delta,224,200,0,100,SUCCESS
SYNC,delta,225,200,0,100,SUCCESS
SYNC,delta,226,100,0,100,SUCCESS
SYNC,delta,227,200,0,100,SUCCESS
SYNC,delta,228,100,0,100,SUCCESS
SYNC,delta,229,200,0,100,SUCCESS
SYNC,delta,230,100,0,100,SUCCESS
SYNC,delta,231,200,0,100,SUCCESS
SYNC,delta,232,100,0,100,SUCCESS
SYNC,delta,233,200,0,100,SUCCESS
SYNC,delta,234,200,0,100,SUCCESS
SYNC,delta,235,100,0,100,SUCCESS
SYNC,delta,236,200,0,100,SUCCESS
SYNC,delta,237,100,0,100,SUCCESS
SYNC,delta,238,200,0,100,SUCCESS
SYNC,delta,239,100,0,100,SUCCESS
SYNC,delta,240,200,0,100,SUCCESS
SYNC,delta,241,200,0,100,SUCCESS
SYNC,delta,242,100,0,100,SUCCESS
SYNC,delta,243,200,0,100,SUCCESS
SYNC,delta,244,100,0,100,SUCCESS
SYNC,delta,245,200,0,100,SUCCESS
SYNC,delta,246,100,0,100,SUCCESS
SYNC,delta,247,200,0,100,SUCCESS
SYNC,delta,248,200,0,100,SUCCESS
SYNC,delta,249,200,0,100,SUCCESS
SYNC,delta,250,200,0,100,SUCCESS
SYNC,delta,251,200,0,100,SUCCESS
SYNC,delta,252,100,0,100,SUCCESS
SYNC,delta,253,200,0,200,SUCCESS
SYNC,delta,254,100,0,100,SUCCESS
SYNC,delta,255,200,0,100,SUCCESS
SYNC,delta,256,200,0,100,SUCCESS
SYNC,delta,257,100,0,100,SUCCESS
SYNC,delta,258,200,0,100,SUCCESS
SYNC,delta,259,100,0,100,SUCCESS
SYNC,delta,260,200,0,100,SUCCESS
SYNC,delta,261,200,0,100,SUCCESS
SYNC,delta,262,100,0,100,SUCCESS
SYNC,delta,263,100,0,100,SUCCESS
SYNC,delta,264,200,0,100,SUCCESS
SYNC,delta,265,200,0,100,SUCCESS
SYNC,delta,266,100,0,100,SUCCESS
SYNC,delta,267,100,0,100,SUCCESS
SYNC,delta,268,200,0,100,SUCCESS
SYNC,delta,269,200,0,100,SUCCESS
SYNC,delta,270,100,0,100,SUCCESS
SYNC,delta,271,200,0,100,SUCCESS
SYNC,delta,272,100,0,100,SUCCESS
SYNC,delta,273,200,0,100,SUCCESS
SYNC,delta,274,100,0,100,SUCCESS
SYNC,delta,275,200,0,100,SUCCESS
SYNC,delta,276,200,0,100,SUCCESS
SYNC,delta,277,100,0,100,SUCCESS
SYNC,delta,278,200,0,100,SUCCESS
SYNC,delta,279,100,0,100,SUCCESS
SYNC,delta,280,200,0,100,SUCCESS
SYNC,delta,281,100,0,100,SUCCESS
SYNC,delta,282,200,0,100,SUCCESS
SYNC,delta,283,200,0,100,SUCCESS
SYNC,delta,284,100,0,100,SUCCESS
SYNC,delta,285,200,0,100,SUCCESS
SYNC,delta,286,100,0,100,SUCCESS
SYNC,delta,287,200,0,100,SUCCESS
SYNC,delta,288,200,0,100,SUCCESS
SYNC,delta,289,200,0,100,SUCCESS
SYNC,delta,290,100,0,100,SUCCESS
SYNC,delta,291,200,0,100,SUCCESS
SYNC,delta,292,100,0,100,SUCCESS
SYNC,delta,293,200,0,100,SUCCESS
SYNC,delta,294,200,0,100,SUCCESS
SYNC,delta,295,100,0,100,SUCCESS
SYNC,delta,296,200,0,100,SUCCESS
SYNC,delta,297,100,0,100,SUCCESS
SYNC,delta,298,200,0,100,SUCCESS
SYNC,delta,299,200,0,100,SUCCESS
SYNC,delta,300,200,0,100,SUCCESS
SYNC,delta,301,200,0,100,SUCCESS
SYNC,delta,302,100,0,100,SUCCESS
SYNC,delta,303,200,0,100,SUCCESS
SYNC,delta,304,100,0,100,SUCCESS
SYNC,delta,305,200,0,100,SUCCESS
SYNC,delta,306,100,0,100,SUCCESS
SYNC,delta,307,200,0,100,SUCCESS
SYNC,delta,308,200,0,100,SUCCESS
SYNC,delta,309,100,0,100,SUCCESS
SYNC,delta,310,200,0,100,SUCCESS
SYNC,delta,311,100,0,100,SUCCESS
SYNC,delta,312,200,0,100,SUCCESS
SYNC,delta,313,100,0,100,SUCCESS
SYNC,delta,314,200,0,100,SUCCESS
SYNC,delta,315,200,0,100,SUCCESS
SYNC,delta,316,100,0,100,SUCCESS
SYNC,delta,317,200,0,100,SUCCESS
SYNC,delta,318,100,0,100,SUCCESS
SYNC,delta,319,200,0,100,SUCCESS
SYNC,delta,320,200,0,100,SUCCESS
SYNC,delta,321,200,0,100,SUCCESS
SYNC,delta,322,200,0,100,SUCCESS
SYNC,delta,323,100,0,100,SUCCESS
SYNC,delta,324,100,0,100,SUCCESS
SYNC,delta,325,200,0,100,SUCCESS
SYNC,delta,326,100,0,100,SUCCESS
SYNC,delta,327,200,0,100,SUCCESS
SYNC,delta,328,200,0,100,SUCCESS
SYNC,delta,329,100,0,100,SUCCESS
SYNC,delta,330,200,0,100,SUCCESS
SYNC,delta,331,200,0,100,SUCCESS
SYNC,delta,332,200,0,100,SUCCESS
SYNC,delta,333,200,0,100,SUCCESS
SYNC,delta,334,100,0,100,SUCCESS
SYNC,delta,335,200,0,100,SUCCESS
SYNC,delta,336,100,0,100,SUCCESS
SYNC,delta,337,200,0,100,SUCCESS
SYNC,delta,338,200,0,100,SUCCESS
SYNC,delta,339,100,0,100,SUCCESS
SYNC,delta,340,200,0,100,SUCCESS
SYNC,delta,341,200,0,100,SUCCESS
SYNC,delta,342,100,0,100,SUCCESS
SYNC,delta,343,200,0,100,SUCCESS
SYNC,delta,344,100,0,100,SUCCESS
SYNC,delta,345,200,0,100,SUCCESS
SYNC,delta,346,100,0,100,SUCCESS
SYNC,delta,347,200,0,100,SUCCESS
SYNC,delta,348,200,0,100,SUCCESS
SYNC,delta,349,100,0,100,SUCCESS
SYNC,delta,350,200,0,100,SUCCESS
SYNC,delta,351,100,0,100,SUCCESS
SYNC,delta,352,200,0,100,SUCCESS
SYNC,delta,353,200,0,100,SUCCESS
SYNC,delta,354,100,0,100,SUCCESS
SYNC,delta,355,200,0,100,SUCCESS
SYNC,delta,356,100,0,100,SUCCESS
SYNC,delta,357,200,0,100,SUCCESS
SYNC,delta,358,100,0,100,SUCCESS
SYNC,delta,359,200,0,100,SUCCESS
SYNC,delta,360,200,0,100,SUCCESS
SYNC,delta,361,100,0,100,SUCCESS
SYNC,delta,362,200,0,100,SUCCESS
SYNC,delta,363,100,0,100,SUCCESS
SYNC,delta,364,200,0,100,SUCCESS
SYNC,delta,365,100,0,100,SUCCESS
SYNC,delta,366,200,0,100,SUCCESS
SYNC,delta,367,200,0,100,SUCCESS
SYNC,delta,368,100,0,100,SUCCESS
SYNC,delta,369,200,0,100,SUCCESS
SYNC,delta,370,200,0,100,SUCCESS
SYNC,delta,371,100,0,100,SUCCESS
SYNC,delta,372,200,0,100,SUCCESS
SYNC,delta,373,100,0,100,SUCCESS
SYNC,delta,374,200,0,100,SUCCESS
SYNC,delta,375,100,0,100,SUCCESS
SYNC,delta,376,200,0,100,SUCCESS
SYNC,delta,377,200,0,200,SUCCESS
SYNC,delta,378,100,0,100,SUCCESS
SYNC,delta,379,100,0,100,SUCCESS
SYNC,delta,380,200,0,100,SUCCESS
SYNC,delta,381,100,0,100,SUCCESS
SYNC,delta,382,200,0,100,SUCCESS
SYNC,delta,383,200,0,100,SUCCESS
SYNC,delta,384,100,0,100,SUCCESS
SYNC,delta,385,200,0,100,SUCCESS
SYNC,delta,386,100,0,100,SUCCESS
SYNC,delta,387,200,0,100,SUCCESS
SYNC,delta,388,100,0,100,SUCCESS
SYNC,delta,389,200,0,100,SUCCESS
SYNC,delta,390,100,0,100,SUCCESS
SYNC,delta,391,100,0,100,SUCCESS
SYNC,delta,392,200,0,100,SUCCESS
SYNC,delta,393,100,0,100,SUCCESS
SYNC,delta,394,200,0,100,SUCCESS
SYNC,delta,395,100,0,100,SUCCESS
SYNC,delta,396,200,0,100,SUCCESS
SYNC,delta,397,100,0,100,SUCCESS
SYNC,delta,398,200,0,100,SUCCESS
SYNC,delta,399,200,0,100,SUCCESS
SYNC,delta,400,100,0,100,SUCCESS
SYNC,delta,401,200,0,100,SUCCESS
SYNC,delta,402,100,0,100,SUCCESS
SYNC,delta,403,200,0,100,SUCCESS
SYNC,delta,404,100,0,100,SUCCESS
SYNC,delta,405,200,0,100,SUCCESS
SYNC,delta,406,100,0,100,SUCCESS
SYNC,delta,407,200,0,100,SUCCESS
SYNC,delta,408,200,0,100,SUCCESS
SYNC,delta,409,100,0,100,SUCCESS
SYNC,delta,410,200,0,100,SUCCESS
SYNC,delta,411,100,0,100,SUCCESS
SYNC,delta,412,200,0,100,SUCCESS
SYNC,delta,413,200,0,100,SUCCESS
SYNC,delta,414,100,0,100,SUCCESS
SYNC,delta,415,200,0,100,SUCCESS
SYNC,delta,416,100,0,100,SUCCESS
SYNC,delta,417,200,0,100,SUCCESS
SYNC,delta,418,100,0,100,SUCCESS
SYNC,delta,419,200,0,100,SUCCESS
SYNC,delta,420,200,0,100,SUCCESS
SYNC,delta,421,100,0,100,SUCCESS
SYNC,delta,422,200,0,100,SUCCESS
SYNC,delta,423,200,0,100,SUCCESS
SYNC,delta,424,100,0,100,SUCCESS
SYNC,delta,425,200,0,100,SUCCESS
SYNC,delta,426,100,0,100,SUCCESS
SYNC,delta,427,200,0,100,SUCCESS
SYNC,delta,428,100,0,100,SUCCESS
SYNC,delta,429,200,0,100,SUCCESS
SYNC,delta,430,200,0,100,SUCCESS
SYNC,delta,431,100,0,100,SUCCESS
SYNC,delta,432,200,0,200,SUCCESS
SYNC,delta,433,100,0,100,SUCCESS
SYNC,delta,434,200,0,100,SUCCESS
SYNC,delta,435,200,0,100,SUCCESS
SYNC,delta,436,100,0,100,SUCCESS
SYNC,delta,437,200,0,100,SUCCESS
SYNC,delta,438,100,0,100,SUCCESS
SYNC,delta,439,200,0,100,SUCCESS
SYNC,delta,440,100,0,100,SUCCESS
SYNC,delta,441,200,0,100,SUCCESS
SYNC,delta,442,200,0,100,SUCCESS
SYNC,delta,443,100,0,100,SUCCESS
SYNC,delta,444,200,0,100,SUCCESS
SYNC,delta,445,100,0,100,SUCCESS
SYNC,delta,446,200,0,100,SUCCESS
SYNC,delta,447,200,0,100,SUCCESS
SYNC,delta,448,100,0,100,SUCCESS
SYNC,delta,449,200,0,100,SUCCESS
SYNC,delta,450,100,0,100,SUCCESS
SYNC,delta,451,200,0,100,SUCCESS
SYNC,delta,452,200,0,100,SUCCESS
SYNC,delta,453,100,0,100,SUCCESS
SYNC,delta,454,200,0,100,SUCCESS
SYNC,delta,455,100,0,100,SUCCESS
SYNC,delta,456,200,0,100,SUCCESS
SYNC,delta,457,100,0,100,SUCCESS
SYNC,delta,458,200,0,100,SUCCESS
SYNC,delta,459,200,0,100,SUCCESS
SYNC,delta,460,100,0,100,SUCCESS
SYNC,delta,461,200,0,100,SUCCESS
SYNC,delta,462,100,0,100,SUCCESS
SYNC,delta,463,200,0,100,SUCCESS
SYNC,delta,464,100,0,100,SUCCESS
SYNC,delta,465,100,0,100,SUCCESS
SYNC,delta,466,200,0,200,SUCCESS
SYNC,delta,467,200,0,100,SUCCESS
SYNC,delta,468,100,0,100,SUCCESS
SYNC,delta,469,200,0,100,SUCCESS
SYNC,delta,470,100,0,100,SUCCESS
SYNC,delta,471,200,0,100,SUCCESS
SYNC,delta,472,200,0,100,SUCCESS
SYNC,delta,473,100,0,100,SUCCESS
SYNC,delta,474,200,0,100,SUCCESS
SYNC,delta,475,100,0,100,SUCCESS
SYNC,delta,476,200,0,200,SUCCESS
SYNC,delta,477,100,0,100,SUCCESS
SYNC,delta,478,200,0,100,SUCCESS
SYNC,delta,479,200,0,100,SUCCESS
SYNC,delta,480,100,0,100,SUCCESS
SYNC,delta,481,200,0,100,SUCCESS
SYNC,delta,482,100,0,100,SUCCESS
SYNC,delta,483,200,0,100,SUCCESS
SYNC,delta,484,100,0,100,SUCCESS
SYNC,delta,485,200,0,100,SUCCESS
SYNC,delta,486,200,0,100,SUCCESS
SYNC,delta,487,100,0,100,SUCCESS
SYNC,delta,488,200,0,100,SUCCESS
SYNC,delta,489,100,0,100,SUCCESS
SYNC,delta,490,200,0,100,SUCCESS
SYNC,delta,491,200,0,100,SUCCESS
SYNC,delta,492,100,0,100,SUCCESS
SYNC,delta,493,200,0,100,SUCCESS
SYNC,delta,494,100,0,100,SUCCESS
SYNC,delta,495,200,0,100,SUCCESS
SYNC,delta,496,100,0,100,SUCCESS
SYNC,delta,497,200,0,100,SUCCESS
SYNC,delta,498,200,0,100,SUCCESS
SYNC,delta,499,100,0,100,SUCCESS
SYNC,delta,500,200,0,100,SUCCESS
SYNC,delta,501,100,0,100,SUCCESS
SYNC,delta,502,200,0,100,SUCCESS
SYNC,delta,503,200,0,100,SUCCESS
SYNC,delta,504,100,0,100,SUCCESS
SYNC,delta,505,200,0,100,SUCCESS
SYNC,delta,506,100,0,100,SUCCESS
SYNC,delta,507,200,0,100,SUCCESS
SYNC,delta,508,100,0,100,SUCCESS
SYNC,delta,509,200,0,100,SUCCESS
SYNC,delta,510,100,0,100,SUCCESS
SYNC,delta,511,100,0,100,SUCCESS
SYNC,delta,512,200,0,100,SUCCESS
SYNC,delta,513,200,0,100,SUCCESS
SYNC,delta,514,100,0,100,SUCCESS
SYNC,delta,515,200,0,100,SUCCESS
SYNC,delta,516,100,0,100,SUCCESS
SYNC,delta,517,200,0,100,SUCCESS
SYNC,delta,518,100,0,100,SUCCESS
SYNC,delta,519,200,0,100,SUCCESS
SYNC,delta,520,200,0,100,SUCCESS
SYNC,delta,521,200,0,100,SUCCESS
SYNC,delta,522,200,0,100,SUCCESS
SYNC,delta,523,200,0,100,SUCCESS
SYNC,delta,524,200,0,100,SUCCESS
SYNC,delta,525,200,0,100,SUCCESS
SYNC,delta,526,100,0,100,SUCCESS
SYNC,delta,527,200,0,100,SUCCESS
SYNC,delta,528,100,0,100,SUCCESS
SYNC,delta,529,200,0,200,SUCCESS
SYNC,delta,530,100,0,100,SUCCESS
SYNC,delta,531,200,0,100,SUCCESS
SYNC,delta,532,100,0,100,SUCCESS
SYNC,delta,533,200,0,100,SUCCESS
SYNC,delta,534,200,0,100,SUCCESS
SYNC,delta,535,100,0,100,SUCCESS
SYNC,delta,536,200,0,100,SUCCESS
SYNC,delta,537,200,0,100,SUCCESS
SYNC,delta,538,100,0,100,SUCCESS
SYNC,delta,539,200,0,100,SUCCESS
SYNC,delta,540,100,0,100,SUCCESS
SYNC,delta,541,200,0,100,SUCCESS
SYNC,delta,542,100,0,100,SUCCESS
SYNC,delta,543,200,0,100,SUCCESS
SYNC,delta,544,200,0,100,SUCCESS
SYNC,delta,545,100,0,100,SUCCESS
SYNC,delta,546,200,0,100,SUCCESS
SYNC,delta,547,100,0,100,SUCCESS
SYNC,delta,548,200,0,100,SUCCESS
SYNC,delta,549,100,0,100,SUCCESS
SYNC,delta,550,200,0,100,SUCCESS
SYNC,delta,551,200,0,100,SUCCESS
SYNC,delta,552,100,0,100,SUCCESS
SYNC,delta,553,200,0,100,SUCCESS
SYNC,delta,554,100,0,100,SUCCESS
SYNC,delta,555,200,0,100,SUCCESS
SYNC,delta,556,200,0,100,SUCCESS
SYNC,delta,557,100,0,100,SUCCESS
SYNC,delta,558,200,0,100,SUCCESS
SYNC,delta,559,200,0,100,SUCCESS
SYNC,delta,560,100,0,100,SUCCESS
SYNC,delta,561,200,0,100,SUCCESS
SYNC,delta,562,100,0,100,SUCCESS
SYNC,delta,563,200,0,100,SUCCESS
SYNC,delta,564,200,0,100,SUCCESS
SYNC,delta,565,100,0,100,SUCCESS
SYNC,delta,566,200,0,100,SUCCESS
SYNC,delta,567,100,0,100,SUCCESS
SYNC,delta,568,200,0,100,SUCCESS
SYNC,delta,569,100,0,100,SUCCESS
SYNC,delta,570,100,0,100,SUCCESS
SYNC,delta,571,100,0,100,SUCCESS
SYNC,delta,572,200,0,100,SUCCESS
SYNC,delta,573,100,0,100,SUCCESS
SYNC,delta,574,100,0,100,SUCCESS
SYNC,delta,575,200,0,100,SUCCESS
SYNC,delta,576,100,0,100,SUCCESS
SYNC,delta,577,200,0,100,SUCCESS
SYNC,delta,578,100,0,100,SUCCESS
SYNC,delta,579,200,0,100,SUCCESS
SYNC,delta,580,100,0,100,SUCCESS
SYNC,delta,581,100,0,100,SUCCESS
SYNC,delta,582,200,0,100,SUCCESS
SYNC,delta,583,100,0,100,SUCCESS
SYNC,delta,584,200,0,100,SUCCESS
SYNC,delta,585,200,0,100,SUCCESS
SYNC,delta,586,200,0,100,SUCCESS
SYNC,delta,587,200,0,100,SUCCESS
SYNC,delta,588,100,0,100,SUCCESS
SYNC,delta,589,200,0,100,SUCCESS
SYNC,delta,590,100,0,100,SUCCESS
SYNC,delta,591,200,0,100,SUCCESS
SYNC,delta,592,100,0,100,SUCCESS
SYNC,delta,593,200,0,100,SUCCESS
SYNC,delta,594,200,0,100,SUCCESS
SYNC,delta,595,100,0,100,SUCCESS
SYNC,delta,596,100,0,100,SUCCESS
SYNC,delta,597,200,0,100,SUCCESS
SYNC,delta,598,100,0,100,SUCCESS
SYNC,delta,599,200,0,100,SUCCESS
SYNC,delta,600,100,0,100,SUCCESS
SYNC,delta,601,200,0,100,SUCCESS
SYNC,delta,602,100,0,100,SUCCESS
SYNC,delta,603,100,0,100,SUCCESS
SYNC,delta,604,200,0,100,SUCCESS
SYNC,delta,605,100,0,100,SUCCESS
SYNC,delta,606,200,0,100,SUCCESS
SYNC,delta,607,100,0,100,SUCCESS
SYNC,delta,608,200,0,100,SUCCESS
SYNC,delta,609,200,0,100,SUCCESS
SYNC,delta,610,100,0,100,SUCCESS
SYNC,delta,611,200,0,100,SUCCESS
SYNC,delta,612,100,0,100,SUCCESS
SYNC,delta,613,200,0,100,SUCCESS
SYNC,delta,614,100,0,100,SUCCESS
SYNC,delta,615,200,0,100,SUCCESS
SYNC,delta,616,200,0,100,SUCCESS
SYNC,delta,617,100,0,100,SUCCESS
SYNC,delta,618,200,0,100,SUCCESS
SYNC,delta,619,200,0,100,SUCCESS
SYNC,delta,620,100,0,100,SUCCESS
SYNC,delta,621,200,0,200,SUCCESS
SYNC,delta,622,100,0,100,SUCCESS
SYNC,delta,623,100,0,100,SUCCESS
SYNC,delta,624,200,0,100,SUCCESS
SYNC,delta,625,100,0,100,SUCCESS
SYNC,delta,626,200,0,100,SUCCESS
SYNC,delta,627,100,0,100,SUCCESS
SYNC,delta,628,200,0,100,SUCCESS
SYNC,delta,629,100,0,100,SUCCESS
SYNC,delta,630,200,0,100,SUCCESS
SYNC,delta,631,200,0,100,SUCCESS
SYNC,delta,632,100,0,100,SUCCESS
SYNC,delta,633,200,0,100,SUCCESS
SYNC,delta,634,100,0,100,SUCCESS
SYNC,delta,635,100,0,100,SUCCESS
SYNC,delta,636,200,0,100,SUCCESS
SYNC,delta,637,100,0,100,SUCCESS
SYNC,delta,638,200,0,100,SUCCESS
SYNC,delta,639,100,0,100,SUCCESS
SYNC,delta,640,200,0,100,SUCCESS
SYNC,delta,641,100,0,100,SUCCESS
SYNC,delta,642,200,0,100,SUCCESS
SYNC,delta,643,200,0,100,SUCCESS
SYNC,delta,644,100,0,100,SUCCESS
SYNC,delta,645,200,0,100,SUCCESS
SYNC,delta,646,100,0,100,SUCCESS
SYNC,delta,647,100,0,100,SUCCESS
SYNC,delta,648,200,0,100,SUCCESS
SYNC,delta,649,100,0,100,SUCCESS
SYNC,delta,650,200,0,100,SUCCESS
SYNC,delta,651,100,0,100,SUCCESS
SYNC,delta,652,200,0,100,SUCCESS
SYNC,delta,653,100,0,100,SUCCESS
SYNC,delta,654,200,0,100,SUCCESS
SYNC,delta,655,200,0,100,SUCCESS
SYNC,delta,656,100,0,100,SUCCESS
SYNC,delta,657,200,0,100,SUCCESS
SYNC,delta,658,100,0,100,SUCCESS
SYNC,delta,659,200,0,100,SUCCESS
SYNC,delta,660,200,0,100,SUCCESS
SYNC,delta,661,100,0,100,SUCCESS
SYNC,delta,662,200,0,100,SUCCESS
SYNC,delta,663,100,0,100,SUCCESS
SYNC,delta,664,200,0,100,SUCCESS
SYNC,delta,665,200,0,100,SUCCESS
SYNC,delta,666,100,0,100,SUCCESS
SYNC,delta,667,200,0,100,SUCCESS
SYNC,delta,668,100,0,100,SUCCESS
SYNC,delta,669,200,0,100,SUCCESS
SYNC,delta,670,100,0,100,SUCCESS
SYNC,delta,671,100,0,100,SUCCESS
SYNC,delta,672,200,0,100,SUCCESS
SYNC,delta,673,100,0,100,SUCCESS
SYNC,delta,674,200,0,100,SUCCESS
SYNC,delta,675,100,0,100,SUCCESS
SYNC,delta,676,200,0,100,SUCCESS
SYNC,delta,677,200,0,100,SUCCESS
SYNC,delta,678,200,0,100,SUCCESS
SYNC,delta,679,200,0,100,SUCCESS
SYNC,delta,680,100,0,100,SUCCESS
SYNC,delta,681,200,0,100,SUCCESS
SYNC,delta,682,200,0,100,SUCCESS
SYNC,delta,683,100,0,100,SUCCESS
SYNC,delta,684,200,0,100,SUCCESS
SYNC,delta,685,100,0,100,SUCCESS
SYNC,delta,686,200,0,100,SUCCESS
SYNC,delta,687,100,0,100,SUCCESS
SYNC,delta,688,200,0,100,SUCCESS
SYNC,delta,689,200,0,100,SUCCESS
SYNC,delta,690,200,0,100,SUCCESS
SYNC,delta,691,200,0,100,SUCCESS
SYNC,delta,692,100,0,100,SUCCESS
SYNC,delta,693,200,0,100,SUCCESS
SYNC,delta,694,100,0,100,SUCCESS
SYNC,delta,695,100,0,100,SUCCESS
SYNC,delta,696,200,0,100,SUCCESS
SYNC,delta,697,100,0,100,SUCCESS
SYNC,delta,698,200,0,100,SUCCESS
SYNC,delta,699,100,0,100,SUCCESS
SYNC,delta,700,200,0,100,SUCCESS
SYNC,delta,701,100,0,100,SUCCESS
SYNC,delta,702,200,0,100,SUCCESS
SYNC,delta,703,200,0,100,SUCCESS
SYNC,delta,704,200,0,100,SUCCESS
SYNC,delta,705,200,0,100,SUCCESS
SYNC,delta,706,100,0,100,SUCCESS
SYNC,delta,707,200,0,100,SUCCESS
SYNC,delta,708,200,0,100,SUCCESS
SYNC,delta,709,200,0,100,SUCCESS
SYNC,delta,710,200,0,100,SUCCESS
SYNC,delta,711,100,0,100,SUCCESS
SYNC,delta,712,200,0,100,SUCCESS
SYNC,delta,713,100,0,100,SUCCESS
SYNC,delta,714,200,0,100,SUCCESS
SYNC,delta,715,100,0,100,SUCCESS
SYNC,delta,716,200,0,100,SUCCESS
SYNC,delta,717,200,0,100,SUCCESS
SYNC,delta,718,200,0,100,SUCCESS
SYNC,delta,719,200,0,100,SUCCESS
SYNC,delta,720,200,0,100,SUCCESS
SYNC,delta,721,100,0,100,SUCCESS
SYNC,delta,722,200,0,100,SUCCESS
SYNC,delta,723,200,0,100,SUCCESS
SYNC,delta,724,200,0,100,SUCCESS
SYNC,delta,725,100,0,100,SUCCESS
SYNC,delta,726,200,0,100,SUCCESS
SYNC,delta,727,200,0,100,SUCCESS
SYNC,delta,728,100,0,100,SUCCESS
SYNC,delta,729,200,0,100,SUCCESS
SYNC,delta,730,100,0,100,SUCCESS
SYNC,delta,731,200,0,100,SUCCESS
SYNC,delta,732,200,0,100,SUCCESS
SYNC,delta,733,200,0,100,SUCCESS
SYNC,delta,734,200,0,100,SUCCESS
SYNC,delta,735,100,0,100,SUCCESS
SYNC,delta,736,200,0,100,SUCCESS
SYNC,delta,737,100,0,100,SUCCESS
SYNC,delta,738,200,0,100,SUCCESS
SYNC,delta,739,100,0,100,SUCCESS
SYNC,delta,740,200,0,100,SUCCESS
SYNC,delta,741,100,0,100,SUCCESS
SYNC,delta,742,100,0,100,SUCCESS
SYNC,delta,743,200,0,100,SUCCESS
SYNC,delta,744,100,0,100,SUCCESS
SYNC,delta,745,200,0,100,SUCCESS
SYNC,delta,746,200,0,100,SUCCESS
SYNC,delta,747,100,0,100,SUCCESS
SYNC,delta,748,200,0,100,SUCCESS
SYNC,delta,749,100,0,100,SUCCESS
SYNC,delta,750,100,0,100,SUCCESS
SYNC,delta,751,200,0,100,SUCCESS
SYNC,delta,752,100,0,100,SUCCESS
SYNC,delta,753,200,0,100,SUCCESS
SYNC,delta,754,100,0,100,SUCCESS
SYNC,delta,755,200,0,100,SUCCESS
SYNC,delta,756,100,0,100,SUCCESS
SYNC,delta,757,200,0,100,SUCCESS
SYNC,delta,758,200,0,100,SUCCESS
SYNC,delta,759,100,0,100,SUCCESS
SYNC,delta,760,200,0,100,SUCCESS
SYNC,delta,761,100,0,100,SUCCESS
SYNC,delta,762,200,0,100,SUCCESS
SYNC,delta,763,200,0,100,SUCCESS
SYNC,delta,764,200,0,100,SUCCESS
SYNC,delta,765,200,0,100,SUCCESS
SYNC,delta,766,100,0,100,SUCCESS
SYNC,delta,767,200,0,100,SUCCESS
SYNC,delta,768,100,0,100,SUCCESS
SYNC,delta,769,200,0,100,SUCCESS
SYNC,delta,770,200,0,100,SUCCESS
SYNC,delta,771,100,0,100,SUCCESS
SYNC,delta,772,200,0,100,SUCCESS
SYNC,delta,773,100,0,100,SUCCESS
SYNC,delta,774,200,0,100,SUCCESS
SYNC,delta,775,100,0,100,SUCCESS
SYNC,delta,776,200,0,100,SUCCESS
SYNC,delta,777,200,0,100,SUCCESS
SYNC,delta,778,100,0,100,SUCCESS
SYNC,delta,779,200,0,100,SUCCESS
SYNC,delta,780,200,0,100,SUCCESS
SYNC,delta,781,200,0,100,SUCCESS
SYNC,delta,782,200,0,100,SUCCESS
SYNC,delta,783,100,0,100,SUCCESS
SYNC,delta,784,200,0,100,SUCCESS
SYNC,delta,785,100,0,100,SUCCESS
SYNC,delta,786,200,0,100,SUCCESS
SYNC,delta,787,100,0,100,SUCCESS
SYNC,delta,788,200,0,100,SUCCESS
SYNC,delta,789,200,0,100,SUCCESS
SYNC,delta,790,100,0,100,SUCCESS
SYNC,delta,791,200,0,100,SUCCESS
SYNC,delta,792,100,0,100,SUCCESS
SYNC,delta,793,200,0,100,SUCCESS
SYNC,delta,794,100,0,100,SUCCESS
SYNC,delta,795,200,0,100,SUCCESS
SYNC,delta,796,200,0,100,SUCCESS
SYNC,delta,797,200,0,100,SUCCESS
SYNC,delta,798,200,0,100,SUCCESS
SYNC,delta,799,100,0,100,SUCCESS
SYNC,delta,800,200,0,100,SUCCESS
SYNC,delta,801,200,0,100,SUCCESS
SYNC,delta,802,100,0,100,SUCCESS
SYNC,delta,803,200,0,100,SUCCESS
SYNC,delta,804,200,0,100,SUCCESS
SYNC,delta,805,100,0,100,SUCCESS
SYNC,delta,806,200,0,100,SUCCESS
SYNC,delta,807,100,0,100,SUCCESS
SYNC,delta,808,200,0,100,SUCCESS
SYNC,delta,809,200,0,100,SUCCESS
SYNC,delta,810,100,0,100,SUCCESS
SYNC,delta,811,200,0,100,SUCCESS
SYNC,delta,812,100,0,100,SUCCESS
SYNC,delta,813,200,0,100,SUCCESS
SYNC,delta,814,200,0,100,SUCCESS
SYNC,delta,815,100,0,100,SUCCESS
SYNC,delta,816,200,0,100,SUCCESS
SYNC,delta,817,200,0,100,SUCCESS
SYNC,delta,818,200,0,100,SUCCESS
SYNC,delta,819,200,0,100,SUCCESS
SYNC,delta,820,100,0,100,SUCCESS
SYNC,delta,821,200,0,100,SUCCESS
SYNC,delta,822,100,0,100,SUCCESS
SYNC,delta,823,200,0,100,SUCCESS
SYNC,delta,824,100,0,100,SUCCESS
SYNC,delta,825,200,0,100,SUCCESS
SYNC,delta,826,200,0,100,SUCCESS
SYNC,delta,827,100,0,100,SUCCESS
SYNC,delta,828,200,0,100,SUCCESS
SYNC,delta,829,100,0,100,SUCCESS
SYNC,delta,830,200,0,100,SUCCESS
SYNC,delta,831,200,0,100,SUCCESS
SYNC,delta,832,100,0,100,SUCCESS
SYNC,delta,833,200,0,100,SUCCESS
SYNC,delta,834,100,0,100,SUCCESS
SYNC,delta,835,100,0,100,SUCCESS
SYNC,delta,836,200,0,100,SUCCESS
SYNC,delta,837,100,0,100,SUCCESS
SYNC,delta,838,200,0,100,SUCCESS
SYNC,delta,839,100,0,100,SUCCESS
SYNC,delta,840,200,0,100,SUCCESS
SYNC,delta,841,100,0,100,SUCCESS
SYNC,delta,842,200,0,100,SUCCESS
SYNC,delta,843,200,0,100,SUCCESS
SYNC,delta,844,200,0,100,SUCCESS
SYNC,delta,845,200,0,100,SUCCESS
SYNC,delta,846,100,0,100,SUCCESS
SYNC,delta,847,200,0,100,SUCCESS
SYNC,delta,848,200,0,100,SUCCESS
SYNC,delta,849,200,0,100,SUCCESS
SYNC,delta,850,200,0,100,SUCCESS
SYNC,delta,851,100,0,100,SUCCESS
SYNC,delta,852,100,0,100,SUCCESS
SYNC,delta,853,200,0,100,SUCCESS
SYNC,delta,854,100,0,100,SUCCESS
SYNC,delta,855,200,0,100,SUCCESS
SYNC,delta,856,100,0,100,SUCCESS
SYNC,delta,857,200,0,100,SUCCESS
SYNC,delta,858,100,0,100,SUCCESS
SYNC,delta,859,100,0,100,SUCCESS
SYNC,delta,860,200,0,100,SUCCESS
SYNC,delta,861,100,0,100,SUCCESS
SYNC,delta,862,200,0,100,SUCCESS
SYNC,delta,863,100,0,100,SUCCESS
SYNC,delta,864,200,0,100,SUCCESS
SYNC,delta,865,100,0,100,SUCCESS
SYNC,delta,866,200,0,100,SUCCESS
SYNC,delta,867,200,0,100,SUCCESS
SYNC,delta,868,100,0,100,SUCCESS
SYNC,delta,869,200,0,100,SUCCESS
SYNC,delta,870,200,0,100,SUCCESS
SYNC,delta,871,100,0,100,SUCCESS
SYNC,delta,872,200,0,100,SUCCESS
SYNC,delta,873,100,0,100,SUCCESS
SYNC,delta,874,200,0,100,SUCCESS
SYNC,delta,875,200,0,100,SUCCESS
SYNC,delta,876,100,0,100,SUCCESS
SYNC,delta,877,200,0,100,SUCCESS
SYNC,delta,878,100,0,100,SUCCESS
SYNC,delta,879,200,0,100,SUCCESS
SYNC,delta,880,200,0,100,SUCCESS
SYNC,delta,881,200,0,100,SUCCESS
SYNC,delta,882,100,0,100,SUCCESS
SYNC,delta,883,200,0,100,SUCCESS
SYNC,delta,884,100,0,100,SUCCESS
SYNC,delta,885,200,0,100,SUCCESS
SYNC,delta,886,100,0,100,SUCCESS
SYNC,delta,887,200,0,100,SUCCESS
SYNC,delta,888,200,0,100,SUCCESS
SYNC,delta,889,100,0,100,SUCCESS
SYNC,delta,890,200,0,100,SUCCESS
SYNC,delta,891,200,0,100,SUCCESS
SYNC,delta,892,100,0,100,SUCCESS
SYNC,delta,893,200,0,100,SUCCESS
SYNC,delta,894,100,0,100,SUCCESS
SYNC,delta,895,200,0,100,SUCCESS
SYNC,delta,896,200,0,100,SUCCESS
SYNC,delta,897,200,0,100,SUCCESS
SYNC,delta,898,200,0,100,SUCCESS
SYNC,delta,899,100,0,100,SUCCESS
SYNC,delta,900,200,0,100,SUCCESS
SYNC,delta,901,100,0,100,SUCCESS
SYNC,delta,902,100,0,100,SUCCESS
SYNC,delta,903,200,0,100,SUCCESS
SYNC,delta,904,100,0,100,SUCCESS
SYNC,delta,905,200,0,100,SUCCESS
SYNC,delta,906,200,0,100,SUCCESS
SYNC,delta,907,100,0,100,SUCCESS
SYNC,delta,908,200,0,100,SUCCESS
SYNC,delta,909,100,0,100,SUCCESS
SYNC,delta,910,200,0,100,SUCCESS
SYNC,delta,911,100,0,100,SUCCESS
SYNC,delta,912,200,0,100,SUCCESS
SYNC,delta,913,200,0,100,SUCCESS
SYNC,delta,914,200,0,100,SUCCESS
SYNC,delta,915,200,0,100,SUCCESS
SYNC,delta,916,100,0,100,SUCCESS
SYNC,delta,917,200,0,200,SUCCESS
SYNC,delta,918,100,0,100,SUCCESS
SYNC,delta,919,200,0,100,SUCCESS
SYNC,delta,920,100,0,100,SUCCESS
SYNC,delta,921,200,0,100,SUCCESS
SYNC,delta,922,200,0,100,SUCCESS
SYNC,delta,923,100,0,100,SUCCESS
SYNC,delta,924,200,0,100,SUCCESS
SYNC,delta,925,200,0,100,SUCCESS
SYNC,delta,926,200,0,100,SUCCESS
SYNC,delta,927,100,0,100,SUCCESS
SYNC,delta,928,100,0,100,SUCCESS
SYNC,delta,929,200,0,100,SUCCESS
SYNC,delta,930,100,0,100,SUCCESS
SYNC,delta,931,200,0,100,SUCCESS
SYNC,delta,932,100,0,100,SUCCESS
SYNC,delta,933,100,0,100,SUCCESS
SYNC,delta,934,200,0,100,SUCCESS
SYNC,delta,935,100,0,100,SUCCESS
SYNC,delta,936,200,0,100,SUCCESS
SYNC,delta,937,100,0,100,SUCCESS
SYNC,delta,938,200,0,100,SUCCESS
SYNC,delta,939,200,0,100,SUCCESS
SYNC,delta,940,100,0,100,SUCCESS
SYNC,delta,941,200,0,100,SUCCESS
SYNC,delta,942,100,0,100,SUCCESS
SYNC,delta,943,100,0,100,SUCCESS
SYNC,delta,944,200,0,100,SUCCESS
SYNC,delta,945,100,0,100,SUCCESS
SYNC,delta,946,200,0,100,SUCCESS
SYNC,delta,947,100,0,100,SUCCESS
SYNC,delta,948,200,0,100,SUCCESS
SYNC,delta,949,100,0,100,SUCCESS
SYNC,delta,950,200,0,100,SUCCESS
SYNC,delta,951,200,0,100,SUCCESS
SYNC,delta,952,100,0,100,SUCCESS
SYNC,delta,953,200,0,100,SUCCESS
SYNC,delta,954,200,0,100,SUCCESS
SYNC,delta,955,100,0,100,SUCCESS
SYNC,delta,956,100,0,100,SUCCESS
SYNC,delta,957,200,0,100,SUCCESS
SYNC,delta,958,200,0,100,SUCCESS
SYNC,delta,959,100,0,100,SUCCESS
SYNC,delta,960,100,0,100,SUCCESS
SYNC,delta,961,200,0,100,SUCCESS
SYNC,delta,962,200,0,100,SUCCESS
SYNC,delta,963,100,0,100,SUCCESS
SYNC,delta,964,200,0,100,SUCCESS
SYNC,delta,965,100,0,100,SUCCESS
SYNC,delta,966,200,0,100,SUCCESS
SYNC,delta,967,100,0,100,SUCCESS
SYNC,delta,968,200,0,100,SUCCESS
SYNC,delta,969,200,0,100,SUCCESS
SYNC,delta,970,100,0,100,SUCCESS
SYNC,delta,971,200,0,100,SUCCESS
SYNC,delta,972,100,0,100,SUCCESS
SYNC,delta,973,200,0,100,SUCCESS
SYNC,delta,974,100,0,100,SUCCESS
SYNC,delta,975,100,0,100,SUCCESS
SYNC,delta,976,200,0,100,SUCCESS
SYNC,delta,977,100,0,100,SUCCESS
SYNC,delta,978,200,0,100,SUCCESS
SYNC,delta,979,100,0,100,SUCCESS
SYNC,delta,980,200,0,100,SUCCESS
SYNC,delta,981,200,0,100,SUCCESS
SYNC,delta,982,200,0,100,SUCCESS
SYNC,delta,983,100,0,100,SUCCESS
SYNC,delta,984,100,0,100,SUCCESS
SYNC,delta,985,200,0,100,SUCCESS
SYNC,delta,986,200,0,100,SUCCESS
SYNC,delta,987,100,0,100,SUCCESS
SYNC,delta,988,200,0,100,SUCCESS
SYNC,delta,989,100,0,100,SUCCESS
SYNC,delta,990,200,0,100,SUCCESS
SYNC,delta,991,100,0,100,SUCCESS
SYNC,delta,992,200,0,100,SUCCESS
SYNC,delta,993,200,0,100,SUCCESS
SYNC,delta,994,100,0,100,SUCCESS
SYNC,delta,995,200,0,100,SUCCESS
SYNC,delta,996,100,0,100,SUCCESS
SYNC,delta,997,200,0,100,SUCCESS
SYNC,delta,998,200,0,100,SUCCESS
SYNC,delta,999,100,0,100,SUCCESS
SYNC,epsilon,0,1000,0,900,SUCCESS
SYNC,epsilon,1,1100,0,1000,SUCCESS
SYNC,epsilon,2,700,0,600,SUCCESS
SYNC,epsilon,3,1100,0,1000,SUCCESS
SYNC,epsilon,4,1100,0,900,SUCCESS
SYNC,epsilon,5,700,0,700,SUCCESS
SYNC,epsilon,6,700,0,600,SUCCESS
SYNC,epsilon,7,700,0,700,SUCCESS
SYNC,epsilon,8,700,0,600,SUCCESS
SYNC,epsilon,9,700,0,700,SUCCESS
SYNC,epsilon,10,700,0,700,SUCCESS
SYNC,epsilon,11,700,0,600,SUCCESS
SYNC,epsilon,12,700,0,700,SUCCESS
SYNC,epsilon,13,600,0,600,SUCCESS
SYNC,epsilon,14,700,0,700,SUCCESS
SYNC,epsilon,15,600,0,600,SUCCESS
SYNC,epsilon,16,700,0,600,SUCCESS
SYNC,epsilon,17,700,0,600,SUCCESS
SYNC,epsilon,18,700,0,700,SUCCESS
SYNC,epsilon,19,700,0,600,SUCCESS
SYNC,epsilon,20,800,0,600,SUCCESS
SYNC,epsilon,21,700,0,700,SUCCESS
SYNC,epsilon,22,700,0,600,SUCCESS
SYNC,epsilon,23,700,0,600,SUCCESS
SYNC,epsilon,24,700,0,700,SUCCESS
SYNC,epsilon,25,600,0,600,SUCCESS
SYNC,epsilon,26,700,0,700,SUCCESS
SYNC,epsilon,27,700,0,600,SUCCESS
SYNC,epsilon,28,700,0,600,SUCCESS
SYNC,epsilon,29,700,0,700,SUCCESS
SYNC,epsilon,30,700,0,600,SUCCESS
SYNC,epsilon,31,700,0,700,SUCCESS
SYNC,epsilon,32,700,0,700,SUCCESS
SYNC,epsilon,33,600,0,600,SUCCESS
SYNC,epsilon,34,700,0,700,SUCCESS
SYNC,epsilon,35,700,0,600,SUCCESS
SYNC,epsilon,36,700,0,700,SUCCESS
SYNC,epsilon,37,700,0,600,SUCCESS
SYNC,epsilon,38,700,0,600,SUCCESS
SYNC,epsilon,39,700,0,700,SUCCESS
SYNC,epsilon,40,700,0,600,SUCCESS
SYNC,epsilon,41,700,0,600,SUCCESS
SYNC,epsilon,42,700,0,700,SUCCESS
SYNC,epsilon,43,600,0,600,SUCCESS
SYNC,epsilon,44,700,0,700,SUCCESS
SYNC,epsilon,45,700,0,700,SUCCESS
SYNC,epsilon,46,700,0,600,SUCCESS
SYNC,epsilon,47,700,0,600,SUCCESS
SYNC,epsilon,48,700,0,600,SUCCESS
SYNC,epsilon,49,700,0,600,SUCCESS
SYNC,epsilon,50,700,0,600,SUCCESS
SYNC,epsilon,51,600,0,600,SUCCESS
SYNC,epsilon,52,700,0,700,SUCCESS
SYNC,epsilon,53,700,0,600,SUCCESS
SYNC,epsilon,54,700,0,600,SUCCESS
SYNC,epsilon,55,700,0,600,SUCCESS
SYNC,epsilon,56,700,0,600,SUCCESS
SYNC,epsilon,57,700,0,700,SUCCESS
SYNC,epsilon,58,800,0,600,SUCCESS
SYNC,epsilon,59,700,0,700,SUCCESS
SYNC,epsilon,60,700,0,600,SUCCESS
SYNC,epsilon,61,600,0,600,SUCCESS
SYNC,epsilon,62,700,0,600,SUCCESS
SYNC,epsilon,63,700,0,600,SUCCESS
SYNC,epsilon,64,700,0,600,SUCCESS
SYNC,epsilon,65,700,0,700,SUCCESS
SYNC,epsilon,66,700,0,700,SUCCESS
SYNC,epsilon,67,700,0,600,SUCCESS
SYNC,epsilon,68,700,0,700,SUCCESS
SYNC,epsilon,69,700,0,600,SUCCESS
SYNC,epsilon,70,700,0,700,SUCCESS
SYNC,epsilon,71,700,0,600,SUCCESS
SYNC,epsilon,72,700,0,600,SUCCESS
SYNC,epsilon,73,700,0,700,SUCCESS
SYNC,epsilon,74,700,0,700,SUCCESS
SYNC,epsilon,75,700,0,700,SUCCESS
SYNC,epsilon,76,700,0,700,SUCCESS
SYNC,epsilon,77,700,0,600,SUCCESS
SYNC,epsilon,78,700,0,700,SUCCESS
SYNC,epsilon,79,800,0,600,SUCCESS
SYNC,epsilon,80,700,0,700,SUCCESS
SYNC,epsilon,81,600,0,600,SUCCESS
SYNC,epsilon,82,700,0,700,SUCCESS
SYNC,epsilon,83,600,0,600,SUCCESS
SYNC,epsilon,84,700,0,700,SUCCESS
SYNC,epsilon,85,700,0,600,SUCCESS
SYNC,epsilon,86,700,0,700,SUCCESS
SYNC,epsilon,87,700,0,600,SUCCESS
SYNC,epsilon,88,700,0,600,SUCCESS
SYNC,epsilon,89,700,0,700,SUCCESS
SYNC,epsilon,90,700,0,700,SUCCESS
SYNC,epsilon,91,700,0,600,SUCCESS
SYNC,epsilon,92,700,0,700,SUCCESS
SYNC,epsilon,93,700,0,600,SUCCESS
SYNC,epsilon,94,700,0,600,SUCCESS
SYNC,epsilon,95,700,0,600,SUCCESS
SYNC,epsilon,96,700,0,600,SUCCESS
SYNC,epsilon,97,700,0,700,SUCCESS
SYNC,epsilon,98,700,0,600,SUCCESS
SYNC,epsilon,99,700,0,600,SUCCESS
SYNC,epsilon,100,700,0,600,SUCCESS
SYNC,epsilon,101,700,0,700,SUCCESS
SYNC,epsilon,102,700,0,600,SUCCESS
SYNC,epsilon,103,700,0,600,SUCCESS
SYNC,epsilon,104,700,0,700,SUCCESS
SYNC,epsilon,105,700,0,600,SUCCESS
SYNC,epsilon,106,700,0,600,SUCCESS
SYNC,epsilon,107,700,0,600,SUCCESS
SYNC,epsilon,108,700,0,600,SUCCESS
SYNC,epsilon,109,700,0,600,SUCCESS
SYNC,epsilon,110,700,0,600,SUCCESS
SYNC,epsilon,111,700,0,600,SUCCESS
SYNC,epsilon,112,700,0,700,SUCCESS
SYNC,epsilon,113,700,0,600,SUCCESS
SYNC,epsilon,114,600,0,600,SUCCESS
SYNC,epsilon,115,700,0,700,SUCCESS
SYNC,epsilon,116,700,0,700,SUCCESS
SYNC,epsilon,117,700,0,600,SUCCESS
SYNC,epsilon,118,700,0,600,SUCCESS
SYNC,epsilon,119,700,0,600,SUCCESS
SYNC,epsilon,120,700,0,600,SUCCESS
SYNC,epsilon,121,700,0,600,SUCCESS
SYNC,epsilon,122,700,0,600,SUCCESS
SYNC,epsilon,123,700,0,600,SUCCESS
SYNC,epsilon,124,700,0,700,SUCCESS
SYNC,epsilon,125,700,0,600,SUCCESS
SYNC,epsilon,126,700,0,700,SUCCESS
SYNC,epsilon,127,700,0,600,SUCCESS
SYNC,epsilon,128,700,0,700,SUCCESS
SYNC,epsilon,129,700,0,600,SUCCESS
SYNC,epsilon,130,700,0,600,SUCCESS
SYNC,epsilon,131,700,0,700,SUCCESS
SYNC,epsilon,132,700,0,600,SUCCESS
SYNC,epsilon,133,700,0,600,SUCCESS
SYNC,epsilon,134,700,0,700,SUCCESS
SYNC,epsilon,135,700,0,600,SUCCESS
SYNC,epsilon,136,700,0,600,SUCCESS
SYNC,epsilon,137,700,0,600,SUCCESS
SYNC,epsilon,138,700,0,600,SUCCESS
SYNC,epsilon,139,700,0,700,SUCCESS
SYNC,epsilon,140,700,0,600,SUCCESS
SYNC,epsilon,141,700,0,600,SUCCESS
SYNC,epsilon,142,700,0,600,SUCCESS
SYNC,epsilon,143,700,0,600,SUCCESS
SYNC,epsilon,144,700,0,700,SUCCESS
SYNC,epsilon,145,700,0,600,SUCCESS
SYNC,epsilon,146,700,0,700,SUCCESS
SYNC,epsilon,147,700,0,600,SUCCESS
SYNC,epsilon,148,600,0,600,SUCCESS
SYNC,epsilon,149,700,0,700,SUCCESS
SYNC,epsilon,150,700,0,700,SUCCESS
SYNC,epsilon,151,600,0,600,SUCCESS
SYNC,epsilon,152,700,0,600,SUCCESS
SYNC,epsilon,153,700,0,700,SUCCESS
SYNC,epsilon,154,700,0,600,SUCCESS
SYNC,epsilon,155,700,0,600,SUCCESS
SYNC,epsilon,156,700,0,700,SUCCESS
SYNC,epsilon,157,700,0,600,SUCCESS
SYNC,epsilon,158,700,0,600,SUCCESS
SYNC,epsilon,159,700,0,700,SUCCESS
SYNC,epsilon,160,700,0,600,SUCCESS
SYNC,epsilon,161,700,0,600,SUCCESS
SYNC,epsilon,162,700,0,600,SUCCESS
SYNC,epsilon,163,700,0,600,SUCCESS
SYNC,epsilon,164,700,0,700,SUCCESS
SYNC,epsilon,165,700,0,600,SUCCESS
SYNC,epsilon,166,700,0,600,SUCCESS
SYNC,epsilon,167,700,0,700,SUCCESS
SYNC,epsilon,168,600,0,600,SUCCESS
SYNC,epsilon,169,700,0,700,SUCCESS
SYNC,epsilon,170,700,0,700,SUCCESS
SYNC,epsilon,171,700,0,600,SUCCESS
SYNC,epsilon,172,700,0,700,SUCCESS
SYNC,epsilon,173,700,0,600,SUCCESS
SYNC,epsilon,174,700,0,600,SUCCESS
SYNC,epsilon,175,700,0,600,SUCCESS
SYNC,epsilon,176,700,0,700,SUCCESS
SYNC,epsilon,177,700,0,600,SUCCESS
SYNC,epsilon,178,700,0,600,SUCCESS
SYNC,epsilon,179,700,0,700,SUCCESS
SYNC,epsilon,180,700,0,600,SUCCESS
SYNC,epsilon,181,700,0,700,SUCCESS
SYNC,epsilon,182,700,0,700,SUCCESS
SYNC,epsilon,183,600,0,600,SUCCESS
SYNC,epsilon,184,700,0,600,SUCCESS
SYNC,epsilon,185,700,0,700,SUCCESS
SYNC,epsilon,186,700,0,700,SUCCESS
SYNC,epsilon,187,700,0,600,SUCCESS
SYNC,epsilon,188,700,0,700,SUCCESS
SYNC,epsilon,189,700,0,600,SUCCESS
SYNC,epsilon,190,700,0,600,SUCCESS
SYNC,epsilon,191,700,0,700,SUCCESS
SYNC,epsilon,192,700,0,600,SUCCESS
SYNC,epsilon,193,600,0,600,SUCCESS
SYNC,epsilon,194,700,0,700,SUCCESS
SYNC,epsilon,195,700,0,600,SUCCESS
SYNC,epsilon,196,600,0,600,SUCCESS
SYNC,epsilon,197,700,0,700,SUCCESS
SYNC,epsilon,198,700,0,600,SUCCESS
SYNC,epsilon,199,700,0,700,SUCCESS
SYNC,epsilon,200,600,0,600,SUCCESS
SYNC,epsilon,201,700,0,700,SUCCESS
SYNC,epsilon,202,700,0,600,SUCCESS
SYNC,epsilon,203,700,0,600,SUCCESS
SYNC,epsilon,204,700,0,700,SUCCESS
SYNC,epsilon,205,700,0,600,SUCCESS
SYNC,epsilon,206,700,0,600,SUCCESS
SYNC,epsilon,207,700,0,600,SUCCESS
SYNC,epsilon,208,700,0,600,SUCCESS
SYNC,epsilon,209,700,0,700,SUCCESS
SYNC,epsilon,210,700,0,600,SUCCESS
SYNC,epsilon,211,700,0,600,SUCCESS
SYNC,epsilon,212,700,0,600,SUCCESS
SYNC,epsilon,213,700,0,600,SUCCESS
SYNC,epsilon,214,700,0,700,SUCCESS
SYNC,epsilon,215,600,0,600,SUCCESS
SYNC,epsilon,216,700,0,600,SUCCESS
SYNC,epsilon,217,700,0,700,SUCCESS
SYNC,epsilon,218,700,0,600,SUCCESS
SYNC,epsilon,219,700,0,600,SUCCESS
SYNC,epsilon,220,700,0,600,SUCCESS
SYNC,epsilon,221,700,0,700,SUCCESS
SYNC,epsilon,222,700,0,600,SUCCESS
SYNC,epsilon,223,700,0,600,SUCCESS
SYNC,epsilon,224,700,0,700,SUCCESS
SYNC,epsilon,225,700,0,700,SUCCESS
SYNC,epsilon,226,700,0,600,SUCCESS
SYNC,epsilon,227,700,0,600,SUCCESS
SYNC,epsilon,228,700,0,700,SUCCESS
SYNC,epsilon,229,600,0,600,SUCCESS
SYNC,epsilon,230,700,0,700,SUCCESS
SYNC,epsilon,231,700,0,600,SUCCESS
SYNC,epsilon,232,700,0,600,SUCCESS
SYNC,epsilon,233,700,0,600,SUCCESS
SYNC,epsilon,234,700,0,600,SUCCESS
SYNC,epsilon,235,700,0,600,SUCCESS
SYNC,epsilon,236,700,0,600,SUCCESS
SYNC,epsilon,237,700,0,600,SUCCESS
SYNC,epsilon,238,700,0,700,SUCCESS
SYNC,epsilon,239,700,0,700,SUCCESS
SYNC,epsilon,240,700,0,600,SUCCESS
SYNC,epsilon,241,700,0,700,SUCCESS
SYNC,epsilon,242,700,0,600,SUCCESS
SYNC,epsilon,243,700,0,700,SUCCESS
SYNC,epsilon,244,700,0,600,SUCCESS
SYNC,epsilon,245,700,0,600,SUCCESS
SYNC,epsilon,246,700,0,700,SUCCESS
SYNC,epsilon,247,600,0,600,SUCCESS
SYNC,epsilon,248,700,0,700,SUCCESS
SYNC,epsilon,249,700,0,600,SUCCESS
SYNC,epsilon,250,700,0,700,SUCCESS
SYNC,epsilon,251,700,0,600,SUCCESS
SYNC,epsilon,252,700,0,600,SUCCESS
SYNC,epsilon,253,700,0,700,SUCCESS
SYNC,epsilon,254,700,0,600,SUCCESS
SYNC,epsilon,255,700,0,600,SUCCESS
SYNC,epsilon,256,700,0,600,SUCCESS
SYNC,epsilon,257,700,0,600,SUCCESS
SYNC,epsilon,258,700,0,600,SUCCESS
SYNC,epsilon,259,700,0,600,SUCCESS
SYNC,epsilon,260,700,0,600,SUCCESS
SYNC,epsilon,261,700,0,600,SUCCESS
SYNC,epsilon,262,700,0,600,SUCCESS
SYNC,epsilon,263,700,0,700,SUCCESS
SYNC,epsilon,264,700,0,600,SUCCESS
SYNC,epsilon,265,700,0,700,SUCCESS
SYNC,epsilon,266,700,0,600,SUCCESS
SYNC,epsilon,267,700,0,600,SUCCESS
SYNC,epsilon,268,600,0,600,SUCCESS
SYNC,epsilon,269,700,0,700,SUCCESS
SYNC,epsilon,270,700,0,600,SUCCESS
SYNC,epsilon,271,700,0,700,SUCCESS
SYNC,epsilon,272,700,0,600,SUCCESS
SYNC,epsilon,273,700,0,600,SUCCESS
SYNC,epsilon,274,700,0,600,SUCCESS
SYNC,epsilon,275,700,0,600,SUCCESS
SYNC,epsilon,276,700,0,700,SUCCESS
SYNC,epsilon,277,700,0,600,SUCCESS
SYNC,epsilon,278,700,0,700,SUCCESS
SYNC,epsilon,279,700,0,600,SUCCESS
SYNC,epsilon,280,700,0,700,SUCCESS
SYNC,epsilon,281,700,0,700,SUCCESS
SYNC,epsilon,282,700,0,700,SUCCESS
SYNC,epsilon,283,700,0,700,SUCCESS
SYNC,epsilon,284,700,0,600,SUCCESS
SYNC,epsilon,285,700,0,700,SUCCESS
SYNC,epsilon,286,700,0,600,SUCCESS
SYNC,epsilon,287,700,0,700,SUCCESS
SYNC,epsilon,288,700,0,600,SUCCESS
SYNC,epsilon,289,700,0,600,SUCCESS
SYNC,epsilon,290,700,0,700,SUCCESS
SYNC,epsilon,291,700,0,700,SUCCESS
SYNC,epsilon,292,700,0,600,SUCCESS
SYNC,epsilon,293,700,0,700,SUCCESS
SYNC,epsilon,294,700,0,600,SUCCESS
SYNC,epsilon,295,700,0,600,SUCCESS
SYNC,epsilon,296,700,0,600,SUCCESS
SYNC,epsilon,297,700,0,600,SUCCESS
SYNC,epsilon,298,700,0,700,SUCCESS
SYNC,epsilon,299,700,0,600,SUCCESS
SYNC,epsilon,300,700,0,700,SUCCESS
SYNC,epsilon,301,600,0,600,SUCCESS
SYNC,epsilon,302,700,0,600,SUCCESS
SYNC,epsilon,303,700,0,600,SUCCESS
SYNC,epsilon,304,700,0,600,SUCCESS
SYNC,epsilon,305,700,0,600,SUCCESS
SYNC,epsilon,306,700,0,600,SUCCESS
SYNC,epsilon,307,700,0,600,SUCCESS
SYNC,epsilon,308,700,0,600,SUCCESS
SYNC,epsilon,309,700,0,700,SUCCESS
SYNC,epsilon,310,600,0,600,SUCCESS
SYNC,epsilon,311,700,0,700,SUCCESS
SYNC,epsilon,312,700,0,600,SUCCESS
SYNC,epsilon,313,700,0,600,SUCCESS
SYNC,epsilon,314,700,0,600,SUCCESS
SYNC,epsilon,315,700,0,700,SUCCESS
SYNC,epsilon,316,700,0,600,SUCCESS
SYNC,epsilon,317,700,0,700,SUCCESS
SYNC,epsilon,318,700,0,600,SUCCESS
SYNC,epsilon,319,700,0,700,SUCCESS
SYNC,epsilon,320,700,0,600,SUCCESS
SYNC,epsilon,321,700,0,600,SUCCESS
SYNC,epsilon,322,700,0,600,SUCCESS
SYNC,epsilon,323,700,0,700,SUCCESS
SYNC,epsilon,324,700,0,600,SUCCESS
SYNC,epsilon,325,700,0,700,SUCCESS
SYNC,epsilon,326,700,0,600,SUCCESS
SYNC,epsilon,327,700,0,700,SUCCESS
SYNC,epsilon,328,700,0,600,SUCCESS
SYNC,epsilon,329,700,0,700,SUCCESS
SYNC,epsilon,330,700,0,600,SUCCESS
SYNC,epsilon,331,700,0,600,SUCCESS
SYNC,epsilon,332,600,0,600,SUCCESS
SYNC,epsilon,333,700,0,700,SUCCESS
SYNC,epsilon,334,600,0,600,SUCCESS
SYNC,epsilon,335,700,0,700,SUCCESS
SYNC,epsilon,336,700,0,600,SUCCESS
SYNC,epsilon,337,700,0,600,SUCCESS
SYNC,epsilon,338,700,0,600,SUCCESS
SYNC,epsilon,339,700,0,700,SUCCESS
SYNC,epsilon,340,700,0,600,SUCCESS
SYNC,epsilon,341,700,0,600,SUCCESS
SYNC,epsilon,342,700,0,700,SUCCESS
SYNC,epsilon,343,700,0,600,SUCCESS
SYNC,epsilon,344,700,0,700,SUCCESS
SYNC,epsilon,345,700,0,600,SUCCESS
SYNC,epsilon,346,700,0,700,SUCCESS
SYNC,epsilon,347,700,0,600,SUCCESS
SYNC,epsilon,348,700,0,700,SUCCESS
SYNC,epsilon,349,700,0,700,SUCCESS
SYNC,epsilon,350,700,0,600,SUCCESS
SYNC,epsilon,351,700,0,600,SUCCESS
SYNC,epsilon,352,700,0,600,SUCCESS
SYNC,epsilon,353,700,0,700,SUCCESS
SYNC,epsilon,354,700,0,600,SUCCESS
SYNC,epsilon,355,700,0,700,SUCCESS
SYNC,epsilon,356,700,0,700,SUCCESS
SYNC,epsilon,357,700,0,600,SUCCESS
SYNC,epsilon,358,700,0,600,SUCCESS
SYNC,epsilon,359,700,0,600,SUCCESS
SYNC,epsilon,360,700,0,600,SUCCESS
SYNC,epsilon,361,700,0,600,SUCCESS
SYNC,epsilon,362,700,0,700,SUCCESS
SYNC,epsilon,363,700,0,600,SUCCESS
SYNC,epsilon,364,700,0,600,SUCCESS
SYNC,epsilon,365,700,0,700,SUCCESS
SYNC,epsilon,366,700,0,600,SUCCESS
SYNC,epsilon,367,700,0,600,SUCCESS
SYNC,epsilon,368,700,0,700,SUCCESS
SYNC,epsilon,369,700,0,600,SUCCESS
SYNC,epsilon,370,700,0,700,SUCCESS
SYNC,epsilon,371,700,0,600,SUCCESS
SYNC,epsilon,372,700,0,600,SUCCESS
SYNC,epsilon,373,700,0,700,SUCCESS
SYNC,epsilon,374,700,0,600,SUCCESS
SYNC,epsilon,375,700,0,700,SUCCESS
SYNC,epsilon,376,700,0,600,SUCCESS
SYNC,epsilon,377,700,0,600,SUCCESS
SYNC,epsilon,378,700,0,700,SUCCESS
SYNC,epsilon,379,700,0,600,SUCCESS
SYNC,epsilon,380,700,0,700,SUCCESS
SYNC,epsilon,381,700,0,600,SUCCESS
SYNC,epsilon,382,700,0,700,SUCCESS
SYNC,epsilon,383,700,0,600,SUCCESS
SYNC,epsilon,384,700,0,700,SUCCESS
SYNC,epsilon,385,700,0,600,SUCCESS
SYNC,epsilon,386,700,0,600,SUCCESS
SYNC,epsilon,387,700,0,700,SUCCESS
SYNC,epsilon,388,700,0,600,SUCCESS
SYNC,epsilon,389,700,0,700,SUCCESS
SYNC,epsilon,390,700,0,600,SUCCESS
SYNC,epsilon,391,700,0,600,SUCCESS
SYNC,epsilon,392,700,0,600,SUCCESS
SYNC,epsilon,393,700,0,600,SUCCESS
SYNC,epsilon,394,700,0,700,SUCCESS
SYNC,epsilon,395,700,0,600,SUCCESS
SYNC,epsilon,396,700,0,600,SUCCESS
SYNC,epsilon,397,700,0,600,SUCCESS
SYNC,epsilon,398,700,0,600,SUCCESS
SYNC,epsilon,399,700,0,600,SUCCESS
SYNC,epsilon,400,700,0,700,SUCCESS
SYNC,epsilon,401,700,0,700,SUCCESS
SYNC,epsilon,402,700,0,600,SUCCESS
SYNC,epsilon,403,700,0,700,SUCCESS
SYNC,epsilon,404,700,0,600,SUCCESS
SYNC,epsilon,405,700,0,700,SUCCESS
SYNC,epsilon,406,600,0,600,SUCCESS
SYNC,epsilon,407,700,0,700,SUCCESS
SYNC,epsilon,408,600,0,600,SUCCESS
SYNC,epsilon,409,700,0,600,SUCCESS
SYNC,epsilon,410,700,0,600,SUCCESS
SYNC,epsilon,411,700,0,600,SUCCESS
SYNC,epsilon,412,700,0,600,SUCCESS
SYNC,epsilon,413,700,0,600,SUCCESS
SYNC,epsilon,414,700,0,700,SUCCESS
SYNC,epsilon,415,700,0,600,SUCCESS
SYNC,epsilon,416,700,0,600,SUCCESS
SYNC,epsilon,417,700,0,700,SUCCESS
SYNC,epsilon,418,700,0,600,SUCCESS
SYNC,epsilon,419,700,0,600,SUCCESS
SYNC,epsilon,420,700,0,600,SUCCESS
SYNC,epsilon,421,700,0,600,SUCCESS
SYNC,epsilon,422,700,0,700,SUCCESS
SYNC,epsilon,423,700,0,600,SUCCESS
SYNC,epsilon,424,700,0,700,SUCCESS
SYNC,epsilon,425,700,0,600,SUCCESS
SYNC,epsilon,426,700,0,700,SUCCESS
SYNC,epsilon,427,700,0,600,SUCCESS
SYNC,epsilon,428,700,0,700,SUCCESS
SYNC,epsilon,429,700,0,600,SUCCESS
SYNC,epsilon,430,700,0,600,SUCCESS
SYNC,epsilon,431,700,0,600,SUCCESS
SYNC,epsilon,432,700,0,600,SUCCESS
SYNC,epsilon,433,700,0,600,SUCCESS
SYNC,epsilon,434,700,0,600,SUCCESS
SYNC,epsilon,435,700,0,700,SUCCESS
SYNC,epsilon,436,700,0,600,SUCCESS
SYNC,epsilon,437,700,0,700,SUCCESS
SYNC,epsilon,438,700,0,600,SUCCESS
SYNC,epsilon,439,700,0,600,SUCCESS
SYNC,epsilon,440,700,0,600,SUCCESS
SYNC,epsilon,441,700,0,600,SUCCESS
SYNC,epsilon,442,700,0,600,SUCCESS
SYNC,epsilon,443,700,0,700,SUCCESS
SYNC,epsilon,444,700,0,600,SUCCESS
SYNC,epsilon,445,700,0,700,SUCCESS
SYNC,epsilon,446,700,0,600,SUCCESS
SYNC,epsilon,447,700,0,600,SUCCESS
SYNC,epsilon,448,700,0,600,SUCCESS
SYNC,epsilon,449,700,0,600,SUCCESS
SYNC,epsilon,450,700,0,600,SUCCESS
SYNC,epsilon,451,700,0,600,SUCCESS
SYNC,epsilon,452,700,0,700,SUCCESS
SYNC,epsilon,453,700,0,700,SUCCESS
SYNC,epsilon,454,700,0,600,SUCCESS
SYNC,epsilon,455,700,0,700,SUCCESS
SYNC,epsilon,456,700,0,600,SUCCESS
SYNC,epsilon,457,700,0,600,SUCCESS
SYNC,epsilon,458,700,0,600,SUCCESS
SYNC,epsilon,459,700,0,700,SUCCESS
SYNC,epsilon,460,700,0,600,SUCCESS
SYNC,epsilon,461,700,0,700,SUCCESS
SYNC,epsilon,462,700,0,600,SUCCESS
SYNC,epsilon,463,700,0,600,SUCCESS
SYNC,epsilon,464,700,0,700,SUCCESS
SYNC,epsilon,465,700,0,600,SUCCESS
SYNC,epsilon,466,700,0,700,SUCCESS
SYNC,epsilon,467,700,0,600,SUCCESS
SYNC,epsilon,468,700,0,700,SUCCESS
SYNC,epsilon,469,700,0,600,SUCCESS
SYNC,epsilon,470,700,0,700,SUCCESS
SYNC,epsilon,471,700,0,600,SUCCESS
SYNC,epsilon,472,700,0,600,SUCCESS
SYNC,epsilon,473,600,0,600,SUCCESS
SYNC,epsilon,474,700,0,600,SUCCESS
SYNC,epsilon,475,700,0,700,SUCCESS
SYNC,epsilon,476,700,0,700,SUCCESS
SYNC,epsilon,477,700,0,600,SUCCESS
SYNC,epsilon,478,700,0,700,SUCCESS
SYNC,epsilon,479,700,0,600,SUCCESS
SYNC,epsilon,480,700,0,700,SUCCESS
SYNC,epsilon,481,700,0,600,SUCCESS
SYNC,epsilon,482,700,0,600,SUCCESS
SYNC,epsilon,483,700,0,600,SUCCESS
SYNC,epsilon,484,700,0,600,SUCCESS
SYNC,epsilon,485,700,0,700,SUCCESS
SYNC,epsilon,486,700,0,600,SUCCESS
SYNC,epsilon,487,700,0,600,SUCCESS
SYNC,epsilon,488,700,0,600,SUCCESS
SYNC,epsilon,489,700,0,600,SUCCESS
SYNC,epsilon,490,700,0,600,SUCCESS
SYNC,epsilon,491,700,0,700,SUCCESS
SYNC,epsilon,492,700,0,600,SUCCESS
SYNC,epsilon,493,700,0,700,SUCCESS
SYNC,epsilon,494,700,0,600,SUCCESS
SYNC,epsilon,495,700,0,700,SUCCESS
SYNC,epsilon,496,700,0,600,SUCCESS
SYNC,epsilon,497,700,0,700,SUCCESS
SYNC,epsilon,498,700,0,600,SUCCESS
SYNC,epsilon,499,700,0,600,SUCCESS
SYNC,epsilon,500,700,0,600,SUCCESS
SYNC,epsilon,501,700,0,700,SUCCESS
SYNC,epsilon,502,700,0,600,SUCCESS
SYNC,epsilon,503,700,0,700,SUCCESS
SYNC,epsilon,504,700,0,700,SUCCESS
SYNC,epsilon,505,700,0,700,SUCCESS
SYNC,epsilon,506,700,0,600,SUCCESS
SYNC,epsilon,507,700,0,600,SUCCESS
SYNC,epsilon,508,700,0,600,SUCCESS
SYNC,epsilon,509,700,0,700,SUCCESS
SYNC,epsilon,510,700,0,700,SUCCESS
SYNC,epsilon,511,700,0,600,SUCCESS
SYNC,epsilon,512,700,0,600,SUCCESS
SYNC,epsilon,513,700,0,600,SUCCESS
SYNC,epsilon,514,700,0,700,SUCCESS
SYNC,epsilon,515,700,0,600,SUCCESS
SYNC,epsilon,516,700,0,700,SUCCESS
SYNC,epsilon,517,700,0,600,SUCCESS
SYNC,epsilon,518,700,0,600,SUCCESS
SYNC,epsilon,519,700,0,700,SUCCESS
SYNC,epsilon,520,600,0,600,SUCCESS
SYNC,epsilon,521,700,0,700,SUCCESS
SYNC,epsilon,522,700,0,600,SUCCESS
SYNC,epsilon,523,700,0,600,SUCCESS
SYNC,epsilon,524,700,0,600,SUCCESS
SYNC,epsilon,525,700,0,600,SUCCESS
SYNC,epsilon,526,700,0,600,SUCCESS
SYNC,epsilon,527,700,0,600,SUCCESS
SYNC,epsilon,528,700,0,600,SUCCESS
SYNC,epsilon,529,700,0,600,SUCCESS
SYNC,epsilon,530,700,0,600,SUCCESS
SYNC,epsilon,531,700,0,700,SUCCESS
SYNC,epsilon,532,700,0,600,SUCCESS
SYNC,epsilon,533,700,0,700,SUCCESS
SYNC,epsilon,534,600,0,600,SUCCESS
SYNC,epsilon,535,700,0,700,SUCCESS
SYNC,epsilon,536,700,0,600,SUCCESS
SYNC,epsilon,537,700,0,600,SUCCESS
SYNC,epsilon,538,700,0,700,SUCCESS
SYNC,epsilon,539,600,0,600,SUCCESS
SYNC,epsilon,540,700,0,700,SUCCESS
SYNC,epsilon,541,700,0,600,SUCCESS
SYNC,epsilon,542,700,0,600,SUCCESS
SYNC,epsilon,543,700,0,700,SUCCESS
SYNC,epsilon,544,700,0,600,SUCCESS
SYNC,epsilon,545,700,0,600,SUCCESS
SYNC,epsilon,546,700,0,700,SUCCESS
SYNC,epsilon,547,700,0,600,SUCCESS
SYNC,epsilon,548,700,0,700,SUCCESS
SYNC,epsilon,549,700,0,700,SUCCESS
SYNC,epsilon,550,700,0,600,SUCCESS
SYNC,epsilon,551,700,0,700,SUCCESS
SYNC,epsilon,552,600,0,600,SUCCESS
SYNC,epsilon,553,700,0,700,SUCCESS
SYNC,epsilon,554,700,0,600,SUCCESS
SYNC,epsilon,555,700,0,600,SUCCESS
SYNC,epsilon,556,700,0,600,SUCCESS
SYNC,epsilon,557,700,0,600,SUCCESS
SYNC,epsilon,558,700,0,600,SUCCESS
SYNC,epsilon,559,700,0,600,SUCCESS
SYNC,epsilon,560,700,0,600,SUCCESS
SYNC,epsilon,561,700,0,700,SUCCESS
SYNC,epsilon,562,700,0,600,SUCCESS
SYNC,epsilon,563,700,0,700,SUCCESS
SYNC,epsilon,564,700,0,600,SUCCESS
SYNC,epsilon,565,700,0,600,SUCCESS
SYNC,epsilon,566,700,0,700,SUCCESS
SYNC,epsilon,567,700,0,700,SUCCESS
SYNC,epsilon,568,800,0,600,SUCCESS
SYNC,epsilon,569,700,0,600,SUCCESS
SYNC,epsilon,570,700,0,600,SUCCESS
SYNC,epsilon,571,700,0,600,SUCCESS
SYNC,epsilon,572,700,0,600,SUCCESS
SYNC,epsilon,573,700,0,600,SUCCESS
SYNC,epsilon,574,700,0,600,SUCCESS
SYNC,epsilon,575,700,0,600,SUCCESS
SYNC,epsilon,576,700,0,600,SUCCESS
SYNC,epsilon,577,700,0,600,SUCCESS
SYNC,epsilon,578,700,0,600,SUCCESS
SYNC,epsilon,579,700,0,600,SUCCESS
SYNC,epsilon,580,700,0,600,SUCCESS
SYNC,epsilon,581,700,0,600,SUCCESS
SYNC,epsilon,582,700,0,600,SUCCESS
SYNC,epsilon,583,700,0,700,SUCCESS
SYNC,epsilon,584,700,0,600,SUCCESS
SYNC,epsilon,585,700,0,700,SUCCESS
SYNC,epsilon,586,700,0,600,SUCCESS
SYNC,epsilon,587,700,0,600,SUCCESS
SYNC,epsilon,588,700,0,700,SUCCESS
SYNC,epsilon,589,700,0,600,SUCCESS
SYNC,epsilon,590,700,0,600,SUCCESS
SYNC,epsilon,591,700,0,700,SUCCESS
SYNC,epsilon,592,600,0,600,SUCCESS
SYNC,epsilon,593,700,0,700,SUCCESS
SYNC,epsilon,594,700,0,600,SUCCESS
SYNC,epsilon,595,700,0,600,SUCCESS
SYNC,epsilon,596,700,0,600,SUCCESS
SYNC,epsilon,597,700,0,600,SUCCESS
SYNC,epsilon,598,700,0,700,SUCCESS
SYNC,epsilon,599,700,0,600,SUCCESS
SYNC,epsilon,600,700,0,600,SUCCESS
SYNC,epsilon,601,700,0,700,SUCCESS
SYNC,epsilon,602,700,0,600,SUCCESS
SYNC,epsilon,603,700,0,600,SUCCESS
SYNC,epsilon,604,700,0,700,SUCCESS
SYNC,epsilon,605,700,0,600,SUCCESS
SYNC,epsilon,606,700,0,600,SUCCESS
SYNC,epsilon,607,700,0,700,SUCCESS
SYNC,epsilon,608,700,0,600,SUCCESS
SYNC,epsilon,609,700,0,600,SUCCESS
SYNC,epsilon,610,700,0,700,SUCCESS
SYNC,epsilon,611,700,0,600,SUCCESS
SYNC,epsilon,612,700,0,600,SUCCESS
SYNC,epsilon,613,700,0,600,SUCCESS
SYNC,epsilon,614,700,0,600,SUCCESS
SYNC,epsilon,615,700,0,700,SUCCESS
SYNC,epsilon,616,700,0,600,SUCCESS
SYNC,epsilon,617,700,0,600,SUCCESS
SYNC,epsilon,618,700,0,700,SUCCESS
SYNC,epsilon,619,700,0,600,SUCCESS
SYNC,epsilon,620,700,0,700,SUCCESS
SYNC,epsilon,621,700,0,600,SUCCESS
SYNC,epsilon,622,700,0,600,SUCCESS
SYNC,epsilon,623,700,0,700,SUCCESS
SYNC,epsilon,624,700,0,600,SUCCESS
SYNC,epsilon,625,700,0,600,SUCCESS
SYNC,epsilon,626,700,0,700,SUCCESS
SYNC,epsilon,627,600,0,600,SUCCESS
SYNC,epsilon,628,700,0,700,SUCCESS
SYNC,epsilon,629,700,0,600,SUCCESS
SYNC,epsilon,630,700,0,600,SUCCESS
SYNC,epsilon,631,700,0,700,SUCCESS
SYNC,epsilon,632,700,0,600,SUCCESS
SYNC,epsilon,633,700,0,600,SUCCESS
SYNC,epsilon,634,700,0,700,SUCCESS
SYNC,epsilon,635,700,0,600,SUCCESS
SYNC,epsilon,636,700,0,700,SUCCESS
SYNC,epsilon,637,700,0,700,SUCCESS
SYNC,epsilon,638,700,0,600,SUCCESS
SYNC,epsilon,639,700,0,600,SUCCESS
SYNC,epsilon,640,700,0,600,SUCCESS
SYNC,epsilon,641,700,0,600,SUCCESS
SYNC,epsilon,642,700,0,600,SUCCESS
SYNC,epsilon,643,700,0,600,SUCCESS
SYNC,epsilon,644,700,0,700,SUCCESS
SYNC,epsilon,645,600,0,600,SUCCESS
SYNC,epsilon,646,700,0,600,SUCCESS
SYNC,epsilon,647,700,0,700,SUCCESS
SYNC,epsilon,648,700,0,600,SUCCESS
SYNC,epsilon,649,700,0,700,SUCCESS
SYNC,epsilon,650,700,0,600,SUCCESS
SYNC,epsilon,651,700,0,600,SUCCESS
SYNC,epsilon,652,700,0,600,SUCCESS
SYNC,epsilon,653,700,0,700,SUCCESS
SYNC,epsilon,654,700,0,600,SUCCESS
SYNC,epsilon,655,700,0,600,SUCCESS
SYNC,epsilon,656,700,0,700,SUCCESS
SYNC,epsilon,657,700,0,700,SUCCESS
SYNC,epsilon,658,700,0,600,SUCCESS
SYNC,epsilon,659,700,0,600,SUCCESS
SYNC,epsilon,660,700,0,700,SUCCESS
SYNC,epsilon,661,700,0,600,SUCCESS
SYNC,epsilon,662,700,0,600,SUCCESS
SYNC,epsilon,663,700,0,700,SUCCESS
SYNC,epsilon,664,600,0,600,SUCCESS
SYNC,epsilon,665,700,0,600,SUCCESS
SYNC,epsilon,666,700,0,700,SUCCESS
SYNC,epsilon,667,700,0,600,SUCCESS
SYNC,epsilon,668,700,0,600,SUCCESS
SYNC,epsilon,669,700,0,700,SUCCESS
SYNC,epsilon,670,700,0,600,SUCCESS
SYNC,epsilon,671,700,0,600,SUCCESS
SYNC,epsilon,672,700,0,700,SUCCESS
SYNC,epsilon,673,700,0,600,SUCCESS
SYNC,epsilon,674,700,0,600,SUCCESS
SYNC,epsilon,675,700,0,600,SUCCESS
SYNC,epsilon,676,700,0,600,SUCCESS
SYNC,epsilon,677,700,0,600,SUCCESS
SYNC,epsilon,678,700,0,600,SUCCESS
SYNC,epsilon,679,700,0,600,SUCCESS
SYNC,epsilon,680,700,0,600,SUCCESS
SYNC,epsilon,681,700,0,600,SUCCESS
SYNC,epsilon,682,700,0,700,SUCCESS
SYNC,epsilon,683,600,0,600,SUCCESS
SYNC,epsilon,684,700,0,700,SUCCESS
SYNC,epsilon,685,700,0,600,SUCCESS
SYNC,epsilon,686,700,0,600,SUCCESS
SYNC,epsilon,687,700,0,600,SUCCESS
SYNC,epsilon,688,700,0,700,SUCCESS
SYNC,epsilon,689,700,0,700,SUCCESS
SYNC,epsilon,690,700,0,600,SUCCESS
SYNC,epsilon,691,700,0,700,SUCCESS
SYNC,epsilon,692,700,0,600,SUCCESS
SYNC,epsilon,693,700,0,700,SUCCESS
SYNC,epsilon,694,700,0,600,SUCCESS
SYNC,epsilon,695,700,0,600,SUCCESS
SYNC,epsilon,696,700,0,600,SUCCESS
SYNC,epsilon,697,700,0,600,SUCCESS
SYNC,epsilon,698,600,0,600,SUCCESS
SYNC,epsilon,699,700,0,600,SUCCESS
SYNC,epsilon,700,700,0,700,SUCCESS
SYNC,epsilon,701,700,0,600,SUCCESS
SYNC,epsilon,702,700,0,600,SUCCESS
SYNC,epsilon,703,700,0,600,SUCCESS
SYNC,epsilon,704,700,0,600,SUCCESS
SYNC,epsilon,705,700,0,600,SUCCESS
SYNC,epsilon,706,700,0,600,SUCCESS
SYNC,epsilon,707,700,0,600,SUCCESS
SYNC,epsilon,708,600,0,600,SUCCESS
SYNC,epsilon,709,700,0,600,SUCCESS
SYNC,epsilon,710,700,0,700,SUCCESS
SYNC,epsilon,711,700,0,600,SUCCESS
SYNC,epsilon,712,700,0,700,SUCCESS
SYNC,epsilon,713,700,0,600,SUCCESS
SYNC,epsilon,714,700,0,700,SUCCESS
SYNC,epsilon,715,600,0,600,SUCCESS
SYNC,epsilon,716,700,0,600,SUCCESS
SYNC,epsilon,717,700,0,600,SUCCESS
SYNC,epsilon,718,700,0,600,SUCCESS
SYNC,epsilon,719,700,0,700,SUCCESS
SYNC,epsilon,720,700,0,700,SUCCESS
SYNC,epsilon,721,700,0,600,SUCCESS
SYNC,epsilon,722,700,0,600,SUCCESS
SYNC,epsilon,723,700,0,700,SUCCESS
SYNC,epsilon,724,700,0,600,SUCCESS
SYNC,epsilon,725,700,0,600,SUCCESS
SYNC,epsilon,726,700,0,700,SUCCESS
SYNC,epsilon,727,700,0,600,SUCCESS
SYNC,epsilon,728,700,0,600,SUCCESS
SYNC,epsilon,729,700,0,700,SUCCESS
SYNC,epsilon,730,700,0,700,SUCCESS
SYNC,epsilon,731,700,0,700,SUCCESS
SYNC,epsilon,732,700,0,600,SUCCESS
SYNC,epsilon,733,600,0,600,SUCCESS
SYNC,epsilon,734,700,0,700,SUCCESS
SYNC,epsilon,735,700,0,600,SUCCESS
SYNC,epsilon,736,700,0,600,SUCCESS
SYNC,epsilon,737,700,0,700,SUCCESS
SYNC,epsilon,738,700,0,600,SUCCESS
SYNC,epsilon,739,700,0,600,SUCCESS
SYNC,epsilon,740,700,0,700,SUCCESS
SYNC,epsilon,741,600,0,600,SUCCESS
SYNC,epsilon,742,700,0,600,SUCCESS
SYNC,epsilon,743,700,0,700,SUCCESS
SYNC,epsilon,744,600,0,600,SUCCESS
SYNC,epsilon,745,700,0,600,SUCCESS
SYNC,epsilon,746,700,0,700,SUCCESS
SYNC,epsilon,747,700,0,600,SUCCESS
SYNC,epsilon,748,700,0,700,SUCCESS
SYNC,epsilon,749,700,0,600,SUCCESS
SYNC,epsilon,750,700,0,600,SUCCESS
SYNC,epsilon,751,700,0,600,SUCCESS
SYNC,epsilon,752,700,0,600,SUCCESS
SYNC,epsilon,753,700,0,600,SUCCESS
SYNC,epsilon,754,700,0,600,SUCCESS
SYNC,epsilon,755,700,0,600,SUCCESS
SYNC,epsilon,756,700,0,600,SUCCESS
SYNC,epsilon,757,700,0,700,SUCCESS
SYNC,epsilon,758,700,0,600,SUCCESS
SYNC,epsilon,759,700,0,600,SUCCESS
SYNC,epsilon,760,700,0,600,SUCCESS
SYNC,epsilon,761,700,0,600,SUCCESS
SYNC,epsilon,762,700,0,700,SUCCESS
SYNC,epsilon,763,700,0,600,SUCCESS
SYNC,epsilon,764,700,0,600,SUCCESS
SYNC,epsilon,765,700,0,600,SUCCESS
SYNC,epsilon,766,700,0,600,SUCCESS
SYNC,epsilon,767,700,0,700,SUCCESS
SYNC,epsilon,768,700,0,600,SUCCESS
SYNC,epsilon,769,700,0,600,SUCCESS
SYNC,epsilon,770,700,0,700,SUCCESS
SYNC,epsilon,771,700,0,600,SUCCESS
SYNC,epsilon,772,700,0,600,SUCCESS
SYNC,epsilon,773,700,0,700,SUCCESS
SYNC,epsilon,774,600,0,600,SUCCESS
SYNC,epsilon,775,700,0,700,SUCCESS
SYNC,epsilon,776,700,0,700,SUCCESS
SYNC,epsilon,777,700,0,600,SUCCESS
SYNC,epsilon,778,700,0,600,SUCCESS
SYNC,epsilon,779,700,0,600,SUCCESS
SYNC,epsilon,780,700,0,600,SUCCESS
SYNC,epsilon,781,600,0,600,SUCCESS
SYNC,epsilon,782,700,0,700,SUCCESS
SYNC,epsilon,783,700,0,700,SUCCESS
SYNC,epsilon,784,600,0,600,SUCCESS
SYNC,epsilon,785,700,0,700,SUCCESS
SYNC,epsilon,786,700,0,600,SUCCESS
SYNC,epsilon,787,600,0,600,SUCCESS
SYNC,epsilon,788,700,0,700,SUCCESS
SYNC,epsilon,789,700,0,700,SUCCESS
SYNC,epsilon,790,700,0,600,SUCCESS
SYNC,epsilon,791,700,0,600,SUCCESS
SYNC,epsilon,792,700,0,700,SUCCESS
SYNC,epsilon,793,700,0,600,SUCCESS
SYNC,epsilon,794,700,0,600,SUCCESS
SYNC,epsilon,795,700,0,600,SUCCESS
SYNC,epsilon,796,700,0,700,SUCCESS
SYNC,epsilon,797,700,0,600,SUCCESS
SYNC,epsilon,798,700,0,600,SUCCESS
SYNC,epsilon,799,700,0,600,SUCCESS
SYNC,epsilon,800,700,0,600,SUCCESS
SYNC,epsilon,801,600,0,600,SUCCESS
SYNC,epsilon,802,700,0,700,SUCCESS
SYNC,epsilon,803,700,0,600,SUCCESS
SYNC,epsilon,804,700,0,700,SUCCESS
SYNC,epsilon,805,700,0,600,SUCCESS
SYNC,epsilon,806,700,0,600,SUCCESS
SYNC,epsilon,807,700,0,700,SUCCESS
SYNC,epsilon,808,700,0,600,SUCCESS
SYNC,epsilon,809,700,0,600,SUCCESS
SYNC,epsilon,810,700,0,600,SUCCESS
SYNC,epsilon,811,700,0,600,SUCCESS
SYNC,epsilon,812,700,0,600,SUCCESS
SYNC,epsilon,813,700,0,600,SUCCESS
SYNC,epsilon,814,700,0,700,SUCCESS
SYNC,epsilon,815,600,0,600,SUCCESS
SYNC,epsilon,816,700,0,700,SUCCESS
SYNC,epsilon,817,700,0,600,SUCCESS
SYNC,epsilon,818,700,0,600,SUCCESS
SYNC,epsilon,819,700,0,700,SUCCESS
SYNC,epsilon,820,700,0,600,SUCCESS
SYNC,epsilon,821,700,0,600,SUCCESS
SYNC,epsilon,822,700,0,600,SUCCESS
SYNC,epsilon,823,700,0,600,SUCCESS
SYNC,epsilon,824,700,0,700,SUCCESS
SYNC,epsilon,825,700,0,600,SUCCESS
SYNC,epsilon,826,700,0,600,SUCCESS
SYNC,epsilon,827,700,0,600,SUCCESS
SYNC,epsilon,828,700,0,700,SUCCESS
SYNC,epsilon,829,700,0,600,SUCCESS
SYNC,epsilon,830,700,0,600,SUCCESS
SYNC,epsilon,831,700,0,700,SUCCESS
SYNC,epsilon,832,700,0,600,SUCCESS
SYNC,epsilon,833,700,0,600,SUCCESS
SYNC,epsilon,834,700,0,700,SUCCESS
SYNC,epsilon,835,700,0,600,SUCCESS
SYNC,epsilon,836,700,0,600,SUCCESS
SYNC,epsilon,837,700,0,600,SUCCESS
SYNC,epsilon,838,700,0,700,SUCCESS
SYNC,epsilon,839,700,0,600,SUCCESS
SYNC,epsilon,840,700,0,700,SUCCESS
SYNC,epsilon,841,700,0,600,SUCCESS
SYNC,epsilon,842,700,0,700,SUCCESS
SYNC,epsilon,843,600,0,600,SUCCESS
SYNC,epsilon,844,700,0,600,SUCCESS
SYNC,epsilon,845,700,0,700,SUCCESS
SYNC,epsilon,846,700,0,700,SUCCESS
SYNC,epsilon,847,700,0,600,SUCCESS
SYNC,epsilon,848,700,0,700,SUCCESS
SYNC,epsilon,849,700,0,700,SUCCESS
SYNC,epsilon,850,700,0,600,SUCCESS
SYNC,epsilon,851,700,0,700,SUCCESS
SYNC,epsilon,852,700,0,600,SUCCESS
SYNC,epsilon,853,700,0,600,SUCCESS
SYNC,epsilon,854,700,0,700,SUCCESS
SYNC,epsilon,855,700,0,600,SUCCESS
SYNC,epsilon,856,700,0,600,SUCCESS
SYNC,epsilon,857,700,0,700,SUCCESS
SYNC,epsilon,858,600,0,600,SUCCESS
SYNC,epsilon,859,700,0,700,SUCCESS
SYNC,epsilon,860,700,0,600,SUCCESS
SYNC,epsilon,861,700,0,600,SUCCESS
SYNC,epsilon,862,700,0,700,SUCCESS
SYNC,epsilon,863,700,0,600,SUCCESS
SYNC,epsilon,864,700,0,600,SUCCESS
SYNC,epsilon,865,700,0,700,SUCCESS
SYNC,epsilon,866,700,0,600,SUCCESS
SYNC,epsilon,867,700,0,700,SUCCESS
SYNC,epsilon,868,700,0,600,SUCCESS
SYNC,epsilon,869,700,0,600,SUCCESS
SYNC,epsilon,870,700,0,700,SUCCESS
SYNC,epsilon,871,600,0,600,SUCCESS
SYNC,epsilon,872,700,0,600,SUCCESS
SYNC,epsilon,873,700,0,600,SUCCESS
SYNC,epsilon,874,700,0,600,SUCCESS
SYNC,epsilon,875,700,0,600,SUCCESS
SYNC,epsilon,876,600,0,600,SUCCESS
SYNC,epsilon,877,700,0,600,SUCCESS
SYNC,epsilon,878,700,0,600,SUCCESS
SYNC,epsilon,879,700,0,600,SUCCESS
SYNC,epsilon,880,700,0,600,SUCCESS
SYNC,epsilon,881,700,0,700,SUCCESS
SYNC,epsilon,882,700,0,600,SUCCESS
SYNC,epsilon,883,700,0,600,SUCCESS
SYNC,epsilon,884,700,0,600,SUCCESS
SYNC,epsilon,885,700,0,600,SUCCESS
SYNC,epsilon,886,700,0,600,SUCCESS
SYNC,epsilon,887,700,0,600,SUCCESS
SYNC,epsilon,888,700,0,700,SUCCESS
SYNC,epsilon,889,700,0,600,SUCCESS
SYNC,epsilon,890,700,0,600,SUCCESS
SYNC,epsilon,891,700,0,600,SUCCESS
SYNC,epsilon,892,700,0,600,SUCCESS
SYNC,epsilon,893,700,0,600,SUCCESS
SYNC,epsilon,894,700,0,700,SUCCESS
SYNC,epsilon,895,700,0,600,SUCCESS
SYNC,epsilon,896,700,0,600,SUCCESS
SYNC,epsilon,897,700,0,600,SUCCESS
SYNC,epsilon,898,700,0,700,SUCCESS
SYNC,epsilon,899,700,0,600,SUCCESS
SYNC,epsilon,900,700,0,700,SUCCESS
SYNC,epsilon,901,700,0,600,SUCCESS
SYNC,epsilon,902,700,0,600,SUCCESS
SYNC,epsilon,903,700,0,600,SUCCESS
SYNC,epsilon,904,700,0,700,SUCCESS
SYNC,epsilon,905,700,0,600,SUCCESS
SYNC,epsilon,906,700,0,600,SUCCESS
SYNC,epsilon,907,700,0,600,SUCCESS
SYNC,epsilon,908,700,0,700,SUCCESS
SYNC,epsilon,909,700,0,600,SUCCESS
SYNC,epsilon,910,700,0,600,SUCCESS
SYNC,epsilon,911,700,0,700,SUCCESS
SYNC,epsilon,912,700,0,600,SUCCESS
SYNC,epsilon,913,700,0,700,SUCCESS
SYNC,epsilon,914,700,0,600,SUCCESS
SYNC,epsilon,915,700,0,600,SUCCESS
SYNC,epsilon,916,700,0,700,SUCCESS
SYNC,epsilon,917,700,0,600,SUCCESS
SYNC,epsilon,918,700,0,600,SUCCESS
SYNC,epsilon,919,700,0,700,SUCCESS
SYNC,epsilon,920,600,0,600,SUCCESS
SYNC,epsilon,921,700,0,700,SUCCESS
SYNC,epsilon,922,700,0,600,SUCCESS
SYNC,epsilon,923,700,0,600,SUCCESS
SYNC,epsilon,924,700,0,700,SUCCESS
SYNC,epsilon,925,700,0,600,SUCCESS
SYNC,epsilon,926,700,0,600,SUCCESS
SYNC,epsilon,927,700,0,600,SUCCESS
SYNC,epsilon,928,700,0,600,SUCCESS
SYNC,epsilon,929,700,0,600,SUCCESS
SYNC,epsilon,930,700,0,600,SUCCESS
SYNC,epsilon,931,700,0,700,SUCCESS
SYNC,epsilon,932,700,0,600,SUCCESS
SYNC,epsilon,933,700,0,600,SUCCESS
SYNC,epsilon,934,700,0,600,SUCCESS
SYNC,epsilon,935,700,0,700,SUCCESS
SYNC,epsilon,936,700,0,600,SUCCESS
SYNC,epsilon,937,700,0,600,SUCCESS
SYNC,epsilon,938,700,0,700,SUCCESS
SYNC,epsilon,939,700,0,600,SUCCESS
SYNC,epsilon,940,700,0,600,SUCCESS
SYNC,epsilon,941,700,0,600,SUCCESS
SYNC,epsilon,942,700,0,600,SUCCESS
SYNC,epsilon,943,700,0,600,SUCCESS
SYNC,epsilon,944,700,0,700,SUCCESS
SYNC,epsilon,945,600,0,600,SUCCESS
SYNC,epsilon,946,700,0,600,SUCCESS
SYNC,epsilon,947,700,0,600,SUCCESS
SYNC,epsilon,948,700,0,600,SUCCESS
SYNC,epsilon,949,700,0,600,SUCCESS
SYNC,epsilon,950,700,0,600,SUCCESS
SYNC,epsilon,951,700,0,700,SUCCESS
SYNC,epsilon,952,600,0,600,SUCCESS
SYNC,epsilon,953,700,0,600,SUCCESS
SYNC,epsilon,954,700,0,600,SUCCESS
SYNC,epsilon,955,700,0,600,SUCCESS
SYNC,epsilon,956,700,0,600,SUCCESS
SYNC,epsilon,957,700,0,700,SUCCESS
SYNC,epsilon,958,700,0,600,SUCCESS
SYNC,epsilon,959,700,0,600,SUCCESS
SYNC,epsilon,960,700,0,600,SUCCESS
SYNC,epsilon,961,700,0,600,SUCCESS
SYNC,epsilon,962,700,0,700,SUCCESS
SYNC,epsilon,963,700,0,600,SUCCESS
SYNC,epsilon,964,700,0,600,SUCCESS
SYNC,epsilon,965,700,0,600,SUCCESS
SYNC,epsilon,966,700,0,600,SUCCESS
SYNC,epsilon,967,700,0,700,SUCCESS
SYNC,epsilon,968,700,0,600,SUCCESS
SYNC,epsilon,969,700,0,600,SUCCESS
SYNC,epsilon,970,700,0,600,SUCCESS
SYNC,epsilon,971,700,0,600,SUCCESS
SYNC,epsilon,972,700,0,700,SUCCESS
SYNC,epsilon,973,700,0,600,SUCCESS
SYNC,epsilon,974,700,0,600,SUCCESS
SYNC,epsilon,975,700,0,600,SUCCESS
SYNC,epsilon,976,700,0,600,SUCCESS
SYNC,epsilon,977,700,0,600,SUCCESS
SYNC,epsilon,978,700,0,600,SUCCESS
SYNC,epsilon,979,600,0,600,SUCCESS
SYNC,epsilon,980,700,0,700,SUCCESS
SYNC,epsilon,981,700,0,600,SUCCESS
SYNC,epsilon,982,700,0,600,SUCCESS
SYNC,epsilon,983,700,0,700,SUCCESS
SYNC,epsilon,984,600,0,600,SUCCESS
SYNC,epsilon,985,700,0,600,SUCCESS
SYNC,epsilon,986,700,0,600,SUCCESS
SYNC,epsilon,987,700,0,600,SUCCESS
SYNC,epsilon,988,700,0,600,SUCCESS
SYNC,epsilon,989,700,0,600,SUCCESS
SYNC,epsilon,990,700,0,600,SUCCESS
SYNC,epsilon,991,700,0,600,SUCCESS
SYNC,epsilon,992,700,0,700,SUCCESS
SYNC,epsilon,993,700,0,600,SUCCESS
SYNC,epsilon,994,700,0,600,SUCCESS
SYNC,epsilon,995,700,0,700,SUCCESS
SYNC,epsilon,996,600,0,600,SUCCESS
SYNC,epsilon,997,700,0,600,SUCCESS
SYNC,epsilon,998,700,0,700,SUCCESS
SYNC,epsilon,999,700,0,600,SUCCESS
SYNC,alpha,0,300,0,200,SUCCESS
SYNC,alpha,1,200,0,100,SUCCESS
SYNC,alpha,2,200,0,100,SUCCESS
SYNC,alpha,3,200,0,100,SUCCESS
SYNC,alpha,4,300,0,100,SUCCESS
SYNC,alpha,5,200,0,100,SUCCESS
SYNC,alpha,6,200,0,100,SUCCESS
SYNC,alpha,7,200,0,200,SUCCESS
SYNC,alpha,8,300,0,100,SUCCESS
SYNC,alpha,9,200,0,100,SUCCESS
SYNC,alpha,10,200,0,100,SUCCESS
SYNC,alpha,11,200,0,100,SUCCESS
SYNC,alpha,12,200,0,200,SUCCESS
SYNC,alpha,13,200,0,100,SUCCESS
SYNC,alpha,14,200,0,100,SUCCESS
SYNC,alpha,15,200,0,200,SUCCESS
SYNC,alpha,16,300,0,100,SUCCESS
SYNC,alpha,17,200,0,100,SUCCESS
SYNC,alpha,18,200,0,100,SUCCESS
SYNC,alpha,19,200,0,100,SUCCESS
SYNC,alpha,20,200,0,100,SUCCESS
SYNC,alpha,21,200,0,200,SUCCESS
SYNC,alpha,22,200,0,100,SUCCESS
SYNC,alpha,23,200,0,200,SUCCESS
SYNC,alpha,24,200,0,100,SUCCESS
SYNC,alpha,25,200,0,100,SUCCESS
SYNC,alpha,26,200,0,200,SUCCESS
SYNC,alpha,27,200,0,200,SUCCESS
SYNC,alpha,28,300,0,100,SUCCESS
SYNC,alpha,29,200,0,100,SUCCESS
SYNC,alpha,30,200,0,200,SUCCESS
SYNC,alpha,31,100,0,100,SUCCESS
SYNC,alpha,32,200,0,100,SUCCESS
SYNC,alpha,33,200,0,100,SUCCESS
SYNC,alpha,34,200,0,100,SUCCESS
SYNC,alpha,35,200,0,100,SUCCESS
SYNC,alpha,36,200,0,100,SUCCESS
SYNC,alpha,37,200,0,100,SUCCESS
SYNC,alpha,38,300,0,200,SUCCESS
SYNC,alpha,39,200,0,100,SUCCESS
SYNC,alpha,40,200,0,100,SUCCESS
SYNC,alpha,41,200,0,200,SUCCESS
SYNC,alpha,42,200,0,200,SUCCESS
SYNC,alpha,43,200,0,100,SUCCESS
SYNC,alpha,44,200,0,200,SUCCESS
SYNC,alpha,45,200,0,100,SUCCESS
SYNC,alpha,46,200,0,200,SUCCESS
SYNC,alpha,47,200,0,200,SUCCESS
SYNC,alpha,48,200,0,100,SUCCESS
SYNC,alpha,49,200,0,100,SUCCESS
SYNC,alpha,50,200,0,100,SUCCESS
SYNC,alpha,51,200,0,100,SUCCESS
SYNC,alpha,52,200,0,200,SUCCESS
SYNC,alpha,53,200,0,100,SUCCESS
SYNC,alpha,54,200,0,100,SUCCESS
SYNC,alpha,55,200,0,100,SUCCESS
SYNC,alpha,56,200,0,100,SUCCESS
SYNC,alpha,57,200,0,100,SUCCESS
SYNC,alpha,58,100,0,100,SUCCESS
SYNC,alpha,59,100,0,100,SUCCESS
SYNC,alpha,60,100,0,100,SUCCESS
SYNC,alpha,61,100,0,100,SUCCESS
SYNC,alpha,62,200,0,100,SUCCESS
SYNC,alpha,63,200,0,100,SUCCESS
SYNC,alpha,64,200,0,200,SUCCESS
SYNC,alpha,65,100,0,100,SUCCESS
SYNC,alpha,66,200,0,100,SUCCESS
SYNC,alpha,67,100,0,100,SUCCESS
SYNC,alpha,68,200,0,100,SUCCESS
SYNC,alpha,69,200,0,100,SUCCESS
SYNC,alpha,70,200,0,100,SUCCESS
SYNC,alpha,71,200,0,100,SUCCESS
SYNC,alpha,72,200,0,100,SUCCESS
SYNC,alpha,73,200,0,200,SUCCESS
SYNC,alpha,74,200,0,100,SUCCESS
SYNC,alpha,75,100,0,100,SUCCESS
SYNC,alpha,76,200,0,100,SUCCESS
SYNC,alpha,77,200,0,200,SUCCESS
SYNC,alpha,78,200,0,100,SUCCESS
SYNC,alpha,79,100,0,100,SUCCESS
SYNC,alpha,80,200,0,100,SUCCESS
SYNC,alpha,81,200,0,200,SUCCESS
SYNC,alpha,82,200,0,200,SUCCESS
SYNC,alpha,83,200,0,100,SUCCESS
SYNC,alpha,84,100,0,100,SUCCESS
SYNC,alpha,85,200,0,100,SUCCESS
SYNC,alpha,86,200,0,100,SUCCESS
SYNC,alpha,87,200,0,100,SUCCESS
SYNC,alpha,88,100,0,100,SUCCESS
SYNC,alpha,89,200,0,200,SUCCESS
SYNC,alpha,90,200,0,100,SUCCESS
SYNC,alpha,91,200,0,100,SUCCESS
SYNC,alpha,92,200,0,100,SUCCESS
SYNC,alpha,93,200,0,100,SUCCESS
SYNC,alpha,94,200,0,100,SUCCESS
SYNC,alpha,95,100,0,100,SUCCESS
SYNC,alpha,96,200,0,100,SUCCESS
SYNC,alpha,97,200,0,100,SUCCESS
SYNC,alpha,98,200,0,100,SUCCESS
SYNC,alpha,99,200,0,100,SUCCESS
SYNC,alpha,100,200,0,100,SUCCESS
SYNC,alpha,101,200,0,100,SUCCESS
SYNC,alpha,102,200,0,100,SUCCESS
SYNC,alpha,103,200,0,200,SUCCESS
SYNC,alpha,104,200,0,200,SUCCESS
SYNC,alpha,105,200,0,100,SUCCESS
SYNC,alpha,106,200,0,100,SUCCESS
SYNC,alpha,107,100,0,100,SUCCESS
SYNC,alpha,108,100,0,100,SUCCESS
SYNC,alpha,109,100,0,100,SUCCESS
SYNC,alpha,110,100,0,100,SUCCESS
SYNC,alpha,111,100,0,100,SUCCESS
SYNC,alpha,112,100,0,100,SUCCESS
SYNC,alpha,113,100,0,100,SUCCESS
SYNC,alpha,114,200,0,200,SUCCESS
SYNC,alpha,115,200,0,200,SUCCESS
SYNC,alpha,116,200,0,200,SUCCESS
SYNC,alpha,117,200,0,200,SUCCESS
SYNC,alpha,118,200,0,100,SUCCESS
SYNC,alpha,119,200,0,100,SUCCESS
SYNC,alpha,120,200,0,100,SUCCESS
SYNC,alpha,121,200,0,100,SUCCESS
SYNC,alpha,122,100,0,100,SUCCESS
SYNC,alpha,123,100,0,100,SUCCESS
SYNC,alpha,124,100,0,100,SUCCESS
SYNC,alpha,125,100,0,100,SUCCESS
SYNC,alpha,126,100,0,100,SUCCESS
SYNC,alpha,127,100,0,100,SUCCESS
SYNC,alpha,128,100,0,100,SUCCESS
SYNC,alpha,129,100,0,100,SUCCESS
SYNC,alpha,130,100,0,100,SUCCESS
SYNC,alpha,131,200,0,200,SUCCESS
SYNC,alpha,132,200,0,100,SUCCESS
SYNC,alpha,133,200,0,100,SUCCESS
SYNC,alpha,134,200,0,100,SUCCESS
SYNC,alpha,135,200,0,100,SUCCESS
SYNC,alpha,136,200,0,100,SUCCESS
SYNC,alpha,137,200,0,200,SUCCESS
SYNC,alpha,138,200,0,100,SUCCESS
SYNC,alpha,139,200,0,100,SUCCESS
SYNC,alpha,140,200,0,200,SUCCESS
SYNC,alpha,141,200,0,100,SUCCESS
SYNC,alpha,142,200,0,100,SUCCESS
SYNC,alpha,143,200,0,100,SUCCESS
SYNC,alpha,144,200,0,100,SUCCESS
SYNC,alpha,145,200,0,100,SUCCESS
SYNC,alpha,146,200,0,100,SUCCESS
SYNC,alpha,147,200,0,100,SUCCESS
SYNC,alpha,148,100,0,100,SUCCESS
SYNC,alpha,149,100,0,100,SUCCESS
SYNC,alpha,150,100,0,100,SUCCESS
SYNC,alpha,151,200,0,100,SUCCESS
SYNC,alpha,152,200,0,100,SUCCESS
SYNC,alpha,153,200,0,100,SUCCESS
SYNC,alpha,154,200,0,100,SUCCESS
SYNC,alpha,155,200,0,100,SUCCESS
SYNC,alpha,156,100,0,100,SUCCESS
SYNC,alpha,157,100,0,100,SUCCESS
SYNC,alpha,158,200,0,100,SUCCESS
SYNC,alpha,159,200,0,100,SUCCESS
SYNC,alpha,160,200,0,100,SUCCESS
SYNC,alpha,161,200,0,200,SUCCESS
SYNC,alpha,162,200,0,200,SUCCESS
SYNC,alpha,163,200,0,100,SUCCESS
SYNC,alpha,164,200,0,100,SUCCESS
SYNC,alpha,165,200,0,200,SUCCESS
SYNC,alpha,166,200,0,100,SUCCESS
SYNC,alpha,167,200,0,200,SUCCESS
SYNC,alpha,168,200,0,100,SUCCESS
SYNC,alpha,169,200,0,100,SUCCESS
SYNC,alpha,170,200,0,100,SUCCESS
SYNC,alpha,171,200,0,100,SUCCESS
SYNC,alpha,172,200,0,100,SUCCESS
SYNC,alpha,173,200,0,200,SUCCESS
SYNC,alpha,174,100,0,100,SUCCESS
SYNC,alpha,175,200,0,200,SUCCESS
SYNC,alpha,176,200,0,200,SUCCESS
SYNC,alpha,177,200,0,100,SUCCESS
SYNC,alpha,178,200,0,200,SUCCESS
SYNC,alpha,179,200,0,100,SUCCESS
SYNC,alpha,180,200,0,100,SUCCESS
SYNC,alpha,181,200,0,200,SUCCESS
SYNC,alpha,182,200,0,100,SUCCESS
SYNC,alpha,183,200,0,100,SUCCESS
SYNC,alpha,184,200,0,200,SUCCESS
SYNC,alpha,185,200,0,100,SUCCESS
SYNC,alpha,186,200,0,200,SUCCESS
SYNC,alpha,187,200,0,100,SUCCESS
SYNC,alpha,188,200,0,100,SUCCESS
SYNC,alpha,189,200,0,100,SUCCESS
SYNC,alpha,190,200,0,100,SUCCESS
SYNC,alpha,191,200,0,200,SUCCESS
SYNC,alpha,192,100,0,100,SUCCESS
SYNC,alpha,193,200,0,100,SUCCESS
SYNC,alpha,194,300,0,200,SUCCESS
SYNC,alpha,195,200,0,200,SUCCESS
SYNC,alpha,196,200,0,100,SUCCESS
SYNC,alpha,197,200,0,100,SUCCESS
SYNC,alpha,198,100,0,100,SUCCESS
SYNC,alpha,199,200,0,100,SUCCESS
SYNC,alpha,200,200,0,100,SUCCESS
SYNC,alpha,201,200,0,200,SUCCESS
SYNC,alpha,202,200,0,200,SUCCESS
SYNC,alpha,203,200,0,100,SUCCESS
SYNC,alpha,204,200,0,100,SUCCESS
SYNC,alpha,205,200,0,100,SUCCESS
SYNC,alpha,206,200,0,200,SUCCESS
SYNC,alpha,207,100,0,100,SUCCESS
SYNC,alpha,208,200,0,100,SUCCESS
SYNC,alpha,209,200,0,100,SUCCESS
SYNC,alpha,210,200,0,200,SUCCESS
SYNC,alpha,211,200,0,200,SUCCESS
SYNC,alpha,212,200,0,100,SUCCESS
SYNC,alpha,213,200,0,100,SUCCESS
SYNC,alpha,214,200,0,100,SUCCESS
SYNC,alpha,215,200,0,100,SUCCESS
SYNC,alpha,216,200,0,100,SUCCESS
SYNC,alpha,217,200,0,100,SUCCESS
SYNC,alpha,218,200,0,100,SUCCESS
SYNC,alpha,219,200,0,100,SUCCESS
SYNC,alpha,220,100,0,100,SUCCESS
SYNC,alpha,221,200,0,200,SUCCESS
SYNC,alpha,222,200,0,100,SUCCESS
SYNC,alpha,223,200,0,200,SUCCESS
SYNC,alpha,224,200,0,100,SUCCESS
SYNC,alpha,225,200,0,100,SUCCESS
SYNC,alpha,226,200,0,200,SUCCESS
SYNC,alpha,227,200,0,100,SUCCESS
SYNC,alpha,228,200,0,100,SUCCESS
SYNC,alpha,229,200,0,100,SUCCESS
SYNC,alpha,230,200,0,100,SUCCESS
SYNC,alpha,231,200,0,200,SUCCESS
SYNC,alpha,232,200,0,100,SUCCESS
SYNC,alpha,233,100,0,100,SUCCESS
SYNC,alpha,234,200,0,100,SUCCESS
SYNC,alpha,235,200,0,100,SUCCESS
SYNC,alpha,236,100,0,100,SUCCESS
SYNC,alpha,237,200,0,100,SUCCESS
SYNC,alpha,238,200,0,100,SUCCESS
SYNC,alpha,239,200,0,200,SUCCESS
SYNC,alpha,240,200,0,100,SUCCESS
SYNC,alpha,241,200,0,100,SUCCESS
SYNC,alpha,242,200,0,200,SUCCESS
SYNC,alpha,243,200,0,100,SUCCESS
SYNC,alpha,244,200,0,100,SUCCESS
SYNC,alpha,245,200,0,200,SUCCESS
SYNC,alpha,246,200,0,100,SUCCESS
SYNC,alpha,247,200,0,100,SUCCESS
SYNC,alpha,248,200,0,200,SUCCESS
SYNC,alpha,249,100,0,100,SUCCESS
SYNC,alpha,250,100,0,100,SUCCESS
SYNC,alpha,251,200,0,100,SUCCESS
SYNC,alpha,252,100,0,100,SUCCESS
SYNC,alpha,253,300,0,100,SUCCESS
SYNC,alpha,254,200,0,100,SUCCESS
SYNC,alpha,255,200,0,200,SUCCESS
SYNC,alpha,256,200,0,100,SUCCESS
SYNC,alpha,257,200,0,100,SUCCESS
SYNC,alpha,258,200,0,100,SUCCESS
SYNC,alpha,259,200,0,100,SUCCESS
SYNC,alpha,260,200,0,100,SUCCESS
SYNC,alpha,261,200,0,100,SUCCESS
SYNC,alpha,262,200,0,100,SUCCESS
SYNC,alpha,263,200,0,100,SUCCESS
SYNC,alpha,264,100,0,100,SUCCESS
SYNC,alpha,265,200,0,100,SUCCESS
SYNC,alpha,266,200,0,100,SUCCESS
SYNC,alpha,267,200,0,100,SUCCESS
SYNC,alpha,268,100,0,100,SUCCESS
SYNC,alpha,269,100,0,100,SUCCESS
SYNC,alpha,270,100,0,100,SUCCESS
SYNC,alpha,271,200,0,100,SUCCESS
SYNC,alpha,272,100,0,100,SUCCESS
SYNC,alpha,273,200,0,100,SUCCESS
SYNC,alpha,274,200,0,100,SUCCESS
SYNC,alpha,275,200,0,100,SUCCESS
SYNC,alpha,276,200,0,200,SUCCESS
SYNC,alpha,277,200,0,100,SUCCESS
SYNC,alpha,278,200,0,100,SUCCESS
SYNC,alpha,279,200,0,100,SUCCESS
SYNC,alpha,280,100,0,100,SUCCESS
SYNC,alpha,281,100,0,100,SUCCESS
SYNC,alpha,282,200,0,100,SUCCESS
SYNC,alpha,283,200,0,100,SUCCESS
SYNC,alpha,284,200,0,200,SUCCESS
SYNC,alpha,285,200,0,100,SUCCESS
SYNC,alpha,286,200,0,100,SUCCESS
SYNC,alpha,287,200,0,100,SUCCESS
SYNC,alpha,288,200,0,100,SUCCESS
SYNC,alpha,289,200,0,100,SUCCESS
SYNC,alpha,290,100,0,100,SUCCESS
SYNC,alpha,291,200,0,200,SUCCESS
SYNC,alpha,292,200,0,100,SUCCESS
SYNC,alpha,293,200,0,100,SUCCESS
SYNC,alpha,294,100,0,100,SUCCESS
SYNC,alpha,295,100,0,100,SUCCESS
SYNC,alpha,296,200,0,100,SUCCESS
SYNC,alpha,297,200,0,100,SUCCESS
SYNC,alpha,298,200,0,100,SUCCESS
SYNC,alpha,299,200,0,100,SUCCESS
SYNC,alpha,300,200,0,200,SUCCESS
SYNC,alpha,301,200,0,100,SUCCESS
SYNC,alpha,302,200,0,100,SUCCESS
SYNC,alpha,303,200,0,100,SUCCESS
SYNC,alpha,304,200,0,200,SUCCESS
SYNC,alpha,305,200,0,100,SUCCESS
SYNC,alpha,306,200,0,100,SUCCESS
SYNC,alpha,307,100,0,100,SUCCESS
SYNC,alpha,308,100,0,100,SUCCESS
SYNC,alpha,309,200,0,100,SUCCESS
SYNC,alpha,310,200,0,100,SUCCESS
SYNC,alpha,311,200,0,200,SUCCESS
SYNC,alpha,312,200,0,100,SUCCESS
SYNC,alpha,313,200,0,100,SUCCESS
SYNC,alpha,314,200,0,100,SUCCESS
SYNC,alpha,315,100,0,100,SUCCESS
SYNC,alpha,316,200,0,100,SUCCESS
SYNC,alpha,317,200,0,100,SUCCESS
SYNC,alpha,318,200,0,100,SUCCESS
SYNC,alpha,319,200,0,100,SUCCESS
SYNC,alpha,320,200,0,100,SUCCESS
SYNC,alpha,321,200,0,200,SUCCESS
SYNC,alpha,322,200,0,100,SUCCESS
SYNC,alpha,323,200,0,100,SUCCESS
SYNC,alpha,324,200,0,200,SUCCESS
SYNC,alpha,325,200,0,100,SUCCESS
SYNC,alpha,326,200,0,100,SUCCESS
SYNC,alpha,327,200,0,100,SUCCESS
SYNC,alpha,328,200,0,100,SUCCESS
SYNC,alpha,329,200,0,100,SUCCESS
SYNC,alpha,330,200,0,200,SUCCESS
SYNC,alpha,331,200,0,200,SUCCESS
SYNC,alpha,332,200,0,100,SUCCESS
SYNC,alpha,333,200,0,100,SUCCESS
SYNC,alpha,334,100,0,100,SUCCESS
SYNC,alpha,335,100,0,100,SUCCESS
SYNC,alpha,336,200,0,100,SUCCESS
SYNC,alpha,337,200,0,100,SUCCESS
SYNC,alpha,338,200,0,200,SUCCESS
SYNC,alpha,339,200,0,100,SUCCESS
SYNC,alpha,340,200,0,100,SUCCESS
SYNC,alpha,341,200,0,100,SUCCESS
SYNC,alpha,342,200,0,100,SUCCESS
SYNC,alpha,343,100,0,100,SUCCESS
SYNC,alpha,344,100,0,100,SUCCESS
SYNC,alpha,345,200,0,100,SUCCESS
SYNC,alpha,346,200,0,200,SUCCESS
SYNC,alpha,347,200,0,200,SUCCESS
SYNC,alpha,348,200,0,100,SUCCESS
SYNC,alpha,349,200,0,100,SUCCESS
SYNC,alpha,350,100,0,100,SUCCESS
SYNC,alpha,351,100,0,100,SUCCESS
SYNC,alpha,352,200,0,100,SUCCESS
SYNC,alpha,353,200,0,100,SUCCESS
SYNC,alpha,354,200,0,200,SUCCESS
SYNC,alpha,355,200,0,100,SUCCESS
SYNC,alpha,356,200,0,100,SUCCESS
SYNC,alpha,357,100,0,100,SUCCESS
SYNC,alpha,358,100,0,100,SUCCESS
SYNC,alpha,359,100,0,100,SUCCESS
SYNC,alpha,360,100,0,100,SUCCESS
SYNC,alpha,361,200,0,100,SUCCESS
SYNC,alpha,362,200,0,200,SUCCESS
SYNC,alpha,363,200,0,200,SUCCESS
SYNC,alpha,364,200,0,100,SUCCESS
SYNC,alpha,365,200,0,100,SUCCESS
SYNC,alpha,366,200,0,100,SUCCESS
SYNC,alpha,367,200,0,100,SUCCESS
SYNC,alpha,368,100,0,100,SUCCESS
SYNC,alpha,369,200,0,100,SUCCESS
SYNC,alpha,370,200,0,100,SUCCESS
SYNC,alpha,371,200,0,100,SUCCESS
SYNC,alpha,372,100,0,100,SUCCESS
SYNC,alpha,373,200,0,100,SUCCESS
SYNC,alpha,374,200,0,100,SUCCESS
SYNC,alpha,375,200,0,200,SUCCESS
SYNC,alpha,376,200,0,100,SUCCESS
SYNC,alpha,377,200,0,100,SUCCESS
SYNC,alpha,378,100,0,100,SUCCESS
SYNC,alpha,379,100,0,100,SUCCESS
SYNC,alpha,380,200,0,100,SUCCESS
SYNC,alpha,381,200,0,100,SUCCESS
SYNC,alpha,382,200,0,100,SUCCESS
SYNC,alpha,383,200,0,200,SUCCESS
SYNC,alpha,384,200,0,100,SUCCESS
SYNC,alpha,385,200,0,100,SUCCESS
SYNC,alpha,386,100,0,100,SUCCESS
SYNC,alpha,387,100,0,100,SUCCESS
SYNC,alpha,388,200,0,100,SUCCESS
SYNC,alpha,389,200,0,100,SUCCESS
SYNC,alpha,390,200,0,200,SUCCESS
SYNC,alpha,391,200,0,100,SUCCESS
SYNC,alpha,392,200,0,100,SUCCESS
SYNC,alpha,393,200,0,100,SUCCESS
SYNC,alpha,394,100,0,100,SUCCESS
SYNC,alpha,395,200,0,100,SUCCESS
SYNC,alpha,396,200,0,100,SUCCESS
SYNC,alpha,397,200,0,200,SUCCESS
SYNC,alpha,398,200,0,100,SUCCESS
SYNC,alpha,399,200,0,100,SUCCESS
SYNC,alpha,400,200,0,100,SUCCESS
SYNC,alpha,401,100,0,100,SUCCESS
SYNC,alpha,402,200,0,100,SUCCESS
SYNC,alpha,403,200,0,100,SUCCESS
SYNC,alpha,404,200,0,100,SUCCESS
SYNC,alpha,405,200,0,200,SUCCESS
SYNC,alpha,406,200,0,100,SUCCESS
SYNC,alpha,407,200,0,100,SUCCESS
SYNC,alpha,408,100,0,100,SUCCESS
SYNC,alpha,409,200,0,100,SUCCESS
SYNC,alpha,410,200,0,100,SUCCESS
SYNC,alpha,411,200,0,100,SUCCESS
SYNC,alpha,412,100,0,100,SUCCESS
SYNC,alpha,413,200,0,100,SUCCESS
SYNC,alpha,414,200,0,100,SUCCESS
SYNC,alpha,415,200,0,100,SUCCESS
SYNC,alpha,416,200,0,100,SUCCESS
SYNC,alpha,417,200,0,100,SUCCESS
SYNC,alpha,418,100,0,100,SUCCESS
SYNC,alpha,419,100,0,100,SUCCESS
SYNC,alpha,420,200,0,100,SUCCESS
SYNC,alpha,421,200,0,100,SUCCESS
SYNC,alpha,422,200,0,100,SUCCESS
SYNC,alpha,423,200,0,100,SUCCESS
SYNC,alpha,424,200,0,200,SUCCESS
SYNC,alpha,425,200,0,100,SUCCESS
SYNC,alpha,426,200,0,100,SUCCESS
SYNC,alpha,427,200,0,100,SUCCESS
SYNC,alpha,428,100,0,100,SUCCESS
SYNC,alpha,429,200,0,100,SUCCESS
SYNC,alpha,430,200,0,100,SUCCESS
SYNC,alpha,431,200,0,200,SUCCESS
SYNC,alpha,432,200,0,100,SUCCESS
SYNC,alpha,433,200,0,100,SUCCESS
SYNC,alpha,434,100,0,100,SUCCESS
SYNC,alpha,435,100,0,100,SUCCESS
SYNC,alpha,436,200,0,100,SUCCESS
SYNC,alpha,437,200,0,100,SUCCESS
SYNC,alpha,438,200,0,100,SUCCESS
SYNC,alpha,439,200,0,100,SUCCESS
SYNC,alpha,440,200,0,100,SUCCESS
SYNC,alpha,441,200,0,100,SUCCESS
SYNC,alpha,442,200,0,100,SUCCESS
SYNC,alpha,443,200,0,100,SUCCESS
SYNC,alpha,444,200,0,100,SUCCESS
SYNC,alpha,445,200,0,100,SUCCESS
SYNC,alpha,446,200,0,100,SUCCESS
SYNC,alpha,447,200,0,100,SUCCESS
SYNC,alpha,448,200,0,200,SUCCESS
SYNC,alpha,449,200,0,100,SUCCESS
SYNC,alpha,450,200,0,100,SUCCESS
SYNC,alpha,451,100,0,100,SUCCESS
SYNC,alpha,452,100,0,100,SUCCESS
SYNC,alpha,453,200,0,100,SUCCESS
SYNC,alpha,454,200,0,100,SUCCESS
SYNC,alpha,455,200,0,200,SUCCESS
SYNC,alpha,456,200,0,100,SUCCESS
SYNC,alpha,457,200,0,100,SUCCESS
SYNC,alpha,458,200,0,100,SUCCESS
SYNC,alpha,459,200,0,100,SUCCESS
SYNC,alpha,460,100,0,100,SUCCESS
SYNC,alpha,461,200,0,100,SUCCESS
SYNC,alpha,462,200,0,100,SUCCESS
SYNC,alpha,463,200,0,100,SUCCESS
SYNC,alpha,464,200,0,100,SUCCESS
SYNC,alpha,465,200,0,100,SUCCESS
SYNC,alpha,466,200,0,200,SUCCESS
SYNC,alpha,467,200,0,200,SUCCESS
SYNC,alpha,468,200,0,100,SUCCESS
SYNC,alpha,469,100,0,100,SUCCESS
SYNC,alpha,470,100,0,100,SUCCESS
SYNC,alpha,471,100,0,100,SUCCESS
SYNC,alpha,472,200,0,100,SUCCESS
SYNC,alpha,473,200,0,100,SUCCESS
SYNC,alpha,474,100,0,100,SUCCESS
SYNC,alpha,475,100,0,100,SUCCESS
SYNC,alpha,476,200,0,100,SUCCESS
SYNC,alpha,477,200,0,100,SUCCESS
SYNC,alpha,478,200,0,100,SUCCESS
SYNC,alpha,479,200,0,200,SUCCESS
SYNC,alpha,480,200,0,100,SUCCESS
SYNC,alpha,481,200,0,100,SUCCESS
SYNC,alpha,482,100,0,100,SUCCESS
SYNC,alpha,483,100,0,100,SUCCESS
SYNC,alpha,484,100,0,100,SUCCESS
SYNC,alpha,485,200,0,100,SUCCESS
SYNC,alpha,486,100,0,100,SUCCESS
SYNC,alpha,487,200,0,100,SUCCESS
SYNC,alpha,488,200,0,100,SUCCESS
SYNC,alpha,489,100,0,100,SUCCESS
SYNC,alpha,490,100,0,100,SUCCESS
SYNC,alpha,491,200,0,100,SUCCESS
SYNC,alpha,492,200,0,100,SUCCESS
SYNC,alpha,493,200,0,200,SUCCESS
SYNC,alpha,494,200,0,100,SUCCESS
SYNC,alpha,495,200,0,100,SUCCESS
SYNC,alpha,496,200,0,100,SUCCESS
SYNC,alpha,497,100,0,100,SUCCESS
SYNC,alpha,498,100,0,100,SUCCESS
SYNC,alpha,499,200,0,100,SUCCESS
SYNC,alpha,500,100,0,100,SUCCESS
SYNC,alpha,501,200,0,100,SUCCESS
SYNC,alpha,502,200,0,100,SUCCESS
SYNC,alpha,503,200,0,100,SUCCESS
SYNC,alpha,504,200,0,200,SUCCESS
SYNC,alpha,505,200,0,100,SUCCESS
SYNC,alpha,506,200,0,100,SUCCESS
SYNC,alpha,507,200,0,100,SUCCESS
SYNC,alpha,508,200,0,100,SUCCESS
SYNC,alpha,509,100,0,100,SUCCESS
SYNC,alpha,510,100,0,100,SUCCESS
SYNC,alpha,511,100,0,100,SUCCESS
SYNC,alpha,512,200,0,100,SUCCESS
SYNC,alpha,513,200,0,100,SUCCESS
SYNC,alpha,514,200,0,200,SUCCESS
SYNC,alpha,515,200,0,100,SUCCESS
SYNC,alpha,516,200,0,100,SUCCESS
SYNC,alpha,517,200,0,100,SUCCESS
SYNC,alpha,518,200,0,100,SUCCESS
SYNC,alpha,519,200,0,100,SUCCESS
SYNC,alpha,520,200,0,100,SUCCESS
SYNC,alpha,521,200,0,100,SUCCESS
SYNC,alpha,522,200,0,200,SUCCESS
SYNC,alpha,523,200,0,200,SUCCESS
SYNC,alpha,524,200,0,100,SUCCESS
SYNC,alpha,525,200,0,100,SUCCESS
SYNC,alpha,526,100,0,100,SUCCESS
SYNC,alpha,527,200,0,100,SUCCESS
SYNC,alpha,528,200,0,100,SUCCESS
SYNC,alpha,529,100,0,100,SUCCESS
SYNC,alpha,530,100,0,100,SUCCESS
SYNC,alpha,531,100,0,100,SUCCESS
SYNC,alpha,532,200,0,100,SUCCESS
SYNC,alpha,533,200,0,100,SUCCESS
SYNC,alpha,534,200,0,100,SUCCESS
SYNC,alpha,535,200,0,200,SUCCESS
SYNC,alpha,536,200,0,100,SUCCESS
SYNC,alpha,537,200,0,100,SUCCESS
SYNC,alpha,538,100,0,100,SUCCESS
SYNC,alpha,539,100,0,100,SUCCESS
SYNC,alpha,540,200,0,100,SUCCESS
SYNC,alpha,541,100,0,100,SUCCESS
SYNC,alpha,542,100,0,100,SUCCESS
SYNC,alpha,543,200,0,100,SUCCESS
SYNC,alpha,544,200,0,100,SUCCESS
SYNC,alpha,545,200,0,100,SUCCESS
SYNC,alpha,546,200,0,200,SUCCESS
SYNC,alpha,547,200,0,100,SUCCESS
SYNC,alpha,548,200,0,100,SUCCESS
SYNC,alpha,549,100,0,100,SUCCESS
SYNC,alpha,550,100,0,100,SUCCESS
SYNC,alpha,551,100,0,100,SUCCESS
SYNC,alpha,552,200,0,100,SUCCESS
SYNC,alpha,553,200,0,100,SUCCESS
SYNC,alpha,554,200,0,200,SUCCESS
SYNC,alpha,555,200,0,100,SUCCESS
SYNC,alpha,556,200,0,100,SUCCESS
SYNC,alpha,557,200,0,100,SUCCESS
SYNC,alpha,558,200,0,100,SUCCESS
SYNC,alpha,559,100,0,100,SUCCESS
SYNC,alpha,560,100,0,100,SUCCESS
SYNC,alpha,561,200,0,100,SUCCESS
SYNC,alpha,562,200,0,100,SUCCESS
SYNC,alpha,563,200,0,200,SUCCESS
SYNC,alpha,564,200,0,100,SUCCESS
SYNC,alpha,565,200,0,200,SUCCESS
SYNC,alpha,566,200,0,100,SUCCESS
SYNC,alpha,567,200,0,100,SUCCESS
SYNC,alpha,568,100,0,100,SUCCESS
SYNC,alpha,569,100,0,100,SUCCESS
SYNC,alpha,570,100,0,100,SUCCESS
SYNC,alpha,571,200,0,100,SUCCESS
SYNC,alpha,572,200,0,100,SUCCESS
SYNC,alpha,573,200,0,100,SUCCESS
SYNC,alpha,574,200,0,200,SUCCESS
SYNC,alpha,575,200,0,200,SUCCESS
SYNC,alpha,576,200,0,100,SUCCESS
SYNC,alpha,577,200,0,100,SUCCESS
SYNC,alpha,578,100,0,100,SUCCESS
SYNC,alpha,579,100,0,100,SUCCESS
SYNC,alpha,580,200,0,100,SUCCESS
SYNC,alpha,581,200,0,100,SUCCESS
SYNC,alpha,582,200,0,200,SUCCESS
SYNC,alpha,583,200,0,100,SUCCESS
SYNC,alpha,584,200,0,200,SUCCESS
SYNC,alpha,585,200,0,100,SUCCESS
SYNC,alpha,586,200,0,100,SUCCESS
SYNC,alpha,587,200,0,100,SUCCESS
SYNC,alpha,588,100,0,100,SUCCESS
SYNC,alpha,589,100,0,100,SUCCESS
SYNC,alpha,590,200,0,100,SUCCESS
SYNC,alpha,591,200,0,100,SUCCESS
SYNC,alpha,592,200,0,200,SUCCESS
SYNC,alpha,593,200,0,100,SUCCESS
SYNC,alpha,594,200,0,100,SUCCESS
SYNC,alpha,595,100,0,100,SUCCESS
SYNC,alpha,596,100,0,100,SUCCESS
SYNC,alpha,597,200,0,100,SUCCESS
SYNC,alpha,598,200,0,100,SUCCESS
SYNC,alpha,599,200,0,100,SUCCESS
SYNC,alpha,600,200,0,100,SUCCESS
SYNC,alpha,601,200,0,100,SUCCESS
SYNC,alpha,602,200,0,100,SUCCESS
SYNC,alpha,603,200,0,100,SUCCESS
SYNC,alpha,604,200,0,100,SUCCESS
SYNC,alpha,605,200,0,100,SUCCESS
SYNC,alpha,606,200,0,100,SUCCESS
SYNC,alpha,607,200,0,100,SUCCESS
SYNC,alpha,608,200,0,100,SUCCESS
SYNC,alpha,609,100,0,100,SUCCESS
SYNC,alpha,610,200,0,100,SUCCESS
SYNC,alpha,611,200,0,100,SUCCESS
SYNC,alpha,612,200,0,100,SUCCESS
SYNC,alpha,613,100,0,100,SUCCESS
SYNC,alpha,614,100,0,100,SUCCESS
SYNC,alpha,615,200,0,100,SUCCESS
SYNC,alpha,616,100,0,100,SUCCESS
SYNC,alpha,617,200,0,100,SUCCESS
SYNC,alpha,618,200,0,100,SUCCESS
SYNC,alpha,619,200,0,100,SUCCESS
SYNC,alpha,620,200,0,200,SUCCESS
SYNC,alpha,621,200,0,100,SUCCESS
SYNC,alpha,622,200,0,100,SUCCESS
SYNC,alpha,623,200,0,100,SUCCESS
SYNC,alpha,624,200,0,100,SUCCESS
SYNC,alpha,625,200,0,100,SUCCESS
SYNC,alpha,626,200,0,100,SUCCESS
SYNC,alpha,627,200,0,100,SUCCESS
SYNC,alpha,628,200,0,100,SUCCESS
SYNC,alpha,629,200,0,100,SUCCESS
SYNC,alpha,630,200,0,100,SUCCESS
SYNC,alpha,631,100,0,100,SUCCESS
SYNC,alpha,632,200,0,100,SUCCESS
SYNC,alpha,633,200,0,100,SUCCESS
SYNC,alpha,634,200,0,100,SUCCESS
SYNC,alpha,635,200,0,200,SUCCESS
SYNC,alpha,636,200,0,100,SUCCESS
SYNC,alpha,637,200,0,100,SUCCESS
SYNC,alpha,638,200,0,100,SUCCESS
SYNC,alpha,639,200,0,200,SUCCESS
SYNC,alpha,640,200,0,100,SUCCESS
SYNC,alpha,641,200,0,100,SUCCESS
SYNC,alpha,642,100,0,100,SUCCESS
SYNC,alpha,643,100,0,100,SUCCESS
SYNC,alpha,644,200,0,100,SUCCESS
SYNC,alpha,645,200,0,100,SUCCESS
SYNC,alpha,646,200,0,200,SUCCESS
SYNC,alpha,647,200,0,100,SUCCESS
SYNC,alpha,648,200,0,100,SUCCESS
SYNC,alpha,649,100,0,100,SUCCESS
SYNC,alpha,650,100,0,100,SUCCESS
SYNC,alpha,651,200,0,100,SUCCESS
SYNC,alpha,652,200,0,100,SUCCESS
SYNC,alpha,653,200,0,200,SUCCESS
SYNC,alpha,654,200,0,100,SUCCESS
SYNC,alpha,655,200,0,100,SUCCESS
SYNC,alpha,656,200,0,100,SUCCESS
SYNC,alpha,657,100,0,100,SUCCESS
SYNC,alpha,658,200,0,100,SUCCESS
SYNC,alpha,659,200,0,100,SUCCESS
SYNC,alpha,660,200,0,100,SUCCESS
SYNC,alpha,661,200,0,100,SUCCESS
SYNC,alpha,662,200,0,100,SUCCESS
SYNC,alpha,663,200,0,100,SUCCESS
SYNC,alpha,664,200,0,100,SUCCESS
SYNC,alpha,665,200,0,100,SUCCESS
SYNC,alpha,666,100,0,100,SUCCESS
SYNC,alpha,667,100,0,100,SUCCESS
SYNC,alpha,668,200,0,100,SUCCESS
SYNC,alpha,669,200,0,100,SUCCESS
SYNC,alpha,670,200,0,100,SUCCESS
SYNC,alpha,671,200,0,100,SUCCESS
SYNC,alpha,672,200,0,100,SUCCESS
SYNC,alpha,673,200,0,100,SUCCESS
SYNC,alpha,674,200,0,100,SUCCESS
SYNC,alpha,675,200,0,100,SUCCESS
SYNC,alpha,676,200,0,100,SUCCESS
SYNC,alpha,677,200,0,200,SUCCESS
SYNC,alpha,678,200,0,100,SUCCESS
SYNC,alpha,679,200,0,100,SUCCESS
SYNC,alpha,680,200,0,100,SUCCESS
SYNC,alpha,681,100,0,100,SUCCESS
SYNC,alpha,682,200,0,100,SUCCESS
SYNC,alpha,683,200,0,100,SUCCESS
SYNC,alpha,684,200,0,100,SUCCESS
SYNC,alpha,685,200,0,200,SUCCESS
SYNC,alpha,686,200,0,200,SUCCESS
SYNC,alpha,687,200,0,200,SUCCESS
SYNC,alpha,688,200,0,200,SUCCESS
SYNC,alpha,689,200,0,200,SUCCESS
SYNC,alpha,690,200,0,100,SUCCESS
SYNC,alpha,691,200,0,100,SUCCESS
SYNC,alpha,692,200,0,100,SUCCESS
SYNC,alpha,693,100,0,100,SUCCESS
SYNC,alpha,694,100,0,100,SUCCESS
SYNC,alpha,695,200,0,100,SUCCESS
SYNC,alpha,696,200,0,100,SUCCESS
SYNC,alpha,697,200,0,100,SUCCESS
SYNC,alpha,698,200,0,200,SUCCESS
SYNC,alpha,699,200,0,200,SUCCESS
SYNC,alpha,700,200,0,100,SUCCESS
SYNC,alpha,701,200,0,200,SUCCESS
SYNC,alpha,702,200,0,100,SUCCESS
SYNC,alpha,703,200,0,100,SUCCESS
SYNC,alpha,704,200,0,100,SUCCESS
SYNC,alpha,705,100,0,100,SUCCESS
SYNC,alpha,706,100,0,100,SUCCESS
SYNC,alpha,707,200,0,100,SUCCESS
SYNC,alpha,708,200,0,100,SUCCESS
SYNC,alpha,709,200,0,200,SUCCESS
SYNC,alpha,710,200,0,100,SUCCESS
SYNC,alpha,711,200,0,100,SUCCESS
SYNC,alpha,712,200,0,100,SUCCESS
SYNC,alpha,713,200,0,200,SUCCESS
SYNC,alpha,714,200,0,100,SUCCESS
SYNC,alpha,715,200,0,100,SUCCESS
SYNC,alpha,716,200,0,100,SUCCESS
SYNC,alpha,717,100,0,100,SUCCESS
SYNC,alpha,718,100,0,100,SUCCESS
SYNC,alpha,719,200,0,100,SUCCESS
SYNC,alpha,720,200,0,100,SUCCESS
SYNC,alpha,721,200,0,200,SUCCESS
SYNC,alpha,722,200,0,100,SUCCESS
SYNC,alpha,723,200,0,100,SUCCESS
SYNC,alpha,724,200,0,100,SUCCESS
SYNC,alpha,725,200,0,100,SUCCESS
SYNC,alpha,726,200,0,100,SUCCESS
SYNC,alpha,727,100,0,100,SUCCESS
SYNC,alpha,728,100,0,100,SUCCESS
SYNC,alpha,729,200,0,100,SUCCESS
SYNC,alpha,730,200,0,100,SUCCESS
SYNC,alpha,731,200,0,100,SUCCESS
SYNC,alpha,732,200,0,200,SUCCESS
SYNC,alpha,733,200,0,100,SUCCESS
SYNC,alpha,734,200,0,100,SUCCESS
SYNC,alpha,735,200,0,100,SUCCESS
SYNC,alpha,736,100,0,100,SUCCESS
SYNC,alpha,737,200,0,100,SUCCESS
SYNC,alpha,738,200,0,100,SUCCESS
SYNC,alpha,739,200,0,100,SUCCESS
SYNC,alpha,740,200,0,100,SUCCESS
SYNC,alpha,741,200,0,100,SUCCESS
SYNC,alpha,742,100,0,100,SUCCESS
SYNC,alpha,743,100,0,100,SUCCESS
SYNC,alpha,744,200,0,100,SUCCESS
SYNC,alpha,745,200,0,100,SUCCESS
SYNC,alpha,746,100,0,100,SUCCESS
SYNC,alpha,747,200,0,200,SUCCESS
SYNC,alpha,748,200,0,200,SUCCESS
SYNC,alpha,749,200,0,100,SUCCESS
SYNC,alpha,750,200,0,200,SUCCESS
SYNC,alpha,751,200,0,100,SUCCESS
SYNC,alpha,752,200,0,100,SUCCESS
SYNC,alpha,753,200,0,100,SUCCESS
SYNC,alpha,754,200,0,100,SUCCESS
SYNC,alpha,755,200,0,100,SUCCESS
SYNC,alpha,756,200,0,100,SUCCESS
SYNC,alpha,757,200,0,100,SUCCESS
SYNC,alpha,758,200,0,200,SUCCESS
SYNC,alpha,759,200,0,100,SUCCESS
SYNC,alpha,760,200,0,100,SUCCESS
SYNC,alpha,761,100,0,100,SUCCESS
SYNC,alpha,762,100,0,100,SUCCESS
SYNC,alpha,763,100,0,100,SUCCESS
SYNC,alpha,764,200,0,100,SUCCESS
SYNC,alpha,765,200,0,100,SUCCESS
SYNC,alpha,766,200,0,200,SUCCESS
SYNC,alpha,767,200,0,200,SUCCESS
SYNC,alpha,768,200,0,100,SUCCESS
SYNC,alpha,769,200,0,100,SUCCESS
SYNC,alpha,770,100,0,100,SUCCESS
SYNC,alpha,771,100,0,100,SUCCESS
SYNC,alpha,772,200,0,100,SUCCESS
SYNC,alpha,773,200,0,100,SUCCESS
SYNC,alpha,774,200,0,200,SUCCESS
SYNC,alpha,775,200,0,100,SUCCESS
SYNC,alpha,776,200,0,100,SUCCESS
SYNC,alpha,777,100,0,100,SUCCESS
SYNC,alpha,778,100,0,100,SUCCESS
SYNC,alpha,779,200,0,100,SUCCESS
SYNC,alpha,780,200,0,100,SUCCESS
SYNC,alpha,781,200,0,100,SUCCESS
SYNC,alpha,782,200,0,100,SUCCESS
SYNC,alpha,783,200,0,200,SUCCESS
SYNC,alpha,784,200,0,100,SUCCESS
SYNC,alpha,785,200,0,100,SUCCESS
SYNC,alpha,786,200,0,200,SUCCESS
SYNC,alpha,787,200,0,100,SUCCESS
SYNC,alpha,788,200,0,100,SUCCESS
SYNC,alpha,789,100,0,100,SUCCESS
SYNC,alpha,790,100,0,100,SUCCESS
SYNC,alpha,791,200,0,100,SUCCESS
SYNC,alpha,792,200,0,100,SUCCESS
SYNC,alpha,793,200,0,200,SUCCESS
SYNC,alpha,794,200,0,100,SUCCESS
SYNC,alpha,795,200,0,100,SUCCESS
SYNC,alpha,796,100,0,100,SUCCESS
SYNC,alpha,797,100,0,100,SUCCESS
SYNC,alpha,798,200,0,100,SUCCESS
SYNC,alpha,799,200,0,100,SUCCESS
SYNC,alpha,800,200,0,200,SUCCESS
SYNC,alpha,801,200,0,100,SUCCESS
SYNC,alpha,802,200,0,100,SUCCESS
SYNC,alpha,803,200,0,100,SUCCESS
SYNC,alpha,804,200,0,100,SUCCESS
SYNC,alpha,805,200,0,200,SUCCESS
SYNC,alpha,806,200,0,100,SUCCESS
SYNC,alpha,807,200,0,200,SUCCESS
SYNC,alpha,808,200,0,100,SUCCESS
SYNC,alpha,809,200,0,200,SUCCESS
SYNC,alpha,810,200,0,200,SUCCESS
SYNC,alpha,811,200,0,100,SUCCESS
SYNC,alpha,812,200,0,100,SUCCESS
SYNC,alpha,813,100,0,100,SUCCESS
SYNC,alpha,814,100,0,100,SUCCESS
SYNC,alpha,815,200,0,100,SUCCESS
SYNC,alpha,816,200,0,100,SUCCESS
SYNC,alpha,817,200,0,100,SUCCESS
SYNC,alpha,818,200,0,200,SUCCESS
SYNC,alpha,819,200,0,100,SUCCESS
SYNC,alpha,820,200,0,100,SUCCESS
SYNC,alpha,821,200,0,100,SUCCESS
SYNC,alpha,822,200,0,100,SUCCESS
SYNC,alpha,823,200,0,100,SUCCESS
SYNC,alpha,824,100,0,100,SUCCESS
SYNC,alpha,825,100,0,100,SUCCESS
SYNC,alpha,826,200,0,100,SUCCESS
SYNC,alpha,827,200,0,100,SUCCESS
SYNC,alpha,828,200,0,100,SUCCESS
SYNC,alpha,829,200,0,200,SUCCESS
SYNC,alpha,830,200,0,100,SUCCESS
SYNC,alpha,831,200,0,100,SUCCESS
SYNC,alpha,832,100,0,100,SUCCESS
SYNC,alpha,833,200,0,100,SUCCESS
SYNC,alpha,834,200,0,100,SUCCESS
SYNC,alpha,835,100,0,100,SUCCESS
SYNC,alpha,836,100,0,100,SUCCESS
SYNC,alpha,837,200,0,100,SUCCESS
SYNC,alpha,838,200,0,100,SUCCESS
SYNC,alpha,839,100,0,100,SUCCESS
SYNC,alpha,840,200,0,100,SUCCESS
SYNC,alpha,841,200,0,100,SUCCESS
SYNC,alpha,842,200,0,200,SUCCESS
SYNC,alpha,843,200,0,100,SUCCESS
SYNC,alpha,844,200,0,100,SUCCESS
SYNC,alpha,845,100,0,100,SUCCESS
SYNC,alpha,846,100,0,100,SUCCESS
SYNC,alpha,847,200,0,100,SUCCESS
SYNC,alpha,848,200,0,100,SUCCESS
SYNC,alpha,849,200,0,200,SUCCESS
SYNC,alpha,850,200,0,100,SUCCESS
SYNC,alpha,851,200,0,100,SUCCESS
SYNC,alpha,852,200,0,100,SUCCESS
SYNC,alpha,853,200,0,100,SUCCESS
SYNC,alpha,854,200,0,100,SUCCESS
SYNC,alpha,855,100,0,100,SUCCESS
SYNC,alpha,856,200,0,100,SUCCESS
SYNC,alpha,857,200,0,100,SUCCESS
SYNC,alpha,858,100,0,100,SUCCESS
SYNC,alpha,859,100,0,100,SUCCESS
SYNC,alpha,860,200,0,100,SUCCESS
SYNC,alpha,861,200,0,100,SUCCESS
SYNC,alpha,862,200,0,200,SUCCESS
SYNC,alpha,863,200,0,100,SUCCESS
SYNC,alpha,864,200,0,100,SUCCESS
SYNC,alpha,865,100,0,100,SUCCESS
SYNC,alpha,866,200,0,100,SUCCESS
SYNC,alpha,867,200,0,100,SUCCESS
SYNC,alpha,868,200,0,100,SUCCESS
SYNC,alpha,869,200,0,100,SUCCESS
SYNC,alpha,870,200,0,100,SUCCESS
SYNC,alpha,871,100,0,100,SUCCESS
SYNC,alpha,872,100,0,100,SUCCESS
SYNC,alpha,873,200,0,100,SUCCESS
SYNC,alpha,874,200,0,100,SUCCESS
SYNC,alpha,875,200,0,200,SUCCESS
SYNC,alpha,876,200,0,100,SUCCESS
SYNC,alpha,877,100,0,100,SUCCESS
SYNC,alpha,878,100,0,100,SUCCESS
SYNC,alpha,879,200,0,100,SUCCESS
SYNC,alpha,880,100,0,100,SUCCESS
SYNC,alpha,881,200,0,100,SUCCESS
SYNC,alpha,882,200,0,100,SUCCESS
SYNC,alpha,883,200,0,100,SUCCESS
SYNC,alpha,884,200,0,200,SUCCESS
SYNC,alpha,885,200,0,100,SUCCESS
SYNC,alpha,886,200,0,100,SUCCESS
SYNC,alpha,887,100,0,100,SUCCESS
SYNC,alpha,888,200,0,100,SUCCESS
SYNC,alpha,889,200,0,100,SUCCESS
SYNC,alpha,890,200,0,100,SUCCESS
SYNC,alpha,891,200,0,200,SUCCESS
SYNC,alpha,892,200,0,100,SUCCESS
SYNC,alpha,893,100,0,100,SUCCESS
SYNC,alpha,894,100,0,100,SUCCESS
SYNC,alpha,895,200,0,100,SUCCESS
SYNC,alpha,896,200,0,100,SUCCESS
SYNC,alpha,897,200,0,200,SUCCESS
SYNC,alpha,898,200,0,100,SUCCESS
SYNC,alpha,899,200,0,100,SUCCESS
SYNC,alpha,900,200,0,100,SUCCESS
SYNC,alpha,901,100,0,100,SUCCESS
SYNC,alpha,902,100,0,100,SUCCESS
SYNC,alpha,903,200,0,100,SUCCESS
SYNC,alpha,904,200,0,100,SUCCESS
SYNC,alpha,905,200,0,200,SUCCESS
SYNC,alpha,906,200,0,100,SUCCESS
SYNC,alpha,907,200,0,100,SUCCESS
SYNC,alpha,908,100,0,100,SUCCESS
SYNC,alpha,909,100,0,100,SUCCESS
SYNC,alpha,910,200,0,100,SUCCESS
SYNC,alpha,911,200,0,100,SUCCESS
SYNC,alpha,912,200,0,200,SUCCESS
SYNC,alpha,913,200,0,100,SUCCESS
SYNC,alpha,914,200,0,100,SUCCESS
SYNC,alpha,915,200,0,100,SUCCESS
SYNC,alpha,916,100,0,100,SUCCESS
SYNC,alpha,917,200,0,100,SUCCESS
SYNC,alpha,918,200,0,100,SUCCESS
SYNC,alpha,919,200,0,100,SUCCESS
SYNC,alpha,920,200,0,200,SUCCESS
SYNC,alpha,921,200,0,100,SUCCESS
SYNC,alpha,922,200,0,100,SUCCESS
SYNC,alpha,923,200,0,100,SUCCESS
SYNC,alpha,924,100,0,100,SUCCESS
SYNC,alpha,925,200,0,100,SUCCESS
SYNC,alpha,926,200,0,100,SUCCESS
SYNC,alpha,927,200,0,100,SUCCESS
SYNC,alpha,928,200,0,200,SUCCESS
SYNC,alpha,929,200,0,100,SUCCESS
SYNC,alpha,930,200,0,200,SUCCESS
SYNC,alpha,931,200,0,200,SUCCESS
SYNC,alpha,932,200,0,100,SUCCESS
SYNC,alpha,933,200,0,100,SUCCESS
SYNC,alpha,934,200,0,100,SUCCESS
SYNC,alpha,935,200,0,100,SUCCESS
SYNC,alpha,936,100,0,100,SUCCESS
SYNC,alpha,937,200,0,100,SUCCESS
SYNC,alpha,938,200,0,100,SUCCESS
SYNC,alpha,939,200,0,100,SUCCESS
SYNC,alpha,940,200,0,200,SUCCESS
SYNC,alpha,941,200,0,100,SUCCESS
SYNC,alpha,942,200,0,100,SUCCESS
SYNC,alpha,943,200,0,100,SUCCESS
SYNC,alpha,944,100,0,100,SUCCESS
SYNC,alpha,945,100,0,100,SUCCESS
SYNC,alpha,946,200,0,100,SUCCESS
SYNC,alpha,947,200,0,100,SUCCESS
SYNC,alpha,948,200,0,200,SUCCESS
SYNC,alpha,949,200,0,100,SUCCESS
SYNC,alpha,950,200,0,100,SUCCESS
SYNC,alpha,951,200,0,100,SUCCESS
SYNC,alpha,952,100,0,100,SUCCESS
SYNC,alpha,953,100,0,100,SUCCESS
SYNC,alpha,954,200,0,100,SUCCESS
SYNC,alpha,955,200,0,100,SUCCESS
SYNC,alpha,956,200,0,200,SUCCESS
SYNC,alpha,957,200,0,100,SUCCESS
SYNC,alpha,958,200,0,100,SUCCESS
SYNC,alpha,959,200,0,100,SUCCESS
SYNC,alpha,960,100,0,100,SUCCESS
SYNC,alpha,961,200,0,100,SUCCESS
SYNC,alpha,962,200,0,100,SUCCESS
SYNC,alpha,963,200,0,100,SUCCESS
SYNC,alpha,964,200,0,200,SUCCESS
SYNC,alpha,965,200,0,100,SUCCESS
SYNC,alpha,966,200,0,100,SUCCESS
SYNC,alpha,967,200,0,100,SUCCESS
SYNC,alpha,968,200,0,200,SUCCESS
SYNC,alpha,969,200,0,100,SUCCESS
SYNC,alpha,970,200,0,100,SUCCESS
SYNC,alpha,971,100,0,100,SUCCESS
SYNC,alpha,972,100,0,100,SUCCESS
SYNC,alpha,973,200,0,100,SUCCESS
SYNC,alpha,974,200,0,100,SUCCESS
SYNC,alpha,975,200,0,100,SUCCESS
SYNC,alpha,976,200,0,200,SUCCESS
SYNC,alpha,977,200,0,100,SUCCESS
SYNC,alpha,978,200,0,100,SUCCESS
SYNC,alpha,979,200,0,100,SUCCESS
SYNC,alpha,980,100,0,100,SUCCESS
SYNC,alpha,981,200,0,100,SUCCESS
SYNC,alpha,982,200,0,100,SUCCESS
SYNC,alpha,983,200,0,100,SUCCESS
SYNC,alpha,984,200,0,200,SUCCESS
SYNC,alpha,985,200,0,100,SUCCESS
SYNC,alpha,986,200,0,100,SUCCESS
SYNC,alpha,987,200,0,100,SUCCESS
SYNC,alpha,988,200,0,100,SUCCESS
SYNC,alpha,989,200,0,100,SUCCESS
SYNC,alpha,990,200,0,100,SUCCESS
SYNC,alpha,991,200,0,100,SUCCESS
SYNC,alpha,992,100,0,100,SUCCESS
SYNC,alpha,993,200,0,100,SUCCESS
SYNC,alpha,994,200,0,100,SUCCESS
SYNC,alpha,995,100,0,100,SUCCESS
SYNC,alpha,996,100,0,100,SUCCESS
SYNC,alpha,997,100,0,100,SUCCESS
SYNC,alpha,998,100,0,100,SUCCESS
SYNC,alpha,999,200,0,100,SUCCESS
SYNC,beta,0,800,0,700,SUCCESS
SYNC,beta,1,700,0,700,SUCCESS
SYNC,beta,2,700,0,700,SUCCESS
SYNC,beta,3,700,0,700,SUCCESS
SYNC,beta,4,800,0,700,SUCCESS
SYNC,beta,5,700,0,700,SUCCESS
SYNC,beta,6,800,0,700,SUCCESS
SYNC,beta,7,800,0,700,SUCCESS
SYNC,beta,8,800,0,700,SUCCESS
SYNC,beta,9,800,0,700,SUCCESS
SYNC,beta,10,800,0,700,SUCCESS
SYNC,beta,11,800,0,700,SUCCESS
SYNC,beta,12,800,0,700,SUCCESS
SYNC,beta,13,700,0,700,SUCCESS
SYNC,beta,14,800,0,800,SUCCESS
SYNC,beta,15,700,0,700,SUCCESS
SYNC,beta,16,800,0,700,SUCCESS
SYNC,beta,17,800,0,700,SUCCESS
SYNC,beta,18,700,0,700,SUCCESS
SYNC,beta,19,800,0,700,SUCCESS
SYNC,beta,20,700,0,700,SUCCESS
SYNC,beta,21,800,0,700,SUCCESS
SYNC,beta,22,800,0,700,SUCCESS
SYNC,beta,23,700,0,700,SUCCESS
SYNC,beta,24,800,0,700,SUCCESS
SYNC,beta,25,1200,0,1100,SUCCESS
SYNC,beta,26,1000,0,900,SUCCESS
SYNC,beta,27,1000,0,900,SUCCESS
SYNC,beta,28,1100,0,900,SUCCESS
SYNC,beta,29,1000,0,900,SUCCESS
SYNC,beta,30,1100,0,900,SUCCESS
SYNC,beta,31,1000,0,900,SUCCESS
SYNC,beta,32,1000,0,900,SUCCESS
SYNC,beta,33,1000,0,900,SUCCESS
SYNC,beta,34,1000,0,900,SUCCESS
SYNC,beta,35,1000,0,900,SUCCESS
SYNC,beta,36,1100,0,900,SUCCESS
SYNC,beta,37,1000,0,1000,SUCCESS
SYNC,beta,38,1000,0,900,SUCCESS
SYNC,beta,39,1000,0,900,SUCCESS
SYNC,beta,40,1000,0,900,SUCCESS
SYNC,beta,41,1000,0,900,SUCCESS
SYNC,beta,42,1000,0,900,SUCCESS
SYNC,beta,43,1000,0,900,SUCCESS
SYNC,beta,44,1000,0,1000,SUCCESS
SYNC,beta,45,1000,0,900,SUCCESS
SYNC,beta,46,1000,0,900,SUCCESS
SYNC,beta,47,1000,0,1000,SUCCESS
SYNC,beta,48,1000,0,900,SUCCESS
SYNC,beta,49,1000,0,1000,SUCCESS
SYNC,beta,50,1100,0,900,SUCCESS
SYNC,beta,51,1000,0,1000,SUCCESS
SYNC,beta,52,1000,0,900,SUCCESS
SYNC,beta,53,1000,0,900,SUCCESS
SYNC,beta,54,1000,0,1000,SUCCESS
SYNC,beta,55,1000,0,900,SUCCESS
SYNC,beta,56,1000,0,1000,SUCCESS
SYNC,beta,57,1000,0,1000,SUCCESS
SYNC,beta,58,1000,0,1000,SUCCESS
SYNC,beta,59,1000,0,900,SUCCESS
SYNC,beta,60,1000,0,1000,SUCCESS
SYNC,beta,61,1000,0,1000,SUCCESS
SYNC,beta,62,1000,0,900,SUCCESS
SYNC,beta,63,1000,0,1000,SUCCESS
SYNC,beta,64,1100,0,900,SUCCESS
SYNC,beta,65,1100,0,900,SUCCESS
SYNC,beta,66,1000,0,1000,SUCCESS
SYNC,beta,67,1000,0,900,SUCCESS
SYNC,beta,68,1000,0,900,SUCCESS
SYNC,beta,69,1000,0,900,SUCCESS
SYNC,beta,70,1000,0,900,SUCCESS
SYNC,beta,71,1000,0,1000,SUCCESS
SYNC,beta,72,1000,0,900,SUCCESS
SYNC,beta,73,1000,0,1000,SUCCESS
SYNC,beta,74,1000,0,900,SUCCESS
SYNC,beta,75,1000,0,900,SUCCESS
SYNC,beta,76,1000,0,1000,SUCCESS
SYNC,beta,77,1000,0,900,SUCCESS
SYNC,beta,78,1000,0,1000,SUCCESS
SYNC,beta,79,1000,0,900,SUCCESS
SYNC,beta,80,1000,0,1000,SUCCESS
SYNC,beta,81,2100,0,2000,SUCCESS
SYNC,beta,82,800,0,700,SUCCESS
SYNC,beta,83,700,0,700,SUCCESS
SYNC,beta,84,800,0,700,SUCCESS
SYNC,beta,85,800,0,700,SUCCESS
SYNC,beta,86,700,0,700,SUCCESS
SYNC,beta,87,800,0,700,SUCCESS
SYNC,beta,88,800,0,700,SUCCESS
SYNC,beta,89,700,0,700,SUCCESS
SYNC,beta,90,800,0,700,SUCCESS
SYNC,beta,91,800,0,700,SUCCESS
SYNC,beta,92,800,0,700,SUCCESS
SYNC,beta,93,800,0,800,SUCCESS
SYNC,beta,94,700,0,700,SUCCESS
SYNC,beta,95,700,0,700,SUCCESS
SYNC,beta,96,800,0,700,SUCCESS
SYNC,beta,97,800,0,700,SUCCESS
SYNC,beta,98,700,0,700,SUCCESS
SYNC,beta,99,800,0,700,SUCCESS
SYNC,beta,100,800,0,700,SUCCESS
SYNC,beta,101,700,0,700,SUCCESS
SYNC,beta,102,800,0,700,SUCCESS
SYNC,beta,103,800,0,800,SUCCESS
SYNC,beta,104,700,0,700,SUCCESS
SYNC,beta,105,700,0,700,SUCCESS
SYNC,beta,106,800,0,700,SUCCESS
SYNC,beta,107,800,0,700,SUCCESS
SYNC,beta,108,700,0,700,SUCCESS
SYNC,beta,109,800,0,800,SUCCESS
SYNC,beta,110,700,0,700,SUCCESS
SYNC,beta,111,800,0,700,SUCCESS
SYNC,beta,112,800,0,700,SUCCESS
SYNC,beta,113,800,0,700,SUCCESS
SYNC,beta,114,800,0,700,SUCCESS
SYNC,beta,115,700,0,700,SUCCESS
SYNC,beta,116,800,0,700,SUCCESS
SYNC,beta,117,700,0,700,SUCCESS
SYNC,beta,118,800,0,700,SUCCESS
SYNC,beta,119,800,0,700,SUCCESS
SYNC,beta,120,800,0,700,SUCCESS
SYNC,beta,121,800,0,700,SUCCESS
SYNC,beta,122,700,0,700,SUCCESS
SYNC,beta,123,800,0,700,SUCCESS
SYNC,beta,124,800,0,700,SUCCESS
SYNC,beta,125,800,0,700,SUCCESS
SYNC,beta,126,800,0,700,SUCCESS
SYNC,beta,127,800,0,700,SUCCESS
SYNC,beta,128,700,0,700,SUCCESS
SYNC,beta,129,800,0,700,SUCCESS
SYNC,beta,130,700,0,700,SUCCESS
SYNC,beta,131,800,0,700,SUCCESS
SYNC,beta,132,700,0,700,SUCCESS
SYNC,beta,133,800,0,700,SUCCESS
SYNC,beta,134,800,0,700,SUCCESS
SYNC,beta,135,700,0,700,SUCCESS
SYNC,beta,136,800,0,700,SUCCESS
SYNC,beta,137,800,0,700,SUCCESS
SYNC,beta,138,800,0,700,SUCCESS
SYNC,beta,139,800,0,800,SUCCESS
SYNC,beta,140,700,0,700,SUCCESS
SYNC,beta,141,800,0,700,SUCCESS
SYNC,beta,142,700,0,700,SUCCESS
SYNC,beta,143,800,0,700,SUCCESS
SYNC,beta,144,700,0,700,SUCCESS
SYNC,beta,145,800,0,800,SUCCESS
SYNC,beta,146,700,0,700,SUCCESS
SYNC,beta,147,800,0,700,SUCCESS
SYNC,beta,148,800,0,800,SUCCESS
SYNC,beta,149,800,0,700,SUCCESS
SYNC,beta,150,700,0,700,SUCCESS
SYNC,beta,151,800,0,700,SUCCESS
SYNC,beta,152,700,0,700,SUCCESS
SYNC,beta,153,800,0,700,SUCCESS
SYNC,beta,154,800,0,700,SUCCESS
SYNC,beta,155,800,0,700,SUCCESS
SYNC,beta,156,700,0,700,SUCCESS
SYNC,beta,157,800,0,700,SUCCESS
SYNC,beta,158,800,0,700,SUCCESS
SYNC,beta,159,800,0,700,SUCCESS
SYNC,beta,160,800,0,700,SUCCESS
SYNC,beta,161,700,0,700,SUCCESS
SYNC,beta,162,800,0,700,SUCCESS
SYNC,beta,163,800,0,700,SUCCESS
SYNC,beta,164,800,0,700,SUCCESS
SYNC,beta,165,800,0,700,SUCCESS
SYNC,beta,166,700,0,700,SUCCESS
SYNC,beta,167,800,0,700,SUCCESS
SYNC,beta,168,800,0,700,SUCCESS
SYNC,beta,169,800,0,700,SUCCESS
SYNC,beta,170,700,0,700,SUCCESS
SYNC,beta,171,800,0,700,SUCCESS
SYNC,beta,172,800,0,700,SUCCESS
SYNC,beta,173,800,0,700,SUCCESS
SYNC,beta,174,700,0,700,SUCCESS
SYNC,beta,175,800,0,700,SUCCESS
SYNC,beta,176,800,0,800,SUCCESS
SYNC,beta,177,800,0,700,SUCCESS
SYNC,beta,178,700,0,700,SUCCESS
SYNC,beta,179,800,0,700,SUCCESS
SYNC,beta,180,800,0,700,SUCCESS
SYNC,beta,181,800,0,700,SUCCESS
SYNC,beta,182,700,0,700,SUCCESS
SYNC,beta,183,800,0,700,SUCCESS
SYNC,beta,184,700,0,700,SUCCESS
SYNC,beta,185,800,0,800,SUCCESS
SYNC,beta,186,800,0,700,SUCCESS
SYNC,beta,187,700,0,700,SUCCESS
SYNC,beta,188,800,0,700,SUCCESS
SYNC,beta,189,800,0,800,SUCCESS
SYNC,beta,190,800,0,700,SUCCESS
SYNC,beta,191,700,0,700,SUCCESS
SYNC,beta,192,800,0,700,SUCCESS
SYNC,beta,193,700,0,700,SUCCESS
SYNC,beta,194,800,0,700,SUCCESS
SYNC,beta,195,800,0,800,SUCCESS
SYNC,beta,196,800,0,700,SUCCESS
SYNC,beta,197,700,0,700,SUCCESS
SYNC,beta,198,800,0,700,SUCCESS
SYNC,beta,199,800,0,700,SUCCESS
SYNC,beta,200,700,0,700,SUCCESS
SYNC,beta,201,800,0,800,SUCCESS
SYNC,beta,202,800,0,700,SUCCESS
SYNC,beta,203,800,0,700,SUCCESS
SYNC,beta,204,700,0,700,SUCCESS
SYNC,beta,205,800,0,700,SUCCESS
SYNC,beta,206,800,0,700,SUCCESS
SYNC,beta,207,700,0,700,SUCCESS
SYNC,beta,208,800,0,700,SUCCESS
SYNC,beta,209,800,0,700,SUCCESS
SYNC,beta,210,800,0,700,SUCCESS
SYNC,beta,211,800,0,700,SUCCESS
SYNC,beta,212,800,0,700,SUCCESS
SYNC,beta,213,700,0,700,SUCCESS
SYNC,beta,214,800,0,700,SUCCESS
SYNC,beta,215,800,0,700,SUCCESS
SYNC,beta,216,900,0,800,SUCCESS
SYNC,beta,217,900,0,800,SUCCESS
SYNC,beta,218,800,0,700,SUCCESS
SYNC,beta,219,900,0,800,SUCCESS
SYNC,beta,220,800,0,800,SUCCESS
SYNC,beta,221,1000,0,800,SUCCESS
SYNC,beta,222,900,0,700,SUCCESS
SYNC,beta,223,800,0,700,SUCCESS
SYNC,beta,224,800,0,700,SUCCESS
SYNC,beta,225,900,0,900,SUCCESS
SYNC,beta,226,700,0,700,SUCCESS
SYNC,beta,227,800,0,800,SUCCESS
SYNC,beta,228,800,0,700,SUCCESS
SYNC,beta,229,1900,0,1800,SUCCESS
SYNC,beta,230,700,0,700,SUCCESS
SYNC,beta,231,700,0,700,SUCCESS
SYNC,beta,232,800,0,700,SUCCESS
SYNC,beta,233,800,0,700,SUCCESS
SYNC,beta,234,700,0,700,SUCCESS
SYNC,beta,235,700,0,700,SUCCESS
SYNC,beta,236,700,0,700,SUCCESS
SYNC,beta,237,800,0,700,SUCCESS
SYNC,beta,238,800,0,600,SUCCESS
SYNC,beta,239,800,0,700,SUCCESS
SYNC,beta,240,800,0,800,SUCCESS
SYNC,beta,241,800,0,700,SUCCESS
SYNC,beta,242,800,0,700,SUCCESS
SYNC,beta,243,800,0,800,SUCCESS
SYNC,beta,244,800,0,700,SUCCESS
SYNC,beta,245,700,0,700,SUCCESS
SYNC,beta,246,700,0,700,SUCCESS
SYNC,beta,247,800,0,700,SUCCESS
SYNC,beta,248,800,0,800,SUCCESS
SYNC,beta,249,800,0,800,SUCCESS
SYNC,beta,250,700,0,700,SUCCESS
SYNC,beta,251,800,0,700,SUCCESS
SYNC,beta,252,700,0,700,SUCCESS
SYNC,beta,253,800,0,700,SUCCESS
SYNC,beta,254,800,0,700,SUCCESS
SYNC,beta,255,700,0,700,SUCCESS
SYNC,beta,256,800,0,700,SUCCESS
SYNC,beta,257,800,0,700,SUCCESS
SYNC,beta,258,800,0,700,SUCCESS
SYNC,beta,259,800,0,700,SUCCESS
SYNC,beta,260,800,0,700,SUCCESS
SYNC,beta,261,800,0,700,SUCCESS
SYNC,beta,262,700,0,700,SUCCESS
SYNC,beta,263,800,0,800,SUCCESS
SYNC,beta,264,800,0,700,SUCCESS
SYNC,beta,265,800,0,700,SUCCESS
SYNC,beta,266,700,0,700,SUCCESS
SYNC,beta,267,800,0,700,SUCCESS
SYNC,beta,268,700,0,700,SUCCESS
SYNC,beta,269,800,0,700,SUCCESS
SYNC,beta,270,700,0,700,SUCCESS
SYNC,beta,271,700,0,700,SUCCESS
SYNC,beta,272,800,0,800,SUCCESS
SYNC,beta,273,800,0,700,SUCCESS
SYNC,beta,274,1000,0,1000,SUCCESS
SYNC,beta,275,800,0,700,SUCCESS
SYNC,beta,276,800,0,700,SUCCESS
SYNC,beta,277,800,0,800,SUCCESS
SYNC,beta,278,800,0,800,SUCCESS
SYNC,beta,279,700,0,700,SUCCESS
SYNC,beta,280,800,0,700,SUCCESS
SYNC,beta,281,800,0,700,SUCCESS
SYNC,beta,282,800,0,700,SUCCESS
SYNC,beta,283,800,0,700,SUCCESS
SYNC,beta,284,800,0,800,SUCCESS
SYNC,beta,285,900,0,800,SUCCESS
SYNC,beta,286,800,0,800,SUCCESS
SYNC,beta,287,800,0,700,SUCCESS
SYNC,beta,288,800,0,700,SUCCESS
SYNC,beta,289,700,0,700,SUCCESS
SYNC,beta,290,700,0,700,SUCCESS
SYNC,beta,291,800,0,700,SUCCESS
SYNC,beta,292,700,0,700,SUCCESS
SYNC,beta,293,800,0,700,SUCCESS
SYNC,beta,294,700,0,700,SUCCESS
SYNC,beta,295,800,0,700,SUCCESS
SYNC,beta,296,800,0,800,SUCCESS
SYNC,beta,297,800,0,800,SUCCESS
SYNC,beta,298,800,0,700,SUCCESS
SYNC,beta,299,800,0,700,SUCCESS
SYNC,beta,300,800,0,700,SUCCESS
SYNC,beta,301,800,0,800,SUCCESS
SYNC,beta,302,800,0,800,SUCCESS
SYNC,beta,303,800,0,700,SUCCESS
SYNC,beta,304,800,0,700,SUCCESS
SYNC,beta,305,800,0,800,SUCCESS
SYNC,beta,306,800,0,700,SUCCESS
SYNC,beta,307,800,0,700,SUCCESS
SYNC,beta,308,800,0,800,SUCCESS
SYNC,beta,309,700,0,700,SUCCESS
SYNC,beta,310,800,0,700,SUCCESS
SYNC,beta,311,800,0,700,SUCCESS
SYNC,beta,312,800,0,700,SUCCESS
SYNC,beta,313,700,0,700,SUCCESS
SYNC,beta,314,800,0,700,SUCCESS
SYNC,beta,315,800,0,700,SUCCESS
SYNC,beta,316,800,0,800,SUCCESS
SYNC,beta,317,800,0,800,SUCCESS
SYNC,beta,318,800,0,800,SUCCESS
SYNC,beta,319,11500,0,11300,SUCCESS
SYNC,beta,320,800,0,700,SUCCESS
SYNC,beta,321,800,0,700,SUCCESS
SYNC,beta,322,700,0,700,SUCCESS
SYNC,beta,323,700,0,700,SUCCESS
SYNC,beta,324,800,0,800,SUCCESS
SYNC,beta,325,800,0,700,SUCCESS
SYNC,beta,326,800,0,700,SUCCESS
SYNC,beta,327,800,0,700,SUCCESS
SYNC,beta,328,800,0,700,SUCCESS
SYNC,beta,329,700,0,700,SUCCESS
SYNC,beta,330,800,0,800,SUCCESS
SYNC,beta,331,800,0,800,SUCCESS
SYNC,beta,332,800,0,800,SUCCESS
SYNC,beta,333,800,0,700,SUCCESS
SYNC,beta,334,800,0,800,SUCCESS
SYNC,beta,335,800,0,700,SUCCESS
SYNC,beta,336,800,0,800,SUCCESS
SYNC,beta,337,800,0,800,SUCCESS
SYNC,beta,338,800,0,800,SUCCESS
SYNC,beta,339,900,0,700,SUCCESS
SYNC,beta,340,800,0,700,SUCCESS
SYNC,beta,341,800,0,700,SUCCESS
SYNC,beta,342,800,0,800,SUCCESS
SYNC,beta,343,800,0,700,SUCCESS
SYNC,beta,344,800,0,700,SUCCESS
SYNC,beta,345,800,0,800,SUCCESS
SYNC,beta,346,7600,0,7500,SUCCESS
SYNC,beta,347,800,0,700,SUCCESS
SYNC,beta,348,800,0,700,SUCCESS
SYNC,beta,349,800,0,700,SUCCESS
SYNC,beta,350,700,0,700,SUCCESS
SYNC,beta,351,800,0,700,SUCCESS
SYNC,beta,352,800,0,800,SUCCESS
SYNC,beta,353,800,0,700,SUCCESS
SYNC,beta,354,700,0,700,SUCCESS
SYNC,beta,355,700,0,700,SUCCESS
SYNC,beta,356,800,0,700,SUCCESS
SYNC,beta,357,800,0,700,SUCCESS
SYNC,beta,358,700,0,700,SUCCESS
SYNC,beta,359,700,0,700,SUCCESS
SYNC,beta,360,800,0,700,SUCCESS
SYNC,beta,361,800,0,700,SUCCESS
SYNC,beta,362,800,0,700,SUCCESS
SYNC,beta,363,900,0,800,SUCCESS
SYNC,beta,364,900,0,700,SUCCESS
SYNC,beta,365,800,0,700,SUCCESS
SYNC,beta,366,800,0,700,SUCCESS
SYNC,beta,367,800,0,700,SUCCESS
SYNC,beta,368,800,0,700,SUCCESS
SYNC,beta,369,800,0,700,SUCCESS
SYNC,beta,370,800,0,700,SUCCESS
SYNC,beta,371,800,0,700,SUCCESS
SYNC,beta,372,800,0,700,SUCCESS
SYNC,beta,373,800,0,700,SUCCESS
SYNC,beta,374,700,0,700,SUCCESS
SYNC,beta,375,800,0,700,SUCCESS
SYNC,beta,376,700,0,700,SUCCESS
SYNC,beta,377,700,0,700,SUCCESS
SYNC,beta,378,800,0,700,SUCCESS
SYNC,beta,379,800,0,600,SUCCESS
SYNC,beta,380,700,0,700,SUCCESS
SYNC,beta,381,700,0,700,SUCCESS
SYNC,beta,382,800,0,700,SUCCESS
SYNC,beta,383,800,0,600,SUCCESS
SYNC,beta,384,800,0,700,SUCCESS
SYNC,beta,385,800,0,700,SUCCESS
SYNC,beta,386,800,0,700,SUCCESS
SYNC,beta,387,800,0,700,SUCCESS
SYNC,beta,388,800,0,700,SUCCESS
SYNC,beta,389,900,0,700,SUCCESS
SYNC,beta,390,800,0,700,SUCCESS
SYNC,beta,391,700,0,700,SUCCESS
SYNC,beta,392,700,0,700,SUCCESS
SYNC,beta,393,800,0,700,SUCCESS
SYNC,beta,394,800,0,700,SUCCESS
SYNC,beta,395,700,0,700,SUCCESS
SYNC,beta,396,800,0,700,SUCCESS
SYNC,beta,397,800,0,700,SUCCESS
SYNC,beta,398,800,0,800,SUCCESS
SYNC,beta,399,700,0,700,SUCCESS
SYNC,beta,400,800,0,700,SUCCESS
SYNC,beta,401,800,0,800,SUCCESS
SYNC,beta,402,800,0,700,SUCCESS
SYNC,beta,403,800,0,700,SUCCESS
SYNC,beta,404,800,0,700,SUCCESS
SYNC,beta,405,700,0,700,SUCCESS
SYNC,beta,406,900,0,800,SUCCESS
SYNC,beta,407,800,0,700,SUCCESS
SYNC,beta,408,800,0,700,SUCCESS
SYNC,beta,409,800,0,700,SUCCESS
SYNC,beta,410,700,0,700,SUCCESS
SYNC,beta,411,800,0,800,SUCCESS
SYNC,beta,412,700,0,700,SUCCESS
SYNC,beta,413,800,0,700,SUCCESS
SYNC,beta,414,800,0,700,SUCCESS
SYNC,beta,415,700,0,700,SUCCESS
SYNC,beta,416,700,0,700,SUCCESS
SYNC,beta,417,800,0,700,SUCCESS
SYNC,beta,418,700,0,700,SUCCESS
SYNC,beta,419,800,0,700,SUCCESS
SYNC,beta,420,700,0,700,SUCCESS
SYNC,beta,421,800,0,700,SUCCESS
SYNC,beta,422,800,0,800,SUCCESS
SYNC,beta,423,800,0,700,SUCCESS
SYNC,beta,424,800,0,700,SUCCESS
SYNC,beta,425,700,0,700,SUCCESS
SYNC,beta,426,800,0,700,SUCCESS
SYNC,beta,427,700,0,700,SUCCESS
SYNC,beta,428,800,0,800,SUCCESS
SYNC,beta,429,800,0,700,SUCCESS
SYNC,beta,430,700,0,700,SUCCESS
SYNC,beta,431,700,0,700,SUCCESS
SYNC,beta,432,800,0,700,SUCCESS
SYNC,beta,433,800,0,700,SUCCESS
SYNC,beta,434,700,0,700,SUCCESS
SYNC,beta,435,700,0,700,SUCCESS
SYNC,beta,436,800,0,600,SUCCESS
SYNC,beta,437,800,0,700,SUCCESS
SYNC,beta,438,700,0,700,SUCCESS
SYNC,beta,439,800,0,700,SUCCESS
SYNC,beta,440,700,0,700,SUCCESS
SYNC,beta,441,800,0,700,SUCCESS
SYNC,beta,442,800,0,700,SUCCESS
SYNC,beta,443,800,0,700,SUCCESS
SYNC,beta,444,800,0,800,SUCCESS
SYNC,beta,445,800,0,800,SUCCESS
SYNC,beta,446,700,0,700,SUCCESS
SYNC,beta,447,800,0,700,SUCCESS
SYNC,beta,448,700,0,700,SUCCESS
SYNC,beta,449,700,0,700,SUCCESS
SYNC,beta,450,800,0,700,SUCCESS
SYNC,beta,451,700,0,700,SUCCESS
SYNC,beta,452,800,0,700,SUCCESS
SYNC,beta,453,800,0,700,SUCCESS
SYNC,beta,454,900,0,900,SUCCESS
SYNC,beta,455,800,0,700,SUCCESS
SYNC,beta,456,800,0,700,SUCCESS
SYNC,beta,457,700,0,700,SUCCESS
SYNC,beta,458,700,0,700,SUCCESS
SYNC,beta,459,700,0,700,SUCCESS
SYNC,beta,460,800,0,700,SUCCESS
SYNC,beta,461,700,0,700,SUCCESS
SYNC,beta,462,700,0,700,SUCCESS
SYNC,beta,463,700,0,700,SUCCESS
SYNC,beta,464,800,0,800,SUCCESS
SYNC,beta,465,800,0,700,SUCCESS
SYNC,beta,466,700,0,700,SUCCESS
SYNC,beta,467,800,0,600,SUCCESS
SYNC,beta,468,800,0,700,SUCCESS
SYNC,beta,469,700,0,700,SUCCESS
SYNC,beta,470,700,0,700,SUCCESS
SYNC,beta,471,700,0,700,SUCCESS
SYNC,beta,472,800,0,700,SUCCESS
SYNC,beta,473,800,0,700,SUCCESS
SYNC,beta,474,700,0,700,SUCCESS
SYNC,beta,475,800,0,700,SUCCESS
SYNC,beta,476,800,0,700,SUCCESS
SYNC,beta,477,700,0,700,SUCCESS
SYNC,beta,478,800,0,700,SUCCESS
SYNC,beta,479,800,0,700,SUCCESS
SYNC,beta,480,700,0,700,SUCCESS
SYNC,beta,481,700,0,700,SUCCESS
SYNC,beta,482,800,0,700,SUCCESS
SYNC,beta,483,800,0,600,SUCCESS
SYNC,beta,484,800,0,700,SUCCESS
SYNC,beta,485,800,0,700,SUCCESS
SYNC,beta,486,800,0,700,SUCCESS
SYNC,beta,487,700,0,700,SUCCESS
SYNC,beta,488,800,0,700,SUCCESS
SYNC,beta,489,800,0,600,SUCCESS
SYNC,beta,490,800,0,700,SUCCESS
SYNC,beta,491,800,0,700,SUCCESS
SYNC,beta,492,800,0,700,SUCCESS
SYNC,beta,493,700,0,700,SUCCESS
SYNC,beta,494,800,0,700,SUCCESS
SYNC,beta,495,700,0,700,SUCCESS
SYNC,beta,496,800,0,700,SUCCESS
SYNC,beta,497,800,0,800,SUCCESS
SYNC,beta,498,700,0,700,SUCCESS
SYNC,beta,499,900,0,700,SUCCESS
SYNC,beta,500,700,0,700,SUCCESS
SYNC,beta,501,800,0,700,SUCCESS
SYNC,beta,502,800,0,700,SUCCESS
SYNC,beta,503,700,0,700,SUCCESS
SYNC,beta,504,800,0,700,SUCCESS
SYNC,beta,505,800,0,700,SUCCESS
SYNC,beta,506,700,0,700,SUCCESS
SYNC,beta,507,800,0,700,SUCCESS
SYNC,beta,508,700,0,700,SUCCESS
SYNC,beta,509,700,0,700,SUCCESS
SYNC,beta,510,900,0,700,SUCCESS
SYNC,beta,511,800,0,700,SUCCESS
SYNC,beta,512,900,0,700,SUCCESS
SYNC,beta,513,800,0,700,SUCCESS
SYNC,beta,514,700,0,700,SUCCESS
SYNC,beta,515,700,0,700,SUCCESS
SYNC,beta,516,700,0,700,SUCCESS
SYNC,beta,517,800,0,700,SUCCESS
SYNC,beta,518,800,0,700,SUCCESS
SYNC,beta,519,700,0,700,SUCCESS
SYNC,beta,520,800,0,700,SUCCESS
SYNC,beta,521,800,0,800,SUCCESS
SYNC,beta,522,800,0,700,SUCCESS
SYNC,beta,523,800,0,700,SUCCESS
SYNC,beta,524,800,0,700,SUCCESS
SYNC,beta,525,800,0,700,SUCCESS
SYNC,beta,526,700,0,700,SUCCESS
SYNC,beta,527,700,0,700,SUCCESS
SYNC,beta,528,700,0,700,SUCCESS
SYNC,beta,529,700,0,700,SUCCESS
SYNC,beta,530,700,0,700,SUCCESS
SYNC,beta,531,800,0,700,SUCCESS
SYNC,beta,532,800,0,700,SUCCESS
SYNC,beta,533,800,0,800,SUCCESS
SYNC,beta,534,800,0,800,SUCCESS
SYNC,beta,535,800,0,700,SUCCESS
SYNC,beta,536,700,0,700,SUCCESS
SYNC,beta,537,800,0,700,SUCCESS
SYNC,beta,538,700,0,700,SUCCESS
SYNC,beta,539,800,0,700,SUCCESS
SYNC,beta,540,800,0,600,SUCCESS
SYNC,beta,541,700,0,700,SUCCESS
SYNC,beta,542,700,0,700,SUCCESS
SYNC,beta,543,800,0,800,SUCCESS
SYNC,beta,544,800,0,700,SUCCESS
SYNC,beta,545,700,0,700,SUCCESS
SYNC,beta,546,800,0,700,SUCCESS
SYNC,beta,547,800,0,700,SUCCESS
SYNC,beta,548,700,0,700,SUCCESS
SYNC,beta,549,800,0,700,SUCCESS
SYNC,beta,550,800,0,700,SUCCESS
SYNC,beta,551,800,0,700,SUCCESS
SYNC,beta,552,900,0,800,SUCCESS
SYNC,beta,553,700,0,700,SUCCESS
SYNC,beta,554,800,0,700,SUCCESS
SYNC,beta,555,800,0,700,SUCCESS
SYNC,beta,556,800,0,700,SUCCESS
SYNC,beta,557,700,0,700,SUCCESS
SYNC,beta,558,700,0,700,SUCCESS
SYNC,beta,559,800,0,700,SUCCESS
SYNC,beta,560,800,0,700,SUCCESS
SYNC,beta,561,700,0,700,SUCCESS
SYNC,beta,562,800,0,600,SUCCESS
SYNC,beta,563,800,0,700,SUCCESS
SYNC,beta,564,800,0,800,SUCCESS
SYNC,beta,565,800,0,700,SUCCESS
SYNC,beta,566,800,0,700,SUCCESS
SYNC,beta,567,800,0,800,SUCCESS
SYNC,beta,568,800,0,700,SUCCESS
SYNC,beta,569,800,0,700,SUCCESS
SYNC,beta,570,800,0,800,SUCCESS
SYNC,beta,571,800,0,700,SUCCESS
SYNC,beta,572,900,0,700,SUCCESS
SYNC,beta,573,800,0,800,SUCCESS
SYNC,beta,574,900,0,700,SUCCESS
SYNC,beta,575,800,0,700,SUCCESS
SYNC,beta,576,800,0,800,SUCCESS
SYNC,beta,577,700,0,700,SUCCESS
SYNC,beta,578,700,0,700,SUCCESS
SYNC,beta,579,800,0,700,SUCCESS
SYNC,beta,580,800,0,700,SUCCESS
SYNC,beta,581,800,0,800,SUCCESS
SYNC,beta,582,800,0,700,SUCCESS
SYNC,beta,583,800,0,800,SUCCESS
SYNC,beta,584,800,0,800,SUCCESS
SYNC,beta,585,800,0,700,SUCCESS
SYNC,beta,586,900,0,800,SUCCESS
SYNC,beta,587,900,0,900,SUCCESS
SYNC,beta,588,800,0,700,SUCCESS
SYNC,beta,589,800,0,700,SUCCESS
SYNC,beta,590,800,0,800,SUCCESS
SYNC,beta,591,900,0,800,SUCCESS
SYNC,beta,592,800,0,700,SUCCESS
SYNC,beta,593,1000,0,800,SUCCESS
SYNC,beta,594,800,0,800,SUCCESS
SYNC,beta,595,900,0,700,SUCCESS
SYNC,beta,596,800,0,800,SUCCESS
SYNC,beta,597,900,0,800,SUCCESS
SYNC,beta,598,900,0,800,SUCCESS
SYNC,beta,599,900,0,900,SUCCESS
SYNC,beta,600,800,0,800,SUCCESS
SYNC,beta,601,800,0,700,SUCCESS
SYNC,beta,602,800,0,700,SUCCESS
SYNC,beta,603,800,0,700,SUCCESS
SYNC,beta,604,900,0,700,SUCCESS
SYNC,beta,605,800,0,700,SUCCESS
SYNC,beta,606,900,0,800,SUCCESS
SYNC,beta,607,900,0,900,SUCCESS
SYNC,beta,608,700,0,700,SUCCESS
SYNC,beta,609,800,0,700,SUCCESS
SYNC,beta,610,800,0,700,SUCCESS
SYNC,beta,611,1000,0,800,SUCCESS
SYNC,beta,612,700,0,700,SUCCESS
SYNC,beta,613,800,0,700,SUCCESS
SYNC,beta,614,800,0,700,SUCCESS
SYNC,beta,615,800,0,700,SUCCESS
SYNC,beta,616,700,0,700,SUCCESS
SYNC,beta,617,900,0,800,SUCCESS
SYNC,beta,618,700,0,700,SUCCESS
SYNC,beta,619,700,0,700,SUCCESS
SYNC,beta,620,800,0,700,SUCCESS
SYNC,beta,621,800,0,700,SUCCESS
SYNC,beta,622,700,0,700,SUCCESS
SYNC,beta,623,900,0,700,SUCCESS
SYNC,beta,624,800,0,700,SUCCESS
SYNC,beta,625,900,0,800,SUCCESS
SYNC,beta,626,900,0,900,SUCCESS
SYNC,beta,627,800,0,800,SUCCESS
SYNC,beta,628,800,0,800,SUCCESS
SYNC,beta,629,800,0,700,SUCCESS
SYNC,beta,630,800,0,700,SUCCESS
SYNC,beta,631,800,0,800,SUCCESS
SYNC,beta,632,900,0,700,SUCCESS
SYNC,beta,633,700,0,700,SUCCESS
SYNC,beta,634,700,0,700,SUCCESS
SYNC,beta,635,700,0,700,SUCCESS
SYNC,beta,636,700,0,700,SUCCESS
SYNC,beta,637,700,0,700,SUCCESS
SYNC,beta,638,700,0,700,SUCCESS
SYNC,beta,639,800,0,800,SUCCESS
SYNC,beta,640,800,0,700,SUCCESS
SYNC,beta,641,800,0,700,SUCCESS
SYNC,beta,642,800,0,700,SUCCESS
SYNC,beta,643,800,0,700,SUCCESS
SYNC,beta,644,700,0,700,SUCCESS
SYNC,beta,645,700,0,700,SUCCESS
SYNC,beta,646,800,0,800,SUCCESS
SYNC,beta,647,800,0,800,SUCCESS
SYNC,beta,648,800,0,700,SUCCESS
SYNC,beta,649,800,0,700,SUCCESS
SYNC,beta,650,700,0,700,SUCCESS
SYNC,beta,651,700,0,700,SUCCESS
SYNC,beta,652,700,0,700,SUCCESS
SYNC,beta,653,800,0,700,SUCCESS
SYNC,beta,654,800,0,700,SUCCESS
SYNC,beta,655,800,0,800,SUCCESS
SYNC,beta,656,800,0,700,SUCCESS
SYNC,beta,657,700,0,700,SUCCESS
SYNC,beta,658,800,0,700,SUCCESS
SYNC,beta,659,700,0,700,SUCCESS
SYNC,beta,660,700,0,700,SUCCESS
SYNC,beta,661,900,0,900,SUCCESS
SYNC,beta,662,800,0,800,SUCCESS
SYNC,beta,663,800,0,800,SUCCESS
SYNC,beta,664,800,0,800,SUCCESS
SYNC,beta,665,900,0,800,SUCCESS
SYNC,beta,666,800,0,700,SUCCESS
SYNC,beta,667,900,0,800,SUCCESS
SYNC,beta,668,900,0,700,SUCCESS
SYNC,beta,669,800,0,700,SUCCESS
SYNC,beta,670,800,0,800,SUCCESS
SYNC,beta,671,800,0,700,SUCCESS
SYNC,beta,672,800,0,600,SUCCESS
SYNC,beta,673,700,0,700,SUCCESS
SYNC,beta,674,700,0,700,SUCCESS
SYNC,beta,675,700,0,700,SUCCESS
SYNC,beta,676,1000,0,700,SUCCESS
SYNC,beta,677,800,0,700,SUCCESS
SYNC,beta,678,800,0,700,SUCCESS
SYNC,beta,679,800,0,700,SUCCESS
SYNC,beta,680,700,0,700,SUCCESS
SYNC,beta,681,700,0,700,SUCCESS
SYNC,beta,682,800,0,600,SUCCESS
SYNC,beta,683,700,0,700,SUCCESS
SYNC,beta,684,800,0,700,SUCCESS
SYNC,beta,685,700,0,700,SUCCESS
SYNC,beta,686,800,0,700,SUCCESS
SYNC,beta,687,800,0,700,SUCCESS
SYNC,beta,688,800,0,700,SUCCESS
SYNC,beta,689,800,0,700,SUCCESS
SYNC,beta,690,800,0,700,SUCCESS
SYNC,beta,691,900,0,900,SUCCESS
SYNC,beta,692,800,0,700,SUCCESS
SYNC,beta,693,800,0,700,SUCCESS
SYNC,beta,694,1000,0,900,SUCCESS
SYNC,beta,695,800,0,700,SUCCESS
SYNC,beta,696,700,0,700,SUCCESS
SYNC,beta,697,800,0,600,SUCCESS
SYNC,beta,698,800,0,700,SUCCESS
SYNC,beta,699,800,0,700,SUCCESS
SYNC,beta,700,700,0,700,SUCCESS
SYNC,beta,701,900,0,800,SUCCESS
SYNC,beta,702,800,0,700,SUCCESS
SYNC,beta,703,800,0,700,SUCCESS
SYNC,beta,704,700,0,700,SUCCESS
SYNC,beta,705,900,0,700,SUCCESS
SYNC,beta,706,700,0,700,SUCCESS
SYNC,beta,707,700,0,700,SUCCESS
SYNC,beta,708,800,0,700,SUCCESS
SYNC,beta,709,800,0,700,SUCCESS
SYNC,beta,710,800,0,700,SUCCESS
SYNC,beta,711,800,0,800,SUCCESS
SYNC,beta,712,700,0,700,SUCCESS
SYNC,beta,713,800,0,700,SUCCESS
SYNC,beta,714,700,0,700,SUCCESS
SYNC,beta,715,800,0,700,SUCCESS
SYNC,beta,716,800,0,700,SUCCESS
SYNC,beta,717,900,0,800,SUCCESS
SYNC,beta,718,800,0,700,SUCCESS
SYNC,beta,719,800,0,700,SUCCESS
SYNC,beta,720,800,0,700,SUCCESS
SYNC,beta,721,800,0,800,SUCCESS
SYNC,beta,722,800,0,700,SUCCESS
SYNC,beta,723,800,0,700,SUCCESS
SYNC,beta,724,800,0,700,SUCCESS
SYNC,beta,725,800,0,700,SUCCESS
SYNC,beta,726,800,0,700,SUCCESS
SYNC,beta,727,700,0,700,SUCCESS
SYNC,beta,728,700,0,700,SUCCESS
SYNC,beta,729,800,0,800,SUCCESS
SYNC,beta,730,700,0,700,SUCCESS
SYNC,beta,731,800,0,700,SUCCESS
SYNC,beta,732,800,0,600,SUCCESS
SYNC,beta,733,800,0,700,SUCCESS
SYNC,beta,734,700,0,700,SUCCESS
SYNC,beta,735,800,0,700,SUCCESS
SYNC,beta,736,800,0,700,SUCCESS
SYNC,beta,737,700,0,700,SUCCESS
SYNC,beta,738,700,0,700,SUCCESS
SYNC,beta,739,700,0,700,SUCCESS
SYNC,beta,740,900,0,800,SUCCESS
SYNC,beta,741,800,0,700,SUCCESS
SYNC,beta,742,800,0,700,SUCCESS
SYNC,beta,743,800,0,700,SUCCESS
SYNC,beta,744,800,0,800,SUCCESS
SYNC,beta,745,700,0,700,SUCCESS
SYNC,beta,746,800,0,700,SUCCESS
SYNC,beta,747,700,0,700,SUCCESS
SYNC,beta,748,800,0,700,SUCCESS
SYNC,beta,749,700,0,700,SUCCESS
SYNC,beta,750,800,0,700,SUCCESS
SYNC,beta,751,800,0,700,SUCCESS
SYNC,beta,752,800,0,700,SUCCESS
SYNC,beta,753,800,0,800,SUCCESS
SYNC,beta,754,700,0,700,SUCCESS
SYNC,beta,755,800,0,700,SUCCESS
SYNC,beta,756,800,0,700,SUCCESS
SYNC,beta,757,800,0,700,SUCCESS
SYNC,beta,758,800,0,700,SUCCESS
SYNC,beta,759,800,0,700,SUCCESS
SYNC,beta,760,800,0,700,SUCCESS
SYNC,beta,761,700,0,700,SUCCESS
SYNC,beta,762,800,0,700,SUCCESS
SYNC,beta,763,800,0,700,SUCCESS
SYNC,beta,764,700,0,700,SUCCESS
SYNC,beta,765,800,0,700,SUCCESS
SYNC,beta,766,900,0,800,SUCCESS
SYNC,beta,767,800,0,700,SUCCESS
SYNC,beta,768,800,0,700,SUCCESS
SYNC,beta,769,800,0,700,SUCCESS
SYNC,beta,770,900,0,900,SUCCESS
SYNC,beta,771,700,0,700,SUCCESS
SYNC,beta,772,700,0,700,SUCCESS
SYNC,beta,773,800,0,700,SUCCESS
SYNC,beta,774,800,0,700,SUCCESS
SYNC,beta,775,800,0,700,SUCCESS
SYNC,beta,776,800,0,800,SUCCESS
SYNC,beta,777,800,0,700,SUCCESS
SYNC,beta,778,800,0,700,SUCCESS
SYNC,beta,779,700,0,700,SUCCESS
SYNC,beta,780,700,0,700,SUCCESS
SYNC,beta,781,800,0,700,SUCCESS
SYNC,beta,782,800,0,700,SUCCESS
SYNC,beta,783,800,0,700,SUCCESS
SYNC,beta,784,800,0,800,SUCCESS
SYNC,beta,785,700,0,700,SUCCESS
SYNC,beta,786,800,0,700,SUCCESS
SYNC,beta,787,800,0,700,SUCCESS
SYNC,beta,788,800,0,700,SUCCESS
SYNC,beta,789,700,0,700,SUCCESS
SYNC,beta,790,800,0,700,SUCCESS
SYNC,beta,791,800,0,700,SUCCESS
SYNC,beta,792,800,0,700,SUCCESS
SYNC,beta,793,700,0,700,SUCCESS
SYNC,beta,794,700,0,700,SUCCESS
SYNC,beta,795,800,0,800,SUCCESS
SYNC,beta,796,800,0,700,SUCCESS
SYNC,beta,797,800,0,700,SUCCESS
SYNC,beta,798,800,0,800,SUCCESS
SYNC,beta,799,700,0,700,SUCCESS
SYNC,beta,800,800,0,700,SUCCESS
SYNC,beta,801,800,0,700,SUCCESS
SYNC,beta,802,700,0,700,SUCCESS
SYNC,beta,803,700,0,700,SUCCESS
SYNC,beta,804,800,0,700,SUCCESS
SYNC,beta,805,800,0,700,SUCCESS
SYNC,beta,806,700,0,700,SUCCESS
SYNC,beta,807,800,0,700,SUCCESS
SYNC,beta,808,800,0,700,SUCCESS
SYNC,beta,809,800,0,700,SUCCESS
SYNC,beta,810,700,0,700,SUCCESS
SYNC,beta,811,800,0,700,SUCCESS
SYNC,beta,812,800,0,700,SUCCESS
SYNC,beta,813,800,0,700,SUCCESS
SYNC,beta,814,800,0,700,SUCCESS
SYNC,beta,815,800,0,700,SUCCESS
SYNC,beta,816,800,0,700,SUCCESS
SYNC,beta,817,800,0,700,SUCCESS
SYNC,beta,818,800,0,700,SUCCESS
SYNC,beta,819,800,0,700,SUCCESS
SYNC,beta,820,800,0,800,SUCCESS
SYNC,beta,821,800,0,700,SUCCESS
SYNC,beta,822,1100,0,700,SUCCESS
SYNC,beta,823,700,0,700,SUCCESS
SYNC,beta,824,800,0,700,SUCCESS
SYNC,beta,825,800,0,700,SUCCESS
SYNC,beta,826,800,0,700,SUCCESS
SYNC,beta,827,800,0,700,SUCCESS
SYNC,beta,828,800,0,800,SUCCESS
SYNC,beta,829,800,0,700,SUCCESS
SYNC,beta,830,800,0,800,SUCCESS
SYNC,beta,831,800,0,700,SUCCESS
SYNC,beta,832,800,0,700,SUCCESS
SYNC,beta,833,800,0,800,SUCCESS
SYNC,beta,834,800,0,700,SUCCESS
SYNC,beta,835,700,0,700,SUCCESS
SYNC,beta,836,800,0,700,SUCCESS
SYNC,beta,837,800,0,800,SUCCESS
SYNC,beta,838,800,0,800,SUCCESS
SYNC,beta,839,800,0,700,SUCCESS
SYNC,beta,840,800,0,700,SUCCESS
SYNC,beta,841,800,0,700,SUCCESS
SYNC,beta,842,700,0,700,SUCCESS
SYNC,beta,843,700,0,700,SUCCESS
SYNC,beta,844,800,0,700,SUCCESS
SYNC,beta,845,800,0,700,SUCCESS
SYNC,beta,846,800,0,800,SUCCESS
SYNC,beta,847,700,0,700,SUCCESS
SYNC,beta,848,800,0,800,SUCCESS
SYNC,beta,849,800,0,800,SUCCESS
SYNC,beta,850,800,0,700,SUCCESS
SYNC,beta,851,800,0,700,SUCCESS
SYNC,beta,852,800,0,700,SUCCESS
SYNC,beta,853,700,0,700,SUCCESS
SYNC,beta,854,700,0,700,SUCCESS
SYNC,beta,855,800,0,700,SUCCESS
SYNC,beta,856,800,0,700,SUCCESS
SYNC,beta,857,700,0,700,SUCCESS
SYNC,beta,858,800,0,800,SUCCESS
SYNC,beta,859,800,0,700,SUCCESS
SYNC,beta,860,700,0,700,SUCCESS
SYNC,beta,861,800,0,700,SUCCESS
SYNC,beta,862,800,0,700,SUCCESS
SYNC,beta,863,700,0,700,SUCCESS
SYNC,beta,864,800,0,800,SUCCESS
SYNC,beta,865,800,0,700,SUCCESS
SYNC,beta,866,800,0,700,SUCCESS
SYNC,beta,867,800,0,700,SUCCESS
SYNC,beta,868,800,0,700,SUCCESS
SYNC,beta,869,700,0,700,SUCCESS
SYNC,beta,870,700,0,700,SUCCESS
SYNC,beta,871,900,0,800,SUCCESS
SYNC,beta,872,800,0,800,SUCCESS
SYNC,beta,873,800,0,700,SUCCESS
SYNC,beta,874,800,0,700,SUCCESS
SYNC,beta,875,800,0,700,SUCCESS
SYNC,beta,876,800,0,700,SUCCESS
SYNC,beta,877,800,0,700,SUCCESS
SYNC,beta,878,700,0,700,SUCCESS
SYNC,beta,879,800,0,700,SUCCESS
SYNC,beta,880,800,0,800,SUCCESS
SYNC,beta,881,800,0,700,SUCCESS
SYNC,beta,882,800,0,700,SUCCESS
SYNC,beta,883,700,0,700,SUCCESS
SYNC,beta,884,800,0,800,SUCCESS
SYNC,beta,885,700,0,700,SUCCESS
SYNC,beta,886,800,0,700,SUCCESS
SYNC,beta,887,800,0,700,SUCCESS
SYNC,beta,888,800,0,700,SUCCESS
SYNC,beta,889,800,0,700,SUCCESS
SYNC,beta,890,800,0,700,SUCCESS
SYNC,beta,891,700,0,700,SUCCESS
SYNC,beta,892,800,0,700,SUCCESS
SYNC,beta,893,800,0,700,SUCCESS
SYNC,beta,894,900,0,800,SUCCESS
SYNC,beta,895,700,0,700,SUCCESS
SYNC,beta,896,800,0,700,SUCCESS
SYNC,beta,897,900,0,700,SUCCESS
SYNC,beta,898,800,0,700,SUCCESS
SYNC,beta,899,700,0,700,SUCCESS
SYNC,beta,900,800,0,700,SUCCESS
SYNC,beta,901,800,0,700,SUCCESS
SYNC,beta,902,800,0,700,SUCCESS
SYNC,beta,903,700,0,700,SUCCESS
SYNC,beta,904,800,0,700,SUCCESS
SYNC,beta,905,800,0,800,SUCCESS
SYNC,beta,906,800,0,700,SUCCESS
SYNC,beta,907,800,0,700,SUCCESS
SYNC,beta,908,11000,0,10900,SUCCESS
SYNC,beta,909,900,0,700,SUCCESS
SYNC,beta,910,1000,0,800,SUCCESS
SYNC,beta,911,800,0,700,SUCCESS
SYNC,beta,912,800,0,700,SUCCESS
SYNC,beta,913,700,0,700,SUCCESS
SYNC,beta,914,800,0,800,SUCCESS
SYNC,beta,915,700,0,700,SUCCESS
SYNC,beta,916,700,0,700,SUCCESS
SYNC,beta,917,800,0,700,SUCCESS
SYNC,beta,918,800,0,700,SUCCESS
SYNC,beta,919,800,0,700,SUCCESS
SYNC,beta,920,700,0,700,SUCCESS
SYNC,beta,921,800,0,700,SUCCESS
SYNC,beta,922,800,0,700,SUCCESS
SYNC,beta,923,700,0,700,SUCCESS
SYNC,beta,924,800,0,700,SUCCESS
SYNC,beta,925,800,0,800,SUCCESS
SYNC,beta,926,800,0,700,SUCCESS
SYNC,beta,927,700,0,700,SUCCESS
SYNC,beta,928,900,0,700,SUCCESS
SYNC,beta,929,900,0,900,SUCCESS
SYNC,beta,930,900,0,800,SUCCESS
SYNC,beta,931,800,0,800,SUCCESS
SYNC,beta,932,800,0,800,SUCCESS
SYNC,beta,933,900,0,800,SUCCESS
SYNC,beta,934,800,0,800,SUCCESS
SYNC,beta,935,800,0,700,SUCCESS
SYNC,beta,936,800,0,700,SUCCESS
SYNC,beta,937,800,0,800,SUCCESS
SYNC,beta,938,700,0,700,SUCCESS
SYNC,beta,939,800,0,700,SUCCESS
SYNC,beta,940,800,0,700,SUCCESS
SYNC,beta,941,700,0,700,SUCCESS
SYNC,beta,942,900,0,700,SUCCESS
SYNC,beta,943,800,0,700,SUCCESS
SYNC,beta,944,900,0,700,SUCCESS
SYNC,beta,945,800,0,800,SUCCESS
SYNC,beta,946,800,0,800,SUCCESS
SYNC,beta,947,800,0,700,SUCCESS
SYNC,beta,948,900,0,700,SUCCESS
SYNC,beta,949,800,0,700,SUCCESS
SYNC,beta,950,800,0,700,SUCCESS
SYNC,beta,951,800,0,700,SUCCESS
SYNC,beta,952,800,0,700,SUCCESS
SYNC,beta,953,800,0,700,SUCCESS
SYNC,beta,954,800,0,700,SUCCESS
SYNC,beta,955,800,0,700,SUCCESS
SYNC,beta,956,800,0,700,SUCCESS
SYNC,beta,957,800,0,700,SUCCESS
SYNC,beta,958,800,0,700,SUCCESS
SYNC,beta,959,800,0,800,SUCCESS
SYNC,beta,960,900,0,800,SUCCESS
SYNC,beta,961,800,0,700,SUCCESS
SYNC,beta,962,800,0,700,SUCCESS
SYNC,beta,963,700,0,700,SUCCESS
SYNC,beta,964,900,0,900,SUCCESS
SYNC,beta,965,800,0,800,SUCCESS
SYNC,beta,966,800,0,700,SUCCESS
SYNC,beta,967,800,0,700,SUCCESS
SYNC,beta,968,1000,0,1000,SUCCESS
SYNC,beta,969,800,0,800,SUCCESS
SYNC,beta,970,900,0,800,SUCCESS
SYNC,beta,971,800,0,800,SUCCESS
SYNC,beta,972,900,0,800,SUCCESS
SYNC,beta,973,800,0,800,SUCCESS
SYNC,beta,974,800,0,700,SUCCESS
SYNC,beta,975,800,0,700,SUCCESS
SYNC,beta,976,800,0,800,SUCCESS
SYNC,beta,977,800,0,700,SUCCESS
SYNC,beta,978,800,0,700,SUCCESS
SYNC,beta,979,700,0,700,SUCCESS
SYNC,beta,980,800,0,700,SUCCESS
SYNC,beta,981,700,0,700,SUCCESS
SYNC,beta,982,800,0,700,SUCCESS
SYNC,beta,983,800,0,700,SUCCESS
SYNC,beta,984,800,0,700,SUCCESS
SYNC,beta,985,700,0,700,SUCCESS
SYNC,beta,986,800,0,700,SUCCESS
SYNC,beta,987,900,0,700,SUCCESS
SYNC,beta,988,800,0,800,SUCCESS
SYNC,beta,989,800,0,700,SUCCESS
SYNC,beta,990,800,0,700,SUCCESS
SYNC,beta,991,800,0,700,SUCCESS
SYNC,beta,992,800,0,700,SUCCESS
SYNC,beta,993,800,0,700,SUCCESS
SYNC,beta,994,800,0,700,SUCCESS
SYNC,beta,995,800,0,800,SUCCESS
SYNC,beta,996,800,0,700,SUCCESS
SYNC,beta,997,800,0,700,SUCCESS
SYNC,beta,998,800,0,700,SUCCESS
SYNC,beta,999,1000,0,800,SUCCESS
SYNC,delta,0,300,0,100,SUCCESS
SYNC,delta,1,200,0,100,SUCCESS
SYNC,delta,2,300,0,200,SUCCESS
SYNC,delta,3,300,0,200,SUCCESS
SYNC,delta,4,300,0,200,SUCCESS
SYNC,delta,5,300,0,100,SUCCESS
SYNC,delta,6,100,0,100,SUCCESS
SYNC,delta,7,100,0,100,SUCCESS
SYNC,delta,8,200,0,100,SUCCESS
SYNC,delta,9,200,0,200,SUCCESS
SYNC,delta,10,200,0,100,SUCCESS
SYNC,delta,11,200,0,100,SUCCESS
SYNC,delta,12,200,0,100,SUCCESS
SYNC,delta,13,200,0,200,SUCCESS
SYNC,delta,14,200,0,100,SUCCESS
SYNC,delta,15,200,0,100,SUCCESS
SYNC,delta,16,300,0,200,SUCCESS
SYNC,delta,17,200,0,100,SUCCESS
SYNC,delta,18,200,0,100,SUCCESS
SYNC,delta,19,100,0,100,SUCCESS
SYNC,delta,20,200,0,200,SUCCESS
SYNC,delta,21,100,0,100,SUCCESS
SYNC,delta,22,200,0,100,SUCCESS
SYNC,delta,23,200,0,100,SUCCESS
SYNC,delta,24,200,0,100,SUCCESS
SYNC,delta,25,200,0,100,SUCCESS
SYNC,delta,26,200,0,100,SUCCESS
SYNC,delta,27,200,0,200,SUCCESS
SYNC,delta,28,100,0,100,SUCCESS
SYNC,delta,29,200,0,200,SUCCESS
SYNC,delta,30,200,0,100,SUCCESS
SYNC,delta,31,200,0,100,SUCCESS
SYNC,delta,32,200,0,200,SUCCESS
SYNC,delta,33,200,0,100,SUCCESS
SYNC,delta,34,200,0,200,SUCCESS
SYNC,delta,35,100,0,100,SUCCESS
SYNC,delta,36,200,0,200,SUCCESS
SYNC,delta,37,100,0,100,SUCCESS
SYNC,delta,38,200,0,100,SUCCESS
SYNC,delta,39,200,0,100,SUCCESS
SYNC,delta,40,200,0,200,SUCCESS
SYNC,delta,41,200,0,100,SUCCESS
SYNC,delta,42,200,0,200,SUCCESS
SYNC,delta,43,200,0,100,SUCCESS
SYNC,delta,44,200,0,100,SUCCESS
SYNC,delta,45,200,0,100,SUCCESS
SYNC,delta,46,200,0,100,SUCCESS
SYNC,delta,47,200,0,100,SUCCESS
SYNC,delta,48,100,0,100,SUCCESS
SYNC,delta,49,200,0,100,SUCCESS
SYNC,delta,50,100,0,100,SUCCESS
SYNC,delta,51,200,0,100,SUCCESS
SYNC,delta,52,100,0,100,SUCCESS
SYNC,delta,53,200,0,100,SUCCESS
SYNC,delta,54,200,0,200,SUCCESS
SYNC,delta,55,200,0,100,SUCCESS
SYNC,delta,56,200,0,100,SUCCESS
SYNC,delta,57,200,0,200,SUCCESS
SYNC,delta,58,200,0,100,SUCCESS
SYNC,delta,59,200,0,100,SUCCESS
SYNC,delta,60,200,0,100,SUCCESS
SYNC,delta,61,100,0,100,SUCCESS
SYNC,delta,62,200,0,100,SUCCESS
SYNC,delta,63,200,0,100,SUCCESS
SYNC,delta,64,200,0,200,SUCCESS
SYNC,delta,65,100,0,100,SUCCESS
SYNC,delta,66,200,0,200,SUCCESS
SYNC,delta,67,200,0,100,SUCCESS
SYNC,delta,68,200,0,200,SUCCESS
SYNC,delta,69,200,0,100,SUCCESS
SYNC,delta,70,200,0,100,SUCCESS
SYNC,delta,71,100,0,100,SUCCESS
SYNC,delta,72,200,0,100,SUCCESS
SYNC,delta,73,200,0,100,SUCCESS
SYNC,delta,74,200,0,100,SUCCESS
SYNC,delta,75,200,0,100,SUCCESS
SYNC,delta,76,200,0,200,SUCCESS
SYNC,delta,77,200,0,100,SUCCESS
SYNC,delta,78,200,0,200,SUCCESS
SYNC,delta,79,200,0,100,SUCCESS
SYNC,delta,80,200,0,200,SUCCESS
SYNC,delta,81,100,0,100,SUCCESS
SYNC,delta,82,200,0,100,SUCCESS
SYNC,delta,83,200,0,100,SUCCESS
SYNC,delta,84,200,0,100,SUCCESS
SYNC,delta,85,100,0,100,SUCCESS
SYNC,delta,86,200,0,200,SUCCESS
SYNC,delta,87,100,0,100,SUCCESS
SYNC,delta,88,200,0,100,SUCCESS
SYNC,delta,89,200,0,100,SUCCESS
SYNC,delta,90,200,0,100,SUCCESS
SYNC,delta,91,200,0,200,SUCCESS
SYNC,delta,92,200,0,100,SUCCESS
SYNC,delta,93,200,0,100,SUCCESS
SYNC,delta,94,200,0,100,SUCCESS
SYNC,delta,95,200,0,200,SUCCESS
SYNC,delta,96,200,0,100,SUCCESS
SYNC,delta,97,200,0,100,SUCCESS
SYNC,delta,98,200,0,100,SUCCESS
SYNC,delta,99,200,0,100,SUCCESS
SYNC,delta,100,200,0,200,SUCCESS
SYNC,delta,101,200,0,100,SUCCESS
SYNC,delta,102,200,0,100,SUCCESS
SYNC,delta,103,200,0,100,SUCCESS
SYNC,delta,104,200,0,100,SUCCESS
SYNC,delta,105,200,0,100,SUCCESS
SYNC,delta,106,200,0,200,SUCCESS
SYNC,delta,107,200,0,100,SUCCESS
SYNC,delta,108,200,0,100,SUCCESS
SYNC,delta,109,200,0,100,SUCCESS
SYNC,delta,110,200,0,200,SUCCESS
SYNC,delta,111,200,0,100,SUCCESS
SYNC,delta,112,200,0,200,SUCCESS
SYNC,delta,113,200,0,100,SUCCESS
SYNC,delta,114,200,0,200,SUCCESS
SYNC,delta,115,200,0,100,SUCCESS
SYNC,delta,116,200,0,100,SUCCESS
SYNC,delta,117,200,0,100,SUCCESS
SYNC,delta,118,200,0,100,SUCCESS
SYNC,delta,119,200,0,100,SUCCESS
SYNC,delta,120,200,0,100,SUCCESS
SYNC,delta,121,200,0,100,SUCCESS
SYNC,delta,122,200,0,100,SUCCESS
SYNC,delta,123,200,0,200,SUCCESS
SYNC,delta,124,200,0,100,SUCCESS
SYNC,delta,125,200,0,200,SUCCESS
SYNC,delta,126,200,0,100,SUCCESS
SYNC,delta,127,200,0,100,SUCCESS
SYNC,delta,128,200,0,200,SUCCESS
SYNC,delta,129,100,0,100,SUCCESS
SYNC,delta,130,200,0,100,SUCCESS
SYNC,delta,131,200,0,100,SUCCESS
SYNC,delta,132,200,0,100,SUCCESS
SYNC,delta,133,200,0,100,SUCCESS
SYNC,delta,134,200,0,100,SUCCESS
SYNC,delta,135,200,0,100,SUCCESS
SYNC,delta,136,200,0,100,SUCCESS
SYNC,delta,137,100,0,100,SUCCESS
SYNC,delta,138,200,0,200,SUCCESS
SYNC,delta,139,200,0,100,SUCCESS
SYNC,delta,140,200,0,200,SUCCESS
SYNC,delta,141,200,0,100,SUCCESS
SYNC,delta,142,200,0,100,SUCCESS
SYNC,delta,143,200,0,100,SUCCESS
SYNC,delta,144,200,0,100,SUCCESS
SYNC,delta,145,200,0,200,SUCCESS
SYNC,delta,146,200,0,100,SUCCESS
SYNC,delta,147,200,0,100,SUCCESS
SYNC,delta,148,200,0,200,SUCCESS
SYNC,delta,149,200,0,100,SUCCESS
SYNC,delta,150,200,0,100,SUCCESS
SYNC,delta,151,200,0,100,SUCCESS
SYNC,delta,152,200,0,100,SUCCESS
SYNC,delta,153,200,0,100,SUCCESS
SYNC,delta,154,200,0,200,SUCCESS
SYNC,delta,155,100,0,100,SUCCESS
SYNC,delta,156,200,0,200,SUCCESS
SYNC,delta,157,200,0,200,SUCCESS
SYNC,delta,158,100,0,100,SUCCESS
SYNC,delta,159,200,0,200,SUCCESS
SYNC,delta,160,200,0,100,SUCCESS
SYNC,delta,161,200,0,200,SUCCESS
SYNC,delta,162,200,0,100,SUCCESS
SYNC,delta,163,200,0,200,SUCCESS
SYNC,delta,164,200,0,100,SUCCESS
SYNC,delta,165,200,0,200,SUCCESS
SYNC,delta,166,200,0,100,SUCCESS
SYNC,delta,167,200,0,100,SUCCESS
SYNC,delta,168,200,0,100,SUCCESS
SYNC,delta,169,200,0,100,SUCCESS
SYNC,delta,170,200,0,200,SUCCESS
SYNC,delta,171,100,0,100,SUCCESS
SYNC,delta,172,200,0,200,SUCCESS
SYNC,delta,173,200,0,100,SUCCESS
SYNC,delta,174,200,0,100,SUCCESS
SYNC,delta,175,200,0,100,SUCCESS
SYNC,delta,176,200,0,100,SUCCESS
SYNC,delta,177,200,0,100,SUCCESS
SYNC,delta,178,200,0,100,SUCCESS
SYNC,delta,179,200,0,100,SUCCESS
SYNC,delta,180,200,0,100,SUCCESS
SYNC,delta,181,200,0,200,SUCCESS
SYNC,delta,182,200,0,100,SUCCESS
SYNC,delta,183,200,0,100,SUCCESS
SYNC,delta,184,200,0,100,SUCCESS
SYNC,delta,185,200,0,100,SUCCESS
SYNC,delta,186,200,0,100,SUCCESS
SYNC,delta,187,200,0,100,SUCCESS
SYNC,delta,188,200,0,200,SUCCESS
SYNC,delta,189,100,0,100,SUCCESS
SYNC,delta,190,200,0,100,SUCCESS
SYNC,delta,191,200,0,100,SUCCESS
SYNC,delta,192,200,0,100,SUCCESS
SYNC,delta,193,200,0,100,SUCCESS
SYNC,delta,194,200,0,100,SUCCESS
SYNC,delta,195,200,0,100,SUCCESS
SYNC,delta,196,200,0,200,SUCCESS
SYNC,delta,197,200,0,100,SUCCESS
SYNC,delta,198,200,0,200,SUCCESS
SYNC,delta,199,200,0,100,SUCCESS
SYNC,delta,200,200,0,100,SUCCESS
SYNC,delta,201,200,0,100,SUCCESS
SYNC,delta,202,200,0,100,SUCCESS
SYNC,delta,203,200,0,100,SUCCESS
SYNC,delta,204,200,0,100,SUCCESS
SYNC,delta,205,200,0,200,SUCCESS
SYNC,delta,206,100,0,100,SUCCESS
SYNC,delta,207,200,0,100,SUCCESS
SYNC,delta,208,200,0,100,SUCCESS
SYNC,delta,209,200,0,100,SUCCESS
SYNC,delta,210,200,0,100,SUCCESS
SYNC,delta,211,200,0,200,SUCCESS
SYNC,delta,212,200,0,100,SUCCESS
SYNC,delta,213,200,0,100,SUCCESS
SYNC,delta,214,200,0,100,SUCCESS
SYNC,delta,215,200,0,100,SUCCESS
SYNC,delta,216,200,0,100,SUCCESS
SYNC,delta,217,200,0,100,SUCCESS
SYNC,delta,218,200,0,100,SUCCESS
SYNC,delta,219,200,0,100,SUCCESS
SYNC,delta,220,200,0,200,SUCCESS
SYNC,delta,221,100,0,100,SUCCESS
SYNC,delta,222,200,0,100,SUCCESS
SYNC,delta,223,200,0,100,SUCCESS
SYNC,delta,224,200,0,100,SUCCESS
SYNC,delta,225,200,0,200,SUCCESS
SYNC,delta,226,200,0,200,SUCCESS
SYNC,delta,227,200,0,200,SUCCESS
SYNC,delta,228,200,0,100,SUCCESS
SYNC,delta,229,200,0,100,SUCCESS
SYNC,delta,230,200,0,200,SUCCESS
SYNC,delta,231,100,0,100,SUCCESS
SYNC,delta,232,200,0,100,SUCCESS
SYNC,delta,233,200,0,100,SUCCESS
SYNC,delta,234,200,0,100,SUCCESS
SYNC,delta,235,200,0,100,SUCCESS
SYNC,delta,236,200,0,100,SUCCESS
SYNC,delta,237,200,0,100,SUCCESS
SYNC,delta,238,200,0,100,SUCCESS
SYNC,delta,239,200,0,100,SUCCESS
SYNC,delta,240,200,0,100,SUCCESS
SYNC,delta,241,200,0,100,SUCCESS
SYNC,delta,242,200,0,100,SUCCESS
SYNC,delta,243,200,0,100,SUCCESS
SYNC,delta,244,200,0,100,SUCCESS
SYNC,delta,245,200,0,100,SUCCESS
SYNC,delta,246,200,0,100,SUCCESS
SYNC,delta,247,200,0,100,SUCCESS
SYNC,delta,248,200,0,100,SUCCESS
SYNC,delta,249,200,0,200,SUCCESS
SYNC,delta,250,200,0,100,SUCCESS
SYNC,delta,251,200,0,200,SUCCESS
SYNC,delta,252,200,0,100,SUCCESS
SYNC,delta,253,200,0,100,SUCCESS
SYNC,delta,254,100,0,100,SUCCESS
SYNC,delta,255,200,0,100,SUCCESS
SYNC,delta,256,200,0,100,SUCCESS
SYNC,delta,257,200,0,100,SUCCESS
SYNC,delta,258,200,0,100,SUCCESS
SYNC,delta,259,200,0,100,SUCCESS
SYNC,delta,260,100,0,100,SUCCESS
SYNC,delta,261,200,0,200,SUCCESS
SYNC,delta,262,200,0,100,SUCCESS
SYNC,delta,263,200,0,200,SUCCESS
SYNC,delta,264,200,0,100,SUCCESS
SYNC,delta,265,200,0,200,SUCCESS
SYNC,delta,266,200,0,100,SUCCESS
SYNC,delta,267,200,0,100,SUCCESS
SYNC,delta,268,200,0,100,SUCCESS
SYNC,delta,269,200,0,100,SUCCESS
SYNC,delta,270,200,0,100,SUCCESS
SYNC,delta,271,200,0,200,SUCCESS
SYNC,delta,272,100,0,100,SUCCESS
SYNC,delta,273,200,0,100,SUCCESS
SYNC,delta,274,200,0,100,SUCCESS
SYNC,delta,275,200,0,200,SUCCESS
SYNC,delta,276,200,0,100,SUCCESS
SYNC,delta,277,200,0,200,SUCCESS
SYNC,delta,278,100,0,100,SUCCESS
SYNC,delta,279,200,0,200,SUCCESS
SYNC,delta,280,200,0,100,SUCCESS
SYNC,delta,281,200,0,200,SUCCESS
SYNC,delta,282,100,0,100,SUCCESS
SYNC,delta,283,200,0,100,SUCCESS
SYNC,delta,284,200,0,100,SUCCESS
SYNC,delta,285,200,0,100,SUCCESS
SYNC,delta,286,100,0,100,SUCCESS
SYNC,delta,287,200,0,200,SUCCESS
SYNC,delta,288,200,0,100,SUCCESS
SYNC,delta,289,200,0,100,SUCCESS
SYNC,delta,290,200,0,100,SUCCESS
SYNC,delta,291,200,0,100,SUCCESS
SYNC,delta,292,200,0,100,SUCCESS
SYNC,delta,293,200,0,100,SUCCESS
SYNC,delta,294,200,0,200,SUCCESS
SYNC,delta,295,200,0,100,SUCCESS
SYNC,delta,296,200,0,200,SUCCESS
SYNC,delta,297,200,0,100,SUCCESS
SYNC,delta,298,200,0,100,SUCCESS
SYNC,delta,299,200,0,100,SUCCESS
SYNC,delta,300,100,0,100,SUCCESS
SYNC,delta,301,200,0,100,SUCCESS
SYNC,delta,302,200,0,100,SUCCESS
SYNC,delta,303,200,0,100,SUCCESS
SYNC,delta,304,200,0,100,SUCCESS
SYNC,delta,305,200,0,100,SUCCESS
SYNC,delta,306,200,0,100,SUCCESS
SYNC,delta,307,200,0,100,SUCCESS
SYNC,delta,308,200,0,100,SUCCESS
SYNC,delta,309,200,0,100,SUCCESS
SYNC,delta,310,100,0,100,SUCCESS
SYNC,delta,311,200,0,100,SUCCESS
SYNC,delta,312,100,0,100,SUCCESS
SYNC,delta,313,200,0,200,SUCCESS
SYNC,delta,314,100,0,100,SUCCESS
SYNC,delta,315,200,0,100,SUCCESS
SYNC,delta,316,200,0,100,SUCCESS
SYNC,delta,317,200,0,100,SUCCESS
SYNC,delta,318,200,0,100,SUCCESS
SYNC,delta,319,200,0,200,SUCCESS
SYNC,delta,320,200,0,100,SUCCESS
SYNC,delta,321,200,0,200,SUCCESS
SYNC,delta,322,100,0,100,SUCCESS
SYNC,delta,323,200,0,200,SUCCESS
SYNC,delta,324,100,0,100,SUCCESS
SYNC,delta,325,200,0,100,SUCCESS
SYNC,delta,326,200,0,100,SUCCESS
SYNC,delta,327,200,0,100,SUCCESS
SYNC,delta,328,200,0,200,SUCCESS
SYNC,delta,329,100,0,100,SUCCESS
SYNC,delta,330,200,0,200,SUCCESS
SYNC,delta,331,200,0,100,SUCCESS
SYNC,delta,332,200,0,200,SUCCESS
SYNC,delta,333,200,0,100,SUCCESS
SYNC,delta,334,200,0,200,SUCCESS
SYNC,delta,335,200,0,100,SUCCESS
SYNC,delta,336,200,0,200,SUCCESS
SYNC,delta,337,100,0,100,SUCCESS
SYNC,delta,338,200,0,200,SUCCESS
SYNC,delta,339,200,0,100,SUCCESS
SYNC,delta,340,100,0,100,SUCCESS
SYNC,delta,341,200,0,100,SUCCESS
SYNC,delta,342,200,0,100,SUCCESS
SYNC,delta,343,200,0,100,SUCCESS
SYNC,delta,344,200,0,100,SUCCESS
SYNC,delta,345,200,0,100,SUCCESS
SYNC,delta,346,200,0,100,SUCCESS
SYNC,delta,347,200,0,100,SUCCESS
SYNC,delta,348,200,0,100,SUCCESS
SYNC,delta,349,200,0,100,SUCCESS
SYNC,delta,350,200,0,100,SUCCESS
SYNC,delta,351,200,0,100,SUCCESS
SYNC,delta,352,200,0,200,SUCCESS
SYNC,delta,353,200,0,100,SUCCESS
SYNC,delta,354,200,0,100,SUCCESS
SYNC,delta,355,200,0,100,SUCCESS
SYNC,delta,356,200,0,100,SUCCESS
SYNC,delta,357,200,0,100,SUCCESS
SYNC,delta,358,200,0,100,SUCCESS
SYNC,delta,359,200,0,100,SUCCESS
SYNC,delta,360,200,0,100,SUCCESS
SYNC,delta,361,200,0,200,SUCCESS
SYNC,delta,362,200,0,100,SUCCESS
SYNC,delta,363,200,0,200,SUCCESS
SYNC,delta,364,100,0,100,SUCCESS
SYNC,delta,365,200,0,200,SUCCESS
SYNC,delta,366,100,0,100,SUCCESS
SYNC,delta,367,200,0,100,SUCCESS
SYNC,delta,368,200,0,100,SUCCESS
SYNC,delta,369,200,0,100,SUCCESS
SYNC,delta,370,200,0,200,SUCCESS
SYNC,delta,371,100,0,100,SUCCESS
SYNC,delta,372,200,0,100,SUCCESS
SYNC,delta,373,200,0,100,SUCCESS
SYNC,delta,374,200,0,100,SUCCESS
SYNC,delta,375,200,0,100,SUCCESS
SYNC,delta,376,100,0,100,SUCCESS
SYNC,delta,377,200,0,200,SUCCESS
SYNC,delta,378,200,0,100,SUCCESS
SYNC,delta,379,200,0,100,SUCCESS
SYNC,delta,380,100,0,100,SUCCESS
SYNC,delta,381,200,0,200,SUCCESS
SYNC,delta,382,200,0,100,SUCCESS
SYNC,delta,383,200,0,100,SUCCESS
SYNC,delta,384,200,0,100,SUCCESS
SYNC,delta,385,200,0,100,SUCCESS
SYNC,delta,386,200,0,100,SUCCESS
SYNC,delta,387,200,0,100,SUCCESS
SYNC,delta,388,200,0,100,SUCCESS
SYNC,delta,389,200,0,100,SUCCESS
SYNC,delta,390,200,0,100,SUCCESS
SYNC,delta,391,200,0,100,SUCCESS
SYNC,delta,392,200,0,200,SUCCESS
SYNC,delta,393,200,0,100,SUCCESS
SYNC,delta,394,200,0,100,SUCCESS
SYNC,delta,395,200,0,100,SUCCESS
SYNC,delta,396,200,0,100,SUCCESS
SYNC,delta,397,200,0,100,SUCCESS
SYNC,delta,398,200,0,100,SUCCESS
SYNC,delta,399,200,0,100,SUCCESS
SYNC,delta,400,200,0,100,SUCCESS
SYNC,delta,401,200,0,100,SUCCESS
SYNC,delta,402,200,0,200,SUCCESS
SYNC,delta,403,200,0,100,SUCCESS
SYNC,delta,404,200,0,100,SUCCESS
SYNC,delta,405,200,0,100,SUCCESS
SYNC,delta,406,200,0,100,SUCCESS
SYNC,delta,407,200,0,100,SUCCESS
SYNC,delta,408,200,0,200,SUCCESS
SYNC,delta,409,200,0,100,SUCCESS
SYNC,delta,410,200,0,100,SUCCESS
SYNC,delta,411,200,0,100,SUCCESS
SYNC,delta,412,200,0,100,SUCCESS
SYNC,delta,413,200,0,100,SUCCESS
SYNC,delta,414,200,0,100,SUCCESS
SYNC,delta,415,200,0,200,SUCCESS
SYNC,delta,416,100,0,100,SUCCESS
SYNC,delta,417,200,0,200,SUCCESS
SYNC,delta,418,200,0,100,SUCCESS
SYNC,delta,419,200,0,200,SUCCESS
SYNC,delta,420,200,0,100,SUCCESS
SYNC,delta,421,200,0,100,SUCCESS
SYNC,delta,422,200,0,100,SUCCESS
SYNC,delta,423,200,0,200,SUCCESS
SYNC,delta,424,200,0,100,SUCCESS
SYNC,delta,425,200,0,200,SUCCESS
SYNC,delta,426,100,0,100,SUCCESS
SYNC,delta,427,200,0,100,SUCCESS
SYNC,delta,428,200,0,100,SUCCESS
SYNC,delta,429,200,0,200,SUCCESS
SYNC,delta,430,100,0,100,SUCCESS
SYNC,delta,431,200,0,100,SUCCESS
SYNC,delta,432,200,0,100,SUCCESS
SYNC,delta,433,200,0,100,SUCCESS
SYNC,delta,434,200,0,100,SUCCESS
SYNC,delta,435,200,0,100,SUCCESS
SYNC,delta,436,200,0,100,SUCCESS
SYNC,delta,437,200,0,200,SUCCESS
SYNC,delta,438,200,0,100,SUCCESS
SYNC,delta,439,200,0,100,SUCCESS
SYNC,delta,440,200,0,100,SUCCESS
SYNC,delta,441,200,0,200,SUCCESS
SYNC,delta,442,200,0,100,SUCCESS
SYNC,delta,443,200,0,100,SUCCESS
SYNC,delta,444,200,0,100,SUCCESS
SYNC,delta,445,200,0,100,SUCCESS
SYNC,delta,446,200,0,100,SUCCESS
SYNC,delta,447,200,0,100,SUCCESS
SYNC,delta,448,200,0,100,SUCCESS
SYNC,delta,449,200,0,100,SUCCESS
SYNC,delta,450,200,0,100,SUCCESS
SYNC,delta,451,200,0,100,SUCCESS
SYNC,delta,452,200,0,100,SUCCESS
SYNC,delta,453,200,0,100,SUCCESS
SYNC,delta,454,200,0,200,SUCCESS
SYNC,delta,455,100,0,100,SUCCESS
SYNC,delta,456,200,0,200,SUCCESS
SYNC,delta,457,100,0,100,SUCCESS
SYNC,delta,458,200,0,100,SUCCESS
SYNC,delta,459,200,0,100,SUCCESS
SYNC,delta,460,200,0,100,SUCCESS
SYNC,delta,461,200,0,100,SUCCESS
SYNC,delta,462,200,0,100,SUCCESS
SYNC,delta,463,200,0,100,SUCCESS
SYNC,delta,464,100,0,100,SUCCESS
SYNC,delta,465,200,0,200,SUCCESS
SYNC,delta,466,100,0,100,SUCCESS
SYNC,delta,467,200,0,200,SUCCESS
SYNC,delta,468,200,0,100,SUCCESS
SYNC,delta,469,200,0,200,SUCCESS
SYNC,delta,470,200,0,100,SUCCESS
SYNC,delta,471,200,0,100,SUCCESS
SYNC,delta,472,200,0,200,SUCCESS
SYNC,delta,473,100,0,100,SUCCESS
SYNC,delta,474,200,0,200,SUCCESS
SYNC,delta,475,100,0,100,SUCCESS
SYNC,delta,476,200,0,100,SUCCESS
SYNC,delta,477,200,0,100,SUCCESS
SYNC,delta,478,200,0,100,SUCCESS
SYNC,delta,479,200,0,100,SUCCESS
SYNC,delta,480,100,0,100,SUCCESS
SYNC,delta,481,300,0,200,SUCCESS
SYNC,delta,482,200,0,100,SUCCESS
SYNC,delta,483,200,0,100,SUCCESS
SYNC,delta,484,200,0,100,SUCCESS
SYNC,delta,485,200,0,100,SUCCESS
SYNC,delta,486,200,0,100,SUCCESS
SYNC,delta,487,200,0,200,SUCCESS
SYNC,delta,488,200,0,200,SUCCESS
SYNC,delta,489,200,0,100,SUCCESS
SYNC,delta,490,100,0,100,SUCCESS
SYNC,delta,491,200,0,100,SUCCESS
SYNC,delta,492,200,0,200,SUCCESS
SYNC,delta,493,100,0,100,SUCCESS
SYNC,delta,494,200,0,200,SUCCESS
SYNC,delta,495,200,0,100,SUCCESS
SYNC,delta,496,200,0,100,SUCCESS
SYNC,delta,497,200,0,100,SUCCESS
SYNC,delta,498,200,0,100,SUCCESS
SYNC,delta,499,200,0,100,SUCCESS
SYNC,delta,500,100,0,100,SUCCESS
SYNC,delta,501,200,0,200,SUCCESS
SYNC,delta,502,200,0,100,SUCCESS
SYNC,delta,503,200,0,100,SUCCESS
SYNC,delta,504,200,0,100,SUCCESS
SYNC,delta,505,200,0,100,SUCCESS
SYNC,delta,506,200,0,200,SUCCESS
SYNC,delta,507,200,0,100,SUCCESS
SYNC,delta,508,200,0,200,SUCCESS
SYNC,delta,509,200,0,100,SUCCESS
SYNC,delta,510,200,0,100,SUCCESS
SYNC,delta,511,200,0,100,SUCCESS
SYNC,delta,512,200,0,100,SUCCESS
SYNC,delta,513,200,0,100,SUCCESS
SYNC,delta,514,200,0,100,SUCCESS
SYNC,delta,515,200,0,100,SUCCESS
SYNC,delta,516,200,0,200,SUCCESS
SYNC,delta,517,100,0,100,SUCCESS
SYNC,delta,518,200,0,100,SUCCESS
SYNC,delta,519,200,0,100,SUCCESS
SYNC,delta,520,200,0,100,SUCCESS
SYNC,delta,521,200,0,100,SUCCESS
SYNC,delta,522,200,0,200,SUCCESS
SYNC,delta,523,200,0,100,SUCCESS
SYNC,delta,524,200,0,100,SUCCESS
SYNC,delta,525,200,0,100,SUCCESS
SYNC,delta,526,200,0,200,SUCCESS
SYNC,delta,527,200,0,100,SUCCESS
SYNC,delta,528,200,0,100,SUCCESS
SYNC,delta,529,200,0,100,SUCCESS
SYNC,delta,530,200,0,100,SUCCESS
SYNC,delta,531,200,0,100,SUCCESS
SYNC,delta,532,200,0,200,SUCCESS
SYNC,delta,533,100,0,100,SUCCESS
SYNC,delta,534,200,0,100,SUCCESS
SYNC,delta,535,200,0,100,SUCCESS
SYNC,delta,536,200,0,200,SUCCESS
SYNC,delta,537,200,0,100,SUCCESS
SYNC,delta,538,200,0,100,SUCCESS
SYNC,delta,539,200,0,100,SUCCESS
SYNC,delta,540,100,0,100,SUCCESS
SYNC,delta,541,200,0,100,SUCCESS
SYNC,delta,542,200,0,100,SUCCESS
SYNC,delta,543,200,0,100,SUCCESS
SYNC,delta,544,200,0,200,SUCCESS
SYNC,delta,545,200,0,100,SUCCESS
SYNC,delta,546,200,0,100,SUCCESS
SYNC,delta,547,200,0,100,SUCCESS
SYNC,delta,548,200,0,100,SUCCESS
SYNC,delta,549,200,0,100,SUCCESS
SYNC,delta,550,200,0,100,SUCCESS
SYNC,delta,551,200,0,100,SUCCESS
SYNC,delta,552,200,0,100,SUCCESS
SYNC,delta,553,200,0,200,SUCCESS
SYNC,delta,554,200,0,100,SUCCESS
SYNC,delta,555,200,0,100,SUCCESS
SYNC,delta,556,200,0,100,SUCCESS
SYNC,delta,557,200,0,200,SUCCESS
SYNC,delta,558,200,0,100,SUCCESS
SYNC,delta,559,200,0,200,SUCCESS
SYNC,delta,560,100,0,100,SUCCESS
SYNC,delta,561,200,0,200,SUCCESS
SYNC,delta,562,200,0,100,SUCCESS
SYNC,delta,563,200,0,200,SUCCESS
SYNC,delta,564,200,0,100,SUCCESS
SYNC,delta,565,200,0,100,SUCCESS
SYNC,delta,566,200,0,100,SUCCESS
SYNC,delta,567,200,0,100,SUCCESS
SYNC,delta,568,200,0,100,SUCCESS
SYNC,delta,569,200,0,100,SUCCESS
SYNC,delta,570,200,0,100,SUCCESS
SYNC,delta,571,200,0,200,SUCCESS
SYNC,delta,572,200,0,100,SUCCESS
SYNC,delta,573,200,0,100,SUCCESS
SYNC,delta,574,200,0,200,SUCCESS
SYNC,delta,575,100,0,100,SUCCESS
SYNC,delta,576,200,0,200,SUCCESS
SYNC,delta,577,100,0,100,SUCCESS
SYNC,delta,578,200,0,200,SUCCESS
SYNC,delta,579,200,0,100,SUCCESS
SYNC,delta,580,200,0,100,SUCCESS
SYNC,delta,581,200,0,100,SUCCESS
SYNC,delta,582,200,0,100,SUCCESS
SYNC,delta,583,200,0,100,SUCCESS
SYNC,delta,584,200,0,100,SUCCESS
SYNC,delta,585,200,0,100,SUCCESS
SYNC,delta,586,200,0,200,SUCCESS
SYNC,delta,587,100,0,100,SUCCESS
SYNC,delta,588,200,0,100,SUCCESS
SYNC,delta,589,200,0,100,SUCCESS
SYNC,delta,590,200,0,200,SUCCESS
SYNC,delta,591,200,0,100,SUCCESS
SYNC,delta,592,200,0,200,SUCCESS
SYNC,delta,593,200,0,100,SUCCESS
SYNC,delta,594,200,0,200,SUCCESS
SYNC,delta,595,200,0,100,SUCCESS
SYNC,delta,596,200,0,100,SUCCESS
SYNC,delta,597,200,0,100,SUCCESS
SYNC,delta,598,200,0,100,SUCCESS
SYNC,delta,599,200,0,100,SUCCESS
SYNC,delta,600,200,0,100,SUCCESS
SYNC,delta,601,200,0,200,SUCCESS
SYNC,delta,602,100,0,100,SUCCESS
SYNC,delta,603,200,0,200,SUCCESS
SYNC,delta,604,200,0,100,SUCCESS
SYNC,delta,605,200,0,100,SUCCESS
SYNC,delta,606,200,0,100,SUCCESS
SYNC,delta,607,200,0,100,SUCCESS
SYNC,delta,608,200,0,100,SUCCESS
SYNC,delta,609,100,0,100,SUCCESS
SYNC,delta,610,200,0,200,SUCCESS
SYNC,delta,611,200,0,100,SUCCESS
SYNC,delta,612,200,0,100,SUCCESS
SYNC,delta,613,200,0,100,SUCCESS
SYNC,delta,614,200,0,100,SUCCESS
SYNC,delta,615,200,0,100,SUCCESS
SYNC,delta,616,200,0,100,SUCCESS
SYNC,delta,617,200,0,100,SUCCESS
SYNC,delta,618,200,0,100,SUCCESS
SYNC,delta,619,200,0,100,SUCCESS
SYNC,delta,620,200,0,100,SUCCESS
SYNC,delta,621,200,0,100,SUCCESS
SYNC,delta,622,200,0,100,SUCCESS
SYNC,delta,623,200,0,100,SUCCESS
SYNC,delta,624,200,0,100,SUCCESS
SYNC,delta,625,200,0,100,SUCCESS
SYNC,delta,626,200,0,100,SUCCESS
SYNC,delta,627,100,0,100,SUCCESS
SYNC,delta,628,200,0,200,SUCCESS
SYNC,delta,629,200,0,200,SUCCESS
SYNC,delta,630,200,0,100,SUCCESS
SYNC,delta,631,200,0,100,SUCCESS
SYNC,delta,632,200,0,100,SUCCESS
SYNC,delta,633,200,0,100,SUCCESS
SYNC,delta,634,200,0,100,SUCCESS
SYNC,delta,635,200,0,200,SUCCESS
SYNC,delta,636,200,0,100,SUCCESS
SYNC,delta,637,200,0,100,SUCCESS
SYNC,delta,638,200,0,100,SUCCESS
SYNC,delta,639,200,0,200,SUCCESS
SYNC,delta,640,200,0,100,SUCCESS
SYNC,delta,641,200,0,100,SUCCESS
SYNC,delta,642,200,0,100,SUCCESS
SYNC,delta,643,200,0,200,SUCCESS
SYNC,delta,644,200,0,100,SUCCESS
SYNC,delta,645,200,0,200,SUCCESS
SYNC,delta,646,100,0,100,SUCCESS
SYNC,delta,647,200,0,100,SUCCESS
SYNC,delta,648,200,0,100,SUCCESS
SYNC,delta,649,200,0,100,SUCCESS
SYNC,delta,650,200,0,100,SUCCESS
SYNC,delta,651,200,0,100,SUCCESS
SYNC,delta,652,200,0,100,SUCCESS
SYNC,delta,653,200,0,100,SUCCESS
SYNC,delta,654,200,0,100,SUCCESS
SYNC,delta,655,200,0,100,SUCCESS
SYNC,delta,656,200,0,100,SUCCESS
SYNC,delta,657,200,0,100,SUCCESS
SYNC,delta,658,200,0,100,SUCCESS
SYNC,delta,659,200,0,200,SUCCESS
SYNC,delta,660,200,0,100,SUCCESS
SYNC,delta,661,200,0,200,SUCCESS
SYNC,delta,662,100,0,100,SUCCESS
SYNC,delta,663,200,0,200,SUCCESS
SYNC,delta,664,200,0,100,SUCCESS
SYNC,delta,665,200,0,200,SUCCESS
SYNC,delta,666,200,0,100,SUCCESS
SYNC,delta,667,200,0,100,SUCCESS
SYNC,delta,668,200,0,100,SUCCESS
SYNC,delta,669,200,0,100,SUCCESS
SYNC,delta,670,200,0,100,SUCCESS
SYNC,delta,671,200,0,100,SUCCESS
SYNC,delta,672,200,0,100,SUCCESS
SYNC,delta,673,100,0,100,SUCCESS
SYNC,delta,674,200,0,200,SUCCESS
SYNC,delta,675,200,0,100,SUCCESS
SYNC,delta,676,200,0,200,SUCCESS
SYNC,delta,677,100,0,100,SUCCESS
SYNC,delta,678,200,0,100,SUCCESS
SYNC,delta,679,100,0,100,SUCCESS
SYNC,delta,680,200,0,100,SUCCESS
SYNC,delta,681,200,0,100,SUCCESS
SYNC,delta,682,200,0,200,SUCCESS
SYNC,delta,683,200,0,100,SUCCESS
SYNC,delta,684,200,0,100,SUCCESS
SYNC,delta,685,200,0,100,SUCCESS
SYNC,delta,686,200,0,100,SUCCESS
SYNC,delta,687,100,0,100,SUCCESS
SYNC,delta,688,200,0,100,SUCCESS
SYNC,delta,689,200,0,100,SUCCESS
SYNC,delta,690,200,0,100,SUCCESS
SYNC,delta,691,200,0,100,SUCCESS
SYNC,delta,692,100,0,100,SUCCESS
SYNC,delta,693,200,0,100,SUCCESS
SYNC,delta,694,200,0,100,SUCCESS
SYNC,delta,695,200,0,100,SUCCESS
SYNC,delta,696,200,0,100,SUCCESS
SYNC,delta,697,200,0,100,SUCCESS
SYNC,delta,698,100,0,100,SUCCESS
SYNC,delta,699,200,0,100,SUCCESS
SYNC,delta,700,200,0,100,SUCCESS
SYNC,delta,701,200,0,100,SUCCESS
SYNC,delta,702,200,0,200,SUCCESS
SYNC,delta,703,100,0,100,SUCCESS
SYNC,delta,704,200,0,100,SUCCESS
SYNC,delta,705,200,0,200,SUCCESS
SYNC,delta,706,100,0,100,SUCCESS
SYNC,delta,707,200,0,100,SUCCESS
SYNC,delta,708,200,0,100,SUCCESS
SYNC,delta,709,200,0,100,SUCCESS
SYNC,delta,710,200,0,100,SUCCESS
SYNC,delta,711,200,0,100,SUCCESS
SYNC,delta,712,100,0,100,SUCCESS
SYNC,delta,713,200,0,200,SUCCESS
SYNC,delta,714,200,0,100,SUCCESS
SYNC,delta,715,200,0,200,SUCCESS
SYNC,delta,716,200,0,100,SUCCESS
SYNC,delta,717,200,0,200,SUCCESS
SYNC,delta,718,200,0,100,SUCCESS
SYNC,delta,719,200,0,100,SUCCESS
SYNC,delta,720,200,0,100,SUCCESS
SYNC,delta,721,200,0,100,SUCCESS
SYNC,delta,722,200,0,100,SUCCESS
SYNC,delta,723,100,0,100,SUCCESS
SYNC,delta,724,200,0,200,SUCCESS
SYNC,delta,725,200,0,100,SUCCESS
SYNC,delta,726,200,0,100,SUCCESS
SYNC,delta,727,200,0,100,SUCCESS
SYNC,delta,728,200,0,100,SUCCESS
SYNC,delta,729,200,0,100,SUCCESS
SYNC,delta,730,200,0,100,SUCCESS
SYNC,delta,731,200,0,100,SUCCESS
SYNC,delta,732,200,0,100,SUCCESS
SYNC,delta,733,200,0,200,SUCCESS
SYNC,delta,734,200,0,100,SUCCESS
SYNC,delta,735,200,0,200,SUCCESS
SYNC,delta,736,200,0,100,SUCCESS
SYNC,delta,737,200,0,200,SUCCESS
SYNC,delta,738,200,0,100,SUCCESS
SYNC,delta,739,200,0,100,SUCCESS
SYNC,delta,740,200,0,100,SUCCESS
SYNC,delta,741,200,0,100,SUCCESS
SYNC,delta,742,200,0,100,SUCCESS
SYNC,delta,743,200,0,200,SUCCESS
SYNC,delta,744,200,0,100,SUCCESS
SYNC,delta,745,200,0,200,SUCCESS
SYNC,delta,746,100,0,100,SUCCESS
SYNC,delta,747,200,0,200,SUCCESS
SYNC,delta,748,100,0,100,SUCCESS
SYNC,delta,749,200,0,200,SUCCESS
SYNC,delta,750,200,0,100,SUCCESS
SYNC,delta,751,200,0,200,SUCCESS
SYNC,delta,752,200,0,100,SUCCESS
SYNC,delta,753,200,0,100,SUCCESS
SYNC,delta,754,200,0,100,SUCCESS
SYNC,delta,755,200,0,100,SUCCESS
SYNC,delta,756,200,0,100,SUCCESS
SYNC,delta,757,200,0,100,SUCCESS
SYNC,delta,758,200,0,100,SUCCESS
SYNC,delta,759,200,0,100,SUCCESS
SYNC,delta,760,100,0,100,SUCCESS
SYNC,delta,761,200,0,100,SUCCESS
SYNC,delta,762,200,0,100,SUCCESS
SYNC,delta,763,200,0,100,SUCCESS
SYNC,delta,764,200,0,200,SUCCESS
SYNC,delta,765,100,0,100,SUCCESS
SYNC,delta,766,200,0,200,SUCCESS
SYNC,delta,767,100,0,100,SUCCESS
SYNC,delta,768,200,0,200,SUCCESS
SYNC,delta,769,200,0,100,SUCCESS
SYNC,delta,770,200,0,100,SUCCESS
SYNC,delta,771,200,0,100,SUCCESS
SYNC,delta,772,200,0,100,SUCCESS
SYNC,delta,773,200,0,200,SUCCESS
SYNC,delta,774,100,0,100,SUCCESS
SYNC,delta,775,200,0,200,SUCCESS
SYNC,delta,776,200,0,100,SUCCESS
SYNC,delta,777,200,0,100,SUCCESS
SYNC,delta,778,200,0,100,SUCCESS
SYNC,delta,779,200,0,100,SUCCESS
SYNC,delta,780,200,0,100,SUCCESS
SYNC,delta,781,200,0,100,SUCCESS
SYNC,delta,782,100,0,100,SUCCESS
SYNC,delta,783,200,0,100,SUCCESS
SYNC,delta,784,200,0,100,SUCCESS
SYNC,delta,785,200,0,100,SUCCESS
SYNC,delta,786,100,0,100,SUCCESS
SYNC,delta,787,200,0,100,SUCCESS
SYNC,delta,788,200,0,100,SUCCESS
SYNC,delta,789,200,0,200,SUCCESS
SYNC,delta,790,100,0,100,SUCCESS
SYNC,delta,791,200,0,100,SUCCESS
SYNC,delta,792,200,0,100,SUCCESS
SYNC,delta,793,200,0,100,SUCCESS
SYNC,delta,794,200,0,100,SUCCESS
SYNC,delta,795,100,0,100,SUCCESS
SYNC,delta,796,200,0,100,SUCCESS
SYNC,delta,797,100,0,100,SUCCESS
SYNC,delta,798,200,0,200,SUCCESS
SYNC,delta,799,100,0,100,SUCCESS
SYNC,delta,800,200,0,200,SUCCESS
SYNC,delta,801,100,0,100,SUCCESS
SYNC,delta,802,200,0,100,SUCCESS
SYNC,delta,803,200,0,100,SUCCESS
SYNC,delta,804,200,0,200,SUCCESS
SYNC,delta,805,200,0,100,SUCCESS
SYNC,delta,806,200,0,200,SUCCESS
SYNC,delta,807,200,0,100,SUCCESS
SYNC,delta,808,200,0,100,SUCCESS
SYNC,delta,809,200,0,100,SUCCESS
SYNC,delta,810,200,0,200,SUCCESS
SYNC,delta,811,200,0,100,SUCCESS
SYNC,delta,812,200,0,100,SUCCESS
SYNC,delta,813,200,0,100,SUCCESS
SYNC,delta,814,200,0,100,SUCCESS
SYNC,delta,815,200,0,100,SUCCESS
SYNC,delta,816,200,0,100,SUCCESS
SYNC,delta,817,100,0,100,SUCCESS
SYNC,delta,818,200,0,200,SUCCESS
SYNC,delta,819,100,0,100,SUCCESS
SYNC,delta,820,200,0,100,SUCCESS
SYNC,delta,821,200,0,100,SUCCESS
SYNC,delta,822,200,0,100,SUCCESS
SYNC,delta,823,200,0,100,SUCCESS
SYNC,delta,824,200,0,100,SUCCESS
SYNC,delta,825,200,0,100,SUCCESS
SYNC,delta,826,200,0,100,SUCCESS
SYNC,delta,827,200,0,100,SUCCESS
SYNC,delta,828,200,0,200,SUCCESS
SYNC,delta,829,200,0,100,SUCCESS
SYNC,delta,830,200,0,100,SUCCESS
SYNC,delta,831,200,0,100,SUCCESS
SYNC,delta,832,200,0,100,SUCCESS
SYNC,delta,833,200,0,100,SUCCESS
SYNC,delta,834,200,0,100,SUCCESS
SYNC,delta,835,200,0,200,SUCCESS
SYNC,delta,836,200,0,100,SUCCESS
SYNC,delta,837,200,0,200,SUCCESS
SYNC,delta,838,100,0,100,SUCCESS
SYNC,delta,839,200,0,200,SUCCESS
SYNC,delta,840,200,0,100,SUCCESS
SYNC,delta,841,200,0,100,SUCCESS
SYNC,delta,842,200,0,100,SUCCESS
SYNC,delta,843,200,0,100,SUCCESS
SYNC,delta,844,200,0,100,SUCCESS
SYNC,delta,845,200,0,100,SUCCESS
SYNC,delta,846,200,0,100,SUCCESS
SYNC,delta,847,200,0,100,SUCCESS
SYNC,delta,848,200,0,100,SUCCESS
SYNC,delta,849,200,0,100,SUCCESS
SYNC,delta,850,200,0,200,SUCCESS
SYNC,delta,851,100,0,100,SUCCESS
SYNC,delta,852,200,0,100,SUCCESS
SYNC,delta,853,200,0,200,SUCCESS
SYNC,delta,854,200,0,100,SUCCESS
SYNC,delta,855,200,0,100,SUCCESS
SYNC,delta,856,200,0,100,SUCCESS
SYNC,delta,857,200,0,100,SUCCESS
SYNC,delta,858,200,0,200,SUCCESS
SYNC,delta,859,100,0,100,SUCCESS
SYNC,delta,860,200,0,100,SUCCESS
SYNC,delta,861,200,0,100,SUCCESS
SYNC,delta,862,200,0,100,SUCCESS
SYNC,delta,863,200,0,100,SUCCESS
SYNC,delta,864,200,0,200,SUCCESS
SYNC,delta,865,200,0,100,SUCCESS
SYNC,delta,866,200,0,100,SUCCESS
SYNC,delta,867,200,0,100,SUCCESS
SYNC,delta,868,200,0,100,SUCCESS
SYNC,delta,869,200,0,100,SUCCESS
SYNC,delta,870,200,0,100,SUCCESS
SYNC,delta,871,200,0,100,SUCCESS
SYNC,delta,872,200,0,200,SUCCESS
SYNC,delta,873,100,0,100,SUCCESS
SYNC,delta,874,200,0,100,SUCCESS
SYNC,delta,875,200,0,100,SUCCESS
SYNC,delta,876,200,0,200,SUCCESS
SYNC,delta,877,100,0,100,SUCCESS
SYNC,delta,878,200,0,200,SUCCESS
SYNC,delta,879,200,0,100,SUCCESS
SYNC,delta,880,200,0,100,SUCCESS
SYNC,delta,881,200,0,100,SUCCESS
SYNC,delta,882,200,0,100,SUCCESS
SYNC,delta,883,200,0,100,SUCCESS
SYNC,delta,884,200,0,200,SUCCESS
SYNC,delta,885,200,0,100,SUCCESS
SYNC,delta,886,200,0,100,SUCCESS
SYNC,delta,887,100,0,100,SUCCESS
SYNC,delta,888,100,0,100,SUCCESS
SYNC,delta,889,200,0,200,SUCCESS
SYNC,delta,890,200,0,100,SUCCESS
SYNC,delta,891,200,0,100,SUCCESS
SYNC,delta,892,100,0,100,SUCCESS
SYNC,delta,893,200,0,200,SUCCESS
SYNC,delta,894,200,0,100,SUCCESS
SYNC,delta,895,200,0,200,SUCCESS
SYNC,delta,896,100,0,100,SUCCESS
SYNC,delta,897,200,0,100,SUCCESS
SYNC,delta,898,200,0,100,SUCCESS
SYNC,delta,899,200,0,100,SUCCESS
SYNC,delta,900,200,0,200,SUCCESS
SYNC,delta,901,200,0,100,SUCCESS
SYNC,delta,902,200,0,200,SUCCESS
SYNC,delta,903,200,0,100,SUCCESS
SYNC,delta,904,200,0,100,SUCCESS
SYNC,delta,905,200,0,100,SUCCESS
SYNC,delta,906,200,0,100,SUCCESS
SYNC,delta,907,100,0,100,SUCCESS
SYNC,delta,908,200,0,100,SUCCESS
SYNC,delta,909,200,0,100,SUCCESS
SYNC,delta,910,200,0,200,SUCCESS
SYNC,delta,911,100,0,100,SUCCESS
SYNC,delta,912,200,0,200,SUCCESS
SYNC,delta,913,100,0,100,SUCCESS
SYNC,delta,914,200,0,100,SUCCESS
SYNC,delta,915,200,0,100,SUCCESS
SYNC,delta,916,200,0,100,SUCCESS
SYNC,delta,917,200,0,100,SUCCESS
SYNC,delta,918,200,0,100,SUCCESS
SYNC,delta,919,200,0,100,SUCCESS
SYNC,delta,920,200,0,100,SUCCESS
SYNC,delta,921,200,0,100,SUCCESS
SYNC,delta,922,200,0,100,SUCCESS
SYNC,delta,923,200,0,100,SUCCESS
SYNC,delta,924,200,0,100,SUCCESS
SYNC,delta,925,100,0,100,SUCCESS
SYNC,delta,926,200,0,100,SUCCESS
SYNC,delta,927,200,0,100,SUCCESS
SYNC,delta,928,200,0,100,SUCCESS
SYNC,delta,929,200,0,200,SUCCESS
SYNC,delta,930,200,0,100,SUCCESS
SYNC,delta,931,200,0,200,SUCCESS
SYNC,delta,932,100,0,100,SUCCESS
SYNC,delta,933,200,0,200,SUCCESS
SYNC,delta,934,100,0,100,SUCCESS
SYNC,delta,935,200,0,100,SUCCESS
SYNC,delta,936,200,0,100,SUCCESS
SYNC,delta,937,200,0,100,SUCCESS
SYNC,delta,938,200,0,100,SUCCESS
SYNC,delta,939,200,0,100,SUCCESS
SYNC,delta,940,200,0,200,SUCCESS
SYNC,delta,941,100,0,100,SUCCESS
SYNC,delta,942,200,0,200,SUCCESS
SYNC,delta,943,200,0,100,SUCCESS
SYNC,delta,944,200,0,100,SUCCESS
SYNC,delta,945,200,0,100,SUCCESS
SYNC,delta,946,200,0,100,SUCCESS
SYNC,delta,947,200,0,200,SUCCESS
SYNC,delta,948,200,0,100,SUCCESS
SYNC,delta,949,200,0,100,SUCCESS
SYNC,delta,950,100,0,100,SUCCESS
SYNC,delta,951,200,0,200,SUCCESS
SYNC,delta,952,200,0,100,SUCCESS
SYNC,delta,953,200,0,100,SUCCESS
SYNC,delta,954,200,0,100,SUCCESS
SYNC,delta,955,100,0,100,SUCCESS
SYNC,delta,956,200,0,100,SUCCESS
SYNC,delta,957,200,0,100,SUCCESS
SYNC,delta,958,200,0,100,SUCCESS
SYNC,delta,959,200,0,100,SUCCESS
SYNC,delta,960,200,0,100,SUCCESS
SYNC,delta,961,200,0,100,SUCCESS
SYNC,delta,962,200,0,100,SUCCESS
SYNC,delta,963,200,0,100,SUCCESS
SYNC,delta,964,200,0,100,SUCCESS
SYNC,delta,965,200,0,100,SUCCESS
SYNC,delta,966,200,0,200,SUCCESS
SYNC,delta,967,100,0,100,SUCCESS
SYNC,delta,968,200,0,100,SUCCESS
SYNC,delta,969,100,0,100,SUCCESS
SYNC,delta,970,200,0,200,SUCCESS
SYNC,delta,971,200,0,100,SUCCESS
SYNC,delta,972,200,0,100,SUCCESS
SYNC,delta,973,200,0,100,SUCCESS
SYNC,delta,974,200,0,100,SUCCESS
SYNC,delta,975,200,0,100,SUCCESS
SYNC,delta,976,200,0,100,SUCCESS
SYNC,delta,977,200,0,100,SUCCESS
SYNC,delta,978,200,0,100,SUCCESS
SYNC,delta,979,200,0,100,SUCCESS
SYNC,delta,980,200,0,100,SUCCESS
SYNC,delta,981,200,0,100,SUCCESS
SYNC,delta,982,200,0,100,SUCCESS
SYNC,delta,983,200,0,100,SUCCESS
SYNC,delta,984,200,0,100,SUCCESS
SYNC,delta,985,200,0,100,SUCCESS
SYNC,delta,986,200,0,200,SUCCESS
SYNC,delta,987,100,0,100,SUCCESS
SYNC,delta,988,200,0,100,SUCCESS
SYNC,delta,989,200,0,100,SUCCESS
SYNC,delta,990,200,0,100,SUCCESS
SYNC,delta,991,200,0,200,SUCCESS
SYNC,delta,992,200,0,100,SUCCESS
SYNC,delta,993,200,0,100,SUCCESS
SYNC,delta,994,200,0,100,SUCCESS
SYNC,delta,995,200,0,200,SUCCESS
SYNC,delta,996,200,0,100,SUCCESS
SYNC,delta,997,200,0,200,SUCCESS
SYNC,delta,998,200,0,100,SUCCESS
SYNC,delta,999,200,0,200,SUCCESS
SYNC,epsilon,0,1000,0,800,SUCCESS
SYNC,epsilon,1,800,0,800,SUCCESS
SYNC,epsilon,2,900,0,900,SUCCESS
SYNC,epsilon,3,900,0,800,SUCCESS
SYNC,epsilon,4,1000,0,800,SUCCESS
SYNC,epsilon,5,800,0,800,SUCCESS
SYNC,epsilon,6,800,0,700,SUCCESS
SYNC,epsilon,7,800,0,800,SUCCESS
SYNC,epsilon,8,800,0,700,SUCCESS
SYNC,epsilon,9,800,0,800,SUCCESS
SYNC,epsilon,10,800,0,700,SUCCESS
SYNC,epsilon,11,800,0,700,SUCCESS
SYNC,epsilon,12,700,0,700,SUCCESS
SYNC,epsilon,13,700,0,700,SUCCESS
SYNC,epsilon,14,800,0,700,SUCCESS
SYNC,epsilon,15,800,0,700,SUCCESS
SYNC,epsilon,16,800,0,800,SUCCESS
SYNC,epsilon,17,800,0,700,SUCCESS
SYNC,epsilon,18,800,0,700,SUCCESS
SYNC,epsilon,19,800,0,700,SUCCESS
SYNC,epsilon,20,700,0,700,SUCCESS
SYNC,epsilon,21,800,0,700,SUCCESS
SYNC,epsilon,22,800,0,700,SUCCESS
SYNC,epsilon,23,800,0,700,SUCCESS
SYNC,epsilon,24,800,0,800,SUCCESS
SYNC,epsilon,25,700,0,700,SUCCESS
SYNC,epsilon,26,800,0,700,SUCCESS
SYNC,epsilon,27,800,0,700,SUCCESS
SYNC,epsilon,28,700,0,700,SUCCESS
SYNC,epsilon,29,800,0,800,SUCCESS
SYNC,epsilon,30,800,0,700,SUCCESS
SYNC,epsilon,31,700,0,700,SUCCESS
SYNC,epsilon,32,800,0,700,SUCCESS
SYNC,epsilon,33,800,0,700,SUCCESS
SYNC,epsilon,34,800,0,700,SUCCESS
SYNC,epsilon,35,800,0,800,SUCCESS
SYNC,epsilon,36,800,0,700,SUCCESS
SYNC,epsilon,37,800,0,700,SUCCESS
SYNC,epsilon,38,700,0,700,SUCCESS
SYNC,epsilon,39,800,0,700,SUCCESS
SYNC,epsilon,40,800,0,800,SUCCESS
SYNC,epsilon,41,1000,0,900,SUCCESS
SYNC,epsilon,42,1000,0,1000,SUCCESS
SYNC,epsilon,43,1000,0,1000,SUCCESS
SYNC,epsilon,44,1100,0,900,SUCCESS
SYNC,epsilon,45,1000,0,1000,SUCCESS
SYNC,epsilon,46,1000,0,900,SUCCESS
SYNC,epsilon,47,1000,0,1000,SUCCESS
SYNC,epsilon,48,1000,0,900,SUCCESS
SYNC,epsilon,49,1000,0,900,SUCCESS
SYNC,epsilon,50,1100,0,900,SUCCESS
SYNC,epsilon,51,1000,0,1000,SUCCESS
SYNC,epsilon,52,1000,0,900,SUCCESS
SYNC,epsilon,53,1100,0,900,SUCCESS
SYNC,epsilon,54,1000,0,1000,SUCCESS
SYNC,epsilon,55,1000,0,900,SUCCESS
SYNC,epsilon,56,1100,0,900,SUCCESS
SYNC,epsilon,57,1000,0,1000,SUCCESS
SYNC,epsilon,58,1000,0,900,SUCCESS
SYNC,epsilon,59,1000,0,1000,SUCCESS
SYNC,epsilon,60,1100,0,900,SUCCESS
SYNC,epsilon,61,1000,0,900,SUCCESS
SYNC,epsilon,62,1100,0,900,SUCCESS
SYNC,epsilon,63,1000,0,1000,SUCCESS
SYNC,epsilon,64,1000,0,1000,SUCCESS
SYNC,epsilon,65,1100,0,1000,SUCCESS
SYNC,epsilon,66,1000,0,1000,SUCCESS
SYNC,epsilon,67,1100,0,900,SUCCESS
SYNC,epsilon,68,1000,0,1000,SUCCESS
SYNC,epsilon,69,1000,0,900,SUCCESS
SYNC,epsilon,70,1000,0,900,SUCCESS
SYNC,epsilon,71,1000,0,900,SUCCESS
SYNC,epsilon,72,1000,0,1000,SUCCESS
SYNC,epsilon,73,1100,0,900,SUCCESS
SYNC,epsilon,74,1100,0,900,SUCCESS
SYNC,epsilon,75,1000,0,1000,SUCCESS
SYNC,epsilon,76,1000,0,900,SUCCESS
SYNC,epsilon,77,1000,0,1000,SUCCESS
SYNC,epsilon,78,1100,0,900,SUCCESS
SYNC,epsilon,79,1000,0,900,SUCCESS
SYNC,epsilon,80,1000,0,900,SUCCESS
SYNC,epsilon,81,1100,0,900,SUCCESS
SYNC,epsilon,82,1000,0,1000,SUCCESS
SYNC,epsilon,83,1100,0,900,SUCCESS
SYNC,epsilon,84,1000,0,900,SUCCESS
SYNC,epsilon,85,1100,0,900,SUCCESS
SYNC,epsilon,86,1000,0,1000,SUCCESS
SYNC,epsilon,87,1000,0,900,SUCCESS
SYNC,epsilon,88,1100,0,900,SUCCESS
SYNC,epsilon,89,1000,0,1000,SUCCESS
SYNC,epsilon,90,1000,0,1000,SUCCESS
SYNC,epsilon,91,1000,0,900,SUCCESS
SYNC,epsilon,92,1000,0,900,SUCCESS
SYNC,epsilon,93,1000,0,900,SUCCESS
SYNC,epsilon,94,1000,0,1000,SUCCESS
SYNC,epsilon,95,1100,0,900,SUCCESS
SYNC,epsilon,96,1000,0,900,SUCCESS
SYNC,epsilon,97,1100,0,900,SUCCESS
SYNC,epsilon,98,1000,0,1000,SUCCESS
SYNC,epsilon,99,1000,0,900,SUCCESS
SYNC,epsilon,100,1000,0,900,SUCCESS
SYNC,epsilon,101,1000,0,900,SUCCESS
SYNC,epsilon,102,1100,0,900,SUCCESS
SYNC,epsilon,103,1100,0,900,SUCCESS
SYNC,epsilon,104,1000,0,1000,SUCCESS
SYNC,epsilon,105,1100,0,900,SUCCESS
SYNC,epsilon,106,1000,0,1000,SUCCESS
SYNC,epsilon,107,1000,0,1000,SUCCESS
SYNC,epsilon,108,1000,0,900,SUCCESS
SYNC,epsilon,109,1000,0,900,SUCCESS
SYNC,epsilon,110,1000,0,1000,SUCCESS
SYNC,epsilon,111,1000,0,1000,SUCCESS
SYNC,epsilon,112,1000,0,900,SUCCESS
SYNC,epsilon,113,1100,0,900,SUCCESS
SYNC,epsilon,114,1000,0,900,SUCCESS
SYNC,epsilon,115,1000,0,900,SUCCESS
SYNC,epsilon,116,1100,0,900,SUCCESS
SYNC,epsilon,117,1000,0,900,SUCCESS
SYNC,epsilon,118,1000,0,1000,SUCCESS
SYNC,epsilon,119,1000,0,900,SUCCESS
SYNC,epsilon,120,1000,0,1000,SUCCESS
SYNC,epsilon,121,1000,0,900,SUCCESS
SYNC,epsilon,122,1100,0,900,SUCCESS
SYNC,epsilon,123,1000,0,900,SUCCESS
SYNC,epsilon,124,1000,0,900,SUCCESS
SYNC,epsilon,125,1000,0,1000,SUCCESS
SYNC,epsilon,126,1000,0,1000,SUCCESS
SYNC,epsilon,127,1000,0,900,SUCCESS
SYNC,epsilon,128,1100,0,900,SUCCESS
SYNC,epsilon,129,1000,0,1000,SUCCESS
SYNC,epsilon,130,1100,0,900,SUCCESS
SYNC,epsilon,131,1000,0,900,SUCCESS
SYNC,epsilon,132,1000,0,900,SUCCESS
SYNC,epsilon,133,1000,0,1000,SUCCESS
SYNC,epsilon,134,1000,0,900,SUCCESS
SYNC,epsilon,135,1000,0,1000,SUCCESS
SYNC,epsilon,136,1000,0,900,SUCCESS
SYNC,epsilon,137,1000,0,900,SUCCESS
SYNC,epsilon,138,1000,0,900,SUCCESS
SYNC,epsilon,139,1100,0,900,SUCCESS
SYNC,epsilon,140,1000,0,1000,SUCCESS
SYNC,epsilon,141,1100,0,900,SUCCESS
SYNC,epsilon,142,1000,0,1000,SUCCESS
SYNC,epsilon,143,1100,0,900,SUCCESS
SYNC,epsilon,144,1100,0,900,SUCCESS
SYNC,epsilon,145,1000,0,1000,SUCCESS
SYNC,epsilon,146,1000,0,900,SUCCESS
SYNC,epsilon,147,1000,0,900,SUCCESS
SYNC,epsilon,148,1000,0,900,SUCCESS
SYNC,epsilon,149,1100,0,900,SUCCESS
SYNC,epsilon,150,1100,0,900,SUCCESS
SYNC,epsilon,151,1000,0,1000,SUCCESS
SYNC,epsilon,152,1000,0,900,SUCCESS
SYNC,epsilon,153,1000,0,900,SUCCESS
SYNC,epsilon,154,1000,0,900,SUCCESS
SYNC,epsilon,155,1000,0,900,SUCCESS
SYNC,epsilon,156,1000,0,900,SUCCESS
SYNC,epsilon,157,1000,0,1000,SUCCESS
SYNC,epsilon,158,1000,0,1000,SUCCESS
SYNC,epsilon,159,1000,0,1000,SUCCESS
SYNC,epsilon,160,1000,0,900,SUCCESS
SYNC,epsilon,161,1000,0,900,SUCCESS
SYNC,epsilon,162,1000,0,900,SUCCESS
SYNC,epsilon,163,1000,0,1000,SUCCESS
SYNC,epsilon,164,1000,0,1000,SUCCESS
SYNC,epsilon,165,1000,0,1000,SUCCESS
SYNC,epsilon,166,1100,0,900,SUCCESS
SYNC,epsilon,167,1000,0,900,SUCCESS
SYNC,epsilon,168,1000,0,900,SUCCESS
SYNC,epsilon,169,1000,0,900,SUCCESS
SYNC,epsilon,170,1000,0,900,SUCCESS
SYNC,epsilon,171,1000,0,900,SUCCESS
SYNC,epsilon,172,1100,0,900,SUCCESS
SYNC,epsilon,173,1000,0,900,SUCCESS
SYNC,epsilon,174,1000,0,1000,SUCCESS
SYNC,epsilon,175,1100,0,900,SUCCESS
SYNC,epsilon,176,1000,0,900,SUCCESS
SYNC,epsilon,177,1000,0,900,SUCCESS
SYNC,epsilon,178,1000,0,900,SUCCESS
SYNC,epsilon,179,1000,0,900,SUCCESS
SYNC,epsilon,180,1000,0,900,SUCCESS
SYNC,epsilon,181,1700,0,1100,SUCCESS
SYNC,epsilon,182,700,0,700,SUCCESS
SYNC,epsilon,183,800,0,700,SUCCESS
SYNC,epsilon,184,800,0,800,SUCCESS
SYNC,epsilon,185,800,0,700,SUCCESS
SYNC,epsilon,186,800,0,700,SUCCESS
SYNC,epsilon,187,800,0,700,SUCCESS
SYNC,epsilon,188,800,0,800,SUCCESS
SYNC,epsilon,189,700,0,700,SUCCESS
SYNC,epsilon,190,800,0,800,SUCCESS
SYNC,epsilon,191,800,0,700,SUCCESS
SYNC,epsilon,192,800,0,700,SUCCESS
SYNC,epsilon,193,800,0,700,SUCCESS
SYNC,epsilon,194,700,0,700,SUCCESS
SYNC,epsilon,195,700,0,700,SUCCESS
SYNC,epsilon,196,800,0,800,SUCCESS
SYNC,epsilon,197,800,0,800,SUCCESS
SYNC,epsilon,198,700,0,700,SUCCESS
SYNC,epsilon,199,800,0,800,SUCCESS
SYNC,epsilon,200,800,0,700,SUCCESS
SYNC,epsilon,201,800,0,700,SUCCESS
SYNC,epsilon,202,800,0,700,SUCCESS
SYNC,epsilon,203,800,0,800,SUCCESS
SYNC,epsilon,204,800,0,800,SUCCESS
SYNC,epsilon,205,800,0,700,SUCCESS
SYNC,epsilon,206,800,0,700,SUCCESS
SYNC,epsilon,207,800,0,700,SUCCESS
SYNC,epsilon,208,800,0,700,SUCCESS
SYNC,epsilon,209,800,0,700,SUCCESS
SYNC,epsilon,210,700,0,700,SUCCESS
SYNC,epsilon,211,800,0,700,SUCCESS
SYNC,epsilon,212,800,0,700,SUCCESS
SYNC,epsilon,213,800,0,700,SUCCESS
SYNC,epsilon,214,700,0,700,SUCCESS
SYNC,epsilon,215,800,0,700,SUCCESS
SYNC,epsilon,216,800,0,700,SUCCESS
SYNC,epsilon,217,800,0,700,SUCCESS
SYNC,epsilon,218,800,0,800,SUCCESS
SYNC,epsilon,219,800,0,700,SUCCESS
SYNC,epsilon,220,800,0,700,SUCCESS
SYNC,epsilon,221,800,0,800,SUCCESS
SYNC,epsilon,222,800,0,800,SUCCESS
SYNC,epsilon,223,800,0,700,SUCCESS
SYNC,epsilon,224,800,0,800,SUCCESS
SYNC,epsilon,225,800,0,800,SUCCESS
SYNC,epsilon,226,800,0,800,SUCCESS
SYNC,epsilon,227,800,0,700,SUCCESS
SYNC,epsilon,228,800,0,700,SUCCESS
SYNC,epsilon,229,800,0,700,SUCCESS
SYNC,epsilon,230,800,0,700,SUCCESS
SYNC,epsilon,231,700,0,700,SUCCESS
SYNC,epsilon,232,800,0,700,SUCCESS
SYNC,epsilon,233,800,0,700,SUCCESS
SYNC,epsilon,234,800,0,700,SUCCESS
SYNC,epsilon,235,800,0,700,SUCCESS
SYNC,epsilon,236,700,0,700,SUCCESS
SYNC,epsilon,237,800,0,700,SUCCESS
SYNC,epsilon,238,800,0,800,SUCCESS
SYNC,epsilon,239,800,0,700,SUCCESS
SYNC,epsilon,240,800,0,700,SUCCESS
SYNC,epsilon,241,800,0,700,SUCCESS
SYNC,epsilon,242,800,0,700,SUCCESS
SYNC,epsilon,243,800,0,700,SUCCESS
SYNC,epsilon,244,800,0,800,SUCCESS
SYNC,epsilon,245,800,0,700,SUCCESS
SYNC,epsilon,246,800,0,700,SUCCESS
SYNC,epsilon,247,800,0,700,SUCCESS
SYNC,epsilon,248,800,0,700,SUCCESS
SYNC,epsilon,249,800,0,700,SUCCESS
SYNC,epsilon,250,800,0,800,SUCCESS
SYNC,epsilon,251,700,0,700,SUCCESS
SYNC,epsilon,252,800,0,700,SUCCESS
SYNC,epsilon,253,800,0,700,SUCCESS
SYNC,epsilon,254,800,0,700,SUCCESS
SYNC,epsilon,255,800,0,700,SUCCESS
SYNC,epsilon,256,800,0,700,SUCCESS
SYNC,epsilon,257,800,0,800,SUCCESS
SYNC,epsilon,258,800,0,700,SUCCESS
SYNC,epsilon,259,700,0,700,SUCCESS
SYNC,epsilon,260,900,0,700,SUCCESS
SYNC,epsilon,261,800,0,700,SUCCESS
SYNC,epsilon,262,800,0,700,SUCCESS
SYNC,epsilon,263,800,0,700,SUCCESS
SYNC,epsilon,264,800,0,700,SUCCESS
SYNC,epsilon,265,700,0,700,SUCCESS
SYNC,epsilon,266,700,0,700,SUCCESS
SYNC,epsilon,267,800,0,700,SUCCESS
SYNC,epsilon,268,800,0,700,SUCCESS
SYNC,epsilon,269,800,0,700,SUCCESS
SYNC,epsilon,270,800,0,700,SUCCESS
SYNC,epsilon,271,800,0,700,SUCCESS
SYNC,epsilon,272,800,0,700,SUCCESS
SYNC,epsilon,273,800,0,700,SUCCESS
SYNC,epsilon,274,800,0,700,SUCCESS
SYNC,epsilon,275,800,0,800,SUCCESS
SYNC,epsilon,276,800,0,800,SUCCESS
SYNC,epsilon,277,700,0,700,SUCCESS
SYNC,epsilon,278,700,0,700,SUCCESS
SYNC,epsilon,279,800,0,700,SUCCESS
SYNC,epsilon,280,800,0,700,SUCCESS
SYNC,epsilon,281,800,0,700,SUCCESS
SYNC,epsilon,282,800,0,800,SUCCESS
SYNC,epsilon,283,800,0,700,SUCCESS
SYNC,epsilon,284,800,0,700,SUCCESS
SYNC,epsilon,285,800,0,700,SUCCESS
SYNC,epsilon,286,800,0,700,SUCCESS
SYNC,epsilon,287,800,0,700,SUCCESS
SYNC,epsilon,288,800,0,800,SUCCESS
SYNC,epsilon,289,700,0,700,SUCCESS
SYNC,epsilon,290,700,0,700,SUCCESS
SYNC,epsilon,291,700,0,700,SUCCESS
SYNC,epsilon,292,800,0,700,SUCCESS
SYNC,epsilon,293,700,0,700,SUCCESS
SYNC,epsilon,294,800,0,700,SUCCESS
SYNC,epsilon,295,800,0,700,SUCCESS
SYNC,epsilon,296,800,0,700,SUCCESS
SYNC,epsilon,297,800,0,700,SUCCESS
SYNC,epsilon,298,800,0,700,SUCCESS
SYNC,epsilon,299,700,0,700,SUCCESS
SYNC,epsilon,300,800,0,700,SUCCESS
SYNC,epsilon,301,800,0,700,SUCCESS
SYNC,epsilon,302,800,0,800,SUCCESS
SYNC,epsilon,303,800,0,700,SUCCESS
SYNC,epsilon,304,800,0,700,SUCCESS
SYNC,epsilon,305,800,0,700,SUCCESS
SYNC,epsilon,306,800,0,700,SUCCESS
SYNC,epsilon,307,800,0,700,SUCCESS
SYNC,epsilon,308,800,0,700,SUCCESS
SYNC,epsilon,309,800,0,700,SUCCESS
SYNC,epsilon,310,700,0,700,SUCCESS
SYNC,epsilon,311,800,0,700,SUCCESS
SYNC,epsilon,312,800,0,700,SUCCESS
SYNC,epsilon,313,800,0,800,SUCCESS
SYNC,epsilon,314,800,0,800,SUCCESS
SYNC,epsilon,315,800,0,800,SUCCESS
SYNC,epsilon,316,800,0,800,SUCCESS
SYNC,epsilon,317,800,0,700,SUCCESS
SYNC,epsilon,318,800,0,700,SUCCESS
SYNC,epsilon,319,700,0,700,SUCCESS
SYNC,epsilon,320,800,0,700,SUCCESS
SYNC,epsilon,321,800,0,800,SUCCESS
SYNC,epsilon,322,800,0,700,SUCCESS
SYNC,epsilon,323,800,0,700,SUCCESS
SYNC,epsilon,324,800,0,700,SUCCESS
SYNC,epsilon,325,800,0,800,SUCCESS
SYNC,epsilon,326,800,0,700,SUCCESS
SYNC,epsilon,327,800,0,700,SUCCESS
SYNC,epsilon,328,800,0,700,SUCCESS
SYNC,epsilon,329,700,0,700,SUCCESS
SYNC,epsilon,330,800,0,800,SUCCESS
SYNC,epsilon,331,800,0,700,SUCCESS
SYNC,epsilon,332,800,0,700,SUCCESS
SYNC,epsilon,333,800,0,700,SUCCESS
SYNC,epsilon,334,800,0,700,SUCCESS
SYNC,epsilon,335,800,0,800,SUCCESS
SYNC,epsilon,336,800,0,700,SUCCESS
SYNC,epsilon,337,800,0,700,SUCCESS
SYNC,epsilon,338,800,0,700,SUCCESS
SYNC,epsilon,339,800,0,700,SUCCESS
SYNC,epsilon,340,800,0,700,SUCCESS
SYNC,epsilon,341,800,0,700,SUCCESS
SYNC,epsilon,342,800,0,700,SUCCESS
SYNC,epsilon,343,800,0,700,SUCCESS
SYNC,epsilon,344,700,0,700,SUCCESS
SYNC,epsilon,345,700,0,700,SUCCESS
SYNC,epsilon,346,700,0,700,SUCCESS
SYNC,epsilon,347,800,0,700,SUCCESS
SYNC,epsilon,348,800,0,700,SUCCESS
SYNC,epsilon,349,700,0,700,SUCCESS
SYNC,epsilon,350,700,0,700,SUCCESS
SYNC,epsilon,351,700,0,700,SUCCESS
SYNC,epsilon,352,700,0,700,SUCCESS
SYNC,epsilon,353,800,0,700,SUCCESS
SYNC,epsilon,354,800,0,700,SUCCESS
SYNC,epsilon,355,800,0,700,SUCCESS
SYNC,epsilon,356,800,0,800,SUCCESS
SYNC,epsilon,357,800,0,700,SUCCESS
SYNC,epsilon,358,800,0,700,SUCCESS
SYNC,epsilon,359,800,0,700,SUCCESS
SYNC,epsilon,360,800,0,700,SUCCESS
SYNC,epsilon,361,800,0,700,SUCCESS
SYNC,epsilon,362,800,0,700,SUCCESS
SYNC,epsilon,363,800,0,800,SUCCESS
SYNC,epsilon,364,800,0,800,SUCCESS
SYNC,epsilon,365,800,0,800,SUCCESS
SYNC,epsilon,366,800,0,700,SUCCESS
SYNC,epsilon,367,800,0,700,SUCCESS
SYNC,epsilon,368,700,0,700,SUCCESS
SYNC,epsilon,369,800,0,700,SUCCESS
SYNC,epsilon,370,800,0,800,SUCCESS
SYNC,epsilon,371,800,0,700,SUCCESS
SYNC,epsilon,372,800,0,700,SUCCESS
SYNC,epsilon,373,800,0,700,SUCCESS
SYNC,epsilon,374,800,0,700,SUCCESS
SYNC,epsilon,375,700,0,700,SUCCESS
SYNC,epsilon,376,700,0,700,SUCCESS
SYNC,epsilon,377,800,0,700,SUCCESS
SYNC,epsilon,378,800,0,700,SUCCESS
SYNC,epsilon,379,800,0,700,SUCCESS
SYNC,epsilon,380,800,0,800,SUCCESS
SYNC,epsilon,381,800,0,700,SUCCESS
SYNC,epsilon,382,800,0,700,SUCCESS
SYNC,epsilon,383,800,0,800,SUCCESS
SYNC,epsilon,384,800,0,800,SUCCESS
SYNC,epsilon,385,800,0,700,SUCCESS
SYNC,epsilon,386,800,0,700,SUCCESS
SYNC,epsilon,387,800,0,800,SUCCESS
SYNC,epsilon,388,800,0,700,SUCCESS
SYNC,epsilon,389,800,0,700,SUCCESS
SYNC,epsilon,390,800,0,700,SUCCESS
SYNC,epsilon,391,800,0,800,SUCCESS
SYNC,epsilon,392,800,0,700,SUCCESS
SYNC,epsilon,393,800,0,700,SUCCESS
SYNC,epsilon,394,800,0,700,SUCCESS
SYNC,epsilon,395,800,0,800,SUCCESS
SYNC,epsilon,396,800,0,700,SUCCESS
SYNC,epsilon,397,700,0,700,SUCCESS
SYNC,epsilon,398,800,0,700,SUCCESS
SYNC,epsilon,399,800,0,700,SUCCESS
SYNC,epsilon,400,800,0,700,SUCCESS
SYNC,epsilon,401,800,0,800,SUCCESS
SYNC,epsilon,402,132800,0,132700,SUCCESS
SYNC,epsilon,403,1200,0,1100,SUCCESS
SYNC,epsilon,404,800,0,700,SUCCESS
SYNC,epsilon,405,800,0,700,SUCCESS
SYNC,epsilon,406,1200,0,1100,SUCCESS
SYNC,epsilon,407,800,0,700,SUCCESS
SYNC,epsilon,408,1400,0,1200,SUCCESS
SYNC,epsilon,409,800,0,800,SUCCESS
SYNC,epsilon,410,1100,0,1100,SUCCESS
SYNC,epsilon,411,800,0,700,SUCCESS
SYNC,epsilon,412,700,0,700,SUCCESS
SYNC,epsilon,413,800,0,800,SUCCESS
SYNC,epsilon,414,800,0,700,SUCCESS
SYNC,epsilon,415,800,0,700,SUCCESS
SYNC,epsilon,416,800,0,800,SUCCESS
SYNC,epsilon,417,800,0,700,SUCCESS
SYNC,epsilon,418,700,0,700,SUCCESS
SYNC,epsilon,419,800,0,700,SUCCESS
SYNC,epsilon,420,700,0,700,SUCCESS
SYNC,epsilon,421,800,0,700,SUCCESS
SYNC,epsilon,422,800,0,700,SUCCESS
SYNC,epsilon,423,700,0,700,SUCCESS
SYNC,epsilon,424,800,0,700,SUCCESS
SYNC,epsilon,425,800,0,800,SUCCESS
SYNC,epsilon,426,700,0,700,SUCCESS
SYNC,epsilon,427,800,0,700,SUCCESS
SYNC,epsilon,428,800,0,700,SUCCESS
SYNC,epsilon,429,800,0,700,SUCCESS
SYNC,epsilon,430,800,0,700,SUCCESS
SYNC,epsilon,431,700,0,700,SUCCESS
SYNC,epsilon,432,800,0,700,SUCCESS
SYNC,epsilon,433,700,0,700,SUCCESS
SYNC,epsilon,434,800,0,700,SUCCESS
SYNC,epsilon,435,800,0,700,SUCCESS
SYNC,epsilon,436,800,0,700,SUCCESS
SYNC,epsilon,437,800,0,700,SUCCESS
SYNC,epsilon,438,800,0,800,SUCCESS
SYNC,epsilon,439,1100,0,900,SUCCESS
SYNC,epsilon,440,1000,0,900,SUCCESS
SYNC,epsilon,441,1000,0,1000,SUCCESS
SYNC,epsilon,442,1000,0,900,SUCCESS
SYNC,epsilon,443,1000,0,900,SUCCESS
SYNC,epsilon,444,1000,0,900,SUCCESS
SYNC,epsilon,445,1000,0,900,SUCCESS
SYNC,epsilon,446,1000,0,900,SUCCESS
SYNC,epsilon,447,1000,0,1000,SUCCESS
SYNC,epsilon,448,1000,0,900,SUCCESS
SYNC,epsilon,449,1100,0,900,SUCCESS
SYNC,epsilon,450,1000,0,1000,SUCCESS
SYNC,epsilon,451,1000,0,900,SUCCESS
SYNC,epsilon,452,1000,0,900,SUCCESS
SYNC,epsilon,453,1000,0,1000,SUCCESS
SYNC,epsilon,454,1000,0,1000,SUCCESS
SYNC,epsilon,455,1000,0,900,SUCCESS
SYNC,epsilon,456,1100,0,900,SUCCESS
SYNC,epsilon,457,1000,0,900,SUCCESS
SYNC,epsilon,458,1000,0,900,SUCCESS
SYNC,epsilon,459,1000,0,900,SUCCESS
SYNC,epsilon,460,1000,0,900,SUCCESS
SYNC,epsilon,461,1000,0,900,SUCCESS
SYNC,epsilon,462,1000,0,1000,SUCCESS
SYNC,epsilon,463,1000,0,1000,SUCCESS
SYNC,epsilon,464,1000,0,900,SUCCESS
SYNC,epsilon,465,1000,0,1000,SUCCESS
SYNC,epsilon,466,1000,0,900,SUCCESS
SYNC,epsilon,467,1000,0,900,SUCCESS
SYNC,epsilon,468,1000,0,1000,SUCCESS
SYNC,epsilon,469,1000,0,900,SUCCESS
SYNC,epsilon,470,1000,0,900,SUCCESS
SYNC,epsilon,471,1000,0,1000,SUCCESS
SYNC,epsilon,472,1000,0,900,SUCCESS
SYNC,epsilon,473,1100,0,900,SUCCESS
SYNC,epsilon,474,1000,0,900,SUCCESS
SYNC,epsilon,475,1000,0,900,SUCCESS
SYNC,epsilon,476,1000,0,900,SUCCESS
SYNC,epsilon,477,1000,0,900,SUCCESS
SYNC,epsilon,478,1000,0,1000,SUCCESS
SYNC,epsilon,479,1000,0,900,SUCCESS
SYNC,epsilon,480,1100,0,900,SUCCESS
SYNC,epsilon,481,1000,0,1000,SUCCESS
SYNC,epsilon,482,1000,0,900,SUCCESS
SYNC,epsilon,483,1000,0,1000,SUCCESS
SYNC,epsilon,484,1000,0,900,SUCCESS
SYNC,epsilon,485,1000,0,900,SUCCESS
SYNC,epsilon,486,1000,0,1000,SUCCESS
SYNC,epsilon,487,1000,0,900,SUCCESS
SYNC,epsilon,488,1000,0,900,SUCCESS
SYNC,epsilon,489,1000,0,1000,SUCCESS
SYNC,epsilon,490,1000,0,900,SUCCESS
SYNC,epsilon,491,1000,0,900,SUCCESS
SYNC,epsilon,492,1000,0,900,SUCCESS
SYNC,epsilon,493,1000,0,900,SUCCESS
SYNC,epsilon,494,1000,0,1000,SUCCESS
SYNC,epsilon,495,1000,0,900,SUCCESS
SYNC,epsilon,496,1000,0,900,SUCCESS
SYNC,epsilon,497,1000,0,1000,SUCCESS
SYNC,epsilon,498,1000,0,900,SUCCESS
SYNC,epsilon,499,1000,0,900,SUCCESS
SYNC,epsilon,500,1000,0,1000,SUCCESS
SYNC,epsilon,501,1100,0,900,SUCCESS
SYNC,epsilon,502,1000,0,900,SUCCESS
SYNC,epsilon,503,1000,0,900,SUCCESS
SYNC,epsilon,504,1000,0,1000,SUCCESS
SYNC,epsilon,505,1000,0,900,SUCCESS
SYNC,epsilon,506,1100,0,900,SUCCESS
SYNC,epsilon,507,1000,0,900,SUCCESS
SYNC,epsilon,508,1000,0,900,SUCCESS
SYNC,epsilon,509,1000,0,900,SUCCESS
SYNC,epsilon,510,1000,0,900,SUCCESS
SYNC,epsilon,511,1100,0,900,SUCCESS
SYNC,epsilon,512,1000,0,1000,SUCCESS
SYNC,epsilon,513,1000,0,900,SUCCESS
SYNC,epsilon,514,1000,0,900,SUCCESS
SYNC,epsilon,515,1000,0,1000,SUCCESS
SYNC,epsilon,516,1000,0,900,SUCCESS
SYNC,epsilon,517,1000,0,900,SUCCESS
SYNC,epsilon,518,1000,0,900,SUCCESS
SYNC,epsilon,519,1000,0,1000,SUCCESS
SYNC,epsilon,520,1000,0,900,SUCCESS
SYNC,epsilon,521,1000,0,1000,SUCCESS
SYNC,epsilon,522,1000,0,1000,SUCCESS
SYNC,epsilon,523,1000,0,900,SUCCESS
SYNC,epsilon,524,1000,0,900,SUCCESS
SYNC,epsilon,525,1000,0,1000,SUCCESS
SYNC,epsilon,526,1000,0,900,SUCCESS
SYNC,epsilon,527,1000,0,900,SUCCESS
SYNC,epsilon,528,1100,0,900,SUCCESS
SYNC,epsilon,529,1000,0,900,SUCCESS
SYNC,epsilon,530,1000,0,900,SUCCESS
SYNC,epsilon,531,1000,0,900,SUCCESS
SYNC,epsilon,532,1000,0,1000,SUCCESS
SYNC,epsilon,533,1000,0,900,SUCCESS
SYNC,epsilon,534,1000,0,900,SUCCESS
SYNC,epsilon,535,1000,0,900,SUCCESS
SYNC,epsilon,536,1000,0,900,SUCCESS
SYNC,epsilon,537,1000,0,1000,SUCCESS
SYNC,epsilon,538,1000,0,900,SUCCESS
SYNC,epsilon,539,1000,0,900,SUCCESS
SYNC,epsilon,540,1000,0,900,SUCCESS
SYNC,epsilon,541,1000,0,900,SUCCESS
SYNC,epsilon,542,1000,0,900,SUCCESS
SYNC,epsilon,543,1000,0,1000,SUCCESS
SYNC,epsilon,544,1000,0,900,SUCCESS
SYNC,epsilon,545,1000,0,900,SUCCESS
SYNC,epsilon,546,1000,0,1000,SUCCESS
SYNC,epsilon,547,1000,0,900,SUCCESS
SYNC,epsilon,548,1000,0,900,SUCCESS
SYNC,epsilon,549,1000,0,900,SUCCESS
SYNC,epsilon,550,1100,0,900,SUCCESS
SYNC,epsilon,551,1000,0,900,SUCCESS
SYNC,epsilon,552,1000,0,900,SUCCESS
SYNC,epsilon,553,1000,0,1000,SUCCESS
SYNC,epsilon,554,1000,0,900,SUCCESS
SYNC,epsilon,555,1000,0,1000,SUCCESS
SYNC,epsilon,556,1000,0,900,SUCCESS
SYNC,epsilon,557,1000,0,900,SUCCESS
SYNC,epsilon,558,1000,0,900,SUCCESS
SYNC,epsilon,559,1000,0,1000,SUCCESS
SYNC,epsilon,560,1000,0,900,SUCCESS
SYNC,epsilon,561,1000,0,900,SUCCESS
SYNC,epsilon,562,1000,0,900,SUCCESS
SYNC,epsilon,563,1000,0,1000,SUCCESS
SYNC,epsilon,564,1000,0,1000,SUCCESS
SYNC,epsilon,565,1000,0,900,SUCCESS
SYNC,epsilon,566,1000,0,900,SUCCESS
SYNC,epsilon,567,1000,0,1000,SUCCESS
SYNC,epsilon,568,1000,0,900,SUCCESS
SYNC,epsilon,569,1000,0,900,SUCCESS
SYNC,epsilon,570,1100,0,900,SUCCESS
SYNC,epsilon,571,1000,0,1000,SUCCESS
SYNC,epsilon,572,1100,0,900,SUCCESS
SYNC,epsilon,573,1000,0,1000,SUCCESS
SYNC,epsilon,574,1000,0,900,SUCCESS
SYNC,epsilon,575,1000,0,1000,SUCCESS
SYNC,epsilon,576,1000,0,900,SUCCESS
SYNC,epsilon,577,1100,0,1000,SUCCESS
SYNC,epsilon,578,1000,0,1000,SUCCESS
SYNC,epsilon,579,1100,0,900,SUCCESS
SYNC,epsilon,580,1000,0,900,SUCCESS
SYNC,epsilon,581,1000,0,900,SUCCESS
SYNC,epsilon,582,1100,0,900,SUCCESS
SYNC,epsilon,583,1000,0,900,SUCCESS
SYNC,epsilon,584,1000,0,1000,SUCCESS
SYNC,epsilon,585,1000,0,900,SUCCESS
SYNC,epsilon,586,1000,0,900,SUCCESS
SYNC,epsilon,587,1000,0,900,SUCCESS
SYNC,epsilon,588,1000,0,900,SUCCESS
SYNC,epsilon,589,1000,0,900,SUCCESS
SYNC,epsilon,590,1000,0,900,SUCCESS
SYNC,epsilon,591,1000,0,1000,SUCCESS
SYNC,epsilon,592,1000,0,900,SUCCESS
SYNC,epsilon,593,1000,0,1000,SUCCESS
SYNC,epsilon,594,1000,0,900,SUCCESS
SYNC,epsilon,595,1100,0,900,SUCCESS
SYNC,epsilon,596,1000,0,1000,SUCCESS
SYNC,epsilon,597,2000,0,2000,SUCCESS
SYNC,epsilon,598,800,0,700,SUCCESS
SYNC,epsilon,599,800,0,700,SUCCESS
SYNC,epsilon,600,700,0,700,SUCCESS
SYNC,epsilon,601,800,0,800,SUCCESS
SYNC,epsilon,602,800,0,700,SUCCESS
SYNC,epsilon,603,800,0,700,SUCCESS
SYNC,epsilon,604,800,0,700,SUCCESS
SYNC,epsilon,605,800,0,700,SUCCESS
SYNC,epsilon,606,800,0,700,SUCCESS
SYNC,epsilon,607,800,0,700,SUCCESS
SYNC,epsilon,608,800,0,700,SUCCESS
SYNC,epsilon,609,700,0,700,SUCCESS
SYNC,epsilon,610,800,0,700,SUCCESS
SYNC,epsilon,611,800,0,700,SUCCESS
SYNC,epsilon,612,800,0,700,SUCCESS
SYNC,epsilon,613,800,0,700,SUCCESS
SYNC,epsilon,614,800,0,700,SUCCESS
SYNC,epsilon,615,800,0,800,SUCCESS
SYNC,epsilon,616,800,0,700,SUCCESS
SYNC,epsilon,617,700,0,700,SUCCESS
SYNC,epsilon,618,800,0,700,SUCCESS
SYNC,epsilon,619,800,0,700,SUCCESS
SYNC,epsilon,620,800,0,700,SUCCESS
SYNC,epsilon,621,700,0,700,SUCCESS
SYNC,epsilon,622,700,0,700,SUCCESS
SYNC,epsilon,623,800,0,800,SUCCESS
SYNC,epsilon,624,700,0,700,SUCCESS
SYNC,epsilon,625,800,0,700,SUCCESS
SYNC,epsilon,626,800,0,700,SUCCESS
SYNC,epsilon,627,700,0,700,SUCCESS
SYNC,epsilon,628,800,0,700,SUCCESS
SYNC,epsilon,629,700,0,700,SUCCESS
SYNC,epsilon,630,800,0,700,SUCCESS
SYNC,epsilon,631,700,0,700,SUCCESS
SYNC,epsilon,632,800,0,700,SUCCESS
SYNC,epsilon,633,800,0,700,SUCCESS
SYNC,epsilon,634,700,0,700,SUCCESS
SYNC,epsilon,635,800,0,800,SUCCESS
SYNC,epsilon,636,800,0,700,SUCCESS
SYNC,epsilon,637,700,0,700,SUCCESS
SYNC,epsilon,638,800,0,700,SUCCESS
SYNC,epsilon,639,800,0,700,SUCCESS
SYNC,epsilon,640,700,0,700,SUCCESS
SYNC,epsilon,641,800,0,700,SUCCESS
SYNC,epsilon,642,800,0,800,SUCCESS
SYNC,epsilon,643,700,0,700,SUCCESS
SYNC,epsilon,644,800,0,700,SUCCESS
SYNC,epsilon,645,700,0,700,SUCCESS
SYNC,epsilon,646,800,0,700,SUCCESS
SYNC,epsilon,647,800,0,700,SUCCESS
SYNC,epsilon,648,800,0,700,SUCCESS
SYNC,epsilon,649,800,0,700,SUCCESS
SYNC,epsilon,650,800,0,700,SUCCESS
SYNC,epsilon,651,800,0,700,SUCCESS
SYNC,epsilon,652,700,0,700,SUCCESS
SYNC,epsilon,653,800,0,700,SUCCESS
SYNC,epsilon,654,700,0,700,SUCCESS
SYNC,epsilon,655,800,0,700,SUCCESS
SYNC,epsilon,656,700,0,700,SUCCESS
SYNC,epsilon,657,800,0,700,SUCCESS
SYNC,epsilon,658,800,0,700,SUCCESS
SYNC,epsilon,659,800,0,700,SUCCESS
SYNC,epsilon,660,800,0,800,SUCCESS
SYNC,epsilon,661,800,0,700,SUCCESS
SYNC,epsilon,662,800,0,700,SUCCESS
SYNC,epsilon,663,700,0,700,SUCCESS
SYNC,epsilon,664,800,0,700,SUCCESS
SYNC,epsilon,665,800,0,700,SUCCESS
SYNC,epsilon,666,800,0,700,SUCCESS
SYNC,epsilon,667,700,0,700,SUCCESS
SYNC,epsilon,668,800,0,700,SUCCESS
SYNC,epsilon,669,700,0,700,SUCCESS
SYNC,epsilon,670,800,0,700,SUCCESS
SYNC,epsilon,671,800,0,700,SUCCESS
SYNC,epsilon,672,700,0,700,SUCCESS
SYNC,epsilon,673,800,0,700,SUCCESS
SYNC,epsilon,674,800,0,700,SUCCESS
SYNC,epsilon,675,800,0,700,SUCCESS
SYNC,epsilon,676,700,0,700,SUCCESS
SYNC,epsilon,677,800,0,700,SUCCESS
SYNC,epsilon,678,700,0,700,SUCCESS
SYNC,epsilon,679,800,0,700,SUCCESS
SYNC,epsilon,680,800,0,700,SUCCESS
SYNC,epsilon,681,800,0,700,SUCCESS
SYNC,epsilon,682,800,0,700,SUCCESS
SYNC,epsilon,683,800,0,700,SUCCESS
SYNC,epsilon,684,800,0,700,SUCCESS
SYNC,epsilon,685,800,0,700,SUCCESS
SYNC,epsilon,686,800,0,700,SUCCESS
SYNC,epsilon,687,700,0,700,SUCCESS
SYNC,epsilon,688,800,0,700,SUCCESS
SYNC,epsilon,689,700,0,700,SUCCESS
SYNC,epsilon,690,800,0,800,SUCCESS
SYNC,epsilon,691,700,0,700,SUCCESS
SYNC,epsilon,692,700,0,700,SUCCESS
SYNC,epsilon,693,800,0,700,SUCCESS
SYNC,epsilon,694,800,0,700,SUCCESS
SYNC,epsilon,695,700,0,700,SUCCESS
SYNC,epsilon,696,800,0,800,SUCCESS
SYNC,epsilon,697,800,0,700,SUCCESS
SYNC,epsilon,698,800,0,700,SUCCESS
SYNC,epsilon,699,700,0,700,SUCCESS
SYNC,epsilon,700,800,0,700,SUCCESS
SYNC,epsilon,701,700,0,700,SUCCESS
SYNC,epsilon,702,800,0,700,SUCCESS
SYNC,epsilon,703,800,0,700,SUCCESS
SYNC,epsilon,704,700,0,700,SUCCESS
SYNC,epsilon,705,800,0,700,SUCCESS
SYNC,epsilon,706,800,0,700,SUCCESS
SYNC,epsilon,707,800,0,700,SUCCESS
SYNC,epsilon,708,800,0,700,SUCCESS
SYNC,epsilon,709,700,0,700,SUCCESS
SYNC,epsilon,710,800,0,700,SUCCESS
SYNC,epsilon,711,800,0,800,SUCCESS
SYNC,epsilon,712,700,0,700,SUCCESS
SYNC,epsilon,713,700,0,700,SUCCESS
SYNC,epsilon,714,800,0,800,SUCCESS
SYNC,epsilon,715,700,0,700,SUCCESS
SYNC,epsilon,716,700,0,700,SUCCESS
SYNC,epsilon,717,800,0,700,SUCCESS
SYNC,epsilon,718,700,0,700,SUCCESS
SYNC,epsilon,719,800,0,800,SUCCESS
SYNC,epsilon,720,700,0,700,SUCCESS
SYNC,epsilon,721,800,0,700,SUCCESS
SYNC,epsilon,722,800,0,700,SUCCESS
SYNC,epsilon,723,700,0,700,SUCCESS
SYNC,epsilon,724,800,0,800,SUCCESS
SYNC,epsilon,725,700,0,700,SUCCESS
SYNC,epsilon,726,800,0,700,SUCCESS
SYNC,epsilon,727,800,0,700,SUCCESS
SYNC,epsilon,728,700,0,700,SUCCESS
SYNC,epsilon,729,700,0,700,SUCCESS
SYNC,epsilon,730,800,0,700,SUCCESS
SYNC,epsilon,731,700,0,700,SUCCESS
SYNC,epsilon,732,800,0,700,SUCCESS
SYNC,epsilon,733,700,0,700,SUCCESS
SYNC,epsilon,734,800,0,700,SUCCESS
SYNC,epsilon,735,800,0,700,SUCCESS
SYNC,epsilon,736,700,0,700,SUCCESS
SYNC,epsilon,737,800,0,700,SUCCESS
SYNC,epsilon,738,700,0,700,SUCCESS
SYNC,epsilon,739,800,0,700,SUCCESS
SYNC,epsilon,740,800,0,700,SUCCESS
SYNC,epsilon,741,800,0,700,SUCCESS
SYNC,epsilon,742,800,0,700,SUCCESS
SYNC,epsilon,743,700,0,700,SUCCESS
SYNC,epsilon,744,700,0,700,SUCCESS
SYNC,epsilon,745,800,0,700,SUCCESS
SYNC,epsilon,746,800,0,700,SUCCESS
SYNC,epsilon,747,800,0,700,SUCCESS
SYNC,epsilon,748,800,0,700,SUCCESS
SYNC,epsilon,749,800,0,700,SUCCESS
SYNC,epsilon,750,800,0,700,SUCCESS
SYNC,epsilon,751,800,0,700,SUCCESS
SYNC,epsilon,752,800,0,700,SUCCESS
SYNC,epsilon,753,800,0,700,SUCCESS
SYNC,epsilon,754,800,0,700,SUCCESS
SYNC,epsilon,755,700,0,700,SUCCESS
SYNC,epsilon,756,800,0,700,SUCCESS
SYNC,epsilon,757,800,0,700,SUCCESS
SYNC,epsilon,758,800,0,700,SUCCESS
SYNC,epsilon,759,700,0,700,SUCCESS
SYNC,epsilon,760,800,0,700,SUCCESS
SYNC,epsilon,761,800,0,700,SUCCESS
SYNC,epsilon,762,800,0,700,SUCCESS
SYNC,epsilon,763,800,0,700,SUCCESS
SYNC,epsilon,764,800,0,700,SUCCESS
SYNC,epsilon,765,800,0,700,SUCCESS
SYNC,epsilon,766,700,0,700,SUCCESS
SYNC,epsilon,767,800,0,700,SUCCESS
SYNC,epsilon,768,700,0,700,SUCCESS
SYNC,epsilon,769,800,0,700,SUCCESS
SYNC,epsilon,770,700,0,700,SUCCESS
SYNC,epsilon,771,800,0,700,SUCCESS
SYNC,epsilon,772,800,0,700,SUCCESS
SYNC,epsilon,773,800,0,700,SUCCESS
SYNC,epsilon,774,800,0,700,SUCCESS
SYNC,epsilon,775,800,0,700,SUCCESS
SYNC,epsilon,776,800,0,700,SUCCESS
SYNC,epsilon,777,700,0,700,SUCCESS
SYNC,epsilon,778,800,0,700,SUCCESS
SYNC,epsilon,779,800,0,700,SUCCESS
SYNC,epsilon,780,800,0,700,SUCCESS
SYNC,epsilon,781,800,0,700,SUCCESS
SYNC,epsilon,782,800,0,700,SUCCESS
SYNC,epsilon,783,800,0,700,SUCCESS
SYNC,epsilon,784,700,0,700,SUCCESS
SYNC,epsilon,785,800,0,700,SUCCESS
SYNC,epsilon,786,700,0,700,SUCCESS
SYNC,epsilon,787,800,0,700,SUCCESS
SYNC,epsilon,788,800,0,800,SUCCESS
SYNC,epsilon,789,700,0,700,SUCCESS
SYNC,epsilon,790,800,0,800,SUCCESS
SYNC,epsilon,791,700,0,700,SUCCESS
SYNC,epsilon,792,800,0,700,SUCCESS
SYNC,epsilon,793,800,0,700,SUCCESS
SYNC,epsilon,794,800,0,700,SUCCESS
SYNC,epsilon,795,800,0,700,SUCCESS
SYNC,epsilon,796,700,0,700,SUCCESS
SYNC,epsilon,797,800,0,700,SUCCESS
SYNC,epsilon,798,800,0,700,SUCCESS
SYNC,epsilon,799,700,0,700,SUCCESS
SYNC,epsilon,800,800,0,700,SUCCESS
SYNC,epsilon,801,800,0,700,SUCCESS
SYNC,epsilon,802,700,0,700,SUCCESS
SYNC,epsilon,803,800,0,700,SUCCESS
SYNC,epsilon,804,800,0,700,SUCCESS
SYNC,epsilon,805,800,0,800,SUCCESS
SYNC,epsilon,806,700,0,700,SUCCESS
SYNC,epsilon,807,800,0,700,SUCCESS
SYNC,epsilon,808,800,0,700,SUCCESS
SYNC,epsilon,809,800,0,700,SUCCESS
SYNC,epsilon,810,800,0,700,SUCCESS
SYNC,epsilon,811,800,0,700,SUCCESS
SYNC,epsilon,812,800,0,700,SUCCESS
SYNC,epsilon,813,800,0,700,SUCCESS
SYNC,epsilon,814,800,0,700,SUCCESS
SYNC,epsilon,815,800,0,700,SUCCESS
SYNC,epsilon,816,800,0,700,SUCCESS
SYNC,epsilon,817,800,0,700,SUCCESS
SYNC,epsilon,818,700,0,700,SUCCESS
SYNC,epsilon,819,800,0,700,SUCCESS
SYNC,epsilon,820,800,0,700,SUCCESS
SYNC,epsilon,821,800,0,700,SUCCESS
SYNC,epsilon,822,800,0,700,SUCCESS
SYNC,epsilon,823,800,0,700,SUCCESS
SYNC,epsilon,824,800,0,700,SUCCESS
SYNC,epsilon,825,800,0,700,SUCCESS
SYNC,epsilon,826,800,0,700,SUCCESS
SYNC,epsilon,827,800,0,700,SUCCESS
SYNC,epsilon,828,700,0,700,SUCCESS
SYNC,epsilon,829,800,0,700,SUCCESS
SYNC,epsilon,830,800,0,700,SUCCESS
SYNC,epsilon,831,800,0,700,SUCCESS
SYNC,epsilon,832,700,0,700,SUCCESS
SYNC,epsilon,833,800,0,800,SUCCESS
SYNC,epsilon,834,800,0,700,SUCCESS
SYNC,epsilon,835,800,0,700,SUCCESS
SYNC,epsilon,836,800,0,700,SUCCESS
SYNC,epsilon,837,800,0,700,SUCCESS
SYNC,epsilon,838,800,0,700,SUCCESS
SYNC,epsilon,839,800,0,700,SUCCESS
SYNC,epsilon,840,800,0,700,SUCCESS
SYNC,epsilon,841,800,0,700,SUCCESS
SYNC,epsilon,842,700,0,700,SUCCESS
SYNC,epsilon,843,800,0,800,SUCCESS
SYNC,epsilon,844,700,0,700,SUCCESS
SYNC,epsilon,845,800,0,700,SUCCESS
SYNC,epsilon,846,800,0,700,SUCCESS
SYNC,epsilon,847,700,0,700,SUCCESS
SYNC,epsilon,848,800,0,700,SUCCESS
SYNC,epsilon,849,800,0,700,SUCCESS
SYNC,epsilon,850,800,0,700,SUCCESS
SYNC,epsilon,851,800,0,700,SUCCESS
SYNC,epsilon,852,800,0,700,SUCCESS
SYNC,epsilon,853,800,0,700,SUCCESS
SYNC,epsilon,854,800,0,700,SUCCESS
SYNC,epsilon,855,700,0,700,SUCCESS
SYNC,epsilon,856,800,0,800,SUCCESS
SYNC,epsilon,857,700,0,700,SUCCESS
SYNC,epsilon,858,800,0,700,SUCCESS
SYNC,epsilon,859,800,0,700,SUCCESS
SYNC,epsilon,860,700,0,700,SUCCESS
SYNC,epsilon,861,800,0,700,SUCCESS
SYNC,epsilon,862,800,0,700,SUCCESS
SYNC,epsilon,863,800,0,700,SUCCESS
SYNC,epsilon,864,700,0,700,SUCCESS
SYNC,epsilon,865,800,0,700,SUCCESS
SYNC,epsilon,866,700,0,700,SUCCESS
SYNC,epsilon,867,800,0,800,SUCCESS
SYNC,epsilon,868,800,0,700,SUCCESS
SYNC,epsilon,869,800,0,700,SUCCESS
SYNC,epsilon,870,700,0,700,SUCCESS
SYNC,epsilon,871,800,0,700,SUCCESS
SYNC,epsilon,872,700,0,700,SUCCESS
SYNC,epsilon,873,800,0,700,SUCCESS
SYNC,epsilon,874,700,0,700,SUCCESS
SYNC,epsilon,875,800,0,700,SUCCESS
SYNC,epsilon,876,800,0,800,SUCCESS
SYNC,epsilon,877,800,0,700,SUCCESS
SYNC,epsilon,878,800,0,700,SUCCESS
SYNC,epsilon,879,800,0,700,SUCCESS
SYNC,epsilon,880,800,0,700,SUCCESS
SYNC,epsilon,881,800,0,700,SUCCESS
SYNC,epsilon,882,700,0,700,SUCCESS
SYNC,epsilon,883,800,0,700,SUCCESS
SYNC,epsilon,884,800,0,700,SUCCESS
SYNC,epsilon,885,800,0,700,SUCCESS
SYNC,epsilon,886,800,0,700,SUCCESS
SYNC,epsilon,887,800,0,700,SUCCESS
SYNC,epsilon,888,800,0,700,SUCCESS
SYNC,epsilon,889,800,0,700,SUCCESS
SYNC,epsilon,890,800,0,700,SUCCESS
SYNC,epsilon,891,800,0,700,SUCCESS
SYNC,epsilon,892,700,0,700,SUCCESS
SYNC,epsilon,893,800,0,700,SUCCESS
SYNC,epsilon,894,800,0,700,SUCCESS
SYNC,epsilon,895,800,0,700,SUCCESS
SYNC,epsilon,896,800,0,700,SUCCESS
SYNC,epsilon,897,800,0,700,SUCCESS
SYNC,epsilon,898,800,0,700,SUCCESS
SYNC,epsilon,899,700,0,700,SUCCESS
SYNC,epsilon,900,800,0,800,SUCCESS
SYNC,epsilon,901,700,0,700,SUCCESS
SYNC,epsilon,902,800,0,800,SUCCESS
SYNC,epsilon,903,700,0,700,SUCCESS
SYNC,epsilon,904,800,0,700,SUCCESS
SYNC,epsilon,905,800,0,700,SUCCESS
SYNC,epsilon,906,700,0,700,SUCCESS
SYNC,epsilon,907,800,0,700,SUCCESS
SYNC,epsilon,908,700,0,700,SUCCESS
SYNC,epsilon,909,800,0,700,SUCCESS
SYNC,epsilon,910,700,0,700,SUCCESS
SYNC,epsilon,911,800,0,700,SUCCESS
SYNC,epsilon,912,800,0,700,SUCCESS
SYNC,epsilon,913,800,0,700,SUCCESS
SYNC,epsilon,914,700,0,700,SUCCESS
SYNC,epsilon,915,800,0,800,SUCCESS
SYNC,epsilon,916,800,0,700,SUCCESS
SYNC,epsilon,917,800,0,800,SUCCESS
SYNC,epsilon,918,700,0,700,SUCCESS
SYNC,epsilon,919,800,0,700,SUCCESS
SYNC,epsilon,920,800,0,700,SUCCESS
SYNC,epsilon,921,800,0,700,SUCCESS
SYNC,epsilon,922,800,0,700,SUCCESS
SYNC,epsilon,923,800,0,700,SUCCESS
SYNC,epsilon,924,700,0,700,SUCCESS
SYNC,epsilon,925,800,0,700,SUCCESS
SYNC,epsilon,926,800,0,800,SUCCESS
SYNC,epsilon,927,700,0,700,SUCCESS
SYNC,epsilon,928,800,0,700,SUCCESS
SYNC,epsilon,929,800,0,700,SUCCESS
SYNC,epsilon,930,700,0,700,SUCCESS
SYNC,epsilon,931,800,0,800,SUCCESS
SYNC,epsilon,932,700,0,700,SUCCESS
SYNC,epsilon,933,800,0,700,SUCCESS
SYNC,epsilon,934,800,0,800,SUCCESS
SYNC,epsilon,935,800,0,700,SUCCESS
SYNC,epsilon,936,700,0,700,SUCCESS
SYNC,epsilon,937,800,0,800,SUCCESS
SYNC,epsilon,938,700,0,700,SUCCESS
SYNC,epsilon,939,800,0,700,SUCCESS
SYNC,epsilon,940,700,0,700,SUCCESS
SYNC,epsilon,941,800,0,700,SUCCESS
SYNC,epsilon,942,800,0,700,SUCCESS
SYNC,epsilon,943,800,0,700,SUCCESS
SYNC,epsilon,944,800,0,700,SUCCESS
SYNC,epsilon,945,800,0,700,SUCCESS
SYNC,epsilon,946,800,0,700,SUCCESS
SYNC,epsilon,947,800,0,700,SUCCESS
SYNC,epsilon,948,800,0,700,SUCCESS
SYNC,epsilon,949,800,0,800,SUCCESS
SYNC,epsilon,950,800,0,700,SUCCESS
SYNC,epsilon,951,800,0,700,SUCCESS
SYNC,epsilon,952,700,0,700,SUCCESS
SYNC,epsilon,953,800,0,700,SUCCESS
SYNC,epsilon,954,800,0,700,SUCCESS
SYNC,epsilon,955,700,0,700,SUCCESS
SYNC,epsilon,956,800,0,800,SUCCESS
SYNC,epsilon,957,700,0,700,SUCCESS
SYNC,epsilon,958,800,0,800,SUCCESS
SYNC,epsilon,959,700,0,700,SUCCESS
SYNC,epsilon,960,700,0,700,SUCCESS
SYNC,epsilon,961,800,0,700,SUCCESS
SYNC,epsilon,962,700,0,700,SUCCESS
SYNC,epsilon,963,800,0,700,SUCCESS
SYNC,epsilon,964,800,0,700,SUCCESS
SYNC,epsilon,965,700,0,700,SUCCESS
SYNC,epsilon,966,700,0,700,SUCCESS
SYNC,epsilon,967,800,0,700,SUCCESS
SYNC,epsilon,968,800,0,700,SUCCESS
SYNC,epsilon,969,700,0,700,SUCCESS
SYNC,epsilon,970,800,0,700,SUCCESS
SYNC,epsilon,971,800,0,700,SUCCESS
SYNC,epsilon,972,700,0,700,SUCCESS
SYNC,epsilon,973,800,0,700,SUCCESS
SYNC,epsilon,974,700,0,700,SUCCESS
SYNC,epsilon,975,800,0,700,SUCCESS
SYNC,epsilon,976,800,0,700,SUCCESS
SYNC,epsilon,977,700,0,700,SUCCESS
SYNC,epsilon,978,800,0,800,SUCCESS
SYNC,epsilon,979,700,0,700,SUCCESS
SYNC,epsilon,980,800,0,700,SUCCESS
SYNC,epsilon,981,800,0,700,SUCCESS
SYNC,epsilon,982,700,0,700,SUCCESS
SYNC,epsilon,983,700,0,700,SUCCESS
SYNC,epsilon,984,800,0,700,SUCCESS
SYNC,epsilon,985,800,0,700,SUCCESS
SYNC,epsilon,986,800,0,700,SUCCESS
SYNC,epsilon,987,800,0,700,SUCCESS
SYNC,epsilon,988,800,0,700,SUCCESS
SYNC,epsilon,989,800,0,700,SUCCESS
SYNC,epsilon,990,800,0,700,SUCCESS
SYNC,epsilon,991,800,0,700,SUCCESS
SYNC,epsilon,992,700,0,700,SUCCESS
SYNC,epsilon,993,800,0,700,SUCCESS
SYNC,epsilon,994,700,0,700,SUCCESS
SYNC,epsilon,995,700,0,700,SUCCESS
SYNC,epsilon,996,800,0,700,SUCCESS
SYNC,epsilon,997,800,0,700,SUCCESS
SYNC,epsilon,998,800,0,700,SUCCESS
SYNC,epsilon,999,800,0,700,SUCCESS
SYNC,alpha,0,300,0,300,SUCCESS
SYNC,alpha,1,200,0,200,SUCCESS
SYNC,alpha,2,200,0,100,SUCCESS
SYNC,alpha,3,200,0,200,SUCCESS
SYNC,alpha,4,200,0,100,SUCCESS
SYNC,alpha,5,200,0,100,SUCCESS
SYNC,alpha,6,200,0,100,SUCCESS
SYNC,alpha,7,200,0,100,SUCCESS
SYNC,alpha,8,200,0,200,SUCCESS
SYNC,alpha,9,200,0,200,SUCCESS
SYNC,alpha,10,200,0,100,SUCCESS
SYNC,alpha,11,200,0,100,SUCCESS
SYNC,alpha,12,200,0,100,SUCCESS
SYNC,alpha,13,200,0,200,SUCCESS
SYNC,alpha,14,200,0,200,SUCCESS
SYNC,alpha,15,200,0,200,SUCCESS
SYNC,alpha,16,200,0,100,SUCCESS
SYNC,alpha,17,200,0,100,SUCCESS
SYNC,alpha,18,200,0,200,SUCCESS
SYNC,alpha,19,200,0,100,SUCCESS
SYNC,alpha,20,200,0,100,SUCCESS
SYNC,alpha,21,200,0,100,SUCCESS
SYNC,alpha,22,100,0,100,SUCCESS
SYNC,alpha,23,200,0,100,SUCCESS
SYNC,alpha,24,200,0,100,SUCCESS
SYNC,alpha,25,200,0,200,SUCCESS
SYNC,alpha,26,200,0,200,SUCCESS
SYNC,alpha,27,200,0,100,SUCCESS
SYNC,alpha,28,200,0,100,SUCCESS
SYNC,alpha,29,200,0,100,SUCCESS
SYNC,alpha,30,200,0,100,SUCCESS
SYNC,alpha,31,200,0,100,SUCCESS
SYNC,alpha,32,200,0,200,SUCCESS
SYNC,alpha,33,200,0,100,SUCCESS
SYNC,alpha,34,200,0,100,SUCCESS
SYNC,alpha,35,200,0,100,SUCCESS
SYNC,alpha,36,200,0,200,SUCCESS
SYNC,alpha,37,100,0,100,SUCCESS
SYNC,alpha,38,200,0,100,SUCCESS
SYNC,alpha,39,200,0,100,SUCCESS
SYNC,alpha,40,200,0,100,SUCCESS
SYNC,alpha,41,100,0,100,SUCCESS
SYNC,alpha,42,200,0,100,SUCCESS
SYNC,alpha,43,200,0,100,SUCCESS
SYNC,alpha,44,200,0,100,SUCCESS
SYNC,alpha,45,200,0,200,SUCCESS
SYNC,alpha,46,200,0,100,SUCCESS
SYNC,alpha,47,200,0,100,SUCCESS
SYNC,alpha,48,200,0,200,SUCCESS
SYNC,alpha,49,200,0,100,SUCCESS
SYNC,alpha,50,200,0,100,SUCCESS
SYNC,alpha,51,200,0,100,SUCCESS
SYNC,alpha,52,200,0,100,SUCCESS
SYNC,alpha,53,200,0,100,SUCCESS
SYNC,alpha,54,200,0,100,SUCCESS
SYNC,alpha,55,200,0,100,SUCCESS
SYNC,alpha,56,200,0,100,SUCCESS
SYNC,alpha,57,200,0,200,SUCCESS
SYNC,alpha,58,200,0,100,SUCCESS
SYNC,alpha,59,200,0,200,SUCCESS
SYNC,alpha,60,300,0,100,SUCCESS
SYNC,alpha,61,200,0,100,SUCCESS
SYNC,alpha,62,300,0,200,SUCCESS
SYNC,alpha,63,100,0,100,SUCCESS
SYNC,alpha,64,200,0,200,SUCCESS
SYNC,alpha,65,200,0,100,SUCCESS
SYNC,alpha,66,200,0,200,SUCCESS
SYNC,alpha,67,200,0,100,SUCCESS
SYNC,alpha,68,100,0,100,SUCCESS
SYNC,alpha,69,200,0,200,SUCCESS
SYNC,alpha,70,200,0,100,SUCCESS
SYNC,alpha,71,200,0,200,SUCCESS
SYNC,alpha,72,200,0,100,SUCCESS
SYNC,alpha,73,100,0,100,SUCCESS
SYNC,alpha,74,200,0,100,SUCCESS
SYNC,alpha,75,200,0,200,SUCCESS
SYNC,alpha,76,100,0,100,SUCCESS
SYNC,alpha,77,200,0,200,SUCCESS
SYNC,alpha,78,200,0,100,SUCCESS
SYNC,alpha,79,200,0,100,SUCCESS
SYNC,alpha,80,200,0,100,SUCCESS
SYNC,alpha,81,200,0,100,SUCCESS
SYNC,alpha,82,200,0,100,SUCCESS
SYNC,alpha,83,200,0,100,SUCCESS
SYNC,alpha,84,200,0,100,SUCCESS
SYNC,alpha,85,200,0,100,SUCCESS
SYNC,alpha,86,200,0,100,SUCCESS
SYNC,alpha,87,200,0,200,SUCCESS
SYNC,alpha,88,200,0,100,SUCCESS
SYNC,alpha,89,200,0,100,SUCCESS
SYNC,alpha,90,200,0,200,SUCCESS
SYNC,alpha,91,200,0,100,SUCCESS
SYNC,alpha,92,100,0,100,SUCCESS
SYNC,alpha,93,100,0,100,SUCCESS
SYNC,alpha,94,100,0,100,SUCCESS
SYNC,alpha,95,200,0,100,SUCCESS
SYNC,alpha,96,200,0,200,SUCCESS
SYNC,alpha,97,100,0,100,SUCCESS
SYNC,alpha,98,200,0,200,SUCCESS
SYNC,alpha,99,200,0,200,SUCCESS
SYNC,alpha,100,200,0,100,SUCCESS
SYNC,alpha,101,200,0,200,SUCCESS
SYNC,alpha,102,200,0,100,SUCCESS
SYNC,alpha,103,200,0,200,SUCCESS
SYNC,alpha,104,100,0,100,SUCCESS
SYNC,alpha,105,200,0,200,SUCCESS
SYNC,alpha,106,200,0,100,SUCCESS
SYNC,alpha,107,200,0,200,SUCCESS
SYNC,alpha,108,100,0,100,SUCCESS
SYNC,alpha,109,200,0,100,SUCCESS
SYNC,alpha,110,200,0,100,SUCCESS
SYNC,alpha,111,200,0,100,SUCCESS
SYNC,alpha,112,200,0,100,SUCCESS
SYNC,alpha,113,100,0,100,SUCCESS
SYNC,alpha,114,200,0,100,SUCCESS
SYNC,alpha,115,200,0,100,SUCCESS
SYNC,alpha,116,200,0,100,SUCCESS
SYNC,alpha,117,200,0,100,SUCCESS
SYNC,alpha,118,100,0,100,SUCCESS
SYNC,alpha,119,200,0,200,SUCCESS
SYNC,alpha,120,200,0,100,SUCCESS
SYNC,alpha,121,100,0,100,SUCCESS
SYNC,alpha,122,100,0,100,SUCCESS
SYNC,alpha,123,200,0,100,SUCCESS
SYNC,alpha,124,200,0,100,SUCCESS
SYNC,alpha,125,200,0,100,SUCCESS
SYNC,alpha,126,200,0,200,SUCCESS
SYNC,alpha,127,100,0,100,SUCCESS
SYNC,alpha,128,200,0,100,SUCCESS
SYNC,alpha,129,200,0,100,SUCCESS
SYNC,alpha,130,200,0,100,SUCCESS
SYNC,alpha,131,200,0,100,SUCCESS
SYNC,alpha,132,100,0,100,SUCCESS
SYNC,alpha,133,100,0,100,SUCCESS
SYNC,alpha,134,200,0,100,SUCCESS
SYNC,alpha,135,200,0,100,SUCCESS
SYNC,alpha,136,200,0,200,SUCCESS
SYNC,alpha,137,200,0,200,SUCCESS
SYNC,alpha,138,200,0,100,SUCCESS
SYNC,alpha,139,200,0,100,SUCCESS
SYNC,alpha,140,200,0,100,SUCCESS
SYNC,alpha,141,200,0,100,SUCCESS
SYNC,alpha,142,200,0,100,SUCCESS
SYNC,alpha,143,200,0,200,SUCCESS
SYNC,alpha,144,200,0,100,SUCCESS
SYNC,alpha,145,200,0,200,SUCCESS
SYNC,alpha,146,200,0,100,SUCCESS
SYNC,alpha,147,200,0,100,SUCCESS
SYNC,alpha,148,100,0,100,SUCCESS
SYNC,alpha,149,200,0,100,SUCCESS
SYNC,alpha,150,200,0,100,SUCCESS
SYNC,alpha,151,100,0,100,SUCCESS
SYNC,alpha,152,100,0,100,SUCCESS
SYNC,alpha,153,200,0,100,SUCCESS
SYNC,alpha,154,200,0,100,SUCCESS
SYNC,alpha,155,200,0,100,SUCCESS
SYNC,alpha,156,200,0,200,SUCCESS
SYNC,alpha,157,200,0,200,SUCCESS
SYNC,alpha,158,200,0,100,SUCCESS
SYNC,alpha,159,200,0,100,SUCCESS
SYNC,alpha,160,200,0,100,SUCCESS
SYNC,alpha,161,200,0,200,SUCCESS
SYNC,alpha,162,200,0,100,SUCCESS
SYNC,alpha,163,100,0,100,SUCCESS
SYNC,alpha,164,200,0,100,SUCCESS
SYNC,alpha,165,200,0,200,SUCCESS
SYNC,alpha,166,200,0,100,SUCCESS
SYNC,alpha,167,100,0,100,SUCCESS
SYNC,alpha,168,200,0,100,SUCCESS
SYNC,alpha,169,200,0,100,SUCCESS
SYNC,alpha,170,200,0,100,SUCCESS
SYNC,alpha,171,200,0,200,SUCCESS
SYNC,alpha,172,200,0,100,SUCCESS
SYNC,alpha,173,200,0,100,SUCCESS
SYNC,alpha,174,200,0,100,SUCCESS
SYNC,alpha,175,200,0,100,SUCCESS
SYNC,alpha,176,100,0,100,SUCCESS
SYNC,alpha,177,200,0,100,SUCCESS
SYNC,alpha,178,200,0,200,SUCCESS
SYNC,alpha,179,200,0,100,SUCCESS
SYNC,alpha,180,200,0,100,SUCCESS
SYNC,alpha,181,300,0,100,SUCCESS
SYNC,alpha,182,100,0,100,SUCCESS
SYNC,alpha,183,200,0,100,SUCCESS
SYNC,alpha,184,200,0,100,SUCCESS
SYNC,alpha,185,200,0,100,SUCCESS
SYNC,alpha,186,200,0,100,SUCCESS
SYNC,alpha,187,200,0,100,SUCCESS
SYNC,alpha,188,200,0,100,SUCCESS
SYNC,alpha,189,200,0,200,SUCCESS
SYNC,alpha,190,200,0,100,SUCCESS
SYNC,alpha,191,200,0,100,SUCCESS
SYNC,alpha,192,200,0,200,SUCCESS
SYNC,alpha,193,200,0,100,SUCCESS
SYNC,alpha,194,200,0,100,SUCCESS
SYNC,alpha,195,200,0,100,SUCCESS
SYNC,alpha,196,200,0,200,SUCCESS
SYNC,alpha,197,200,0,200,SUCCESS
SYNC,alpha,198,200,0,100,SUCCESS
SYNC,alpha,199,200,0,100,SUCCESS
SYNC,alpha,200,200,0,100,SUCCESS
SYNC,alpha,201,200,0,200,SUCCESS
SYNC,alpha,202,200,0,100,SUCCESS
SYNC,alpha,203,200,0,100,SUCCESS
SYNC,alpha,204,200,0,100,SUCCESS
SYNC,alpha,205,200,0,100,SUCCESS
SYNC,alpha,206,200,0,100,SUCCESS
SYNC,alpha,207,200,0,100,SUCCESS
SYNC,alpha,208,200,0,100,SUCCESS
SYNC,alpha,209,200,0,200,SUCCESS
SYNC,alpha,210,100,0,100,SUCCESS
SYNC,alpha,211,200,0,200,SUCCESS
SYNC,alpha,212,200,0,200,SUCCESS
SYNC,alpha,213,200,0,100,SUCCESS
SYNC,alpha,214,200,0,100,SUCCESS
SYNC,alpha,215,200,0,100,SUCCESS
SYNC,alpha,216,200,0,100,SUCCESS
SYNC,alpha,217,200,0,100,SUCCESS
SYNC,alpha,218,200,0,100,SUCCESS
SYNC,alpha,219,200,0,100,SUCCESS
SYNC,alpha,220,200,0,100,SUCCESS
SYNC,alpha,221,200,0,200,SUCCESS
SYNC,alpha,222,200,0,100,SUCCESS
SYNC,alpha,223,100,0,100,SUCCESS
SYNC,alpha,224,200,0,100,SUCCESS
SYNC,alpha,225,200,0,200,SUCCESS
SYNC,alpha,226,200,0,200,SUCCESS
SYNC,alpha,227,300,0,100,SUCCESS
SYNC,alpha,228,200,0,100,SUCCESS
SYNC,alpha,229,200,0,200,SUCCESS
SYNC,alpha,230,200,0,100,SUCCESS
SYNC,alpha,231,200,0,100,SUCCESS
SYNC,alpha,232,200,0,100,SUCCESS
SYNC,alpha,233,200,0,100,SUCCESS
SYNC,alpha,234,100,0,100,SUCCESS
SYNC,alpha,235,200,0,100,SUCCESS
SYNC,alpha,236,200,0,100,SUCCESS
SYNC,alpha,237,200,0,100,SUCCESS
SYNC,alpha,238,200,0,100,SUCCESS
SYNC,alpha,239,200,0,100,SUCCESS
SYNC,alpha,240,200,0,100,SUCCESS
SYNC,alpha,241,200,0,100,SUCCESS
SYNC,alpha,242,200,0,200,SUCCESS
SYNC,alpha,243,200,0,100,SUCCESS
SYNC,alpha,244,200,0,200,SUCCESS
SYNC,alpha,245,200,0,100,SUCCESS
SYNC,alpha,246,200,0,100,SUCCESS
SYNC,alpha,247,200,0,200,SUCCESS
SYNC,alpha,248,200,0,100,SUCCESS
SYNC,alpha,249,200,0,200,SUCCESS
SYNC,alpha,250,200,0,100,SUCCESS
SYNC,alpha,251,200,0,100,SUCCESS
SYNC,alpha,252,200,0,200,SUCCESS
SYNC,alpha,253,200,0,200,SUCCESS
SYNC,alpha,254,200,0,100,SUCCESS
SYNC,alpha,255,200,0,100,SUCCESS
SYNC,alpha,256,200,0,200,SUCCESS
SYNC,alpha,257,200,0,100,SUCCESS
SYNC,alpha,258,200,0,100,SUCCESS
SYNC,alpha,259,200,0,100,SUCCESS
SYNC,alpha,260,200,0,100,SUCCESS
SYNC,alpha,261,200,0,100,SUCCESS
SYNC,alpha,262,200,0,100,SUCCESS
SYNC,alpha,263,200,0,100,SUCCESS
SYNC,alpha,264,200,0,100,SUCCESS
SYNC,alpha,265,200,0,200,SUCCESS
SYNC,alpha,266,100,0,100,SUCCESS
SYNC,alpha,267,200,0,100,SUCCESS
SYNC,alpha,268,200,0,100,SUCCESS
SYNC,alpha,269,200,0,200,SUCCESS
SYNC,alpha,270,200,0,100,SUCCESS
SYNC,alpha,271,200,0,200,SUCCESS
SYNC,alpha,272,200,0,200,SUCCESS
SYNC,alpha,273,200,0,200,SUCCESS
SYNC,alpha,274,200,0,100,SUCCESS
SYNC,alpha,275,100,0,100,SUCCESS
SYNC,alpha,276,100,0,100,SUCCESS
SYNC,alpha,277,200,0,100,SUCCESS
SYNC,alpha,278,200,0,100,SUCCESS
SYNC,alpha,279,200,0,100,SUCCESS
SYNC,alpha,280,200,0,200,SUCCESS
SYNC,alpha,281,200,0,100,SUCCESS
SYNC,alpha,282,200,0,100,SUCCESS
SYNC,alpha,283,200,0,100,SUCCESS
SYNC,alpha,284,200,0,100,SUCCESS
SYNC,alpha,285,200,0,100,SUCCESS
SYNC,alpha,286,200,0,100,SUCCESS
SYNC,alpha,287,200,0,100,SUCCESS
SYNC,alpha,288,200,0,100,SUCCESS
SYNC,alpha,289,200,0,200,SUCCESS
SYNC,alpha,290,200,0,100,SUCCESS
SYNC,alpha,291,200,0,200,SUCCESS
SYNC,alpha,292,200,0,100,SUCCESS
SYNC,alpha,293,200,0,200,SUCCESS
SYNC,alpha,294,200,0,200,SUCCESS
SYNC,alpha,295,200,0,200,SUCCESS
SYNC,alpha,296,200,0,100,SUCCESS
SYNC,alpha,297,200,0,100,SUCCESS
SYNC,alpha,298,200,0,100,SUCCESS
SYNC,alpha,299,200,0,200,SUCCESS
SYNC,alpha,300,200,0,100,SUCCESS
SYNC,alpha,301,200,0,100,SUCCESS
SYNC,alpha,302,200,0,200,SUCCESS
SYNC,alpha,303,200,0,100,SUCCESS
SYNC,alpha,304,200,0,200,SUCCESS
SYNC,alpha,305,200,0,100,SUCCESS
SYNC,alpha,306,200,0,100,SUCCESS
SYNC,alpha,307,100,0,100,SUCCESS
SYNC,alpha,308,100,0,100,SUCCESS
SYNC,alpha,309,300,0,200,SUCCESS
SYNC,alpha,310,200,0,100,SUCCESS
SYNC,alpha,311,200,0,100,SUCCESS
SYNC,alpha,312,200,0,200,SUCCESS
SYNC,alpha,313,200,0,100,SUCCESS
SYNC,alpha,314,300,0,100,SUCCESS
SYNC,alpha,315,200,0,200,SUCCESS
SYNC,alpha,316,200,0,100,SUCCESS
SYNC,alpha,317,200,0,100,SUCCESS
SYNC,alpha,318,200,0,200,SUCCESS
SYNC,alpha,319,200,0,200,SUCCESS
SYNC,alpha,320,400,0,100,SUCCESS
SYNC,alpha,321,200,0,100,SUCCESS
SYNC,alpha,322,200,0,100,SUCCESS
SYNC,alpha,323,200,0,100,SUCCESS
SYNC,alpha,324,200,0,200,SUCCESS
SYNC,alpha,325,200,0,100,SUCCESS
SYNC,alpha,326,300,0,300,SUCCESS
SYNC,alpha,327,200,0,100,SUCCESS
SYNC,alpha,328,200,0,200,SUCCESS
SYNC,alpha,329,200,0,100,SUCCESS
SYNC,alpha,330,200,0,100,SUCCESS
SYNC,alpha,331,200,0,100,SUCCESS
SYNC,alpha,332,200,0,100,SUCCESS
SYNC,alpha,333,200,0,200,SUCCESS
SYNC,alpha,334,200,0,200,SUCCESS
SYNC,alpha,335,200,0,100,SUCCESS
SYNC,alpha,336,200,0,100,SUCCESS
SYNC,alpha,337,200,0,200,SUCCESS
SYNC,alpha,338,300,0,100,SUCCESS
SYNC,alpha,339,200,0,200,SUCCESS
SYNC,alpha,340,200,0,100,SUCCESS
SYNC,alpha,341,200,0,200,SUCCESS
SYNC,alpha,342,200,0,100,SUCCESS
SYNC,alpha,343,200,0,100,SUCCESS
SYNC,alpha,344,200,0,100,SUCCESS
SYNC,alpha,345,200,0,100,SUCCESS
SYNC,alpha,346,300,0,100,SUCCESS
SYNC,alpha,347,200,0,200,SUCCESS
SYNC,alpha,348,200,0,100,SUCCESS
SYNC,alpha,349,200,0,200,SUCCESS
SYNC,alpha,350,200,0,100,SUCCESS
SYNC,alpha,351,200,0,100,SUCCESS
SYNC,alpha,352,200,0,100,SUCCESS
SYNC,alpha,353,200,0,200,SUCCESS
SYNC,alpha,354,200,0,200,SUCCESS
SYNC,alpha,355,200,0,100,SUCCESS
SYNC,alpha,356,200,0,200,SUCCESS
SYNC,alpha,357,200,0,100,SUCCESS
SYNC,alpha,358,200,0,200,SUCCESS
SYNC,alpha,359,200,0,200,SUCCESS
SYNC,alpha,360,200,0,100,SUCCESS
SYNC,alpha,361,200,0,200,SUCCESS
SYNC,alpha,362,300,0,100,SUCCESS
SYNC,alpha,363,200,0,100,SUCCESS
SYNC,alpha,364,200,0,100,SUCCESS
SYNC,alpha,365,200,0,100,SUCCESS
SYNC,alpha,366,200,0,100,SUCCESS
SYNC,alpha,367,200,0,200,SUCCESS
SYNC,alpha,368,200,0,100,SUCCESS
SYNC,alpha,369,200,0,100,SUCCESS
SYNC,alpha,370,200,0,100,SUCCESS
SYNC,alpha,371,200,0,200,SUCCESS
SYNC,alpha,372,200,0,100,SUCCESS
SYNC,alpha,373,200,0,100,SUCCESS
SYNC,alpha,374,200,0,200,SUCCESS
SYNC,alpha,375,200,0,100,SUCCESS
SYNC,alpha,376,200,0,200,SUCCESS
SYNC,alpha,377,400,0,200,SUCCESS
SYNC,alpha,378,200,0,100,SUCCESS
SYNC,alpha,379,200,0,200,SUCCESS
SYNC,alpha,380,200,0,100,SUCCESS
SYNC,alpha,381,200,0,100,SUCCESS
SYNC,alpha,382,300,0,200,SUCCESS
SYNC,alpha,383,200,0,200,SUCCESS
SYNC,alpha,384,200,0,100,SUCCESS
SYNC,alpha,385,200,0,100,SUCCESS
SYNC,alpha,386,200,0,100,SUCCESS
SYNC,alpha,387,300,0,300,SUCCESS
SYNC,alpha,388,200,0,100,SUCCESS
SYNC,alpha,389,200,0,100,SUCCESS
SYNC,alpha,390,200,0,100,SUCCESS
SYNC,alpha,391,300,0,100,SUCCESS
SYNC,alpha,392,200,0,100,SUCCESS
SYNC,alpha,393,200,0,200,SUCCESS
SYNC,alpha,394,200,0,200,SUCCESS
SYNC,alpha,395,200,0,100,SUCCESS
SYNC,alpha,396,200,0,100,SUCCESS
SYNC,alpha,397,200,0,100,SUCCESS
SYNC,alpha,398,300,0,100,SUCCESS
SYNC,alpha,399,300,0,100,SUCCESS
SYNC,alpha,400,200,0,100,SUCCESS
SYNC,alpha,401,200,0,200,SUCCESS
SYNC,alpha,402,200,0,200,SUCCESS
SYNC,alpha,403,200,0,100,SUCCESS
SYNC,alpha,404,200,0,100,SUCCESS
SYNC,alpha,405,300,0,100,SUCCESS
SYNC,alpha,406,200,0,100,SUCCESS
SYNC,alpha,407,200,0,100,SUCCESS
SYNC,alpha,408,200,0,100,SUCCESS
SYNC,alpha,409,200,0,100,SUCCESS
SYNC,alpha,410,200,0,100,SUCCESS
SYNC,alpha,411,200,0,100,SUCCESS
SYNC,alpha,412,200,0,100,SUCCESS
SYNC,alpha,413,200,0,100,SUCCESS
SYNC,alpha,414,300,0,100,SUCCESS
SYNC,alpha,415,200,0,200,SUCCESS
SYNC,alpha,416,200,0,200,SUCCESS
SYNC,alpha,417,200,0,100,SUCCESS
SYNC,alpha,418,200,0,100,SUCCESS
SYNC,alpha,419,200,0,100,SUCCESS
SYNC,alpha,420,200,0,200,SUCCESS
SYNC,alpha,421,200,0,100,SUCCESS
SYNC,alpha,422,200,0,200,SUCCESS
SYNC,alpha,423,200,0,100,SUCCESS
SYNC,alpha,424,200,0,100,SUCCESS
SYNC,alpha,425,200,0,200,SUCCESS
SYNC,alpha,426,300,0,100,SUCCESS
SYNC,alpha,427,200,0,100,SUCCESS
SYNC,alpha,428,200,0,100,SUCCESS
SYNC,alpha,429,200,0,200,SUCCESS
SYNC,alpha,430,200,0,200,SUCCESS
SYNC,alpha,431,200,0,100,SUCCESS
SYNC,alpha,432,200,0,100,SUCCESS
SYNC,alpha,433,200,0,100,SUCCESS
SYNC,alpha,434,200,0,200,SUCCESS
SYNC,alpha,435,200,0,100,SUCCESS
SYNC,alpha,436,200,0,100,SUCCESS
SYNC,alpha,437,300,0,100,SUCCESS
SYNC,alpha,438,200,0,100,SUCCESS
SYNC,alpha,439,200,0,100,SUCCESS
SYNC,alpha,440,200,0,200,SUCCESS
SYNC,alpha,441,200,0,200,SUCCESS
SYNC,alpha,442,200,0,200,SUCCESS
SYNC,alpha,443,200,0,200,SUCCESS
SYNC,alpha,444,200,0,200,SUCCESS
SYNC,alpha,445,200,0,100,SUCCESS
SYNC,alpha,446,200,0,200,SUCCESS
SYNC,alpha,447,200,0,200,SUCCESS
SYNC,alpha,448,200,0,100,SUCCESS
SYNC,alpha,449,200,0,200,SUCCESS
SYNC,alpha,450,200,0,200,SUCCESS
SYNC,alpha,451,200,0,200,SUCCESS
SYNC,alpha,452,200,0,100,SUCCESS
SYNC,alpha,453,300,0,100,SUCCESS
SYNC,alpha,454,200,0,100,SUCCESS
SYNC,alpha,455,200,0,100,SUCCESS
SYNC,alpha,456,200,0,200,SUCCESS
SYNC,alpha,457,200,0,100,SUCCESS
SYNC,alpha,458,200,0,200,SUCCESS
SYNC,alpha,459,200,0,200,SUCCESS
SYNC,alpha,460,200,0,100,SUCCESS
SYNC,alpha,461,200,0,100,SUCCESS
SYNC,alpha,462,100,0,100,SUCCESS
SYNC,alpha,463,200,0,200,SUCCESS
SYNC,alpha,464,200,0,200,SUCCESS
SYNC,alpha,465,200,0,100,SUCCESS
SYNC,alpha,466,200,0,200,SUCCESS
SYNC,alpha,467,200,0,100,SUCCESS
SYNC,alpha,468,200,0,100,SUCCESS
SYNC,alpha,469,200,0,100,SUCCESS
SYNC,alpha,470,100,0,100,SUCCESS
SYNC,alpha,471,200,0,100,SUCCESS
SYNC,alpha,472,200,0,100,SUCCESS
SYNC,alpha,473,200,0,100,SUCCESS
SYNC,alpha,474,200,0,200,SUCCESS
SYNC,alpha,475,200,0,200,SUCCESS
SYNC,alpha,476,200,0,200,SUCCESS
SYNC,alpha,477,200,0,100,SUCCESS
SYNC,alpha,478,200,0,100,SUCCESS
SYNC,alpha,479,200,0,100,SUCCESS
SYNC,alpha,480,200,0,100,SUCCESS
SYNC,alpha,481,200,0,100,SUCCESS
SYNC,alpha,482,300,0,100,SUCCESS
SYNC,alpha,483,200,0,100,SUCCESS
SYNC,alpha,484,200,0,100,SUCCESS
SYNC,alpha,485,200,0,200,SUCCESS
SYNC,alpha,486,200,0,100,SUCCESS
SYNC,alpha,487,200,0,100,SUCCESS
SYNC,alpha,488,200,0,100,SUCCESS
SYNC,alpha,489,200,0,100,SUCCESS
SYNC,alpha,490,200,0,100,SUCCESS
SYNC,alpha,491,200,0,100,SUCCESS
SYNC,alpha,492,200,0,200,SUCCESS
SYNC,alpha,493,200,0,200,SUCCESS
SYNC,alpha,494,200,0,200,SUCCESS
SYNC,alpha,495,200,0,200,SUCCESS
SYNC,alpha,496,200,0,100,SUCCESS
SYNC,alpha,497,200,0,100,SUCCESS
SYNC,alpha,498,200,0,200,SUCCESS
SYNC,alpha,499,100,0,100,SUCCESS
SYNC,alpha,500,200,0,100,SUCCESS
SYNC,alpha,501,200,0,200,SUCCESS
SYNC,alpha,502,200,0,100,SUCCESS
SYNC,alpha,503,200,0,100,SUCCESS
SYNC,alpha,504,200,0,100,SUCCESS
SYNC,alpha,505,200,0,100,SUCCESS
SYNC,alpha,506,200,0,100,SUCCESS
SYNC,alpha,507,300,0,100,SUCCESS
SYNC,alpha,508,200,0,100,SUCCESS
SYNC,alpha,509,200,0,100,SUCCESS
SYNC,alpha,510,200,0,100,SUCCESS
SYNC,alpha,511,200,0,100,SUCCESS
SYNC,alpha,512,200,0,100,SUCCESS
SYNC,alpha,513,300,0,100,SUCCESS
SYNC,alpha,514,300,0,100,SUCCESS
SYNC,alpha,515,200,0,200,SUCCESS
SYNC,alpha,516,200,0,100,SUCCESS
SYNC,alpha,517,200,0,200,SUCCESS
SYNC,alpha,518,200,0,200,SUCCESS
SYNC,alpha,519,200,0,100,SUCCESS
SYNC,alpha,520,200,0,100,SUCCESS
SYNC,alpha,521,200,0,100,SUCCESS
SYNC,alpha,522,200,0,100,SUCCESS
SYNC,alpha,523,200,0,100,SUCCESS
SYNC,alpha,524,200,0,100,SUCCESS
SYNC,alpha,525,200,0,100,SUCCESS
SYNC,alpha,526,300,0,100,SUCCESS
SYNC,alpha,527,200,0,100,SUCCESS
SYNC,alpha,528,200,0,100,SUCCESS
SYNC,alpha,529,200,0,200,SUCCESS
SYNC,alpha,530,200,0,200,SUCCESS
SYNC,alpha,531,200,0,200,SUCCESS
SYNC,alpha,532,200,0,100,SUCCESS
SYNC,alpha,533,200,0,200,SUCCESS
SYNC,alpha,534,200,0,100,SUCCESS
SYNC,alpha,535,200,0,100,SUCCESS
SYNC,alpha,536,200,0,200,SUCCESS
SYNC,alpha,537,200,0,200,SUCCESS
SYNC,alpha,538,200,0,100,SUCCESS
SYNC,alpha,539,200,0,200,SUCCESS
SYNC,alpha,540,200,0,100,SUCCESS
SYNC,alpha,541,200,0,100,SUCCESS
SYNC,alpha,542,200,0,100,SUCCESS
SYNC,alpha,543,200,0,200,SUCCESS
SYNC,alpha,544,200,0,100,SUCCESS
SYNC,alpha,545,200,0,200,SUCCESS
SYNC,alpha,546,100,0,100,SUCCESS
SYNC,alpha,547,200,0,100,SUCCESS
SYNC,alpha,548,200,0,200,SUCCESS
SYNC,alpha,549,200,0,100,SUCCESS
SYNC,alpha,550,200,0,200,SUCCESS
SYNC,alpha,551,200,0,100,SUCCESS
SYNC,alpha,552,300,0,200,SUCCESS
SYNC,alpha,553,200,0,100,SUCCESS
SYNC,alpha,554,200,0,100,SUCCESS
SYNC,alpha,555,200,0,100,SUCCESS
SYNC,alpha,556,200,0,200,SUCCESS
SYNC,alpha,557,200,0,200,SUCCESS
SYNC,alpha,558,200,0,100,SUCCESS
SYNC,alpha,559,200,0,100,SUCCESS
SYNC,alpha,560,200,0,100,SUCCESS
SYNC,alpha,561,200,0,100,SUCCESS
SYNC,alpha,562,200,0,100,SUCCESS
SYNC,alpha,563,200,0,100,SUCCESS
SYNC,alpha,564,200,0,100,SUCCESS
SYNC,alpha,565,200,0,200,SUCCESS
SYNC,alpha,566,200,0,100,SUCCESS
SYNC,alpha,567,200,0,100,SUCCESS
SYNC,alpha,568,200,0,100,SUCCESS
SYNC,alpha,569,200,0,100,SUCCESS
SYNC,alpha,570,200,0,100,SUCCESS
SYNC,alpha,571,200,0,100,SUCCESS
SYNC,alpha,572,200,0,200,SUCCESS
SYNC,alpha,573,200,0,100,SUCCESS
SYNC,alpha,574,200,0,200,SUCCESS
SYNC,alpha,575,200,0,100,SUCCESS
SYNC,alpha,576,200,0,100,SUCCESS
SYNC,alpha,577,200,0,100,SUCCESS
SYNC,alpha,578,200,0,100,SUCCESS
SYNC,alpha,579,200,0,100,SUCCESS
SYNC,alpha,580,100,0,100,SUCCESS
SYNC,alpha,581,200,0,100,SUCCESS
SYNC,alpha,582,200,0,100,SUCCESS
SYNC,alpha,583,200,0,100,SUCCESS
SYNC,alpha,584,200,0,100,SUCCESS
SYNC,alpha,585,200,0,100,SUCCESS
SYNC,alpha,586,200,0,200,SUCCESS
SYNC,alpha,587,200,0,100,SUCCESS
SYNC,alpha,588,200,0,100,SUCCESS
SYNC,alpha,589,200,0,100,SUCCESS
SYNC,alpha,590,200,0,100,SUCCESS
SYNC,alpha,591,200,0,100,SUCCESS
SYNC,alpha,592,200,0,200,SUCCESS
SYNC,alpha,593,200,0,100,SUCCESS
SYNC,alpha,594,200,0,100,SUCCESS
SYNC,alpha,595,200,0,100,SUCCESS
SYNC,alpha,596,200,0,100,SUCCESS
SYNC,alpha,597,200,0,100,SUCCESS
SYNC,alpha,598,200,0,100,SUCCESS
SYNC,alpha,599,200,0,100,SUCCESS
SYNC,alpha,600,200,0,100,SUCCESS
SYNC,alpha,601,200,0,200,SUCCESS
SYNC,alpha,602,200,0,200,SUCCESS
SYNC,alpha,603,200,0,200,SUCCESS
SYNC,alpha,604,200,0,100,SUCCESS
SYNC,alpha,605,200,0,100,SUCCESS
SYNC,alpha,606,100,0,100,SUCCESS
SYNC,alpha,607,200,0,100,SUCCESS
SYNC,alpha,608,200,0,100,SUCCESS
SYNC,alpha,609,200,0,100,SUCCESS
SYNC,alpha,610,100,0,100,SUCCESS
SYNC,alpha,611,200,0,100,SUCCESS
SYNC,alpha,612,200,0,100,SUCCESS
SYNC,alpha,613,200,0,100,SUCCESS
SYNC,alpha,614,200,0,200,SUCCESS
SYNC,alpha,615,200,0,200,SUCCESS
SYNC,alpha,616,200,0,100,SUCCESS
SYNC,alpha,617,100,0,100,SUCCESS
SYNC,alpha,618,100,0,100,SUCCESS
SYNC,alpha,619,200,0,100,SUCCESS
SYNC,alpha,620,200,0,100,SUCCESS
SYNC,alpha,621,200,0,100,SUCCESS
SYNC,alpha,622,200,0,100,SUCCESS
SYNC,alpha,623,200,0,100,SUCCESS
SYNC,alpha,624,200,0,100,SUCCESS
SYNC,alpha,625,200,0,100,SUCCESS
SYNC,alpha,626,200,0,100,SUCCESS
SYNC,alpha,627,200,0,100,SUCCESS
SYNC,alpha,628,200,0,100,SUCCESS
SYNC,alpha,629,200,0,100,SUCCESS
SYNC,alpha,630,200,0,200,SUCCESS
SYNC,alpha,631,200,0,100,SUCCESS
SYNC,alpha,632,200,0,100,SUCCESS
SYNC,alpha,633,100,0,100,SUCCESS
SYNC,alpha,634,200,0,100,SUCCESS
SYNC,alpha,635,200,0,100,SUCCESS
SYNC,alpha,636,200,0,100,SUCCESS
SYNC,alpha,637,200,0,200,SUCCESS
SYNC,alpha,638,200,0,200,SUCCESS
SYNC,alpha,639,200,0,100,SUCCESS
SYNC,alpha,640,300,0,100,SUCCESS
SYNC,alpha,641,200,0,100,SUCCESS
SYNC,alpha,642,200,0,100,SUCCESS
SYNC,alpha,643,200,0,200,SUCCESS
SYNC,alpha,644,200,0,100,SUCCESS
SYNC,alpha,645,200,0,200,SUCCESS
SYNC,alpha,646,100,0,100,SUCCESS
SYNC,alpha,647,200,0,200,SUCCESS
SYNC,alpha,648,200,0,100,SUCCESS
SYNC,alpha,649,200,0,100,SUCCESS
SYNC,alpha,650,200,0,100,SUCCESS
SYNC,alpha,651,200,0,100,SUCCESS
SYNC,alpha,652,200,0,100,SUCCESS
SYNC,alpha,653,200,0,200,SUCCESS
SYNC,alpha,654,200,0,200,SUCCESS
SYNC,alpha,655,200,0,200,SUCCESS
SYNC,alpha,656,200,0,100,SUCCESS
SYNC,alpha,657,200,0,100,SUCCESS
SYNC,alpha,658,200,0,100,SUCCESS
SYNC,alpha,659,200,0,100,SUCCESS
SYNC,alpha,660,200,0,100,SUCCESS
SYNC,alpha,661,200,0,100,SUCCESS
SYNC,alpha,662,200,0,100,SUCCESS
SYNC,alpha,663,200,0,100,SUCCESS
SYNC,alpha,664,200,0,100,SUCCESS
SYNC,alpha,665,200,0,200,SUCCESS
SYNC,alpha,666,200,0,100,SUCCESS
SYNC,alpha,667,100,0,100,SUCCESS
SYNC,alpha,668,200,0,100,SUCCESS
SYNC,alpha,669,200,0,100,SUCCESS
SYNC,alpha,670,100,0,100,SUCCESS
SYNC,alpha,671,200,0,100,SUCCESS
SYNC,alpha,672,200,0,100,SUCCESS
SYNC,alpha,673,200,0,100,SUCCESS
SYNC,alpha,674,100,0,100,SUCCESS
SYNC,alpha,675,200,0,100,SUCCESS
SYNC,alpha,676,200,0,200,SUCCESS
SYNC,alpha,677,100,0,100,SUCCESS
SYNC,alpha,678,100,0,100,SUCCESS
SYNC,alpha,679,300,0,100,SUCCESS
SYNC,alpha,680,200,0,200,SUCCESS
SYNC,alpha,681,200,0,100,SUCCESS
SYNC,alpha,682,200,0,100,SUCCESS
SYNC,alpha,683,200,0,100,SUCCESS
SYNC,alpha,684,200,0,100,SUCCESS
SYNC,alpha,685,200,0,200,SUCCESS
SYNC,alpha,686,200,0,100,SUCCESS
SYNC,alpha,687,200,0,100,SUCCESS
SYNC,alpha,688,200,0,100,SUCCESS
SYNC,alpha,689,200,0,200,SUCCESS
SYNC,alpha,690,200,0,200,SUCCESS
SYNC,alpha,691,200,0,100,SUCCESS
SYNC,alpha,692,100,0,100,SUCCESS
SYNC,alpha,693,200,0,100,SUCCESS
SYNC,alpha,694,200,0,100,SUCCESS
SYNC,alpha,695,200,0,100,SUCCESS
SYNC,alpha,696,200,0,100,SUCCESS
SYNC,alpha,697,100,0,100,SUCCESS
SYNC,alpha,698,200,0,100,SUCCESS
SYNC,alpha,699,200,0,100,SUCCESS
SYNC,alpha,700,200,0,100,SUCCESS
SYNC,alpha,701,200,0,100,SUCCESS
SYNC,alpha,702,200,0,100,SUCCESS
SYNC,alpha,703,200,0,100,SUCCESS
SYNC,alpha,704,100,0,100,SUCCESS
SYNC,alpha,705,200,0,200,SUCCESS
SYNC,alpha,706,200,0,200,SUCCESS
SYNC,alpha,707,200,0,100,SUCCESS
SYNC,alpha,708,200,0,100,SUCCESS
SYNC,alpha,709,200,0,200,SUCCESS
SYNC,alpha,710,200,0,100,SUCCESS
SYNC,alpha,711,200,0,200,SUCCESS
SYNC,alpha,712,100,0,100,SUCCESS
SYNC,alpha,713,200,0,200,SUCCESS
SYNC,alpha,714,200,0,100,SUCCESS
SYNC,alpha,715,200,0,200,SUCCESS
SYNC,alpha,716,200,0,100,SUCCESS
SYNC,alpha,717,200,0,100,SUCCESS
SYNC,alpha,718,200,0,200,SUCCESS
SYNC,alpha,719,200,0,100,SUCCESS
SYNC,alpha,720,200,0,100,SUCCESS
SYNC,alpha,721,200,0,100,SUCCESS
SYNC,alpha,722,200,0,200,SUCCESS
SYNC,alpha,723,200,0,200,SUCCESS
SYNC,alpha,724,200,0,100,SUCCESS
SYNC,alpha,725,200,0,200,SUCCESS
SYNC,alpha,726,200,0,100,SUCCESS
SYNC,alpha,727,200,0,100,SUCCESS
SYNC,alpha,728,200,0,100,SUCCESS
SYNC,alpha,729,200,0,100,SUCCESS
SYNC,alpha,730,200,0,100,SUCCESS
SYNC,alpha,731,200,0,200,SUCCESS
SYNC,alpha,732,200,0,100,SUCCESS
SYNC,alpha,733,200,0,200,SUCCESS
SYNC,alpha,734,100,0,100,SUCCESS
SYNC,alpha,735,200,0,100,SUCCESS
SYNC,alpha,736,200,0,200,SUCCESS
SYNC,alpha,737,200,0,200,SUCCESS
SYNC,alpha,738,200,0,200,SUCCESS
SYNC,alpha,739,200,0,200,SUCCESS
SYNC,alpha,740,200,0,200,SUCCESS
SYNC,alpha,741,200,0,100,SUCCESS
SYNC,alpha,742,200,0,100,SUCCESS
SYNC,alpha,743,200,0,100,SUCCESS
SYNC,alpha,744,200,0,100,SUCCESS
SYNC,alpha,745,200,0,100,SUCCESS
SYNC,alpha,746,200,0,100,SUCCESS
SYNC,alpha,747,200,0,100,SUCCESS
SYNC,alpha,748,200,0,100,SUCCESS
SYNC,alpha,749,200,0,200,SUCCESS
SYNC,alpha,750,200,0,100,SUCCESS
SYNC,alpha,751,200,0,100,SUCCESS
SYNC,alpha,752,200,0,100,SUCCESS
SYNC,alpha,753,200,0,100,SUCCESS
SYNC,alpha,754,200,0,100,SUCCESS
SYNC,alpha,755,200,0,100,SUCCESS
SYNC,alpha,756,100,0,100,SUCCESS
SYNC,alpha,757,100,0,100,SUCCESS
SYNC,alpha,758,200,0,100,SUCCESS
SYNC,alpha,759,200,0,100,SUCCESS
SYNC,alpha,760,200,0,100,SUCCESS
SYNC,alpha,761,200,0,100,SUCCESS
SYNC,alpha,762,200,0,100,SUCCESS
SYNC,alpha,763,200,0,100,SUCCESS
SYNC,alpha,764,200,0,200,SUCCESS
SYNC,alpha,765,200,0,100,SUCCESS
SYNC,alpha,766,200,0,100,SUCCESS
SYNC,alpha,767,200,0,100,SUCCESS
SYNC,alpha,768,200,0,100,SUCCESS
SYNC,alpha,769,200,0,100,SUCCESS
SYNC,alpha,770,200,0,100,SUCCESS
SYNC,alpha,771,200,0,100,SUCCESS
SYNC,alpha,772,200,0,100,SUCCESS
SYNC,alpha,773,200,0,100,SUCCESS
SYNC,alpha,774,200,0,100,SUCCESS
SYNC,alpha,775,200,0,100,SUCCESS
SYNC,alpha,776,200,0,100,SUCCESS
SYNC,alpha,777,200,0,100,SUCCESS
SYNC,alpha,778,200,0,100,SUCCESS
SYNC,alpha,779,200,0,100,SUCCESS
SYNC,alpha,780,200,0,100,SUCCESS
SYNC,alpha,781,200,0,100,SUCCESS
SYNC,alpha,782,200,0,100,SUCCESS
SYNC,alpha,783,200,0,200,SUCCESS
SYNC,alpha,784,200,0,200,SUCCESS
SYNC,alpha,785,100,0,100,SUCCESS
SYNC,alpha,786,200,0,100,SUCCESS
SYNC,alpha,787,200,0,100,SUCCESS
SYNC,alpha,788,200,0,100,SUCCESS
SYNC,alpha,789,200,0,200,SUCCESS
SYNC,alpha,790,200,0,100,SUCCESS
SYNC,alpha,791,200,0,100,SUCCESS
SYNC,alpha,792,200,0,100,SUCCESS
SYNC,alpha,793,100,0,100,SUCCESS
SYNC,alpha,794,200,0,100,SUCCESS
SYNC,alpha,795,200,0,100,SUCCESS
SYNC,alpha,796,200,0,100,SUCCESS
SYNC,alpha,797,100,0,100,SUCCESS
SYNC,alpha,798,200,0,200,SUCCESS
SYNC,alpha,799,100,0,100,SUCCESS
SYNC,alpha,800,200,0,200,SUCCESS
SYNC,alpha,801,200,0,100,SUCCESS
SYNC,alpha,802,200,0,200,SUCCESS
SYNC,alpha,803,200,0,200,SUCCESS
SYNC,alpha,804,200,0,100,SUCCESS
SYNC,alpha,805,200,0,200,SUCCESS
SYNC,alpha,806,200,0,100,SUCCESS
SYNC,alpha,807,200,0,200,SUCCESS
SYNC,alpha,808,200,0,100,SUCCESS
SYNC,alpha,809,200,0,200,SUCCESS
SYNC,alpha,810,200,0,100,SUCCESS
SYNC,alpha,811,200,0,100,SUCCESS
SYNC,alpha,812,200,0,200,SUCCESS
SYNC,alpha,813,200,0,100,SUCCESS
SYNC,alpha,814,200,0,100,SUCCESS
SYNC,alpha,815,200,0,200,SUCCESS
SYNC,alpha,816,200,0,100,SUCCESS
SYNC,alpha,817,100,0,100,SUCCESS
SYNC,alpha,818,200,0,200,SUCCESS
SYNC,alpha,819,200,0,100,SUCCESS
SYNC,alpha,820,200,0,100,SUCCESS
SYNC,alpha,821,200,0,200,SUCCESS
SYNC,alpha,822,200,0,100,SUCCESS
SYNC,alpha,823,200,0,100,SUCCESS
SYNC,alpha,824,200,0,100,SUCCESS
SYNC,alpha,825,200,0,200,SUCCESS
SYNC,alpha,826,200,0,200,SUCCESS
SYNC,alpha,827,200,0,100,SUCCESS
SYNC,alpha,828,200,0,100,SUCCESS
SYNC,alpha,829,200,0,100,SUCCESS
SYNC,alpha,830,200,0,100,SUCCESS
SYNC,alpha,831,200,0,200,SUCCESS
SYNC,alpha,832,200,0,100,SUCCESS
SYNC,alpha,833,200,0,100,SUCCESS
SYNC,alpha,834,200,0,100,SUCCESS
SYNC,alpha,835,100,0,100,SUCCESS
SYNC,alpha,836,200,0,100,SUCCESS
SYNC,alpha,837,200,0,200,SUCCESS
SYNC,alpha,838,200,0,100,SUCCESS
SYNC,alpha,839,200,0,100,SUCCESS
SYNC,alpha,840,200,0,100,SUCCESS
SYNC,alpha,841,200,0,200,SUCCESS
SYNC,alpha,842,100,0,100,SUCCESS
SYNC,alpha,843,200,0,200,SUCCESS
SYNC,alpha,844,200,0,100,SUCCESS
SYNC,alpha,845,200,0,100,SUCCESS
SYNC,alpha,846,200,0,100,SUCCESS
SYNC,alpha,847,100,0,100,SUCCESS
SYNC,alpha,848,200,0,200,SUCCESS
SYNC,alpha,849,200,0,100,SUCCESS
SYNC,alpha,850,200,0,200,SUCCESS
SYNC,alpha,851,200,0,100,SUCCESS
SYNC,alpha,852,200,0,200,SUCCESS
SYNC,alpha,853,200,0,100,SUCCESS
SYNC,alpha,854,200,0,100,SUCCESS
SYNC,alpha,855,100,0,100,SUCCESS
SYNC,alpha,856,200,0,100,SUCCESS
SYNC,alpha,857,200,0,200,SUCCESS
SYNC,alpha,858,200,0,200,SUCCESS
SYNC,alpha,859,200,0,100,SUCCESS
SYNC,alpha,860,200,0,100,SUCCESS
SYNC,alpha,861,200,0,200,SUCCESS
SYNC,alpha,862,300,0,100,SUCCESS
SYNC,alpha,863,200,0,200,SUCCESS
SYNC,alpha,864,100,0,100,SUCCESS
SYNC,alpha,865,200,0,100,SUCCESS
SYNC,alpha,866,200,0,100,SUCCESS
SYNC,alpha,867,200,0,100,SUCCESS
SYNC,alpha,868,200,0,100,SUCCESS
SYNC,alpha,869,200,0,100,SUCCESS
SYNC,alpha,870,200,0,100,SUCCESS
SYNC,alpha,871,100,0,100,SUCCESS
SYNC,alpha,872,200,0,200,SUCCESS
SYNC,alpha,873,200,0,100,SUCCESS
SYNC,alpha,874,100,0,100,SUCCESS
SYNC,alpha,875,200,0,100,SUCCESS
SYNC,alpha,876,200,0,100,SUCCESS
SYNC,alpha,877,200,0,100,SUCCESS
SYNC,alpha,878,200,0,100,SUCCESS
SYNC,alpha,879,200,0,100,SUCCESS
SYNC,alpha,880,200,0,100,SUCCESS
SYNC,alpha,881,200,0,200,SUCCESS
SYNC,alpha,882,200,0,100,SUCCESS
SYNC,alpha,883,200,0,100,SUCCESS
SYNC,alpha,884,200,0,100,SUCCESS
SYNC,alpha,885,200,0,100,SUCCESS
SYNC,alpha,886,100,0,100,SUCCESS
SYNC,alpha,887,200,0,200,SUCCESS
SYNC,alpha,888,200,0,100,SUCCESS
SYNC,alpha,889,200,0,100,SUCCESS
SYNC,alpha,890,200,0,100,SUCCESS
SYNC,alpha,891,200,0,100,SUCCESS
SYNC,alpha,892,200,0,100,SUCCESS
SYNC,alpha,893,200,0,100,SUCCESS
SYNC,alpha,894,100,0,100,SUCCESS
SYNC,alpha,895,200,0,100,SUCCESS
SYNC,alpha,896,200,0,100,SUCCESS
SYNC,alpha,897,200,0,200,SUCCESS
SYNC,alpha,898,200,0,100,SUCCESS
SYNC,alpha,899,300,0,100,SUCCESS
SYNC,alpha,900,200,0,100,SUCCESS
SYNC,alpha,901,200,0,100,SUCCESS
SYNC,alpha,902,200,0,200,SUCCESS
SYNC,alpha,903,200,0,200,SUCCESS
SYNC,alpha,904,200,0,100,SUCCESS
SYNC,alpha,905,200,0,100,SUCCESS
SYNC,alpha,906,200,0,100,SUCCESS
SYNC,alpha,907,200,0,200,SUCCESS
SYNC,alpha,908,200,0,200,SUCCESS
SYNC,alpha,909,200,0,100,SUCCESS
SYNC,alpha,910,200,0,100,SUCCESS
SYNC,alpha,911,200,0,100,SUCCESS
SYNC,alpha,912,200,0,200,SUCCESS
SYNC,alpha,913,200,0,200,SUCCESS
SYNC,alpha,914,200,0,100,SUCCESS
SYNC,alpha,915,200,0,200,SUCCESS
SYNC,alpha,916,200,0,200,SUCCESS
SYNC,alpha,917,200,0,200,SUCCESS
SYNC,alpha,918,200,0,200,SUCCESS
SYNC,alpha,919,200,0,200,SUCCESS
SYNC,alpha,920,200,0,200,SUCCESS
SYNC,alpha,921,200,0,200,SUCCESS
SYNC,alpha,922,200,0,100,SUCCESS
SYNC,alpha,923,200,0,100,SUCCESS
SYNC,alpha,924,200,0,100,SUCCESS
SYNC,alpha,925,200,0,100,SUCCESS
SYNC,alpha,926,200,0,200,SUCCESS
SYNC,alpha,927,200,0,100,SUCCESS
SYNC,alpha,928,200,0,200,SUCCESS
SYNC,alpha,929,200,0,100,SUCCESS
SYNC,alpha,930,200,0,200,SUCCESS
SYNC,alpha,931,200,0,100,SUCCESS
SYNC,alpha,932,200,0,100,SUCCESS
SYNC,alpha,933,200,0,200,SUCCESS
SYNC,alpha,934,400,0,200,SUCCESS
SYNC,alpha,935,200,0,200,SUCCESS
SYNC,alpha,936,200,0,100,SUCCESS
SYNC,alpha,937,200,0,200,SUCCESS
SYNC,alpha,938,200,0,200,SUCCESS
SYNC,alpha,939,200,0,100,SUCCESS
SYNC,alpha,940,200,0,100,SUCCESS
SYNC,alpha,941,200,0,100,SUCCESS
SYNC,alpha,942,300,0,100,SUCCESS
SYNC,alpha,943,200,0,200,SUCCESS
SYNC,alpha,944,200,0,200,SUCCESS
SYNC,alpha,945,200,0,100,SUCCESS
SYNC,alpha,946,200,0,100,SUCCESS
SYNC,alpha,947,200,0,100,SUCCESS
SYNC,alpha,948,200,0,100,SUCCESS
SYNC,alpha,949,100,0,100,SUCCESS
SYNC,alpha,950,200,0,100,SUCCESS
SYNC,alpha,951,200,0,200,SUCCESS
SYNC,alpha,952,300,0,100,SUCCESS
SYNC,alpha,953,200,0,100,SUCCESS
SYNC,alpha,954,200,0,100,SUCCESS
SYNC,alpha,955,200,0,100,SUCCESS
SYNC,alpha,956,200,0,200,SUCCESS
SYNC,alpha,957,200,0,200,SUCCESS
SYNC,alpha,958,200,0,100,SUCCESS
SYNC,alpha,959,200,0,100,SUCCESS
SYNC,alpha,960,100,0,100,SUCCESS
SYNC,alpha,961,100,0,100,SUCCESS
SYNC,alpha,962,100,0,100,SUCCESS
SYNC,alpha,963,200,0,100,SUCCESS
SYNC,alpha,964,300,0,200,SUCCESS
SYNC,alpha,965,200,0,100,SUCCESS
SYNC,alpha,966,200,0,200,SUCCESS
SYNC,alpha,967,200,0,100,SUCCESS
SYNC,alpha,968,200,0,100,SUCCESS
SYNC,alpha,969,200,0,100,SUCCESS
SYNC,alpha,970,200,0,100,SUCCESS
SYNC,alpha,971,200,0,100,SUCCESS
SYNC,alpha,972,200,0,200,SUCCESS
SYNC,alpha,973,200,0,200,SUCCESS
SYNC,alpha,974,200,0,200,SUCCESS
SYNC,alpha,975,200,0,200,SUCCESS
SYNC,alpha,976,200,0,200,SUCCESS
SYNC,alpha,977,200,0,100,SUCCESS
SYNC,alpha,978,200,0,100,SUCCESS
SYNC,alpha,979,200,0,100,SUCCESS
SYNC,alpha,980,200,0,100,SUCCESS
SYNC,alpha,981,200,0,200,SUCCESS
SYNC,alpha,982,200,0,200,SUCCESS
SYNC,alpha,983,200,0,100,SUCCESS
SYNC,alpha,984,200,0,200,SUCCESS
SYNC,alpha,985,200,0,200,SUCCESS
SYNC,alpha,986,200,0,100,SUCCESS
SYNC,alpha,987,200,0,100,SUCCESS
SYNC,alpha,988,200,0,200,SUCCESS
SYNC,alpha,989,200,0,100,SUCCESS
SYNC,alpha,990,200,0,200,SUCCESS
SYNC,alpha,991,200,0,100,SUCCESS
SYNC,alpha,992,200,0,100,SUCCESS
SYNC,alpha,993,200,0,100,SUCCESS
SYNC,alpha,994,200,0,100,SUCCESS
SYNC,alpha,995,200,0,200,SUCCESS
SYNC,alpha,996,200,0,200,SUCCESS
SYNC,alpha,997,200,0,100,SUCCESS
SYNC,alpha,998,200,0,200,SUCCESS
SYNC,alpha,999,200,0,200,SUCCESS
SYNC,beta,0,900,0,900,SUCCESS
SYNC,beta,1,800,0,800,SUCCESS
SYNC,beta,2,800,0,700,SUCCESS
SYNC,beta,3,700,0,700,SUCCESS
SYNC,beta,4,800,0,700,SUCCESS
SYNC,beta,5,700,0,700,SUCCESS
SYNC,beta,6,800,0,700,SUCCESS
SYNC,beta,7,800,0,700,SUCCESS
SYNC,beta,8,700,0,700,SUCCESS
SYNC,beta,9,700,0,700,SUCCESS
SYNC,beta,10,800,0,700,SUCCESS
SYNC,beta,11,800,0,800,SUCCESS
SYNC,beta,12,700,0,700,SUCCESS
SYNC,beta,13,800,0,700,SUCCESS
SYNC,beta,14,900,0,800,SUCCESS
SYNC,beta,15,800,0,700,SUCCESS
SYNC,beta,16,800,0,700,SUCCESS
SYNC,beta,17,800,0,700,SUCCESS
SYNC,beta,18,800,0,700,SUCCESS
SYNC,beta,19,800,0,700,SUCCESS
SYNC,beta,20,800,0,700,SUCCESS
SYNC,beta,21,700,0,700,SUCCESS
SYNC,beta,22,800,0,700,SUCCESS
SYNC,beta,23,800,0,700,SUCCESS
SYNC,beta,24,800,0,700,SUCCESS
SYNC,beta,25,900,0,700,SUCCESS
SYNC,beta,26,800,0,700,SUCCESS
SYNC,beta,27,800,0,700,SUCCESS
SYNC,beta,28,800,0,800,SUCCESS
SYNC,beta,29,900,0,700,SUCCESS
SYNC,beta,30,900,0,900,SUCCESS
SYNC,beta,31,800,0,800,SUCCESS
SYNC,beta,32,800,0,800,SUCCESS
SYNC,beta,33,1000,0,800,SUCCESS
SYNC,beta,34,800,0,700,SUCCESS
SYNC,beta,35,800,0,700,SUCCESS
SYNC,beta,36,800,0,700,SUCCESS
SYNC,beta,37,800,0,700,SUCCESS
SYNC,beta,38,700,0,700,SUCCESS
SYNC,beta,39,800,0,700,SUCCESS
SYNC,beta,40,800,0,700,SUCCESS
SYNC,beta,41,800,0,700,SUCCESS
SYNC,beta,42,800,0,700,SUCCESS
SYNC,beta,43,700,0,700,SUCCESS
SYNC,beta,44,700,0,700,SUCCESS
SYNC,beta,45,800,0,700,SUCCESS
SYNC,beta,46,800,0,700,SUCCESS
SYNC,beta,47,800,0,700,SUCCESS
SYNC,beta,48,800,0,700,SUCCESS
SYNC,beta,49,800,0,700,SUCCESS
SYNC,beta,50,700,0,700,SUCCESS
SYNC,beta,51,800,0,700,SUCCESS
SYNC,beta,52,700,0,700,SUCCESS
SYNC,beta,53,800,0,800,SUCCESS
SYNC,beta,54,800,0,700,SUCCESS
SYNC,beta,55,800,0,700,SUCCESS
SYNC,beta,56,800,0,700,SUCCESS
SYNC,beta,57,800,0,700,SUCCESS
SYNC,beta,58,700,0,700,SUCCESS
SYNC,beta,59,800,0,700,SUCCESS
SYNC,beta,60,800,0,700,SUCCESS
SYNC,beta,61,800,0,700,SUCCESS
SYNC,beta,62,800,0,700,SUCCESS
SYNC,beta,63,800,0,800,SUCCESS
SYNC,beta,64,800,0,700,SUCCESS
SYNC,beta,65,800,0,700,SUCCESS
SYNC,beta,66,800,0,700,SUCCESS
SYNC,beta,67,700,0,700,SUCCESS
SYNC,beta,68,800,0,700,SUCCESS
SYNC,beta,69,800,0,700,SUCCESS
SYNC,beta,70,900,0,800,SUCCESS
SYNC,beta,71,800,0,800,SUCCESS
SYNC,beta,72,800,0,800,SUCCESS
SYNC,beta,73,800,0,800,SUCCESS
SYNC,beta,74,900,0,700,SUCCESS
SYNC,beta,75,800,0,800,SUCCESS
SYNC,beta,76,900,0,800,SUCCESS
SYNC,beta,77,900,0,700,SUCCESS
SYNC,beta,78,800,0,700,SUCCESS
SYNC,beta,79,800,0,700,SUCCESS
SYNC,beta,80,800,0,800,SUCCESS
SYNC,beta,81,900,0,700,SUCCESS
SYNC,beta,82,800,0,800,SUCCESS
SYNC,beta,83,900,0,700,SUCCESS
SYNC,beta,84,1000,0,900,SUCCESS
SYNC,beta,85,800,0,800,SUCCESS
SYNC,beta,86,800,0,700,SUCCESS
SYNC,beta,87,800,0,700,SUCCESS
SYNC,beta,88,800,0,700,SUCCESS
SYNC,beta,89,800,0,700,SUCCESS
SYNC,beta,90,800,0,700,SUCCESS
SYNC,beta,91,700,0,700,SUCCESS
SYNC,beta,92,800,0,800,SUCCESS
SYNC,beta,93,800,0,700,SUCCESS
SYNC,beta,94,700,0,700,SUCCESS
SYNC,beta,95,800,0,700,SUCCESS
SYNC,beta,96,800,0,700,SUCCESS
SYNC,beta,97,700,0,700,SUCCESS
SYNC,beta,98,800,0,700,SUCCESS
SYNC,beta,99,800,0,800,SUCCESS
SYNC,beta,100,800,0,700,SUCCESS
SYNC,beta,101,800,0,700,SUCCESS
SYNC,beta,102,800,0,700,SUCCESS
SYNC,beta,103,700,0,700,SUCCESS
SYNC,beta,104,800,0,700,SUCCESS
SYNC,beta,105,800,0,700,SUCCESS
SYNC,beta,106,800,0,800,SUCCESS
SYNC,beta,107,800,0,700,SUCCESS
SYNC,beta,108,800,0,700,SUCCESS
SYNC,beta,109,800,0,800,SUCCESS
SYNC,beta,110,800,0,800,SUCCESS
SYNC,beta,111,800,0,700,SUCCESS
SYNC,beta,112,800,0,700,SUCCESS
SYNC,beta,113,800,0,700,SUCCESS
SYNC,beta,114,800,0,700,SUCCESS
SYNC,beta,115,800,0,700,SUCCESS
SYNC,beta,116,800,0,700,SUCCESS
SYNC,beta,117,800,0,700,SUCCESS
SYNC,beta,118,800,0,700,SUCCESS
SYNC,beta,119,700,0,700,SUCCESS
SYNC,beta,120,800,0,700,SUCCESS
SYNC,beta,121,800,0,700,SUCCESS
SYNC,beta,122,800,0,800,SUCCESS
SYNC,beta,123,700,0,700,SUCCESS
SYNC,beta,124,700,0,700,SUCCESS
SYNC,beta,125,800,0,700,SUCCESS
SYNC,beta,126,800,0,700,SUCCESS
SYNC,beta,127,800,0,800,SUCCESS
SYNC,beta,128,800,0,700,SUCCESS
SYNC,beta,129,800,0,700,SUCCESS
SYNC,beta,130,800,0,700,SUCCESS
SYNC,beta,131,800,0,700,SUCCESS
SYNC,beta,132,800,0,800,SUCCESS
SYNC,beta,133,800,0,700,SUCCESS
SYNC,beta,134,800,0,700,SUCCESS
SYNC,beta,135,700,0,700,SUCCESS
SYNC,beta,136,800,0,700,SUCCESS
SYNC,beta,137,800,0,800,SUCCESS
SYNC,beta,138,800,0,700,SUCCESS
SYNC,beta,139,700,0,700,SUCCESS
SYNC,beta,140,700,0,700,SUCCESS
SYNC,beta,141,800,0,700,SUCCESS
SYNC,beta,142,800,0,700,SUCCESS
SYNC,beta,143,800,0,700,SUCCESS
SYNC,beta,144,700,0,700,SUCCESS
SYNC,beta,145,800,0,700,SUCCESS
SYNC,beta,146,800,0,700,SUCCESS
SYNC,beta,147,800,0,700,SUCCESS
SYNC,beta,148,800,0,700,SUCCESS
SYNC,beta,149,800,0,700,SUCCESS
SYNC,beta,150,700,0,700,SUCCESS
SYNC,beta,151,800,0,700,SUCCESS
SYNC,beta,152,800,0,700,SUCCESS
SYNC,beta,153,800,0,700,SUCCESS
SYNC,beta,154,800,0,700,SUCCESS
SYNC,beta,155,800,0,700,SUCCESS
SYNC,beta,156,800,0,700,SUCCESS
SYNC,beta,157,700,0,700,SUCCESS
SYNC,beta,158,700,0,700,SUCCESS
SYNC,beta,159,800,0,700,SUCCESS
SYNC,beta,160,800,0,800,SUCCESS
SYNC,beta,161,800,0,700,SUCCESS
SYNC,beta,162,700,0,700,SUCCESS
SYNC,beta,163,700,0,700,SUCCESS
SYNC,beta,164,700,0,700,SUCCESS
SYNC,beta,165,800,0,700,SUCCESS
SYNC,beta,166,800,0,700,SUCCESS
SYNC,beta,167,800,0,700,SUCCESS
SYNC,beta,168,700,0,700,SUCCESS
SYNC,beta,169,700,0,700,SUCCESS
SYNC,beta,170,800,0,700,SUCCESS
SYNC,beta,171,800,0,700,SUCCESS
SYNC,beta,172,800,0,700,SUCCESS
SYNC,beta,173,700,0,700,SUCCESS
SYNC,beta,174,800,0,700,SUCCESS
SYNC,beta,175,800,0,700,SUCCESS
SYNC,beta,176,800,0,700,SUCCESS
SYNC,beta,177,700,0,700,SUCCESS
SYNC,beta,178,800,0,700,SUCCESS
SYNC,beta,179,800,0,700,SUCCESS
SYNC,beta,180,800,0,700,SUCCESS
SYNC,beta,181,700,0,700,SUCCESS
SYNC,beta,182,800,0,700,SUCCESS
SYNC,beta,183,800,0,800,SUCCESS
SYNC,beta,184,800,0,700,SUCCESS
SYNC,beta,185,700,0,700,SUCCESS
SYNC,beta,186,800,0,700,SUCCESS
SYNC,beta,187,800,0,700,SUCCESS
SYNC,beta,188,800,0,700,SUCCESS
SYNC,beta,189,800,0,700,SUCCESS
SYNC,beta,190,800,0,700,SUCCESS
SYNC,beta,191,800,0,700,SUCCESS
SYNC,beta,192,800,0,700,SUCCESS
SYNC,beta,193,700,0,700,SUCCESS
SYNC,beta,194,700,0,700,SUCCESS
SYNC,beta,195,800,0,800,SUCCESS
SYNC,beta,196,800,0,700,SUCCESS
SYNC,beta,197,800,0,700,SUCCESS
SYNC,beta,198,700,0,700,SUCCESS
SYNC,beta,199,700,0,700,SUCCESS
SYNC,beta,200,700,0,700,SUCCESS
SYNC,beta,201,800,0,700,SUCCESS
SYNC,beta,202,800,0,800,SUCCESS
SYNC,beta,203,800,0,700,SUCCESS
SYNC,beta,204,800,0,700,SUCCESS
SYNC,beta,205,800,0,700,SUCCESS
SYNC,beta,206,700,0,700,SUCCESS
SYNC,beta,207,700,0,700,SUCCESS
SYNC,beta,208,700,0,700,SUCCESS
SYNC,beta,209,800,0,700,SUCCESS
SYNC,beta,210,800,0,700,SUCCESS
SYNC,beta,211,800,0,700,SUCCESS
SYNC,beta,212,900,0,800,SUCCESS
SYNC,beta,213,800,0,700,SUCCESS
SYNC,beta,214,800,0,700,SUCCESS
SYNC,beta,215,700,0,700,SUCCESS
SYNC,beta,216,800,0,800,SUCCESS
SYNC,beta,217,800,0,700,SUCCESS
SYNC,beta,218,800,0,700,SUCCESS
SYNC,beta,219,800,0,700,SUCCESS
SYNC,beta,220,700,0,700,SUCCESS
SYNC,beta,221,700,0,700,SUCCESS
SYNC,beta,222,700,0,700,SUCCESS
SYNC,beta,223,800,0,700,SUCCESS
SYNC,beta,224,700,0,700,SUCCESS
SYNC,beta,225,700,0,700,SUCCESS
SYNC,beta,226,700,0,700,SUCCESS
SYNC,beta,227,700,0,700,SUCCESS
SYNC,beta,228,800,0,700,SUCCESS
SYNC,beta,229,800,0,700,SUCCESS
SYNC,beta,230,800,0,800,SUCCESS
SYNC,beta,231,800,0,700,SUCCESS
SYNC,beta,232,700,0,700,SUCCESS
SYNC,beta,233,700,0,700,SUCCESS
SYNC,beta,234,800,0,700,SUCCESS
SYNC,beta,235,800,0,700,SUCCESS
SYNC,beta,236,800,0,700,SUCCESS
SYNC,beta,237,900,0,800,SUCCESS
SYNC,beta,238,700,0,700,SUCCESS
SYNC,beta,239,700,0,700,SUCCESS
SYNC,beta,240,800,0,700,SUCCESS
SYNC,beta,241,800,0,700,SUCCESS
SYNC,beta,242,800,0,700,SUCCESS
SYNC,beta,243,800,0,700,SUCCESS
SYNC,beta,244,800,0,700,SUCCESS
SYNC,beta,245,800,0,700,SUCCESS
SYNC,beta,246,800,0,700,SUCCESS
SYNC,beta,247,800,0,700,SUCCESS
SYNC,beta,248,800,0,700,SUCCESS
SYNC,beta,249,800,0,700,SUCCESS
SYNC,beta,250,800,0,700,SUCCESS
SYNC,beta,251,800,0,700,SUCCESS
SYNC,beta,252,700,0,700,SUCCESS
SYNC,beta,253,700,0,700,SUCCESS
SYNC,beta,254,700,0,700,SUCCESS
SYNC,beta,255,800,0,700,SUCCESS
SYNC,beta,256,800,0,700,SUCCESS
SYNC,beta,257,800,0,800,SUCCESS
SYNC,beta,258,800,0,700,SUCCESS
SYNC,beta,259,800,0,700,SUCCESS
SYNC,beta,260,800,0,700,SUCCESS
SYNC,beta,261,800,0,700,SUCCESS
SYNC,beta,262,800,0,700,SUCCESS
SYNC,beta,263,800,0,700,SUCCESS
SYNC,beta,264,800,0,700,SUCCESS
SYNC,beta,265,800,0,700,SUCCESS
SYNC,beta,266,800,0,700,SUCCESS
SYNC,beta,267,800,0,700,SUCCESS
SYNC,beta,268,800,0,800,SUCCESS
SYNC,beta,269,700,0,700,SUCCESS
SYNC,beta,270,700,0,700,SUCCESS
SYNC,beta,271,700,0,700,SUCCESS
SYNC,beta,272,700,0,700,SUCCESS
SYNC,beta,273,700,0,700,SUCCESS
SYNC,beta,274,700,0,700,SUCCESS
SYNC,beta,275,700,0,700,SUCCESS
SYNC,beta,276,800,0,700,SUCCESS
SYNC,beta,277,800,0,700,SUCCESS
SYNC,beta,278,800,0,700,SUCCESS
SYNC,beta,279,800,0,700,SUCCESS
SYNC,beta,280,800,0,700,SUCCESS
SYNC,beta,281,700,0,700,SUCCESS
SYNC,beta,282,700,0,700,SUCCESS
SYNC,beta,283,700,0,700,SUCCESS
SYNC,beta,284,700,0,700,SUCCESS
SYNC,beta,285,700,0,700,SUCCESS
SYNC,beta,286,700,0,700,SUCCESS
SYNC,beta,287,700,0,700,SUCCESS
SYNC,beta,288,800,0,700,SUCCESS
SYNC,beta,289,800,0,700,SUCCESS
SYNC,beta,290,800,0,700,SUCCESS
SYNC,beta,291,800,0,700,SUCCESS
SYNC,beta,292,800,0,700,SUCCESS
SYNC,beta,293,800,0,700,SUCCESS
SYNC,beta,294,800,0,700,SUCCESS
SYNC,beta,295,800,0,700,SUCCESS
SYNC,beta,296,800,0,700,SUCCESS
SYNC,beta,297,900,0,800,SUCCESS
SYNC,beta,298,700,0,700,SUCCESS
SYNC,beta,299,800,0,700,SUCCESS
SYNC,beta,300,800,0,700,SUCCESS
SYNC,beta,301,700,0,700,SUCCESS
SYNC,beta,302,800,0,700,SUCCESS
SYNC,beta,303,800,0,800,SUCCESS
SYNC,beta,304,800,0,700,SUCCESS
SYNC,beta,305,800,0,700,SUCCESS
SYNC,beta,306,700,0,700,SUCCESS
SYNC,beta,307,800,0,700,SUCCESS
SYNC,beta,308,800,0,700,SUCCESS
SYNC,beta,309,800,0,700,SUCCESS
SYNC,beta,310,800,0,700,SUCCESS
SYNC,beta,311,800,0,700,SUCCESS
SYNC,beta,312,800,0,700,SUCCESS
SYNC,beta,313,800,0,700,SUCCESS
SYNC,beta,314,800,0,700,SUCCESS
SYNC,beta,315,800,0,700,SUCCESS
SYNC,beta,316,800,0,700,SUCCESS
SYNC,beta,317,800,0,700,SUCCESS
SYNC,beta,318,800,0,700,SUCCESS
SYNC,beta,319,700,0,700,SUCCESS
SYNC,beta,320,700,0,700,SUCCESS
SYNC,beta,321,800,0,700,SUCCESS
SYNC,beta,322,700,0,700,SUCCESS
SYNC,beta,323,700,0,700,SUCCESS
SYNC,beta,324,800,0,700,SUCCESS
SYNC,beta,325,800,0,700,SUCCESS
SYNC,beta,326,800,0,700,SUCCESS
SYNC,beta,327,800,0,700,SUCCESS
SYNC,beta,328,800,0,700,SUCCESS
SYNC,beta,329,800,0,700,SUCCESS
SYNC,beta,330,800,0,700,SUCCESS
SYNC,beta,331,800,0,700,SUCCESS
SYNC,beta,332,800,0,700,SUCCESS
SYNC,beta,333,800,0,700,SUCCESS
SYNC,beta,334,800,0,700,SUCCESS
SYNC,beta,335,800,0,700,SUCCESS
SYNC,beta,336,800,0,700,SUCCESS
SYNC,beta,337,800,0,700,SUCCESS
SYNC,beta,338,800,0,700,SUCCESS
SYNC,beta,339,800,0,700,SUCCESS
SYNC,beta,340,800,0,800,SUCCESS
SYNC,beta,341,800,0,800,SUCCESS
SYNC,beta,342,800,0,800,SUCCESS
SYNC,beta,343,800,0,800,SUCCESS
SYNC,beta,344,800,0,700,SUCCESS
SYNC,beta,345,800,0,700,SUCCESS
SYNC,beta,346,800,0,700,SUCCESS
SYNC,beta,347,800,0,700,SUCCESS
SYNC,beta,348,700,0,700,SUCCESS
SYNC,beta,349,800,0,700,SUCCESS
SYNC,beta,350,800,0,700,SUCCESS
SYNC,beta,351,800,0,700,SUCCESS
SYNC,beta,352,800,0,700,SUCCESS
SYNC,beta,353,700,0,700,SUCCESS
SYNC,beta,354,700,0,700,SUCCESS
SYNC,beta,355,700,0,700,SUCCESS
SYNC,beta,356,700,0,700,SUCCESS
SYNC,beta,357,700,0,700,SUCCESS
SYNC,beta,358,700,0,700,SUCCESS
SYNC,beta,359,700,0,700,SUCCESS
SYNC,beta,360,800,0,700,SUCCESS
SYNC,beta,361,800,0,700,SUCCESS
SYNC,beta,362,800,0,700,SUCCESS
SYNC,beta,363,800,0,700,SUCCESS
SYNC,beta,364,800,0,700,SUCCESS
SYNC,beta,365,800,0,700,SUCCESS
SYNC,beta,366,700,0,700,SUCCESS
SYNC,beta,367,800,0,700,SUCCESS
SYNC,beta,368,800,0,700,SUCCESS
SYNC,beta,369,800,0,700,SUCCESS
SYNC,beta,370,800,0,700,SUCCESS
SYNC,beta,371,700,0,700,SUCCESS
SYNC,beta,372,700,0,700,SUCCESS
SYNC,beta,373,700,0,700,SUCCESS
SYNC,beta,374,700,0,700,SUCCESS
SYNC,beta,375,800,0,800,SUCCESS
SYNC,beta,376,800,0,700,SUCCESS
SYNC,beta,377,800,0,700,SUCCESS
SYNC,beta,378,800,0,700,SUCCESS
SYNC,beta,379,800,0,700,SUCCESS
SYNC,beta,380,800,0,700,SUCCESS
SYNC,beta,381,800,0,700,SUCCESS
SYNC,beta,382,800,0,700,SUCCESS
SYNC,beta,383,800,0,700,SUCCESS
SYNC,beta,384,800,0,700,SUCCESS
SYNC,beta,385,800,0,700,SUCCESS
SYNC,beta,386,800,0,800,SUCCESS
SYNC,beta,387,800,0,700,SUCCESS
SYNC,beta,388,800,0,700,SUCCESS
SYNC,beta,389,800,0,700,SUCCESS
SYNC,beta,390,800,0,700,SUCCESS
SYNC,beta,391,800,0,700,SUCCESS
SYNC,beta,392,800,0,700,SUCCESS
SYNC,beta,393,800,0,700,SUCCESS
SYNC,beta,394,800,0,700,SUCCESS
SYNC,beta,395,800,0,700,SUCCESS
SYNC,beta,396,800,0,700,SUCCESS
SYNC,beta,397,800,0,700,SUCCESS
SYNC,beta,398,800,0,800,SUCCESS
SYNC,beta,399,800,0,700,SUCCESS
SYNC,beta,400,700,0,700,SUCCESS
SYNC,beta,401,800,0,700,SUCCESS
SYNC,beta,402,800,0,700,SUCCESS
SYNC,beta,403,800,0,700,SUCCESS
SYNC,beta,404,700,0,700,SUCCESS
SYNC,beta,405,800,0,700,SUCCESS
SYNC,beta,406,800,0,700,SUCCESS
SYNC,beta,407,800,0,700,SUCCESS
SYNC,beta,408,700,0,700,SUCCESS
SYNC,beta,409,700,0,700,SUCCESS
SYNC,beta,410,700,0,700,SUCCESS
SYNC,beta,411,700,0,700,SUCCESS
SYNC,beta,412,800,0,700,SUCCESS
SYNC,beta,413,800,0,700,SUCCESS
SYNC,beta,414,800,0,700,SUCCESS
SYNC,beta,415,800,0,700,SUCCESS
SYNC,beta,416,800,0,700,SUCCESS
SYNC,beta,417,800,0,700,SUCCESS
SYNC,beta,418,800,0,700,SUCCESS
SYNC,beta,419,800,0,800,SUCCESS
SYNC,beta,420,800,0,700,SUCCESS
SYNC,beta,421,900,0,700,SUCCESS
SYNC,beta,422,800,0,700,SUCCESS
SYNC,beta,423,700,0,700,SUCCESS
SYNC,beta,424,700,0,700,SUCCESS
SYNC,beta,425,800,0,700,SUCCESS
SYNC,beta,426,800,0,800,SUCCESS
SYNC,beta,427,800,0,700,SUCCESS
SYNC,beta,428,700,0,700,SUCCESS
SYNC,beta,429,700,0,700,SUCCESS
SYNC,beta,430,800,0,700,SUCCESS
SYNC,beta,431,800,0,700,SUCCESS
SYNC,beta,432,800,0,700,SUCCESS
SYNC,beta,433,800,0,700,SUCCESS
SYNC,beta,434,800,0,700,SUCCESS
SYNC,beta,435,800,0,700,SUCCESS
SYNC,beta,436,700,0,700,SUCCESS
SYNC,beta,437,700,0,700,SUCCESS
SYNC,beta,438,700,0,700,SUCCESS
SYNC,beta,439,800,0,700,SUCCESS
SYNC,beta,440,800,0,700,SUCCESS
SYNC,beta,441,800,0,700,SUCCESS
SYNC,beta,442,700,0,700,SUCCESS
SYNC,beta,443,700,0,700,SUCCESS
SYNC,beta,444,800,0,700,SUCCESS
SYNC,beta,445,700,0,700,SUCCESS
SYNC,beta,446,700,0,700,SUCCESS
SYNC,beta,447,700,0,700,SUCCESS
SYNC,beta,448,700,0,700,SUCCESS
SYNC,beta,449,700,0,700,SUCCESS
SYNC,beta,450,800,0,700,SUCCESS
SYNC,beta,451,800,0,700,SUCCESS
SYNC,beta,452,800,0,800,SUCCESS
SYNC,beta,453,700,0,700,SUCCESS
SYNC,beta,454,700,0,700,SUCCESS
SYNC,beta,455,800,0,700,SUCCESS
SYNC,beta,456,800,0,700,SUCCESS
SYNC,beta,457,800,0,700,SUCCESS
SYNC,beta,458,800,0,700,SUCCESS
SYNC,beta,459,800,0,700,SUCCESS
SYNC,beta,460,800,0,800,SUCCESS
SYNC,beta,461,800,0,800,SUCCESS
SYNC,beta,462,800,0,700,SUCCESS
SYNC,beta,463,800,0,700,SUCCESS
SYNC,beta,464,700,0,700,SUCCESS
SYNC,beta,465,700,0,700,SUCCESS
SYNC,beta,466,700,0,700,SUCCESS
SYNC,beta,467,700,0,700,SUCCESS
SYNC,beta,468,800,0,700,SUCCESS
SYNC,beta,469,800,0,700,SUCCESS
SYNC,beta,470,800,0,700,SUCCESS
SYNC,beta,471,800,0,700,SUCCESS
SYNC,beta,472,800,0,700,SUCCESS
SYNC,beta,473,800,0,700,SUCCESS
SYNC,beta,474,800,0,700,SUCCESS
SYNC,beta,475,700,0,700,SUCCESS
SYNC,beta,476,700,0,700,SUCCESS
SYNC,beta,477,700,0,700,SUCCESS
SYNC,beta,478,700,0,700,SUCCESS
SYNC,beta,479,700,0,700,SUCCESS
SYNC,beta,480,800,0,700,SUCCESS
SYNC,beta,481,800,0,700,SUCCESS
SYNC,beta,482,800,0,700,SUCCESS
SYNC,beta,483,700,0,700,SUCCESS
SYNC,beta,484,700,0,700,SUCCESS
SYNC,beta,485,700,0,700,SUCCESS
SYNC,beta,486,800,0,800,SUCCESS
SYNC,beta,487,800,0,700,SUCCESS
SYNC,beta,488,800,0,800,SUCCESS
SYNC,beta,489,800,0,700,SUCCESS
SYNC,beta,490,800,0,700,SUCCESS
SYNC,beta,491,700,0,700,SUCCESS
SYNC,beta,492,800,0,700,SUCCESS
SYNC,beta,493,800,0,700,SUCCESS
SYNC,beta,494,800,0,700,SUCCESS
SYNC,beta,495,800,0,700,SUCCESS
SYNC,beta,496,800,0,700,SUCCESS
SYNC,beta,497,800,0,700,SUCCESS
SYNC,beta,498,700,0,700,SUCCESS
SYNC,beta,499,700,0,700,SUCCESS
SYNC,beta,500,700,0,700,SUCCESS
SYNC,beta,501,700,0,700,SUCCESS
SYNC,beta,502,700,0,700,SUCCESS
SYNC,beta,503,800,0,700,SUCCESS
SYNC,beta,504,800,0,700,SUCCESS
SYNC,beta,505,800,0,700,SUCCESS
SYNC,beta,506,800,0,700,SUCCESS
SYNC,beta,507,800,0,700,SUCCESS
SYNC,beta,508,800,0,700,SUCCESS
SYNC,beta,509,700,0,700,SUCCESS
SYNC,beta,510,700,0,700,SUCCESS
SYNC,beta,511,700,0,700,SUCCESS
SYNC,beta,512,700,0,700,SUCCESS
SYNC,beta,513,700,0,700,SUCCESS
SYNC,beta,514,700,0,700,SUCCESS
SYNC,beta,515,700,0,700,SUCCESS
SYNC,beta,516,800,0,700,SUCCESS
SYNC,beta,517,800,0,700,SUCCESS
SYNC,beta,518,800,0,700,SUCCESS
SYNC,beta,519,700,0,700,SUCCESS
SYNC,beta,520,700,0,700,SUCCESS
SYNC,beta,521,700,0,700,SUCCESS
SYNC,beta,522,700,0,700,SUCCESS
SYNC,beta,523,800,0,700,SUCCESS
SYNC,beta,524,800,0,800,SUCCESS
SYNC,beta,525,800,0,700,SUCCESS
SYNC,beta,526,800,0,700,SUCCESS
SYNC,beta,527,800,0,700,SUCCESS
SYNC,beta,528,800,0,700,SUCCESS
SYNC,beta,529,800,0,700,SUCCESS
SYNC,beta,530,800,0,700,SUCCESS
SYNC,beta,531,700,0,700,SUCCESS
SYNC,beta,532,700,0,700,SUCCESS
SYNC,beta,533,800,0,700,SUCCESS
SYNC,beta,534,800,0,700,SUCCESS
SYNC,beta,535,800,0,700,SUCCESS
SYNC,beta,536,800,0,700,SUCCESS
SYNC,beta,537,800,0,700,SUCCESS
SYNC,beta,538,800,0,800,SUCCESS
SYNC,beta,539,800,0,800,SUCCESS
SYNC,beta,540,800,0,700,SUCCESS
SYNC,beta,541,700,0,700,SUCCESS
SYNC,beta,542,700,0,700,SUCCESS
SYNC,beta,543,700,0,700,SUCCESS
SYNC,beta,544,700,0,700,SUCCESS
SYNC,beta,545,700,0,700,SUCCESS
SYNC,beta,546,700,0,700,SUCCESS
SYNC,beta,547,700,0,700,SUCCESS
SYNC,beta,548,800,0,700,SUCCESS
SYNC,beta,549,800,0,700,SUCCESS
SYNC,beta,550,700,0,700,SUCCESS
SYNC,beta,551,800,0,700,SUCCESS
SYNC,beta,552,800,0,700,SUCCESS
SYNC,beta,553,700,0,700,SUCCESS
SYNC,beta,554,700,0,700,SUCCESS
SYNC,beta,555,800,0,700,SUCCESS
SYNC,beta,556,800,0,700,SUCCESS
SYNC,beta,557,700,0,700,SUCCESS
SYNC,beta,558,800,0,700,SUCCESS
SYNC,beta,559,800,0,800,SUCCESS
SYNC,beta,560,800,0,800,SUCCESS
SYNC,beta,561,800,0,700,SUCCESS
SYNC,beta,562,800,0,800,SUCCESS
SYNC,beta,563,800,0,700,SUCCESS
SYNC,beta,564,800,0,700,SUCCESS
SYNC,beta,565,800,0,700,SUCCESS
SYNC,beta,566,800,0,700,SUCCESS
SYNC,beta,567,800,0,700,SUCCESS
SYNC,beta,568,800,0,800,SUCCESS
SYNC,beta,569,900,0,700,SUCCESS
SYNC,beta,570,900,0,700,SUCCESS
SYNC,beta,571,800,0,800,SUCCESS
SYNC,beta,572,800,0,700,SUCCESS
SYNC,beta,573,800,0,700,SUCCESS
SYNC,beta,574,800,0,700,SUCCESS
SYNC,beta,575,800,0,700,SUCCESS
SYNC,beta,576,800,0,800,SUCCESS
SYNC,beta,577,800,0,700,SUCCESS
SYNC,beta,578,800,0,800,SUCCESS
SYNC,beta,579,800,0,700,SUCCESS
SYNC,beta,580,800,0,700,SUCCESS
SYNC,beta,581,800,0,700,SUCCESS
SYNC,beta,582,800,0,800,SUCCESS
SYNC,beta,583,900,0,800,SUCCESS
SYNC,beta,584,800,0,700,SUCCESS
SYNC,beta,585,900,0,800,SUCCESS
SYNC,beta,586,800,0,800,SUCCESS
SYNC,beta,587,800,0,800,SUCCESS
SYNC,beta,588,800,0,700,SUCCESS
SYNC,beta,589,800,0,800,SUCCESS
SYNC,beta,590,800,0,700,SUCCESS
SYNC,beta,591,800,0,700,SUCCESS
SYNC,beta,592,800,0,800,SUCCESS
SYNC,beta,593,900,0,700,SUCCESS
SYNC,beta,594,700,0,700,SUCCESS
SYNC,beta,595,800,0,700,SUCCESS
SYNC,beta,596,800,0,700,SUCCESS
SYNC,beta,597,800,0,700,SUCCESS
SYNC,beta,598,900,0,800,SUCCESS
SYNC,beta,599,800,0,700,SUCCESS
SYNC,beta,600,700,0,700,SUCCESS
SYNC,beta,601,800,0,700,SUCCESS
SYNC,beta,602,800,0,700,SUCCESS
SYNC,beta,603,800,0,700,SUCCESS
SYNC,beta,604,800,0,700,SUCCESS
SYNC,beta,605,900,0,800,SUCCESS
SYNC,beta,606,800,0,700,SUCCESS
SYNC,beta,607,800,0,700,SUCCESS
SYNC,beta,608,1000,0,1000,SUCCESS
SYNC,beta,609,1000,0,900,SUCCESS
SYNC,beta,610,900,0,700,SUCCESS
SYNC,beta,611,800,0,700,SUCCESS
SYNC,beta,612,800,0,800,SUCCESS
SYNC,beta,613,700,0,700,SUCCESS
SYNC,beta,614,800,0,800,SUCCESS
SYNC,beta,615,800,0,800,SUCCESS
SYNC,beta,616,900,0,700,SUCCESS
SYNC,beta,617,800,0,800,SUCCESS
SYNC,beta,618,800,0,700,SUCCESS
SYNC,beta,619,800,0,700,SUCCESS
SYNC,beta,620,800,0,700,SUCCESS
SYNC,beta,621,800,0,700,SUCCESS
SYNC,beta,622,800,0,700,SUCCESS
SYNC,beta,623,800,0,700,SUCCESS
SYNC,beta,624,900,0,800,SUCCESS
SYNC,beta,625,800,0,700,SUCCESS
SYNC,beta,626,800,0,700,SUCCESS
SYNC,beta,627,800,0,800,SUCCESS
SYNC,beta,628,800,0,700,SUCCESS
SYNC,beta,629,800,0,700,SUCCESS
SYNC,beta,630,900,0,800,SUCCESS
SYNC,beta,631,800,0,800,SUCCESS
SYNC,beta,632,900,0,800,SUCCESS
SYNC,beta,633,900,0,800,SUCCESS
SYNC,beta,634,900,0,800,SUCCESS
SYNC,beta,635,900,0,900,SUCCESS
SYNC,beta,636,900,0,900,SUCCESS
SYNC,beta,637,900,0,800,SUCCESS
SYNC,beta,638,900,0,900,SUCCESS
SYNC,beta,639,800,0,800,SUCCESS
SYNC,beta,640,900,0,800,SUCCESS
SYNC,beta,641,900,0,800,SUCCESS
SYNC,beta,642,800,0,800,SUCCESS
SYNC,beta,643,800,0,700,SUCCESS
SYNC,beta,644,800,0,800,SUCCESS
SYNC,beta,645,800,0,800,SUCCESS
SYNC,beta,646,800,0,800,SUCCESS
SYNC,beta,647,800,0,800,SUCCESS
SYNC,beta,648,800,0,700,SUCCESS
SYNC,beta,649,900,0,800,SUCCESS
SYNC,beta,650,1100,0,900,SUCCESS
SYNC,beta,651,1000,0,1000,SUCCESS
SYNC,beta,652,1000,0,1000,SUCCESS
SYNC,beta,653,1100,0,1000,SUCCESS
SYNC,beta,654,1000,0,900,SUCCESS
SYNC,beta,655,1000,0,1000,SUCCESS
SYNC,beta,656,1000,0,1000,SUCCESS
SYNC,beta,657,1100,0,900,SUCCESS
SYNC,beta,658,1100,0,1100,SUCCESS
SYNC,beta,659,1100,0,1000,SUCCESS
SYNC,beta,660,1100,0,1000,SUCCESS
SYNC,beta,661,1100,0,1100,SUCCESS
SYNC,beta,662,1100,0,900,SUCCESS
SYNC,beta,663,1100,0,1000,SUCCESS
SYNC,beta,664,1000,0,1000,SUCCESS
SYNC,beta,665,1100,0,1000,SUCCESS
SYNC,beta,666,1000,0,900,SUCCESS
SYNC,beta,667,1000,0,900,SUCCESS
SYNC,beta,668,1000,0,900,SUCCESS
SYNC,beta,669,1100,0,1000,SUCCESS
SYNC,beta,670,1100,0,900,SUCCESS
SYNC,beta,671,1200,0,1000,SUCCESS
SYNC,beta,672,1000,0,900,SUCCESS
SYNC,beta,673,1100,0,900,SUCCESS
SYNC,beta,674,1200,0,1000,SUCCESS
SYNC,beta,675,1100,0,900,SUCCESS
SYNC,beta,676,1100,0,1000,SUCCESS
SYNC,beta,677,1100,0,1100,SUCCESS
SYNC,beta,678,1100,0,1000,SUCCESS
SYNC,beta,679,1100,0,1000,SUCCESS
SYNC,beta,680,1100,0,1000,SUCCESS
SYNC,beta,681,1000,0,1000,SUCCESS
SYNC,beta,682,1200,0,1000,SUCCESS
SYNC,beta,683,1100,0,900,SUCCESS
SYNC,beta,684,1100,0,1100,SUCCESS
SYNC,beta,685,1100,0,1000,SUCCESS
SYNC,beta,686,1000,0,900,SUCCESS
SYNC,beta,687,1000,0,1000,SUCCESS
SYNC,beta,688,1100,0,900,SUCCESS
SYNC,beta,689,1000,0,900,SUCCESS
SYNC,beta,690,1100,0,900,SUCCESS
SYNC,beta,691,1000,0,1000,SUCCESS
SYNC,beta,692,1100,0,1000,SUCCESS
SYNC,beta,693,1000,0,900,SUCCESS
SYNC,beta,694,1100,0,1000,SUCCESS
SYNC,beta,695,1100,0,900,SUCCESS
SYNC,beta,696,1100,0,1000,SUCCESS
SYNC,beta,697,1000,0,1000,SUCCESS
SYNC,beta,698,1000,0,1000,SUCCESS
SYNC,beta,699,1100,0,900,SUCCESS
SYNC,beta,700,1000,0,1000,SUCCESS
SYNC,beta,701,1000,0,1000,SUCCESS
SYNC,beta,702,1100,0,1000,SUCCESS
SYNC,beta,703,1000,0,1000,SUCCESS
SYNC,beta,704,1000,0,1000,SUCCESS
SYNC,beta,705,1000,0,1000,SUCCESS
SYNC,beta,706,1100,0,900,SUCCESS
SYNC,beta,707,1100,0,900,SUCCESS
SYNC,beta,708,1100,0,900,SUCCESS
SYNC,beta,709,1000,0,1000,SUCCESS
SYNC,beta,710,1100,0,1000,SUCCESS
SYNC,beta,711,1100,0,1000,SUCCESS
SYNC,beta,712,1000,0,1000,SUCCESS
SYNC,beta,713,1000,0,1000,SUCCESS
SYNC,beta,714,1000,0,1000,SUCCESS
SYNC,beta,715,1100,0,900,SUCCESS
SYNC,beta,716,1100,0,1000,SUCCESS
SYNC,beta,717,1200,0,1100,SUCCESS
SYNC,beta,718,1000,0,1000,SUCCESS
SYNC,beta,719,1100,0,1000,SUCCESS
SYNC,beta,720,1000,0,1000,SUCCESS
SYNC,beta,721,1100,0,1000,SUCCESS
SYNC,beta,722,1100,0,900,SUCCESS
SYNC,beta,723,1100,0,1000,SUCCESS
SYNC,beta,724,1200,0,1200,SUCCESS
SYNC,beta,725,1000,0,900,SUCCESS
SYNC,beta,726,1000,0,900,SUCCESS
SYNC,beta,727,1000,0,1000,SUCCESS
SYNC,beta,728,1100,0,1100,SUCCESS
SYNC,beta,729,1000,0,1000,SUCCESS
SYNC,beta,730,1000,0,1000,SUCCESS
SYNC,beta,731,1000,0,900,SUCCESS
SYNC,beta,732,1000,0,900,SUCCESS
SYNC,beta,733,1100,0,1000,SUCCESS
SYNC,beta,734,1100,0,1100,SUCCESS
SYNC,beta,735,1100,0,900,SUCCESS
SYNC,beta,736,1100,0,1100,SUCCESS
SYNC,beta,737,1000,0,1000,SUCCESS
SYNC,beta,738,1100,0,1000,SUCCESS
SYNC,beta,739,1100,0,900,SUCCESS
SYNC,beta,740,1100,0,1000,SUCCESS
SYNC,beta,741,1000,0,1000,SUCCESS
SYNC,beta,742,1000,0,900,SUCCESS
SYNC,beta,743,1100,0,1000,SUCCESS
SYNC,beta,744,1000,0,1000,SUCCESS
SYNC,beta,745,1100,0,900,SUCCESS
SYNC,beta,746,1100,0,1000,SUCCESS
SYNC,beta,747,1100,0,1000,SUCCESS
SYNC,beta,748,1000,0,1000,SUCCESS
SYNC,beta,749,1100,0,1000,SUCCESS
SYNC,beta,750,1100,0,1000,SUCCESS
SYNC,beta,751,800,0,700,SUCCESS
SYNC,beta,752,800,0,700,SUCCESS
SYNC,beta,753,800,0,700,SUCCESS
SYNC,beta,754,800,0,700,SUCCESS
SYNC,beta,755,800,0,700,SUCCESS
SYNC,beta,756,800,0,700,SUCCESS
SYNC,beta,757,800,0,800,SUCCESS
SYNC,beta,758,800,0,700,SUCCESS
SYNC,beta,759,800,0,700,SUCCESS
SYNC,beta,760,800,0,800,SUCCESS
SYNC,beta,761,1000,0,900,SUCCESS
SYNC,beta,762,1000,0,800,SUCCESS
SYNC,beta,763,800,0,700,SUCCESS
SYNC,beta,764,800,0,700,SUCCESS
SYNC,beta,765,900,0,800,SUCCESS
SYNC,beta,766,900,0,800,SUCCESS
SYNC,beta,767,900,0,700,SUCCESS
SYNC,beta,768,800,0,700,SUCCESS
SYNC,beta,769,800,0,700,SUCCESS
SYNC,beta,770,1100,0,1000,SUCCESS
SYNC,beta,771,800,0,800,SUCCESS
SYNC,beta,772,900,0,800,SUCCESS
SYNC,beta,773,900,0,900,SUCCESS
SYNC,beta,774,900,0,700,SUCCESS
SYNC,beta,775,800,0,800,SUCCESS
SYNC,beta,776,1000,0,1000,SUCCESS
SYNC,beta,777,800,0,700,SUCCESS
SYNC,beta,778,800,0,700,SUCCESS
SYNC,beta,779,800,0,700,SUCCESS
SYNC,beta,780,800,0,800,SUCCESS
SYNC,beta,781,700,0,700,SUCCESS
SYNC,beta,782,800,0,800,SUCCESS
SYNC,beta,783,800,0,800,SUCCESS
SYNC,beta,784,800,0,700,SUCCESS
SYNC,beta,785,800,0,800,SUCCESS
SYNC,beta,786,1100,0,900,SUCCESS
SYNC,beta,787,800,0,800,SUCCESS
SYNC,beta,788,800,0,700,SUCCESS
SYNC,beta,789,800,0,700,SUCCESS
SYNC,beta,790,900,0,800,SUCCESS
SYNC,beta,791,800,0,700,SUCCESS
SYNC,beta,792,800,0,800,SUCCESS
SYNC,beta,793,800,0,700,SUCCESS
SYNC,beta,794,800,0,700,SUCCESS
SYNC,beta,795,900,0,700,SUCCESS
SYNC,beta,796,800,0,800,SUCCESS
SYNC,beta,797,800,0,700,SUCCESS
SYNC,beta,798,800,0,800,SUCCESS
SYNC,beta,799,800,0,700,SUCCESS
SYNC,beta,800,800,0,700,SUCCESS
SYNC,beta,801,900,0,800,SUCCESS
SYNC,beta,802,900,0,900,SUCCESS
SYNC,beta,803,900,0,800,SUCCESS
SYNC,beta,804,900,0,900,SUCCESS
SYNC,beta,805,900,0,900,SUCCESS
SYNC,beta,806,900,0,800,SUCCESS
SYNC,beta,807,900,0,700,SUCCESS
SYNC,beta,808,900,0,800,SUCCESS
SYNC,beta,809,900,0,900,SUCCESS
SYNC,beta,810,900,0,900,SUCCESS
SYNC,beta,811,900,0,900,SUCCESS
SYNC,beta,812,800,0,700,SUCCESS
SYNC,beta,813,800,0,700,SUCCESS
SYNC,beta,814,800,0,700,SUCCESS
SYNC,beta,815,900,0,700,SUCCESS
SYNC,beta,816,800,0,700,SUCCESS
SYNC,beta,817,800,0,700,SUCCESS
SYNC,beta,818,700,0,700,SUCCESS
SYNC,beta,819,900,0,800,SUCCESS
SYNC,beta,820,900,0,800,SUCCESS
SYNC,beta,821,800,0,700,SUCCESS
SYNC,beta,822,800,0,700,SUCCESS
SYNC,beta,823,900,0,700,SUCCESS
SYNC,beta,824,800,0,700,SUCCESS
SYNC,beta,825,900,0,700,SUCCESS
SYNC,beta,826,800,0,800,SUCCESS
SYNC,beta,827,900,0,800,SUCCESS
SYNC,beta,828,800,0,700,SUCCESS
SYNC,beta,829,800,0,800,SUCCESS
SYNC,beta,830,900,0,800,SUCCESS
SYNC,beta,831,900,0,700,SUCCESS
SYNC,beta,832,900,0,800,SUCCESS
SYNC,beta,833,800,0,700,SUCCESS
SYNC,beta,834,900,0,800,SUCCESS
SYNC,beta,835,800,0,700,SUCCESS
SYNC,beta,836,800,0,700,SUCCESS
SYNC,beta,837,900,0,800,SUCCESS
SYNC,beta,838,800,0,700,SUCCESS
SYNC,beta,839,900,0,800,SUCCESS
SYNC,beta,840,900,0,800,SUCCESS
SYNC,beta,841,800,0,800,SUCCESS
SYNC,beta,842,900,0,800,SUCCESS
SYNC,beta,843,800,0,800,SUCCESS
SYNC,beta,844,900,0,800,SUCCESS
SYNC,beta,845,800,0,800,SUCCESS
SYNC,beta,846,800,0,700,SUCCESS
SYNC,beta,847,900,0,900,SUCCESS
SYNC,beta,848,800,0,700,SUCCESS
SYNC,beta,849,800,0,800,SUCCESS
SYNC,beta,850,800,0,700,SUCCESS
SYNC,beta,851,800,0,700,SUCCESS
SYNC,beta,852,800,0,700,SUCCESS
SYNC,beta,853,800,0,800,SUCCESS
SYNC,beta,854,900,0,900,SUCCESS
SYNC,beta,855,1000,0,1000,SUCCESS
SYNC,beta,856,800,0,800,SUCCESS
SYNC,beta,857,800,0,800,SUCCESS
SYNC,beta,858,1000,0,1000,SUCCESS
SYNC,beta,859,800,0,800,SUCCESS
SYNC,beta,860,900,0,700,SUCCESS
SYNC,beta,861,800,0,800,SUCCESS
SYNC,beta,862,800,0,800,SUCCESS
SYNC,beta,863,800,0,800,SUCCESS
SYNC,beta,864,800,0,700,SUCCESS
SYNC,beta,865,800,0,700,SUCCESS
SYNC,beta,866,800,0,700,SUCCESS
SYNC,beta,867,800,0,800,SUCCESS
SYNC,beta,868,900,0,800,SUCCESS
SYNC,beta,869,900,0,800,SUCCESS
SYNC,beta,870,800,0,800,SUCCESS
SYNC,beta,871,1300,0,1100,SUCCESS
SYNC,beta,872,800,0,700,SUCCESS
SYNC,beta,873,800,0,700,SUCCESS
SYNC,beta,874,800,0,800,SUCCESS
SYNC,beta,875,800,0,700,SUCCESS
SYNC,beta,876,800,0,700,SUCCESS
SYNC,beta,877,900,0,900,SUCCESS
SYNC,beta,878,800,0,800,SUCCESS
SYNC,beta,879,900,0,700,SUCCESS
SYNC,beta,880,800,0,700,SUCCESS
SYNC,beta,881,700,0,700,SUCCESS
SYNC,beta,882,900,0,800,SUCCESS
SYNC,beta,883,800,0,700,SUCCESS
SYNC,beta,884,800,0,700,SUCCESS
SYNC,beta,885,800,0,700,SUCCESS
SYNC,beta,886,800,0,700,SUCCESS
SYNC,beta,887,800,0,800,SUCCESS
SYNC,beta,888,12800,0,12700,SUCCESS
SYNC,beta,889,8900,0,8800,SUCCESS
SYNC,beta,890,900,0,800,SUCCESS
SYNC,beta,891,800,0,700,SUCCESS
SYNC,beta,892,800,0,800,SUCCESS
SYNC,beta,893,1100,0,900,SUCCESS
SYNC,beta,894,1100,0,900,SUCCESS
SYNC,beta,895,1000,0,1000,SUCCESS
SYNC,beta,896,1000,0,1000,SUCCESS
SYNC,beta,897,1000,0,900,SUCCESS
SYNC,beta,898,1000,0,900,SUCCESS
SYNC,beta,899,1100,0,900,SUCCESS
SYNC,beta,900,1100,0,900,SUCCESS
SYNC,beta,901,1100,0,900,SUCCESS
SYNC,beta,902,1100,0,1000,SUCCESS
SYNC,beta,903,1000,0,1000,SUCCESS
SYNC,beta,904,1000,0,900,SUCCESS
SYNC,beta,905,1100,0,900,SUCCESS
SYNC,beta,906,1000,0,900,SUCCESS
SYNC,beta,907,1100,0,900,SUCCESS
SYNC,beta,908,1000,0,1000,SUCCESS
SYNC,beta,909,1100,0,900,SUCCESS
SYNC,beta,910,1000,0,1000,SUCCESS
SYNC,beta,911,1000,0,1000,SUCCESS
SYNC,beta,912,1000,0,900,SUCCESS
SYNC,beta,913,1000,0,1000,SUCCESS
SYNC,beta,914,1000,0,900,SUCCESS
SYNC,beta,915,1000,0,1000,SUCCESS
SYNC,beta,916,1000,0,1000,SUCCESS
SYNC,beta,917,1100,0,900,SUCCESS
SYNC,beta,918,1000,0,1000,SUCCESS
SYNC,beta,919,1100,0,1000,SUCCESS
SYNC,beta,920,1000,0,1000,SUCCESS
SYNC,beta,921,1100,0,1000,SUCCESS
SYNC,beta,922,1000,0,1000,SUCCESS
SYNC,beta,923,1000,0,1000,SUCCESS
SYNC,beta,924,1000,0,1000,SUCCESS
SYNC,beta,925,1100,0,1000,SUCCESS
SYNC,beta,926,1200,0,1200,SUCCESS
SYNC,beta,927,1100,0,900,SUCCESS
SYNC,beta,928,1000,0,900,SUCCESS
SYNC,beta,929,1000,0,900,SUCCESS
SYNC,beta,930,1100,0,1000,SUCCESS
SYNC,beta,931,1000,0,900,SUCCESS
SYNC,beta,932,1100,0,900,SUCCESS
SYNC,beta,933,1000,0,1000,SUCCESS
SYNC,beta,934,1000,0,900,SUCCESS
SYNC,beta,935,1000,0,1000,SUCCESS
SYNC,beta,936,1000,0,1000,SUCCESS
SYNC,beta,937,1100,0,900,SUCCESS
SYNC,beta,938,1000,0,1000,SUCCESS
SYNC,beta,939,1000,0,1000,SUCCESS
SYNC,beta,940,1100,0,900,SUCCESS
SYNC,beta,941,1000,0,1000,SUCCESS
SYNC,beta,942,1100,0,1000,SUCCESS
SYNC,beta,943,1000,0,900,SUCCESS
SYNC,beta,944,1000,0,1000,SUCCESS
SYNC,beta,945,1100,0,1000,SUCCESS
SYNC,beta,946,1000,0,900,SUCCESS
SYNC,beta,947,1000,0,1000,SUCCESS
SYNC,beta,948,1100,0,900,SUCCESS
SYNC,beta,949,1100,0,900,SUCCESS
SYNC,beta,950,1100,0,1000,SUCCESS
SYNC,beta,951,1100,0,1000,SUCCESS
SYNC,beta,952,1100,0,900,SUCCESS
SYNC,beta,953,1100,0,1000,SUCCESS
SYNC,beta,954,1100,0,1000,SUCCESS
SYNC,beta,955,1300,0,1100,SUCCESS
SYNC,beta,956,1100,0,900,SUCCESS
SYNC,beta,957,1100,0,900,SUCCESS
SYNC,beta,958,1100,0,900,SUCCESS
SYNC,beta,959,1100,0,1000,SUCCESS
SYNC,beta,960,1000,0,1000,SUCCESS
SYNC,beta,961,2000,0,2000,SUCCESS
SYNC,beta,962,2700,0,2500,SUCCESS
SYNC,beta,963,1000,0,1000,SUCCESS
SYNC,beta,964,1000,0,900,SUCCESS
SYNC,beta,965,1100,0,900,SUCCESS
SYNC,beta,966,1000,0,1000,SUCCESS
SYNC,beta,967,1100,0,900,SUCCESS
SYNC,beta,968,1100,0,1000,SUCCESS
SYNC,beta,969,1000,0,1000,SUCCESS
SYNC,beta,970,1100,0,900,SUCCESS
SYNC,beta,971,1000,0,900,SUCCESS
SYNC,beta,972,1000,0,1000,SUCCESS
SYNC,beta,973,1000,0,900,SUCCESS
SYNC,beta,974,1100,0,1000,SUCCESS
SYNC,beta,975,1000,0,900,SUCCESS
SYNC,beta,976,1100,0,900,SUCCESS
SYNC,beta,977,1100,0,900,SUCCESS
SYNC,beta,978,1000,0,900,SUCCESS
SYNC,beta,979,1100,0,900,SUCCESS
SYNC,beta,980,1000,0,900,SUCCESS
SYNC,beta,981,800,0,700,SUCCESS
SYNC,beta,982,800,0,700,SUCCESS
SYNC,beta,983,800,0,700,SUCCESS
SYNC,beta,984,800,0,700,SUCCESS
SYNC,beta,985,800,0,700,SUCCESS
SYNC,beta,986,800,0,800,SUCCESS
SYNC,beta,987,800,0,800,SUCCESS
SYNC,beta,988,800,0,800,SUCCESS
SYNC,beta,989,800,0,800,SUCCESS
SYNC,beta,990,800,0,700,SUCCESS
SYNC,beta,991,1000,0,800,SUCCESS
SYNC,beta,992,900,0,800,SUCCESS
SYNC,beta,993,800,0,800,SUCCESS
SYNC,beta,994,800,0,800,SUCCESS
SYNC,beta,995,900,0,900,SUCCESS
SYNC,beta,996,800,0,700,SUCCESS
SYNC,beta,997,800,0,700,SUCCESS
SYNC,beta,998,800,0,800,SUCCESS
SYNC,beta,999,800,0,700,SUCCESS
SYNC,delta,0,200,0,200,SUCCESS
SYNC,delta,1,200,0,100,SUCCESS
SYNC,delta,2,200,0,100,SUCCESS
SYNC,delta,3,100,0,100,SUCCESS
SYNC,delta,4,100,0,100,SUCCESS
SYNC,delta,5,100,0,100,SUCCESS
SYNC,delta,6,100,0,100,SUCCESS
SYNC,delta,7,200,0,100,SUCCESS
SYNC,delta,8,200,0,100,SUCCESS
SYNC,delta,9,100,0,100,SUCCESS
SYNC,delta,10,200,0,100,SUCCESS
SYNC,delta,11,200,0,100,SUCCESS
SYNC,delta,12,200,0,200,SUCCESS
SYNC,delta,13,200,0,100,SUCCESS
SYNC,delta,14,200,0,100,SUCCESS
SYNC,delta,15,200,0,100,SUCCESS
SYNC,delta,16,200,0,100,SUCCESS
SYNC,delta,17,1300,0,1300,SUCCESS
SYNC,delta,18,200,0,100,SUCCESS
SYNC,delta,19,200,0,200,SUCCESS
SYNC,delta,20,200,0,200,SUCCESS
SYNC,delta,21,200,0,200,SUCCESS
SYNC,delta,22,200,0,100,SUCCESS
SYNC,delta,23,200,0,200,SUCCESS
SYNC,delta,24,200,0,100,SUCCESS
SYNC,delta,25,200,0,100,SUCCESS
SYNC,delta,26,100,0,100,SUCCESS
SYNC,delta,27,100,0,100,SUCCESS
SYNC,delta,28,200,0,100,SUCCESS
SYNC,delta,29,200,0,100,SUCCESS
SYNC,delta,30,100,0,100,SUCCESS
SYNC,delta,31,200,0,100,SUCCESS
SYNC,delta,32,200,0,200,SUCCESS
SYNC,delta,33,200,0,100,SUCCESS
SYNC,delta,34,100,0,100,SUCCESS
SYNC,delta,35,100,0,100,SUCCESS
SYNC,delta,36,200,0,100,SUCCESS
SYNC,delta,37,7300,0,100,SUCCESS
SYNC,delta,38,100,0,100,SUCCESS
SYNC,delta,39,100,0,100,SUCCESS
SYNC,delta,40,100,0,100,SUCCESS
SYNC,delta,41,100,0,100,SUCCESS
SYNC,delta,42,100,0,100,SUCCESS
SYNC,delta,43,100,0,100,SUCCESS
SYNC,delta,44,200,0,100,SUCCESS
SYNC,delta,45,200,0,200,SUCCESS
SYNC,delta,46,200,0,100,SUCCESS
SYNC,delta,47,200,0,100,SUCCESS
SYNC,delta,48,200,0,100,SUCCESS
SYNC,delta,49,100,0,100,SUCCESS
SYNC,delta,50,200,0,100,SUCCESS
SYNC,delta,51,100,0,100,SUCCESS
SYNC,delta,52,200,0,100,SUCCESS
SYNC,delta,53,200,0,100,SUCCESS
SYNC,delta,54,200,0,100,SUCCESS
SYNC,delta,55,200,0,100,SUCCESS
SYNC,delta,56,200,0,200,SUCCESS
SYNC,delta,57,200,0,100,SUCCESS
SYNC,delta,58,100,0,100,SUCCESS
SYNC,delta,59,100,0,100,SUCCESS
SYNC,delta,60,200,0,100,SUCCESS
SYNC,delta,61,200,0,100,SUCCESS
SYNC,delta,62,200,0,200,SUCCESS
SYNC,delta,63,200,0,100,SUCCESS
SYNC,delta,64,200,0,100,SUCCESS
SYNC,delta,65,100,0,100,SUCCESS
SYNC,delta,66,200,0,100,SUCCESS
SYNC,delta,67,200,0,100,SUCCESS
SYNC,delta,68,200,0,100,SUCCESS
SYNC,delta,69,200,0,100,SUCCESS
SYNC,delta,70,200,0,100,SUCCESS
SYNC,delta,71,200,0,100,SUCCESS
SYNC,delta,72,100,0,100,SUCCESS
SYNC,delta,73,200,0,100,SUCCESS
SYNC,delta,74,200,0,100,SUCCESS
SYNC,delta,75,200,0,200,SUCCESS
SYNC,delta,76,200,0,100,SUCCESS
SYNC,delta,77,200,0,100,SUCCESS
SYNC,delta,78,200,0,100,SUCCESS
SYNC,delta,79,200,0,100,SUCCESS
SYNC,delta,80,100,0,100,SUCCESS
SYNC,delta,81,200,0,100,SUCCESS
SYNC,delta,82,200,0,200,SUCCESS
SYNC,delta,83,200,0,100,SUCCESS
SYNC,delta,84,200,0,100,SUCCESS
SYNC,delta,85,200,0,100,SUCCESS
SYNC,delta,86,200,0,100,SUCCESS
SYNC,delta,87,200,0,100,SUCCESS
SYNC,delta,88,200,0,100,SUCCESS
SYNC,delta,89,100,0,100,SUCCESS
SYNC,delta,90,200,0,100,SUCCESS
SYNC,delta,91,200,0,100,SUCCESS
SYNC,delta,92,200,0,200,SUCCESS
SYNC,delta,93,200,0,100,SUCCESS
SYNC,delta,94,200,0,100,SUCCESS
SYNC,delta,95,200,0,100,SUCCESS
SYNC,delta,96,100,0,100,SUCCESS
SYNC,delta,97,100,0,100,SUCCESS
SYNC,delta,98,200,0,100,SUCCESS
SYNC,delta,99,200,0,100,SUCCESS
SYNC,delta,100,200,0,100,SUCCESS
SYNC,delta,101,200,0,200,SUCCESS
SYNC,delta,102,200,0,100,SUCCESS
SYNC,delta,103,200,0,100,SUCCESS
SYNC,delta,104,100,0,100,SUCCESS
SYNC,delta,105,100,0,100,SUCCESS
SYNC,delta,106,200,0,100,SUCCESS
SYNC,delta,107,200,0,200,SUCCESS
SYNC,delta,108,200,0,100,SUCCESS
SYNC,delta,109,200,0,100,SUCCESS
SYNC,delta,110,200,0,100,SUCCESS
SYNC,delta,111,100,0,100,SUCCESS
SYNC,delta,112,200,0,100,SUCCESS
SYNC,delta,113,200,0,100,SUCCESS
SYNC,delta,114,200,0,100,SUCCESS
SYNC,delta,115,200,0,100,SUCCESS
SYNC,delta,116,200,0,100,SUCCESS
SYNC,delta,117,200,0,100,SUCCESS
SYNC,delta,118,200,0,200,SUCCESS
SYNC,delta,119,200,0,100,SUCCESS
SYNC,delta,120,200,0,100,SUCCESS
SYNC,delta,121,200,0,100,SUCCESS
SYNC,delta,122,100,0,100,SUCCESS
SYNC,delta,123,100,0,100,SUCCESS
SYNC,delta,124,200,0,100,SUCCESS
SYNC,delta,125,200,0,100,SUCCESS
SYNC,delta,126,200,0,100,SUCCESS
SYNC,delta,127,200,0,200,SUCCESS
SYNC,delta,128,200,0,100,SUCCESS
SYNC,delta,129,100,0,100,SUCCESS
SYNC,delta,130,100,0,100,SUCCESS
SYNC,delta,131,200,0,100,SUCCESS
SYNC,delta,132,200,0,100,SUCCESS
SYNC,delta,133,200,0,100,SUCCESS
SYNC,delta,134,200,0,200,SUCCESS
SYNC,delta,135,200,0,100,SUCCESS
SYNC,delta,136,100,0,100,SUCCESS
SYNC,delta,137,200,0,100,SUCCESS
SYNC,delta,138,200,0,100,SUCCESS
SYNC,delta,139,200,0,200,SUCCESS
SYNC,delta,140,200,0,100,SUCCESS
SYNC,delta,141,200,0,100,SUCCESS
SYNC,delta,142,200,0,200,SUCCESS
SYNC,delta,143,200,0,100,SUCCESS
SYNC,delta,144,100,0,100,SUCCESS
SYNC,delta,145,200,0,100,SUCCESS
SYNC,delta,146,200,0,100,SUCCESS
SYNC,delta,147,200,0,100,SUCCESS
SYNC,delta,148,200,0,100,SUCCESS
SYNC,delta,149,200,0,100,SUCCESS
SYNC,delta,150,200,0,100,SUCCESS
SYNC,delta,151,200,0,100,SUCCESS
SYNC,delta,152,100,0,100,SUCCESS
SYNC,delta,153,200,0,100,SUCCESS
SYNC,delta,154,200,0,200,SUCCESS
SYNC,delta,155,200,0,100,SUCCESS
SYNC,delta,156,200,0,100,SUCCESS
SYNC,delta,157,200,0,100,SUCCESS
SYNC,delta,158,200,0,200,SUCCESS
SYNC,delta,159,200,0,100,SUCCESS
SYNC,delta,160,200,0,100,SUCCESS
SYNC,delta,161,100,0,100,SUCCESS
SYNC,delta,162,100,0,100,SUCCESS
SYNC,delta,163,100,0,100,SUCCESS
SYNC,delta,164,200,0,100,SUCCESS
SYNC,delta,165,200,0,100,SUCCESS
SYNC,delta,166,200,0,100,SUCCESS
SYNC,delta,167,200,0,100,SUCCESS
SYNC,delta,168,200,0,100,SUCCESS
SYNC,delta,169,100,0,100,SUCCESS
SYNC,delta,170,200,0,100,SUCCESS
SYNC,delta,171,200,0,100,SUCCESS
SYNC,delta,172,200,0,100,SUCCESS
SYNC,delta,173,200,0,200,SUCCESS
SYNC,delta,174,200,0,100,SUCCESS
SYNC,delta,175,100,0,100,SUCCESS
SYNC,delta,176,100,0,100,SUCCESS
SYNC,delta,177,200,0,100,SUCCESS
SYNC,delta,178,200,0,100,SUCCESS
SYNC,delta,179,200,0,100,SUCCESS
SYNC,delta,180,200,0,100,SUCCESS
SYNC,delta,181,200,0,100,SUCCESS
SYNC,delta,182,100,0,100,SUCCESS
SYNC,delta,183,100,0,100,SUCCESS
SYNC,delta,184,200,0,100,SUCCESS
SYNC,delta,185,200,0,100,SUCCESS
SYNC,delta,186,200,0,100,SUCCESS
SYNC,delta,187,100,0,100,SUCCESS
SYNC,delta,188,100,0,100,SUCCESS
SYNC,delta,189,100,0,100,SUCCESS
SYNC,delta,190,100,0,100,SUCCESS
SYNC,delta,191,200,0,100,SUCCESS
SYNC,delta,192,200,0,200,SUCCESS
SYNC,delta,193,200,0,100,SUCCESS
SYNC,delta,194,200,0,100,SUCCESS
SYNC,delta,195,100,0,100,SUCCESS
SYNC,delta,196,100,0,100,SUCCESS
SYNC,delta,197,100,0,100,SUCCESS
SYNC,delta,198,200,0,100,SUCCESS
SYNC,delta,199,200,0,200,SUCCESS
SYNC,delta,200,200,0,100,SUCCESS
SYNC,delta,201,100,0,100,SUCCESS
SYNC,delta,202,200,0,100,SUCCESS
SYNC,delta,203,200,0,100,SUCCESS
SYNC,delta,204,200,0,100,SUCCESS
SYNC,delta,205,200,0,200,SUCCESS
SYNC,delta,206,200,0,100,SUCCESS
SYNC,delta,207,100,0,100,SUCCESS
SYNC,delta,208,100,0,100,SUCCESS
SYNC,delta,209,200,0,100,SUCCESS
SYNC,delta,210,200,0,100,SUCCESS
SYNC,delta,211,200,0,100,SUCCESS
SYNC,delta,212,100,0,100,SUCCESS
SYNC,delta,213,100,0,100,SUCCESS
SYNC,delta,214,100,0,100,SUCCESS
SYNC,delta,215,200,0,100,SUCCESS
SYNC,delta,216,200,0,100,SUCCESS
SYNC,delta,217,200,0,200,SUCCESS
SYNC,delta,218,200,0,100,SUCCESS
SYNC,delta,219,100,0,100,SUCCESS
SYNC,delta,220,100,0,100,SUCCESS
SYNC,delta,221,100,0,100,SUCCESS
SYNC,delta,222,200,0,100,SUCCESS
SYNC,delta,223,200,0,100,SUCCESS
SYNC,delta,224,200,0,100,SUCCESS
SYNC,delta,225,100,0,100,SUCCESS
SYNC,delta,226,100,0,100,SUCCESS
SYNC,delta,227,200,0,100,SUCCESS
SYNC,delta,228,200,0,200,SUCCESS
SYNC,delta,229,200,0,100,SUCCESS
SYNC,delta,230,200,0,100,SUCCESS
SYNC,delta,231,200,0,100,SUCCESS
SYNC,delta,232,200,0,200,SUCCESS
SYNC,delta,233,200,0,100,SUCCESS
SYNC,delta,234,100,0,100,SUCCESS
SYNC,delta,235,100,0,100,SUCCESS
SYNC,delta,236,200,0,100,SUCCESS
SYNC,delta,237,200,0,100,SUCCESS
SYNC,delta,238,200,0,100,SUCCESS
SYNC,delta,239,200,0,200,SUCCESS
SYNC,delta,240,200,0,100,SUCCESS
SYNC,delta,241,100,0,100,SUCCESS
SYNC,delta,242,200,0,100,SUCCESS
SYNC,delta,243,200,0,100,SUCCESS
SYNC,delta,244,200,0,100,SUCCESS
SYNC,delta,245,200,0,200,SUCCESS
SYNC,delta,246,200,0,100,SUCCESS
SYNC,delta,247,200,0,100,SUCCESS
SYNC,delta,248,200,0,100,SUCCESS
SYNC,delta,249,100,0,100,SUCCESS
SYNC,delta,250,200,0,100,SUCCESS
SYNC,delta,251,200,0,100,SUCCESS
SYNC,delta,252,200,0,100,SUCCESS
SYNC,delta,253,200,0,200,SUCCESS
SYNC,delta,254,200,0,100,SUCCESS
SYNC,delta,255,100,0,100,SUCCESS
SYNC,delta,256,100,0,100,SUCCESS
SYNC,delta,257,200,0,100,SUCCESS
SYNC,delta,258,200,0,100,SUCCESS
SYNC,delta,259,200,0,100,SUCCESS
SYNC,delta,260,100,0,100,SUCCESS
SYNC,delta,261,100,0,100,SUCCESS
SYNC,delta,262,200,0,100,SUCCESS
SYNC,delta,263,200,0,100,SUCCESS
SYNC,delta,264,200,0,100,SUCCESS
SYNC,delta,265,200,0,100,SUCCESS
SYNC,delta,266,200,0,100,SUCCESS
SYNC,delta,267,200,0,100,SUCCESS
SYNC,delta,268,100,0,100,SUCCESS
SYNC,delta,269,200,0,100,SUCCESS
SYNC,delta,270,100,0,100,SUCCESS
SYNC,delta,271,100,0,100,SUCCESS
SYNC,delta,272,200,0,100,SUCCESS
SYNC,delta,273,200,0,200,SUCCESS
SYNC,delta,274,200,0,100,SUCCESS
SYNC,delta,275,100,0,100,SUCCESS
SYNC,delta,276,200,0,100,SUCCESS
SYNC,delta,277,200,0,100,SUCCESS
SYNC,delta,278,200,0,100,SUCCESS
SYNC,delta,279,200,0,100,SUCCESS
SYNC,delta,280,200,0,100,SUCCESS
SYNC,delta,281,100,0,100,SUCCESS
SYNC,delta,282,100,0,100,SUCCESS
SYNC,delta,283,200,0,100,SUCCESS
SYNC,delta,284,200,0,200,SUCCESS
SYNC,delta,285,200,0,200,SUCCESS
SYNC,delta,286,200,0,100,SUCCESS
SYNC,delta,287,200,0,100,SUCCESS
SYNC,delta,288,100,0,100,SUCCESS
SYNC,delta,289,200,0,100,SUCCESS
SYNC,delta,290,200,0,100,SUCCESS
SYNC,delta,291,200,0,100,SUCCESS
SYNC,delta,292,200,0,100,SUCCESS
SYNC,delta,293,200,0,100,SUCCESS
SYNC,delta,294,100,0,100,SUCCESS
SYNC,delta,295,200,0,100,SUCCESS
SYNC,delta,296,200,0,100,SUCCESS
SYNC,delta,297,200,0,100,SUCCESS
SYNC,delta,298,200,0,100,SUCCESS
SYNC,delta,299,100,0,100,SUCCESS
SYNC,delta,300,100,0,100,SUCCESS
SYNC,delta,301,100,0,100,SUCCESS
SYNC,delta,302,100,0,100,SUCCESS
SYNC,delta,303,200,0,100,SUCCESS
SYNC,delta,304,100,0,100,SUCCESS
SYNC,delta,305,100,0,100,SUCCESS
SYNC,delta,306,100,0,100,SUCCESS
SYNC,delta,307,100,0,100,SUCCESS
SYNC,delta,308,200,0,100,SUCCESS
SYNC,delta,309,200,0,200,SUCCESS
SYNC,delta,310,200,0,100,SUCCESS
SYNC,delta,311,100,0,100,SUCCESS
SYNC,delta,312,100,0,100,SUCCESS
SYNC,delta,313,200,0,100,SUCCESS
SYNC,delta,314,200,0,100,SUCCESS
SYNC,delta,315,200,0,100,SUCCESS
SYNC,delta,316,200,0,100,SUCCESS
SYNC,delta,317,100,0,100,SUCCESS
SYNC,delta,318,200,0,100,SUCCESS
SYNC,delta,319,200,0,100,SUCCESS
SYNC,delta,320,200,0,100,SUCCESS
SYNC,delta,321,200,0,100,SUCCESS
SYNC,delta,322,200,0,100,SUCCESS
SYNC,delta,323,200,0,100,SUCCESS
SYNC,delta,324,100,0,100,SUCCESS
SYNC,delta,325,200,0,100,SUCCESS
SYNC,delta,326,200,0,100,SUCCESS
SYNC,delta,327,200,0,100,SUCCESS
SYNC,delta,328,200,0,100,SUCCESS
SYNC,delta,329,100,0,100,SUCCESS
SYNC,delta,330,200,0,100,SUCCESS
SYNC,delta,331,200,0,100,SUCCESS
SYNC,delta,332,200,0,100,SUCCESS
SYNC,delta,333,100,0,100,SUCCESS
SYNC,delta,334,200,0,100,SUCCESS
SYNC,delta,335,100,0,100,SUCCESS
SYNC,delta,336,200,0,100,SUCCESS
SYNC,delta,337,200,0,200,SUCCESS
SYNC,delta,338,200,0,100,SUCCESS
SYNC,delta,339,100,0,100,SUCCESS
SYNC,delta,340,100,0,100,SUCCESS
SYNC,delta,341,200,0,100,SUCCESS
SYNC,delta,342,200,0,100,SUCCESS
SYNC,delta,343,200,0,100,SUCCESS
SYNC,delta,344,100,0,100,SUCCESS
SYNC,delta,345,100,0,100,SUCCESS
SYNC,delta,346,200,0,100,SUCCESS
SYNC,delta,347,200,0,100,SUCCESS
SYNC,delta,348,200,0,200,SUCCESS
SYNC,delta,349,200,0,100,SUCCESS
SYNC,delta,350,100,0,100,SUCCESS
SYNC,delta,351,100,0,100,SUCCESS
SYNC,delta,352,200,0,100,SUCCESS
SYNC,delta,353,200,0,100,SUCCESS
SYNC,delta,354,200,0,100,SUCCESS
SYNC,delta,355,200,0,100,SUCCESS
SYNC,delta,356,200,0,100,SUCCESS
SYNC,delta,357,200,0,100,SUCCESS
SYNC,delta,358,100,0,100,SUCCESS
SYNC,delta,359,200,0,100,SUCCESS
SYNC,delta,360,200,0,200,SUCCESS
SYNC,delta,361,200,0,100,SUCCESS
SYNC,delta,362,100,0,100,SUCCESS
SYNC,delta,363,200,0,100,SUCCESS
SYNC,delta,364,200,0,100,SUCCESS
SYNC,delta,365,200,0,100,SUCCESS
SYNC,delta,366,200,0,100,SUCCESS
SYNC,delta,367,100,0,100,SUCCESS
SYNC,delta,368,200,0,100,SUCCESS
SYNC,delta,369,200,0,100,SUCCESS
SYNC,delta,370,200,0,100,SUCCESS
SYNC,delta,371,200,0,100,SUCCESS
SYNC,delta,372,200,0,100,SUCCESS
SYNC,delta,373,100,0,100,SUCCESS
SYNC,delta,374,200,0,100,SUCCESS
SYNC,delta,375,200,0,200,SUCCESS
SYNC,delta,376,200,0,100,SUCCESS
SYNC,delta,377,100,0,100,SUCCESS
SYNC,delta,378,200,0,100,SUCCESS
SYNC,delta,379,200,0,100,SUCCESS
SYNC,delta,380,200,0,100,SUCCESS
SYNC,delta,381,100,0,100,SUCCESS
SYNC,delta,382,200,0,100,SUCCESS
SYNC,delta,383,200,0,200,SUCCESS
SYNC,delta,384,200,0,100,SUCCESS
SYNC,delta,385,100,0,100,SUCCESS
SYNC,delta,386,200,0,100,SUCCESS
SYNC,delta,387,200,0,100,SUCCESS
SYNC,delta,388,200,0,100,SUCCESS
SYNC,delta,389,200,0,100,SUCCESS
SYNC,delta,390,100,0,100,SUCCESS
SYNC,delta,391,200,0,100,SUCCESS
SYNC,delta,392,100,0,100,SUCCESS
SYNC,delta,393,200,0,100,SUCCESS
SYNC,delta,394,200,0,100,SUCCESS
SYNC,delta,395,200,0,100,SUCCESS
SYNC,delta,396,100,0,100,SUCCESS
SYNC,delta,397,200,0,100,SUCCESS
SYNC,delta,398,200,0,200,SUCCESS
SYNC,delta,399,200,0,100,SUCCESS
SYNC,delta,400,100,0,100,SUCCESS
SYNC,delta,401,200,0,100,SUCCESS
SYNC,delta,402,200,0,100,SUCCESS
SYNC,delta,403,200,0,100,SUCCESS
SYNC,delta,404,200,0,100,SUCCESS
SYNC,delta,405,200,0,100,SUCCESS
SYNC,delta,406,200,0,100,SUCCESS
SYNC,delta,407,200,0,100,SUCCESS
SYNC,delta,408,200,0,100,SUCCESS
SYNC,delta,409,200,0,200,SUCCESS
SYNC,delta,410,200,0,100,SUCCESS
SYNC,delta,411,100,0,100,SUCCESS
SYNC,delta,412,100,0,100,SUCCESS
SYNC,delta,413,200,0,100,SUCCESS
SYNC,delta,414,100,0,100,SUCCESS
SYNC,delta,415,200,0,100,SUCCESS
SYNC,delta,416,200,0,100,SUCCESS
SYNC,delta,417,200,0,100,SUCCESS
SYNC,delta,418,200,0,100,SUCCESS
SYNC,delta,419,100,0,100,SUCCESS
SYNC,delta,420,200,0,100,SUCCESS
SYNC,delta,421,200,0,100,SUCCESS
SYNC,delta,422,200,0,100,SUCCESS
SYNC,delta,423,200,0,100,SUCCESS
SYNC,delta,424,200,0,100,SUCCESS
SYNC,delta,425,100,0,100,SUCCESS
SYNC,delta,426,100,0,100,SUCCESS
SYNC,delta,427,200,0,100,SUCCESS
SYNC,delta,428,200,0,200,SUCCESS
SYNC,delta,429,200,0,100,SUCCESS
SYNC,delta,430,100,0,100,SUCCESS
SYNC,delta,431,200,0,100,SUCCESS
SYNC,delta,432,200,0,100,SUCCESS
SYNC,delta,433,200,0,200,SUCCESS
SYNC,delta,434,200,0,100,SUCCESS
SYNC,delta,435,100,0,100,SUCCESS
SYNC,delta,436,100,0,100,SUCCESS
SYNC,delta,437,200,0,100,SUCCESS
SYNC,delta,438,200,0,100,SUCCESS
SYNC,delta,439,200,0,200,SUCCESS
SYNC,delta,440,200,0,100,SUCCESS
SYNC,delta,441,100,0,100,SUCCESS
SYNC,delta,442,200,0,100,SUCCESS
SYNC,delta,443,100,0,100,SUCCESS
SYNC,delta,444,200,0,100,SUCCESS
SYNC,delta,445,200,0,100,SUCCESS
SYNC,delta,446,200,0,100,SUCCESS
SYNC,delta,447,100,0,100,SUCCESS
SYNC,delta,448,200,0,100,SUCCESS
SYNC,delta,449,200,0,100,SUCCESS
SYNC,delta,450,100,0,100,SUCCESS
SYNC,delta,451,200,0,100,SUCCESS
SYNC,delta,452,200,0,100,SUCCESS
SYNC,delta,453,200,0,100,SUCCESS
SYNC,delta,454,100,0,100,SUCCESS
SYNC,delta,455,100,0,100,SUCCESS
SYNC,delta,456,200,0,100,SUCCESS
SYNC,delta,457,200,0,100,SUCCESS
SYNC,delta,458,200,0,100,SUCCESS
SYNC,delta,459,200,0,100,SUCCESS
SYNC,delta,460,100,0,100,SUCCESS
SYNC,delta,461,100,0,100,SUCCESS
SYNC,delta,462,200,0,100,SUCCESS
SYNC,delta,463,200,0,100,SUCCESS
SYNC,delta,464,200,0,100,SUCCESS
SYNC,delta,465,200,0,100,SUCCESS
SYNC,delta,466,100,0,100,SUCCESS
SYNC,delta,467,200,0,100,SUCCESS
SYNC,delta,468,200,0,100,SUCCESS
SYNC,delta,469,200,0,100,SUCCESS
SYNC,delta,470,100,0,100,SUCCESS
SYNC,delta,471,100,0,100,SUCCESS
SYNC,delta,472,200,0,100,SUCCESS
SYNC,delta,473,200,0,200,SUCCESS
SYNC,delta,474,200,0,100,SUCCESS
SYNC,delta,475,100,0,100,SUCCESS
SYNC,delta,476,100,0,100,SUCCESS
SYNC,delta,477,200,0,100,SUCCESS
SYNC,delta,478,200,0,100,SUCCESS
SYNC,delta,479,200,0,200,SUCCESS
SYNC,delta,480,200,0,100,SUCCESS
SYNC,delta,481,100,0,100,SUCCESS
SYNC,delta,482,200,0,100,SUCCESS
SYNC,delta,483,200,0,100,SUCCESS
SYNC,delta,484,200,0,100,SUCCESS
SYNC,delta,485,200,0,100,SUCCESS
SYNC,delta,486,100,0,100,SUCCESS
SYNC,delta,487,200,0,100,SUCCESS
SYNC,delta,488,200,0,100,SUCCESS
SYNC,delta,489,200,0,100,SUCCESS
SYNC,delta,490,200,0,100,SUCCESS
SYNC,delta,491,200,0,100,SUCCESS
SYNC,delta,492,200,0,100,SUCCESS
SYNC,delta,493,200,0,100,SUCCESS
SYNC,delta,494,100,0,100,SUCCESS
SYNC,delta,495,200,0,100,SUCCESS
SYNC,delta,496,200,0,100,SUCCESS
SYNC,delta,497,200,0,100,SUCCESS
SYNC,delta,498,200,0,200,SUCCESS
SYNC,delta,499,200,0,100,SUCCESS
SYNC,delta,500,100,0,100,SUCCESS
SYNC,delta,501,100,0,100,SUCCESS
SYNC,delta,502,200,0,100,SUCCESS
SYNC,delta,503,200,0,100,SUCCESS
SYNC,delta,504,200,0,100,SUCCESS
SYNC,delta,505,200,0,200,SUCCESS
SYNC,delta,506,200,0,100,SUCCESS
SYNC,delta,507,200,0,100,SUCCESS
SYNC,delta,508,200,0,100,SUCCESS
SYNC,delta,509,100,0,100,SUCCESS
SYNC,delta,510,200,0,100,SUCCESS
SYNC,delta,511,200,0,100,SUCCESS
SYNC,delta,512,200,0,100,SUCCESS
SYNC,delta,513,100,0,100,SUCCESS
SYNC,delta,514,100,0,100,SUCCESS
SYNC,delta,515,200,0,100,SUCCESS
SYNC,delta,516,200,0,200,SUCCESS
SYNC,delta,517,200,0,100,SUCCESS
SYNC,delta,518,200,0,100,SUCCESS
SYNC,delta,519,200,0,100,SUCCESS
SYNC,delta,520,100,0,100,SUCCESS
SYNC,delta,521,200,0,100,SUCCESS
SYNC,delta,522,200,0,100,SUCCESS
SYNC,delta,523,200,0,100,SUCCESS
SYNC,delta,524,200,0,100,SUCCESS
SYNC,delta,525,200,0,100,SUCCESS
SYNC,delta,526,200,0,100,SUCCESS
SYNC,delta,527,100,0,100,SUCCESS
SYNC,delta,528,200,0,100,SUCCESS
SYNC,delta,529,100,0,100,SUCCESS
SYNC,delta,530,200,0,100,SUCCESS
SYNC,delta,531,200,0,100,SUCCESS
SYNC,delta,532,200,0,200,SUCCESS
SYNC,delta,533,200,0,100,SUCCESS
SYNC,delta,534,100,0,100,SUCCESS
SYNC,delta,535,100,0,100,SUCCESS
SYNC,delta,536,200,0,100,SUCCESS
SYNC,delta,537,100,0,100,SUCCESS
SYNC,delta,538,200,0,100,SUCCESS
SYNC,delta,539,200,0,200,SUCCESS
SYNC,delta,540,200,0,100,SUCCESS
SYNC,delta,541,100,0,100,SUCCESS
SYNC,delta,542,100,0,100,SUCCESS
SYNC,delta,543,200,0,100,SUCCESS
SYNC,delta,544,200,0,100,SUCCESS
SYNC,delta,545,200,0,100,SUCCESS
SYNC,delta,546,200,0,100,SUCCESS
SYNC,delta,547,100,0,100,SUCCESS
SYNC,delta,548,200,0,100,SUCCESS
SYNC,delta,549,200,0,200,SUCCESS
SYNC,delta,550,200,0,100,SUCCESS
SYNC,delta,551,200,0,100,SUCCESS
SYNC,delta,552,200,0,100,SUCCESS
SYNC,delta,553,200,0,100,SUCCESS
SYNC,delta,554,200,0,100,SUCCESS
SYNC,delta,555,100,0,100,SUCCESS
SYNC,delta,556,100,0,100,SUCCESS
SYNC,delta,557,200,0,100,SUCCESS
SYNC,delta,558,200,0,100,SUCCESS
SYNC,delta,559,200,0,100,SUCCESS
SYNC,delta,560,200,0,100,SUCCESS
SYNC,delta,561,100,0,100,SUCCESS
SYNC,delta,562,100,0,100,SUCCESS
SYNC,delta,563,200,0,100,SUCCESS
SYNC,delta,564,200,0,200,SUCCESS
SYNC,delta,565,200,0,100,SUCCESS
SYNC,delta,566,200,0,100,SUCCESS
SYNC,delta,567,100,0,100,SUCCESS
SYNC,delta,568,200,0,100,SUCCESS
SYNC,delta,569,200,0,100,SUCCESS
SYNC,delta,570,200,0,100,SUCCESS
SYNC,delta,571,200,0,100,SUCCESS
SYNC,delta,572,100,0,100,SUCCESS
SYNC,delta,573,200,0,100,SUCCESS
SYNC,delta,574,200,0,200,SUCCESS
SYNC,delta,575,200,0,100,SUCCESS
SYNC,delta,576,100,0,100,SUCCESS
SYNC,delta,577,100,0,100,SUCCESS
SYNC,delta,578,200,0,100,SUCCESS
SYNC,delta,579,200,0,100,SUCCESS
SYNC,delta,580,200,0,100,SUCCESS
SYNC,delta,581,100,0,100,SUCCESS
SYNC,delta,582,200,0,100,SUCCESS
SYNC,delta,583,200,0,100,SUCCESS
SYNC,delta,584,200,0,200,SUCCESS
SYNC,delta,585,200,0,200,SUCCESS
SYNC,delta,586,200,0,100,SUCCESS
SYNC,delta,587,100,0,100,SUCCESS
SYNC,delta,588,200,0,100,SUCCESS
SYNC,delta,589,200,0,200,SUCCESS
SYNC,delta,590,200,0,100,SUCCESS
SYNC,delta,591,100,0,100,SUCCESS
SYNC,delta,592,100,0,100,SUCCESS
SYNC,delta,593,200,0,100,SUCCESS
SYNC,delta,594,200,0,100,SUCCESS
SYNC,delta,595,200,0,100,SUCCESS
SYNC,delta,596,100,0,100,SUCCESS
SYNC,delta,597,200,0,200,SUCCESS
SYNC,delta,598,200,0,100,SUCCESS
SYNC,delta,599,100,0,100,SUCCESS
SYNC,delta,600,100,0,100,SUCCESS
SYNC,delta,601,200,0,100,SUCCESS
SYNC,delta,602,200,0,100,SUCCESS
SYNC,delta,603,200,0,100,SUCCESS
SYNC,delta,604,200,0,100,SUCCESS
SYNC,delta,605,100,0,100,SUCCESS
SYNC,delta,606,200,0,100,SUCCESS
SYNC,delta,607,200,0,100,SUCCESS
SYNC,delta,608,200,0,100,SUCCESS
SYNC,delta,609,200,0,100,SUCCESS
SYNC,delta,610,100,0,100,SUCCESS
SYNC,delta,611,200,0,100,SUCCESS
SYNC,delta,612,200,0,100,SUCCESS
SYNC,delta,613,200,0,100,SUCCESS
SYNC,delta,614,100,0,100,SUCCESS
SYNC,delta,615,200,0,100,SUCCESS
SYNC,delta,616,200,0,100,SUCCESS
SYNC,delta,617,200,0,100,SUCCESS
SYNC,delta,618,200,0,100,SUCCESS
SYNC,delta,619,100,0,100,SUCCESS
SYNC,delta,620,200,0,100,SUCCESS
SYNC,delta,621,200,0,200,SUCCESS
SYNC,delta,622,200,0,100,SUCCESS
SYNC,delta,623,100,0,100,SUCCESS
SYNC,delta,624,200,0,100,SUCCESS
SYNC,delta,625,200,0,100,SUCCESS
SYNC,delta,626,200,0,100,SUCCESS
SYNC,delta,627,200,0,100,SUCCESS
SYNC,delta,628,100,0,100,SUCCESS
SYNC,delta,629,200,0,100,SUCCESS
SYNC,delta,630,200,0,200,SUCCESS
SYNC,delta,631,200,0,100,SUCCESS
SYNC,delta,632,200,0,100,SUCCESS
SYNC,delta,633,200,0,100,SUCCESS
SYNC,delta,634,100,0,100,SUCCESS
SYNC,delta,635,100,0,100,SUCCESS
SYNC,delta,636,200,0,100,SUCCESS
SYNC,delta,637,200,0,200,SUCCESS
SYNC,delta,638,200,0,100,SUCCESS
SYNC,delta,639,100,0,100,SUCCESS
SYNC,delta,640,100,0,100,SUCCESS
SYNC,delta,641,200,0,100,SUCCESS
SYNC,delta,642,200,0,200,SUCCESS
SYNC,delta,643,200,0,100,SUCCESS
SYNC,delta,644,100,0,100,SUCCESS
SYNC,delta,645,200,0,100,SUCCESS
SYNC,delta,646,200,0,100,SUCCESS
SYNC,delta,647,200,0,100,SUCCESS
SYNC,delta,648,200,0,100,SUCCESS
SYNC,delta,649,100,0,100,SUCCESS
SYNC,delta,650,200,0,100,SUCCESS
SYNC,delta,651,200,0,200,SUCCESS
SYNC,delta,652,200,0,100,SUCCESS
SYNC,delta,653,100,0,100,SUCCESS
SYNC,delta,654,200,0,100,SUCCESS
SYNC,delta,655,200,0,100,SUCCESS
SYNC,delta,656,200,0,200,SUCCESS
SYNC,delta,657,200,0,100,SUCCESS
SYNC,delta,658,200,0,100,SUCCESS
SYNC,delta,659,200,0,100,SUCCESS
SYNC,delta,660,200,0,100,SUCCESS
SYNC,delta,661,200,0,200,SUCCESS
SYNC,delta,662,200,0,100,SUCCESS
SYNC,delta,663,100,0,100,SUCCESS
SYNC,delta,664,100,0,100,SUCCESS
SYNC,delta,665,200,0,100,SUCCESS
SYNC,delta,666,200,0,100,SUCCESS
SYNC,delta,667,200,0,100,SUCCESS
SYNC,delta,668,100,0,100,SUCCESS
SYNC,delta,669,200,0,100,SUCCESS
SYNC,delta,670,100,0,100,SUCCESS
SYNC,delta,671,200,0,100,SUCCESS
SYNC,delta,672,200,0,200,SUCCESS
SYNC,delta,673,200,0,100,SUCCESS
SYNC,delta,674,100,0,100,SUCCESS
SYNC,delta,675,200,0,100,SUCCESS
SYNC,delta,676,200,0,100,SUCCESS
SYNC,delta,677,200,0,100,SUCCESS
SYNC,delta,678,100,0,100,SUCCESS
SYNC,delta,679,200,0,100,SUCCESS
SYNC,delta,680,200,0,100,SUCCESS
SYNC,delta,681,200,0,200,SUCCESS
SYNC,delta,682,200,0,100,SUCCESS
SYNC,delta,683,200,0,100,SUCCESS
SYNC,delta,684,100,0,100,SUCCESS
SYNC,delta,685,100,0,100,SUCCESS
SYNC,delta,686,200,0,100,SUCCESS
SYNC,delta,687,200,0,100,SUCCESS
SYNC,delta,688,200,0,100,SUCCESS
SYNC,delta,689,100,0,100,SUCCESS
SYNC,delta,690,100,0,100,SUCCESS
SYNC,delta,691,200,0,100,SUCCESS
SYNC,delta,692,200,0,200,SUCCESS
SYNC,delta,693,200,0,100,SUCCESS
SYNC,delta,694,100,0,100,SUCCESS
SYNC,delta,695,200,0,100,SUCCESS
SYNC,delta,696,200,0,200,SUCCESS
SYNC,delta,697,200,0,100,SUCCESS
SYNC,delta,698,200,0,100,SUCCESS
SYNC,delta,699,200,0,100,SUCCESS
SYNC,delta,700,200,0,200,SUCCESS
SYNC,delta,701,200,0,100,SUCCESS
SYNC,delta,702,100,0,100,SUCCESS
SYNC,delta,703,100,0,100,SUCCESS
SYNC,delta,704,200,0,100,SUCCESS
SYNC,delta,705,200,0,100,SUCCESS
SYNC,delta,706,200,0,100,SUCCESS
SYNC,delta,707,200,0,100,SUCCESS
SYNC,delta,708,200,0,100,SUCCESS
SYNC,delta,709,100,0,100,SUCCESS
SYNC,delta,710,200,0,100,SUCCESS
SYNC,delta,711,200,0,200,SUCCESS
SYNC,delta,712,200,0,100,SUCCESS
SYNC,delta,713,100,0,100,SUCCESS
SYNC,delta,714,200,0,100,SUCCESS
SYNC,delta,715,200,0,100,SUCCESS
SYNC,delta,716,200,0,100,SUCCESS
SYNC,delta,717,200,0,100,SUCCESS
SYNC,delta,718,100,0,100,SUCCESS
SYNC,delta,719,200,0,100,SUCCESS
SYNC,delta,720,100,0,100,SUCCESS
SYNC,delta,721,100,0,100,SUCCESS
SYNC,delta,722,200,0,100,SUCCESS
SYNC,delta,723,200,0,100,SUCCESS
SYNC,delta,724,200,0,200,SUCCESS
SYNC,delta,725,200,0,100,SUCCESS
SYNC,delta,726,100,0,100,SUCCESS
SYNC,delta,727,200,0,100,SUCCESS
SYNC,delta,728,200,0,100,SUCCESS
SYNC,delta,729,200,0,200,SUCCESS
SYNC,delta,730,200,0,100,SUCCESS
SYNC,delta,731,100,0,100,SUCCESS
SYNC,delta,732,100,0,100,SUCCESS
SYNC,delta,733,200,0,100,SUCCESS
SYNC,delta,734,200,0,100,SUCCESS
SYNC,delta,735,200,0,100,SUCCESS
SYNC,delta,736,200,0,100,SUCCESS
SYNC,delta,737,100,0,100,SUCCESS
SYNC,delta,738,200,0,100,SUCCESS
SYNC,delta,739,200,0,100,SUCCESS
SYNC,delta,740,200,0,100,SUCCESS
SYNC,delta,741,200,0,100,SUCCESS
SYNC,delta,742,100,0,100,SUCCESS
SYNC,delta,743,200,0,100,SUCCESS
SYNC,delta,744,200,0,100,SUCCESS
SYNC,delta,745,100,0,100,SUCCESS
SYNC,delta,746,200,0,100,SUCCESS
SYNC,delta,747,100,0,100,SUCCESS
SYNC,delta,748,200,0,100,SUCCESS
SYNC,delta,749,200,0,200,SUCCESS
SYNC,delta,750,200,0,100,SUCCESS
SYNC,delta,751,200,0,100,SUCCESS
SYNC,delta,752,100,0,100,SUCCESS
SYNC,delta,753,200,0,100,SUCCESS
SYNC,delta,754,200,0,100,SUCCESS
SYNC,delta,755,200,0,100,SUCCESS
SYNC,delta,756,200,0,100,SUCCESS
SYNC,delta,757,200,0,100,SUCCESS
SYNC,delta,758,200,0,100,SUCCESS
SYNC,delta,759,100,0,100,SUCCESS
SYNC,delta,760,100,0,100,SUCCESS
SYNC,delta,761,200,0,100,SUCCESS
SYNC,delta,762,200,0,100,SUCCESS
SYNC,delta,763,200,0,100,SUCCESS
SYNC,delta,764,100,0,100,SUCCESS
SYNC,delta,765,100,0,100,SUCCESS
SYNC,delta,766,200,0,100,SUCCESS
SYNC,delta,767,200,0,200,SUCCESS
SYNC,delta,768,200,0,100,SUCCESS
SYNC,delta,769,100,0,100,SUCCESS
SYNC,delta,770,200,0,100,SUCCESS
SYNC,delta,771,100,0,100,SUCCESS
SYNC,delta,772,200,0,100,SUCCESS
SYNC,delta,773,200,0,200,SUCCESS
SYNC,delta,774,200,0,100,SUCCESS
SYNC,delta,775,100,0,100,SUCCESS
SYNC,delta,776,100,0,100,SUCCESS
SYNC,delta,777,200,0,100,SUCCESS
SYNC,delta,778,200,0,100,SUCCESS
SYNC,delta,779,200,0,100,SUCCESS
SYNC,delta,780,200,0,200,SUCCESS
SYNC,delta,781,200,0,100,SUCCESS
SYNC,delta,782,200,0,100,SUCCESS
SYNC,delta,783,100,0,100,SUCCESS
SYNC,delta,784,100,0,100,SUCCESS
SYNC,delta,785,200,0,100,SUCCESS
SYNC,delta,786,200,0,100,SUCCESS
SYNC,delta,787,200,0,100,SUCCESS
SYNC,delta,788,100,0,100,SUCCESS
SYNC,delta,789,200,0,100,SUCCESS
SYNC,delta,790,200,0,100,SUCCESS
SYNC,delta,791,200,0,100,SUCCESS
SYNC,delta,792,200,0,100,SUCCESS
SYNC,delta,793,200,0,100,SUCCESS
SYNC,delta,794,100,0,100,SUCCESS
SYNC,delta,795,200,0,100,SUCCESS
SYNC,delta,796,200,0,200,SUCCESS
SYNC,delta,797,200,0,100,SUCCESS
SYNC,delta,798,100,0,100,SUCCESS
SYNC,delta,799,200,0,100,SUCCESS
SYNC,delta,800,200,0,100,SUCCESS
SYNC,delta,801,200,0,100,SUCCESS
SYNC,delta,802,100,0,100,SUCCESS
SYNC,delta,803,200,0,100,SUCCESS
SYNC,delta,804,100,0,100,SUCCESS
SYNC,delta,805,100,0,100,SUCCESS
SYNC,delta,806,100,0,100,SUCCESS
SYNC,delta,807,200,0,100,SUCCESS
SYNC,delta,808,200,0,200,SUCCESS
SYNC,delta,809,200,0,100,SUCCESS
SYNC,delta,810,100,0,100,SUCCESS
SYNC,delta,811,100,0,100,SUCCESS
SYNC,delta,812,200,0,100,SUCCESS
SYNC,delta,813,200,0,100,SUCCESS
SYNC,delta,814,200,0,100,SUCCESS
SYNC,delta,815,200,0,100,SUCCESS
SYNC,delta,816,200,0,100,SUCCESS
SYNC,delta,817,200,0,200,SUCCESS
SYNC,delta,818,200,0,100,SUCCESS
SYNC,delta,819,200,0,200,SUCCESS
SYNC,delta,820,200,0,100,SUCCESS
SYNC,delta,821,100,0,100,SUCCESS
SYNC,delta,822,200,0,100,SUCCESS
SYNC,delta,823,200,0,100,SUCCESS
SYNC,delta,824,200,0,200,SUCCESS
SYNC,delta,825,200,0,100,SUCCESS
SYNC,delta,826,100,0,100,SUCCESS
SYNC,delta,827,200,0,100,SUCCESS
SYNC,delta,828,200,0,100,SUCCESS
SYNC,delta,829,200,0,100,SUCCESS
SYNC,delta,830,100,0,100,SUCCESS
SYNC,delta,831,100,0,100,SUCCESS
SYNC,delta,832,100,0,100,SUCCESS
SYNC,delta,833,200,0,100,SUCCESS
SYNC,delta,834,200,0,100,SUCCESS
SYNC,delta,835,200,0,100,SUCCESS
SYNC,delta,836,100,0,100,SUCCESS
SYNC,delta,837,200,0,100,SUCCESS
SYNC,delta,838,200,0,200,SUCCESS
SYNC,delta,839,200,0,100,SUCCESS
SYNC,delta,840,100,0,100,SUCCESS
SYNC,delta,841,100,0,100,SUCCESS
SYNC,delta,842,200,0,100,SUCCESS
SYNC,delta,843,200,0,200,SUCCESS
SYNC,delta,844,200,0,100,SUCCESS
SYNC,delta,845,100,0,100,SUCCESS
SYNC,delta,846,200,0,100,SUCCESS
SYNC,delta,847,200,0,100,SUCCESS
SYNC,delta,848,200,0,100,SUCCESS
SYNC,delta,849,200,0,100,SUCCESS
SYNC,delta,850,200,0,100,SUCCESS
SYNC,delta,851,200,0,100,SUCCESS
SYNC,delta,852,100,0,100,SUCCESS
SYNC,delta,853,200,0,100,SUCCESS
SYNC,delta,854,200,0,200,SUCCESS
SYNC,delta,855,200,0,100,SUCCESS
SYNC,delta,856,200,0,200,SUCCESS
SYNC,delta,857,200,0,100,SUCCESS
SYNC,delta,858,100,0,100,SUCCESS
SYNC,delta,859,200,0,100,SUCCESS
SYNC,delta,860,200,0,100,SUCCESS
SYNC,delta,861,200,0,100,SUCCESS
SYNC,delta,862,100,0,100,SUCCESS
SYNC,delta,863,200,0,100,SUCCESS
SYNC,delta,864,100,0,100,SUCCESS
SYNC,delta,865,100,0,100,SUCCESS
SYNC,delta,866,200,0,100,SUCCESS
SYNC,delta,867,200,0,200,SUCCESS
SYNC,delta,868,200,0,100,SUCCESS
SYNC,delta,869,100,0,100,SUCCESS
SYNC,delta,870,100,0,100,SUCCESS
SYNC,delta,871,100,0,100,SUCCESS
SYNC,delta,872,200,0,100,SUCCESS
SYNC,delta,873,200,0,200,SUCCESS
SYNC,delta,874,200,0,100,SUCCESS
SYNC,delta,875,100,0,100,SUCCESS
SYNC,delta,876,100,0,100,SUCCESS
SYNC,delta,877,100,0,100,SUCCESS
SYNC,delta,878,200,0,100,SUCCESS
SYNC,delta,879,100,0,100,SUCCESS
SYNC,delta,880,200,0,100,SUCCESS
SYNC,delta,881,200,0,100,SUCCESS
SYNC,delta,882,200,0,100,SUCCESS
SYNC,delta,883,200,0,100,SUCCESS
SYNC,delta,884,100,0,100,SUCCESS
SYNC,delta,885,200,0,100,SUCCESS
SYNC,delta,886,200,0,100,SUCCESS
SYNC,delta,887,200,0,100,SUCCESS
SYNC,delta,888,200,0,200,SUCCESS
SYNC,delta,889,200,0,100,SUCCESS
SYNC,delta,890,200,0,100,SUCCESS
SYNC,delta,891,200,0,100,SUCCESS
SYNC,delta,892,100,0,100,SUCCESS
SYNC,delta,893,200,0,100,SUCCESS
SYNC,delta,894,200,0,200,SUCCESS
SYNC,delta,895,200,0,100,SUCCESS
SYNC,delta,896,200,0,100,SUCCESS
SYNC,delta,897,100,0,100,SUCCESS
SYNC,delta,898,200,0,100,SUCCESS
SYNC,delta,899,100,0,100,SUCCESS
SYNC,delta,900,200,0,100,SUCCESS
SYNC,delta,901,200,0,100,SUCCESS
SYNC,delta,902,200,0,100,SUCCESS
SYNC,delta,903,200,0,100,SUCCESS
SYNC,delta,904,200,0,100,SUCCESS
SYNC,delta,905,100,0,100,SUCCESS
SYNC,delta,906,200,0,100,SUCCESS
SYNC,delta,907,200,0,200,SUCCESS
SYNC,delta,908,200,0,100,SUCCESS
SYNC,delta,909,100,0,100,SUCCESS
SYNC,delta,910,200,0,100,SUCCESS
SYNC,delta,911,200,0,100,SUCCESS
SYNC,delta,912,200,0,200,SUCCESS
SYNC,delta,913,200,0,100,SUCCESS
SYNC,delta,914,100,0,100,SUCCESS
SYNC,delta,915,200,0,100,SUCCESS
SYNC,delta,916,200,0,100,SUCCESS
SYNC,delta,917,200,0,100,SUCCESS
SYNC,delta,918,200,0,100,SUCCESS
SYNC,delta,919,200,0,100,SUCCESS
SYNC,delta,920,100,0,100,SUCCESS
SYNC,delta,921,100,0,100,SUCCESS
SYNC,delta,922,200,0,100,SUCCESS
SYNC,delta,923,200,0,200,SUCCESS
SYNC,delta,924,200,0,100,SUCCESS
SYNC,delta,925,200,0,100,SUCCESS
SYNC,delta,926,200,0,100,SUCCESS
SYNC,delta,927,200,0,100,SUCCESS
SYNC,delta,928,100,0,100,SUCCESS
SYNC,delta,929,200,0,100,SUCCESS
SYNC,delta,930,200,0,200,SUCCESS
SYNC,delta,931,200,0,100,SUCCESS
SYNC,delta,932,100,0,100,SUCCESS
SYNC,delta,933,100,0,100,SUCCESS
SYNC,delta,934,200,0,100,SUCCESS
SYNC,delta,935,200,0,100,SUCCESS
SYNC,delta,936,200,0,100,SUCCESS
SYNC,delta,937,100,0,100,SUCCESS
SYNC,delta,938,200,0,100,SUCCESS
SYNC,delta,939,200,0,100,SUCCESS
SYNC,delta,940,200,0,100,SUCCESS
SYNC,delta,941,200,0,100,SUCCESS
SYNC,delta,942,200,0,100,SUCCESS
SYNC,delta,943,100,0,100,SUCCESS
SYNC,delta,944,100,0,100,SUCCESS
SYNC,delta,945,200,0,100,SUCCESS
SYNC,delta,946,200,0,200,SUCCESS
SYNC,delta,947,200,0,100,SUCCESS
SYNC,delta,948,100,0,100,SUCCESS
SYNC,delta,949,200,0,100,SUCCESS
SYNC,delta,950,200,0,200,SUCCESS
SYNC,delta,951,200,0,200,SUCCESS
SYNC,delta,952,200,0,100,SUCCESS
SYNC,delta,953,100,0,100,SUCCESS
SYNC,delta,954,200,0,100,SUCCESS
SYNC,delta,955,200,0,100,SUCCESS
SYNC,delta,956,200,0,100,SUCCESS
SYNC,delta,957,200,0,100,SUCCESS
SYNC,delta,958,200,0,100,SUCCESS
SYNC,delta,959,200,0,100,SUCCESS
SYNC,delta,960,100,0,100,SUCCESS
SYNC,delta,961,200,0,100,SUCCESS
SYNC,delta,962,200,0,100,SUCCESS
SYNC,delta,963,200,0,100,SUCCESS
SYNC,delta,964,200,0,200,SUCCESS
SYNC,delta,965,200,0,100,SUCCESS
SYNC,delta,966,100,0,100,SUCCESS
SYNC,delta,967,100,0,100,SUCCESS
SYNC,delta,968,200,0,100,SUCCESS
SYNC,delta,969,200,0,100,SUCCESS
SYNC,delta,970,200,0,100,SUCCESS
SYNC,delta,971,100,0,100,SUCCESS
SYNC,delta,972,100,0,100,SUCCESS
SYNC,delta,973,200,0,100,SUCCESS
SYNC,delta,974,200,0,100,SUCCESS
SYNC,delta,975,200,0,100,SUCCESS
SYNC,delta,976,200,0,100,SUCCESS
SYNC,delta,977,200,0,200,SUCCESS
SYNC,delta,978,200,0,100,SUCCESS
SYNC,delta,979,200,0,100,SUCCESS
SYNC,delta,980,100,0,100,SUCCESS
SYNC,delta,981,200,0,100,SUCCESS
SYNC,delta,982,200,0,200,SUCCESS
SYNC,delta,983,200,0,100,SUCCESS
SYNC,delta,984,100,0,100,SUCCESS
SYNC,delta,985,100,0,100,SUCCESS
SYNC,delta,986,200,0,100,SUCCESS
SYNC,delta,987,200,0,100,SUCCESS
SYNC,delta,988,200,0,100,SUCCESS
SYNC,delta,989,100,0,100,SUCCESS
SYNC,delta,990,200,0,100,SUCCESS
SYNC,delta,991,200,0,200,SUCCESS
SYNC,delta,992,200,0,100,SUCCESS
SYNC,delta,993,200,0,100,SUCCESS
SYNC,delta,994,100,0,100,SUCCESS
SYNC,delta,995,200,0,100,SUCCESS
SYNC,delta,996,200,0,100,SUCCESS
SYNC,delta,997,200,0,100,SUCCESS
SYNC,delta,998,100,0,100,SUCCESS
SYNC,delta,999,200,0,100,SUCCESS
SYNC,epsilon,0,1000,0,900,SUCCESS
SYNC,epsilon,1,900,0,900,SUCCESS
SYNC,epsilon,2,900,0,800,SUCCESS
SYNC,epsilon,3,1000,0,900,SUCCESS
SYNC,epsilon,4,700,0,700,SUCCESS
SYNC,epsilon,5,700,0,700,SUCCESS
SYNC,epsilon,6,800,0,700,SUCCESS
SYNC,epsilon,7,800,0,700,SUCCESS
SYNC,epsilon,8,800,0,700,SUCCESS
SYNC,epsilon,9,800,0,600,SUCCESS
SYNC,epsilon,10,800,0,600,SUCCESS
SYNC,epsilon,11,700,0,700,SUCCESS
SYNC,epsilon,12,800,0,700,SUCCESS
SYNC,epsilon,13,800,0,800,SUCCESS
SYNC,epsilon,14,800,0,700,SUCCESS
SYNC,epsilon,15,800,0,700,SUCCESS
SYNC,epsilon,16,700,0,700,SUCCESS
SYNC,epsilon,17,700,0,700,SUCCESS
SYNC,epsilon,18,800,0,700,SUCCESS
SYNC,epsilon,19,800,0,600,SUCCESS
SYNC,epsilon,20,700,0,700,SUCCESS
SYNC,epsilon,21,800,0,700,SUCCESS
SYNC,epsilon,22,800,0,600,SUCCESS
SYNC,epsilon,23,700,0,700,SUCCESS
SYNC,epsilon,24,700,0,700,SUCCESS
SYNC,epsilon,25,700,0,700,SUCCESS
SYNC,epsilon,26,800,0,700,SUCCESS
SYNC,epsilon,27,700,0,700,SUCCESS
SYNC,epsilon,28,800,0,700,SUCCESS
SYNC,epsilon,29,800,0,700,SUCCESS
SYNC,epsilon,30,700,0,700,SUCCESS
SYNC,epsilon,31,700,0,700,SUCCESS
SYNC,epsilon,32,800,0,600,SUCCESS
SYNC,epsilon,33,900,0,700,SUCCESS
SYNC,epsilon,34,900,0,900,SUCCESS
SYNC,epsilon,35,900,0,900,SUCCESS
SYNC,epsilon,36,1000,0,900,SUCCESS
SYNC,epsilon,37,1000,0,900,SUCCESS
SYNC,epsilon,38,1000,0,900,SUCCESS
SYNC,epsilon,39,1000,0,800,SUCCESS
SYNC,epsilon,40,1000,0,900,SUCCESS
SYNC,epsilon,41,1000,0,800,SUCCESS
SYNC,epsilon,42,1000,0,900,SUCCESS
SYNC,epsilon,43,1000,0,900,SUCCESS
SYNC,epsilon,44,1000,0,900,SUCCESS
SYNC,epsilon,45,1000,0,900,SUCCESS
SYNC,epsilon,46,1000,0,900,SUCCESS
SYNC,epsilon,47,900,0,900,SUCCESS
SYNC,epsilon,48,900,0,900,SUCCESS
SYNC,epsilon,49,1000,0,900,SUCCESS
SYNC,epsilon,50,1000,0,900,SUCCESS
SYNC,epsilon,51,900,0,900,SUCCESS
SYNC,epsilon,52,1000,0,900,SUCCESS
SYNC,epsilon,53,1000,0,900,SUCCESS
SYNC,epsilon,54,900,0,900,SUCCESS
SYNC,epsilon,55,900,0,900,SUCCESS
SYNC,epsilon,56,1000,0,900,SUCCESS
SYNC,epsilon,57,1000,0,900,SUCCESS
SYNC,epsilon,58,1000,0,900,SUCCESS
SYNC,epsilon,59,1000,0,900,SUCCESS
SYNC,epsilon,60,900,0,900,SUCCESS
SYNC,epsilon,61,1000,0,900,SUCCESS
SYNC,epsilon,62,1000,0,900,SUCCESS
SYNC,epsilon,63,1000,0,900,SUCCESS
SYNC,epsilon,64,1000,0,900,SUCCESS
SYNC,epsilon,65,900,0,900,SUCCESS
SYNC,epsilon,66,1000,0,900,SUCCESS
SYNC,epsilon,67,900,0,900,SUCCESS
SYNC,epsilon,68,900,0,900,SUCCESS
SYNC,epsilon,69,1000,0,900,SUCCESS
SYNC,epsilon,70,900,0,900,SUCCESS
SYNC,epsilon,71,1000,0,900,SUCCESS
SYNC,epsilon,72,1000,0,900,SUCCESS
SYNC,epsilon,73,1000,0,800,SUCCESS
SYNC,epsilon,74,1000,0,900,SUCCESS
SYNC,epsilon,75,1000,0,900,SUCCESS
SYNC,epsilon,76,1000,0,900,SUCCESS
SYNC,epsilon,77,1000,0,900,SUCCESS
SYNC,epsilon,78,900,0,900,SUCCESS
SYNC,epsilon,79,1000,0,900,SUCCESS
SYNC,epsilon,80,1000,0,900,SUCCESS
SYNC,epsilon,81,1000,0,800,SUCCESS
SYNC,epsilon,82,1000,0,900,SUCCESS
SYNC,epsilon,83,1000,0,900,SUCCESS
SYNC,epsilon,84,1000,0,900,SUCCESS
SYNC,epsilon,85,1000,0,900,SUCCESS
SYNC,epsilon,86,900,0,900,SUCCESS
SYNC,epsilon,87,1000,0,900,SUCCESS
SYNC,epsilon,88,1000,0,900,SUCCESS
SYNC,epsilon,89,1000,0,900,SUCCESS
SYNC,epsilon,90,900,0,900,SUCCESS
SYNC,epsilon,91,900,0,900,SUCCESS
SYNC,epsilon,92,1000,0,900,SUCCESS
SYNC,epsilon,93,1000,0,900,SUCCESS
SYNC,epsilon,94,1000,0,800,SUCCESS
SYNC,epsilon,95,1000,0,900,SUCCESS
SYNC,epsilon,96,900,0,900,SUCCESS
SYNC,epsilon,97,1000,0,900,SUCCESS
SYNC,epsilon,98,900,0,900,SUCCESS
SYNC,epsilon,99,1000,0,900,SUCCESS
SYNC,epsilon,100,1000,0,900,SUCCESS
SYNC,epsilon,101,1000,0,900,SUCCESS
SYNC,epsilon,102,1000,0,900,SUCCESS
SYNC,epsilon,103,1000,0,900,SUCCESS
SYNC,epsilon,104,1000,0,900,SUCCESS
SYNC,epsilon,105,1000,0,900,SUCCESS
SYNC,epsilon,106,1000,0,900,SUCCESS
SYNC,epsilon,107,900,0,900,SUCCESS
SYNC,epsilon,108,900,0,900,SUCCESS
SYNC,epsilon,109,900,0,900,SUCCESS
SYNC,epsilon,110,900,0,900,SUCCESS
SYNC,epsilon,111,1000,0,900,SUCCESS
SYNC,epsilon,112,1000,0,900,SUCCESS
SYNC,epsilon,113,1000,0,900,SUCCESS
SYNC,epsilon,114,1000,0,900,SUCCESS
SYNC,epsilon,115,900,0,900,SUCCESS
SYNC,epsilon,116,1000,0,900,SUCCESS
SYNC,epsilon,117,1000,0,800,SUCCESS
SYNC,epsilon,118,900,0,900,SUCCESS
SYNC,epsilon,119,900,0,900,SUCCESS
SYNC,epsilon,120,1000,0,900,SUCCESS
SYNC,epsilon,121,1000,0,900,SUCCESS
SYNC,epsilon,122,1000,0,900,SUCCESS
SYNC,epsilon,123,900,0,900,SUCCESS
SYNC,epsilon,124,900,0,900,SUCCESS
SYNC,epsilon,125,1000,0,900,SUCCESS
SYNC,epsilon,126,900,0,900,SUCCESS
SYNC,epsilon,127,900,0,900,SUCCESS
SYNC,epsilon,128,1000,0,900,SUCCESS
SYNC,epsilon,129,1000,0,800,SUCCESS
SYNC,epsilon,130,1000,0,900,SUCCESS
SYNC,epsilon,131,1000,0,900,SUCCESS
SYNC,epsilon,132,1000,0,900,SUCCESS
SYNC,epsilon,133,1000,0,900,SUCCESS
SYNC,epsilon,134,1000,0,900,SUCCESS
SYNC,epsilon,135,1000,0,900,SUCCESS
SYNC,epsilon,136,1000,0,900,SUCCESS
SYNC,epsilon,137,1000,0,900,SUCCESS
SYNC,epsilon,138,1000,0,900,SUCCESS
SYNC,epsilon,139,1000,0,900,SUCCESS
SYNC,epsilon,140,1000,0,900,SUCCESS
SYNC,epsilon,141,1000,0,900,SUCCESS
SYNC,epsilon,142,1000,0,900,SUCCESS
SYNC,epsilon,143,1000,0,900,SUCCESS
SYNC,epsilon,144,2000,0,1900,SUCCESS
SYNC,epsilon,145,700,0,700,SUCCESS
SYNC,epsilon,146,700,0,700,SUCCESS
SYNC,epsilon,147,700,0,700,SUCCESS
SYNC,epsilon,148,700,0,700,SUCCESS
SYNC,epsilon,149,700,0,700,SUCCESS
SYNC,epsilon,150,700,0,700,SUCCESS
SYNC,epsilon,151,800,0,700,SUCCESS
SYNC,epsilon,152,800,0,700,SUCCESS
SYNC,epsilon,153,800,0,700,SUCCESS
SYNC,epsilon,154,800,0,700,SUCCESS
SYNC,epsilon,155,800,0,600,SUCCESS
SYNC,epsilon,156,800,0,700,SUCCESS
SYNC,epsilon,157,700,0,700,SUCCESS
SYNC,epsilon,158,800,0,700,SUCCESS
SYNC,epsilon,159,700,0,700,SUCCESS
SYNC,epsilon,160,700,0,700,SUCCESS
SYNC,epsilon,161,800,0,700,SUCCESS
SYNC,epsilon,162,800,0,700,SUCCESS
SYNC,epsilon,163,700,0,700,SUCCESS
SYNC,epsilon,164,800,0,700,SUCCESS
SYNC,epsilon,165,800,0,600,SUCCESS
SYNC,epsilon,166,700,0,700,SUCCESS
SYNC,epsilon,167,700,0,700,SUCCESS
SYNC,epsilon,168,800,0,700,SUCCESS
SYNC,epsilon,169,800,0,600,SUCCESS
SYNC,epsilon,170,800,0,700,SUCCESS
SYNC,epsilon,171,700,0,700,SUCCESS
SYNC,epsilon,172,800,0,700,SUCCESS
SYNC,epsilon,173,800,0,700,SUCCESS
SYNC,epsilon,174,800,0,600,SUCCESS
SYNC,epsilon,175,800,0,700,SUCCESS
SYNC,epsilon,176,700,0,700,SUCCESS
SYNC,epsilon,177,700,0,700,SUCCESS
SYNC,epsilon,178,700,0,700,SUCCESS
SYNC,epsilon,179,700,0,700,SUCCESS
SYNC,epsilon,180,800,0,700,SUCCESS
SYNC,epsilon,181,800,0,700,SUCCESS
SYNC,epsilon,182,800,0,600,SUCCESS
SYNC,epsilon,183,800,0,600,SUCCESS
SYNC,epsilon,184,800,0,700,SUCCESS
SYNC,epsilon,185,700,0,700,SUCCESS
SYNC,epsilon,186,700,0,700,SUCCESS
SYNC,epsilon,187,700,0,700,SUCCESS
SYNC,epsilon,188,800,0,700,SUCCESS
SYNC,epsilon,189,700,0,700,SUCCESS
SYNC,epsilon,190,800,0,700,SUCCESS
SYNC,epsilon,191,800,0,700,SUCCESS
SYNC,epsilon,192,800,0,700,SUCCESS
SYNC,epsilon,193,700,0,700,SUCCESS
SYNC,epsilon,194,700,0,700,SUCCESS
SYNC,epsilon,195,700,0,700,SUCCESS
SYNC,epsilon,196,700,0,700,SUCCESS
SYNC,epsilon,197,700,0,700,SUCCESS
SYNC,epsilon,198,700,0,700,SUCCESS
SYNC,epsilon,199,700,0,700,SUCCESS
SYNC,epsilon,200,700,0,700,SUCCESS
SYNC,epsilon,201,700,0,700,SUCCESS
SYNC,epsilon,202,800,0,700,SUCCESS
SYNC,epsilon,203,800,0,700,SUCCESS
SYNC,epsilon,204,800,0,700,SUCCESS
SYNC,epsilon,205,800,0,600,SUCCESS
SYNC,epsilon,206,800,0,600,SUCCESS
SYNC,epsilon,207,800,0,700,SUCCESS
SYNC,epsilon,208,700,0,700,SUCCESS
SYNC,epsilon,209,700,0,700,SUCCESS
SYNC,epsilon,210,700,0,700,SUCCESS
SYNC,epsilon,211,700,0,700,SUCCESS
SYNC,epsilon,212,800,0,600,SUCCESS
SYNC,epsilon,213,800,0,700,SUCCESS
SYNC,epsilon,214,800,0,700,SUCCESS
SYNC,epsilon,215,700,0,700,SUCCESS
SYNC,epsilon,216,700,0,700,SUCCESS
SYNC,epsilon,217,700,0,700,SUCCESS
SYNC,epsilon,218,700,0,700,SUCCESS
SYNC,epsilon,219,800,0,700,SUCCESS
SYNC,epsilon,220,700,0,700,SUCCESS
SYNC,epsilon,221,700,0,700,SUCCESS
SYNC,epsilon,222,700,0,700,SUCCESS
SYNC,epsilon,223,800,0,600,SUCCESS
SYNC,epsilon,224,800,0,700,SUCCESS
SYNC,epsilon,225,700,0,700,SUCCESS
SYNC,epsilon,226,800,0,700,SUCCESS
SYNC,epsilon,227,700,0,700,SUCCESS
SYNC,epsilon,228,700,0,700,SUCCESS
SYNC,epsilon,229,700,0,700,SUCCESS
SYNC,epsilon,230,700,0,700,SUCCESS
SYNC,epsilon,231,700,0,700,SUCCESS
SYNC,epsilon,232,700,0,700,SUCCESS
SYNC,epsilon,233,800,0,700,SUCCESS
SYNC,epsilon,234,800,0,700,SUCCESS
SYNC,epsilon,235,800,0,700,SUCCESS
SYNC,epsilon,236,800,0,700,SUCCESS
SYNC,epsilon,237,800,0,700,SUCCESS
SYNC,epsilon,238,800,0,700,SUCCESS
SYNC,epsilon,239,800,0,600,SUCCESS
SYNC,epsilon,240,800,0,700,SUCCESS
SYNC,epsilon,241,800,0,700,SUCCESS
SYNC,epsilon,242,800,0,700,SUCCESS
SYNC,epsilon,243,800,0,700,SUCCESS
SYNC,epsilon,244,800,0,700,SUCCESS
SYNC,epsilon,245,800,0,700,SUCCESS
SYNC,epsilon,246,800,0,600,SUCCESS
SYNC,epsilon,247,800,0,700,SUCCESS
SYNC,epsilon,248,800,0,600,SUCCESS
SYNC,epsilon,249,800,0,700,SUCCESS
SYNC,epsilon,250,700,0,700,SUCCESS
SYNC,epsilon,251,700,0,700,SUCCESS
SYNC,epsilon,252,700,0,700,SUCCESS
SYNC,epsilon,253,700,0,700,SUCCESS
SYNC,epsilon,254,700,0,700,SUCCESS
SYNC,epsilon,255,700,0,700,SUCCESS
SYNC,epsilon,256,700,0,700,SUCCESS
SYNC,epsilon,257,800,0,700,SUCCESS
SYNC,epsilon,258,700,0,700,SUCCESS
SYNC,epsilon,259,800,0,700,SUCCESS
SYNC,epsilon,260,700,0,700,SUCCESS
SYNC,epsilon,261,800,0,700,SUCCESS
SYNC,epsilon,262,700,0,700,SUCCESS
SYNC,epsilon,263,700,0,700,SUCCESS
SYNC,epsilon,264,700,0,700,SUCCESS
SYNC,epsilon,265,700,0,700,SUCCESS
SYNC,epsilon,266,700,0,700,SUCCESS
SYNC,epsilon,267,800,0,700,SUCCESS
SYNC,epsilon,268,800,0,700,SUCCESS
SYNC,epsilon,269,800,0,600,SUCCESS
SYNC,epsilon,270,800,0,600,SUCCESS
SYNC,epsilon,271,800,0,700,SUCCESS
SYNC,epsilon,272,800,0,600,SUCCESS
SYNC,epsilon,273,800,0,700,SUCCESS
SYNC,epsilon,274,800,0,700,SUCCESS
SYNC,epsilon,275,800,0,700,SUCCESS
SYNC,epsilon,276,700,0,700,SUCCESS
SYNC,epsilon,277,700,0,700,SUCCESS
SYNC,epsilon,278,700,0,700,SUCCESS
SYNC,epsilon,279,700,0,700,SUCCESS
SYNC,epsilon,280,700,0,700,SUCCESS
SYNC,epsilon,281,800,0,700,SUCCESS
SYNC,epsilon,282,800,0,700,SUCCESS
SYNC,epsilon,283,800,0,700,SUCCESS
SYNC,epsilon,284,800,0,600,SUCCESS
SYNC,epsilon,285,800,0,700,SUCCESS
SYNC,epsilon,286,800,0,600,SUCCESS
SYNC,epsilon,287,800,0,700,SUCCESS
SYNC,epsilon,288,800,0,600,SUCCESS
SYNC,epsilon,289,800,0,700,SUCCESS
SYNC,epsilon,290,800,0,700,SUCCESS
SYNC,epsilon,291,800,0,700,SUCCESS
SYNC,epsilon,292,800,0,700,SUCCESS
SYNC,epsilon,293,800,0,700,SUCCESS
SYNC,epsilon,294,700,0,700,SUCCESS
SYNC,epsilon,295,700,0,700,SUCCESS
SYNC,epsilon,296,800,0,700,SUCCESS
SYNC,epsilon,297,800,0,700,SUCCESS
SYNC,epsilon,298,800,0,700,SUCCESS
SYNC,epsilon,299,800,0,600,SUCCESS
SYNC,epsilon,300,800,0,700,SUCCESS
SYNC,epsilon,301,800,0,700,SUCCESS
SYNC,epsilon,302,800,0,600,SUCCESS
SYNC,epsilon,303,800,0,700,SUCCESS
SYNC,epsilon,304,800,0,600,SUCCESS
SYNC,epsilon,305,800,0,700,SUCCESS
SYNC,epsilon,306,800,0,600,SUCCESS
SYNC,epsilon,307,800,0,700,SUCCESS
SYNC,epsilon,308,800,0,700,SUCCESS
SYNC,epsilon,309,800,0,600,SUCCESS
SYNC,epsilon,310,800,0,700,SUCCESS
SYNC,epsilon,311,800,0,600,SUCCESS
SYNC,epsilon,312,800,0,700,SUCCESS
SYNC,epsilon,313,700,0,700,SUCCESS
SYNC,epsilon,314,800,0,700,SUCCESS
SYNC,epsilon,315,700,0,700,SUCCESS
SYNC,epsilon,316,700,0,700,SUCCESS
SYNC,epsilon,317,700,0,700,SUCCESS
SYNC,epsilon,318,700,0,700,SUCCESS
SYNC,epsilon,319,700,0,700,SUCCESS
SYNC,epsilon,320,800,0,700,SUCCESS
SYNC,epsilon,321,700,0,700,SUCCESS
SYNC,epsilon,322,700,0,700,SUCCESS
SYNC,epsilon,323,700,0,700,SUCCESS
SYNC,epsilon,324,700,0,700,SUCCESS
SYNC,epsilon,325,700,0,700,SUCCESS
SYNC,epsilon,326,700,0,700,SUCCESS
SYNC,epsilon,327,700,0,700,SUCCESS
SYNC,epsilon,328,700,0,700,SUCCESS
SYNC,epsilon,329,800,0,600,SUCCESS
SYNC,epsilon,330,700,0,700,SUCCESS
SYNC,epsilon,331,700,0,700,SUCCESS
SYNC,epsilon,332,700,0,700,SUCCESS
SYNC,epsilon,333,700,0,700,SUCCESS
SYNC,epsilon,334,800,0,700,SUCCESS
SYNC,epsilon,335,800,0,600,SUCCESS
SYNC,epsilon,336,800,0,700,SUCCESS
SYNC,epsilon,337,800,0,700,SUCCESS
SYNC,epsilon,338,700,0,700,SUCCESS
SYNC,epsilon,339,700,0,700,SUCCESS
SYNC,epsilon,340,700,0,700,SUCCESS
SYNC,epsilon,341,700,0,700,SUCCESS
SYNC,epsilon,342,700,0,700,SUCCESS
SYNC,epsilon,343,700,0,700,SUCCESS
SYNC,epsilon,344,700,0,700,SUCCESS
SYNC,epsilon,345,700,0,700,SUCCESS
SYNC,epsilon,346,700,0,700,SUCCESS
SYNC,epsilon,347,800,0,700,SUCCESS
SYNC,epsilon,348,800,0,700,SUCCESS
SYNC,epsilon,349,800,0,600,SUCCESS
SYNC,epsilon,350,800,0,700,SUCCESS
SYNC,epsilon,351,800,0,700,SUCCESS
SYNC,epsilon,352,700,0,700,SUCCESS
SYNC,epsilon,353,700,0,700,SUCCESS
SYNC,epsilon,354,700,0,700,SUCCESS
SYNC,epsilon,355,700,0,700,SUCCESS
SYNC,epsilon,356,800,0,700,SUCCESS
SYNC,epsilon,357,800,0,700,SUCCESS
SYNC,epsilon,358,700,0,700,SUCCESS
SYNC,epsilon,359,700,0,700,SUCCESS
SYNC,epsilon,360,700,0,700,SUCCESS
SYNC,epsilon,361,700,0,700,SUCCESS
SYNC,epsilon,362,700,0,700,SUCCESS
SYNC,epsilon,363,700,0,700,SUCCESS
SYNC,epsilon,364,800,0,600,SUCCESS
SYNC,epsilon,365,700,0,700,SUCCESS
SYNC,epsilon,366,700,0,700,SUCCESS
SYNC,epsilon,367,800,0,700,SUCCESS
SYNC,epsilon,368,800,0,600,SUCCESS
SYNC,epsilon,369,800,0,700,SUCCESS
SYNC,epsilon,370,800,0,600,SUCCESS
SYNC,epsilon,371,800,0,700,SUCCESS
SYNC,epsilon,372,800,0,700,SUCCESS
SYNC,epsilon,373,800,0,700,SUCCESS
SYNC,epsilon,374,700,0,700,SUCCESS
SYNC,epsilon,375,700,0,700,SUCCESS
SYNC,epsilon,376,700,0,700,SUCCESS
SYNC,epsilon,377,800,0,700,SUCCESS
SYNC,epsilon,378,700,0,700,SUCCESS
SYNC,epsilon,379,800,0,700,SUCCESS
SYNC,epsilon,380,700,0,700,SUCCESS
SYNC,epsilon,381,700,0,700,SUCCESS
SYNC,epsilon,382,700,0,700,SUCCESS
SYNC,epsilon,383,700,0,700,SUCCESS
SYNC,epsilon,384,800,0,700,SUCCESS
SYNC,epsilon,385,800,0,600,SUCCESS
SYNC,epsilon,386,700,0,700,SUCCESS
SYNC,epsilon,387,700,0,700,SUCCESS
SYNC,epsilon,388,800,0,700,SUCCESS
SYNC,epsilon,389,700,0,700,SUCCESS
SYNC,epsilon,390,700,0,700,SUCCESS
SYNC,epsilon,391,700,0,700,SUCCESS
SYNC,epsilon,392,800,0,600,SUCCESS
SYNC,epsilon,393,800,0,600,SUCCESS
SYNC,epsilon,394,800,0,600,SUCCESS
SYNC,epsilon,395,800,0,700,SUCCESS
SYNC,epsilon,396,800,0,600,SUCCESS
SYNC,epsilon,397,700,0,700,SUCCESS
SYNC,epsilon,398,700,0,700,SUCCESS
SYNC,epsilon,399,700,0,700,SUCCESS
SYNC,epsilon,400,700,0,700,SUCCESS
SYNC,epsilon,401,800,0,700,SUCCESS
SYNC,epsilon,402,800,0,700,SUCCESS
SYNC,epsilon,403,800,0,700,SUCCESS
SYNC,epsilon,404,800,0,700,SUCCESS
SYNC,epsilon,405,800,0,600,SUCCESS
SYNC,epsilon,406,800,0,600,SUCCESS
SYNC,epsilon,407,800,0,700,SUCCESS
SYNC,epsilon,408,700,0,700,SUCCESS
SYNC,epsilon,409,700,0,700,SUCCESS
SYNC,epsilon,410,700,0,700,SUCCESS
SYNC,epsilon,411,700,0,700,SUCCESS
SYNC,epsilon,412,700,0,700,SUCCESS
SYNC,epsilon,413,700,0,700,SUCCESS
SYNC,epsilon,414,700,0,700,SUCCESS
SYNC,epsilon,415,800,0,700,SUCCESS
SYNC,epsilon,416,800,0,600,SUCCESS
SYNC,epsilon,417,800,0,700,SUCCESS
SYNC,epsilon,418,700,0,700,SUCCESS
SYNC,epsilon,419,800,0,700,SUCCESS
SYNC,epsilon,420,700,0,700,SUCCESS
SYNC,epsilon,421,700,0,700,SUCCESS
SYNC,epsilon,422,700,0,700,SUCCESS
SYNC,epsilon,423,800,0,700,SUCCESS
SYNC,epsilon,424,800,0,700,SUCCESS
SYNC,epsilon,425,700,0,700,SUCCESS
SYNC,epsilon,426,800,0,700,SUCCESS
SYNC,epsilon,427,800,0,700,SUCCESS
SYNC,epsilon,428,800,0,700,SUCCESS
SYNC,epsilon,429,700,0,700,SUCCESS
SYNC,epsilon,430,700,0,700,SUCCESS
SYNC,epsilon,431,700,0,700,SUCCESS
SYNC,epsilon,432,700,0,700,SUCCESS
SYNC,epsilon,433,700,0,700,SUCCESS
SYNC,epsilon,434,700,0,700,SUCCESS
SYNC,epsilon,435,700,0,700,SUCCESS
SYNC,epsilon,436,800,0,700,SUCCESS
SYNC,epsilon,437,700,0,700,SUCCESS
SYNC,epsilon,438,700,0,700,SUCCESS
SYNC,epsilon,439,700,0,700,SUCCESS
SYNC,epsilon,440,700,0,700,SUCCESS
SYNC,epsilon,441,700,0,700,SUCCESS
SYNC,epsilon,442,700,0,700,SUCCESS
SYNC,epsilon,443,700,0,700,SUCCESS
SYNC,epsilon,444,700,0,700,SUCCESS
SYNC,epsilon,445,700,0,700,SUCCESS
SYNC,epsilon,446,800,0,700,SUCCESS
SYNC,epsilon,447,800,0,700,SUCCESS
SYNC,epsilon,448,800,0,700,SUCCESS
SYNC,epsilon,449,800,0,700,SUCCESS
SYNC,epsilon,450,700,0,700,SUCCESS
SYNC,epsilon,451,800,0,700,SUCCESS
SYNC,epsilon,452,800,0,700,SUCCESS
SYNC,epsilon,453,800,0,700,SUCCESS
SYNC,epsilon,454,700,0,700,SUCCESS
SYNC,epsilon,455,700,0,700,SUCCESS
SYNC,epsilon,456,800,0,700,SUCCESS
SYNC,epsilon,457,800,0,600,SUCCESS
SYNC,epsilon,458,800,0,700,SUCCESS
SYNC,epsilon,459,800,0,600,SUCCESS
SYNC,epsilon,460,800,0,700,SUCCESS
SYNC,epsilon,461,800,0,700,SUCCESS
SYNC,epsilon,462,800,0,700,SUCCESS
SYNC,epsilon,463,700,0,700,SUCCESS
SYNC,epsilon,464,700,0,700,SUCCESS
SYNC,epsilon,465,700,0,700,SUCCESS
SYNC,epsilon,466,700,0,700,SUCCESS
SYNC,epsilon,467,700,0,700,SUCCESS
SYNC,epsilon,468,800,0,700,SUCCESS
SYNC,epsilon,469,800,0,600,SUCCESS
SYNC,epsilon,470,800,0,700,SUCCESS
SYNC,epsilon,471,800,0,700,SUCCESS
SYNC,epsilon,472,800,0,700,SUCCESS
SYNC,epsilon,473,800,0,700,SUCCESS
SYNC,epsilon,474,800,0,600,SUCCESS
SYNC,epsilon,475,700,0,700,SUCCESS
SYNC,epsilon,476,700,0,700,SUCCESS
SYNC,epsilon,477,700,0,700,SUCCESS
SYNC,epsilon,478,700,0,700,SUCCESS
SYNC,epsilon,479,800,0,600,SUCCESS
SYNC,epsilon,480,800,0,700,SUCCESS
SYNC,epsilon,481,800,0,600,SUCCESS
SYNC,epsilon,482,800,0,700,SUCCESS
SYNC,epsilon,483,800,0,700,SUCCESS
SYNC,epsilon,484,700,0,700,SUCCESS
SYNC,epsilon,485,700,0,700,SUCCESS
SYNC,epsilon,486,800,0,700,SUCCESS
SYNC,epsilon,487,800,0,600,SUCCESS
SYNC,epsilon,488,800,0,700,SUCCESS
SYNC,epsilon,489,700,0,700,SUCCESS
SYNC,epsilon,490,700,0,700,SUCCESS
SYNC,epsilon,491,800,0,700,SUCCESS
SYNC,epsilon,492,800,0,700,SUCCESS
SYNC,epsilon,493,800,0,700,SUCCESS
SYNC,epsilon,494,800,0,700,SUCCESS
SYNC,epsilon,495,800,0,700,SUCCESS
SYNC,epsilon,496,800,0,700,SUCCESS
SYNC,epsilon,497,700,0,700,SUCCESS
SYNC,epsilon,498,700,0,700,SUCCESS
SYNC,epsilon,499,700,0,700,SUCCESS
SYNC,epsilon,500,700,0,700,SUCCESS
SYNC,epsilon,501,700,0,700,SUCCESS
SYNC,epsilon,502,800,0,700,SUCCESS
SYNC,epsilon,503,800,0,700,SUCCESS
SYNC,epsilon,504,700,0,700,SUCCESS
SYNC,epsilon,505,700,0,700,SUCCESS
SYNC,epsilon,506,700,0,700,SUCCESS
SYNC,epsilon,507,700,0,700,SUCCESS
SYNC,epsilon,508,800,0,700,SUCCESS
SYNC,epsilon,509,800,0,700,SUCCESS
SYNC,epsilon,510,700,0,700,SUCCESS
SYNC,epsilon,511,800,0,700,SUCCESS
SYNC,epsilon,512,800,0,700,SUCCESS
SYNC,epsilon,513,700,0,700,SUCCESS
SYNC,epsilon,514,700,0,700,SUCCESS
SYNC,epsilon,515,700,0,700,SUCCESS
SYNC,epsilon,516,800,0,700,SUCCESS
SYNC,epsilon,517,700,0,700,SUCCESS
SYNC,epsilon,518,800,0,600,SUCCESS
SYNC,epsilon,519,800,0,700,SUCCESS
SYNC,epsilon,520,700,0,700,SUCCESS
SYNC,epsilon,521,700,0,700,SUCCESS
SYNC,epsilon,522,700,0,700,SUCCESS
SYNC,epsilon,523,700,0,700,SUCCESS
SYNC,epsilon,524,700,0,700,SUCCESS
SYNC,epsilon,525,700,0,700,SUCCESS
SYNC,epsilon,526,800,0,700,SUCCESS
SYNC,epsilon,527,800,0,600,SUCCESS
SYNC,epsilon,528,800,0,600,SUCCESS
SYNC,epsilon,529,800,0,700,SUCCESS
SYNC,epsilon,530,800,0,600,SUCCESS
SYNC,epsilon,531,800,0,700,SUCCESS
SYNC,epsilon,532,800,0,600,SUCCESS
SYNC,epsilon,533,800,0,600,SUCCESS
SYNC,epsilon,534,800,0,700,SUCCESS
SYNC,epsilon,535,800,0,700,SUCCESS
SYNC,epsilon,536,700,0,700,SUCCESS
SYNC,epsilon,537,700,0,700,SUCCESS
SYNC,epsilon,538,700,0,700,SUCCESS
SYNC,epsilon,539,700,0,700,SUCCESS
SYNC,epsilon,540,800,0,700,SUCCESS
SYNC,epsilon,541,800,0,700,SUCCESS
SYNC,epsilon,542,800,0,600,SUCCESS
SYNC,epsilon,543,700,0,700,SUCCESS
SYNC,epsilon,544,700,0,700,SUCCESS
SYNC,epsilon,545,700,0,700,SUCCESS
SYNC,epsilon,546,700,0,700,SUCCESS
SYNC,epsilon,547,800,0,600,SUCCESS
SYNC,epsilon,548,800,0,600,SUCCESS
SYNC,epsilon,549,800,0,700,SUCCESS
SYNC,epsilon,550,800,0,700,SUCCESS
SYNC,epsilon,551,800,0,700,SUCCESS
SYNC,epsilon,552,700,0,700,SUCCESS
SYNC,epsilon,553,700,0,700,SUCCESS
SYNC,epsilon,554,700,0,700,SUCCESS
SYNC,epsilon,555,700,0,700,SUCCESS
SYNC,epsilon,556,700,0,700,SUCCESS
SYNC,epsilon,557,700,0,700,SUCCESS
SYNC,epsilon,558,700,0,700,SUCCESS
SYNC,epsilon,559,800,0,700,SUCCESS
SYNC,epsilon,560,800,0,700,SUCCESS
SYNC,epsilon,561,800,0,700,SUCCESS
SYNC,epsilon,562,800,0,600,SUCCESS
SYNC,epsilon,563,800,0,700,SUCCESS
SYNC,epsilon,564,800,0,700,SUCCESS
SYNC,epsilon,565,800,0,700,SUCCESS
SYNC,epsilon,566,800,0,600,SUCCESS
SYNC,epsilon,567,800,0,600,SUCCESS
SYNC,epsilon,568,800,0,700,SUCCESS
SYNC,epsilon,569,800,0,600,SUCCESS
SYNC,epsilon,570,800,0,600,SUCCESS
SYNC,epsilon,571,800,0,700,SUCCESS
SYNC,epsilon,572,800,0,700,SUCCESS
SYNC,epsilon,573,800,0,700,SUCCESS
SYNC,epsilon,574,800,0,700,SUCCESS
SYNC,epsilon,575,700,0,700,SUCCESS
SYNC,epsilon,576,700,0,700,SUCCESS
SYNC,epsilon,577,700,0,700,SUCCESS
SYNC,epsilon,578,800,0,700,SUCCESS
SYNC,epsilon,579,700,0,700,SUCCESS
SYNC,epsilon,580,700,0,700,SUCCESS
SYNC,epsilon,581,800,0,700,SUCCESS
SYNC,epsilon,582,700,0,700,SUCCESS
SYNC,epsilon,583,800,0,600,SUCCESS
SYNC,epsilon,584,800,0,600,SUCCESS
SYNC,epsilon,585,800,0,700,SUCCESS
SYNC,epsilon,586,700,0,700,SUCCESS
SYNC,epsilon,587,700,0,700,SUCCESS
SYNC,epsilon,588,800,0,700,SUCCESS
SYNC,epsilon,589,800,0,700,SUCCESS
SYNC,epsilon,590,700,0,700,SUCCESS
SYNC,epsilon,591,800,0,700,SUCCESS
SYNC,epsilon,592,800,0,700,SUCCESS
SYNC,epsilon,593,800,0,700,SUCCESS
SYNC,epsilon,594,700,0,700,SUCCESS
SYNC,epsilon,595,800,0,700,SUCCESS
SYNC,epsilon,596,800,0,700,SUCCESS
SYNC,epsilon,597,700,0,700,SUCCESS
SYNC,epsilon,598,700,0,700,SUCCESS
SYNC,epsilon,599,800,0,700,SUCCESS
SYNC,epsilon,600,800,0,700,SUCCESS
SYNC,epsilon,601,800,0,700,SUCCESS
SYNC,epsilon,602,700,0,700,SUCCESS
SYNC,epsilon,603,700,0,700,SUCCESS
SYNC,epsilon,604,800,0,600,SUCCESS
SYNC,epsilon,605,800,0,600,SUCCESS
SYNC,epsilon,606,800,0,700,SUCCESS
SYNC,epsilon,607,700,0,700,SUCCESS
SYNC,epsilon,608,700,0,700,SUCCESS
SYNC,epsilon,609,700,0,700,SUCCESS
SYNC,epsilon,610,700,0,700,SUCCESS
SYNC,epsilon,611,700,0,700,SUCCESS
SYNC,epsilon,612,800,0,700,SUCCESS
SYNC,epsilon,613,800,0,700,SUCCESS
SYNC,epsilon,614,800,0,600,SUCCESS
SYNC,epsilon,615,700,0,700,SUCCESS
SYNC,epsilon,616,700,0,700,SUCCESS
SYNC,epsilon,617,800,0,700,SUCCESS
SYNC,epsilon,618,800,0,700,SUCCESS
SYNC,epsilon,619,800,0,700,SUCCESS
SYNC,epsilon,620,700,0,700,SUCCESS
SYNC,epsilon,621,800,0,700,SUCCESS
SYNC,epsilon,622,700,0,700,SUCCESS
SYNC,epsilon,623,700,0,700,SUCCESS
SYNC,epsilon,624,800,0,700,SUCCESS
SYNC,epsilon,625,800,0,600,SUCCESS
SYNC,epsilon,626,800,0,700,SUCCESS
SYNC,epsilon,627,800,0,700,SUCCESS
SYNC,epsilon,628,800,0,700,SUCCESS
SYNC,epsilon,629,800,0,600,SUCCESS
SYNC,epsilon,630,800,0,700,SUCCESS
SYNC,epsilon,631,800,0,700,SUCCESS
SYNC,epsilon,632,800,0,600,SUCCESS
SYNC,epsilon,633,800,0,700,SUCCESS
SYNC,epsilon,634,800,0,600,SUCCESS
SYNC,epsilon,635,800,0,700,SUCCESS
SYNC,epsilon,636,800,0,600,SUCCESS
SYNC,epsilon,637,800,0,700,SUCCESS
SYNC,epsilon,638,800,0,600,SUCCESS
SYNC,epsilon,639,800,0,700,SUCCESS
SYNC,epsilon,640,700,0,700,SUCCESS
SYNC,epsilon,641,700,0,700,SUCCESS
SYNC,epsilon,642,800,0,700,SUCCESS
SYNC,epsilon,643,700,0,700,SUCCESS
SYNC,epsilon,644,700,0,700,SUCCESS
SYNC,epsilon,645,700,0,700,SUCCESS
SYNC,epsilon,646,700,0,700,SUCCESS
SYNC,epsilon,647,800,0,700,SUCCESS
SYNC,epsilon,648,800,0,700,SUCCESS
SYNC,epsilon,649,800,0,600,SUCCESS
SYNC,epsilon,650,800,0,700,SUCCESS
SYNC,epsilon,651,800,0,700,SUCCESS
SYNC,epsilon,652,800,0,600,SUCCESS
SYNC,epsilon,653,800,0,700,SUCCESS
SYNC,epsilon,654,700,0,700,SUCCESS
SYNC,epsilon,655,700,0,700,SUCCESS
SYNC,epsilon,656,700,0,700,SUCCESS
SYNC,epsilon,657,800,0,700,SUCCESS
SYNC,epsilon,658,700,0,700,SUCCESS
SYNC,epsilon,659,800,0,700,SUCCESS
SYNC,epsilon,660,700,0,700,SUCCESS
SYNC,epsilon,661,700,0,700,SUCCESS
SYNC,epsilon,662,700,0,700,SUCCESS
SYNC,epsilon,663,700,0,700,SUCCESS
SYNC,epsilon,664,800,0,700,SUCCESS
SYNC,epsilon,665,700,0,700,SUCCESS
SYNC,epsilon,666,800,0,700,SUCCESS
SYNC,epsilon,667,700,0,700,SUCCESS
SYNC,epsilon,668,700,0,700,SUCCESS
SYNC,epsilon,669,700,0,700,SUCCESS
SYNC,epsilon,670,800,0,700,SUCCESS
SYNC,epsilon,671,800,0,700,SUCCESS
SYNC,epsilon,672,800,0,600,SUCCESS
SYNC,epsilon,673,700,0,700,SUCCESS
SYNC,epsilon,674,700,0,700,SUCCESS
SYNC,epsilon,675,800,0,700,SUCCESS
SYNC,epsilon,676,700,0,700,SUCCESS
SYNC,epsilon,677,800,0,700,SUCCESS
SYNC,epsilon,678,800,0,600,SUCCESS
SYNC,epsilon,679,800,0,700,SUCCESS
SYNC,epsilon,680,800,0,600,SUCCESS
SYNC,epsilon,681,700,0,700,SUCCESS
SYNC,epsilon,682,700,0,700,SUCCESS
SYNC,epsilon,683,800,0,700,SUCCESS
SYNC,epsilon,684,800,0,600,SUCCESS
SYNC,epsilon,685,800,0,700,SUCCESS
SYNC,epsilon,686,800,0,600,SUCCESS
SYNC,epsilon,687,800,0,700,SUCCESS
SYNC,epsilon,688,800,0,700,SUCCESS
SYNC,epsilon,689,700,0,700,SUCCESS
SYNC,epsilon,690,700,0,700,SUCCESS
SYNC,epsilon,691,800,0,700,SUCCESS
SYNC,epsilon,692,800,0,600,SUCCESS
SYNC,epsilon,693,800,0,700,SUCCESS
SYNC,epsilon,694,800,0,700,SUCCESS
SYNC,epsilon,695,700,0,700,SUCCESS
SYNC,epsilon,696,800,0,700,SUCCESS
SYNC,epsilon,697,700,0,700,SUCCESS
SYNC,epsilon,698,800,0,600,SUCCESS
SYNC,epsilon,699,700,0,700,SUCCESS
SYNC,epsilon,700,700,0,700,SUCCESS
SYNC,epsilon,701,800,0,700,SUCCESS
SYNC,epsilon,702,800,0,600,SUCCESS
SYNC,epsilon,703,800,0,700,SUCCESS
SYNC,epsilon,704,700,0,700,SUCCESS
SYNC,epsilon,705,800,0,700,SUCCESS
SYNC,epsilon,706,700,0,700,SUCCESS
SYNC,epsilon,707,800,0,700,SUCCESS
SYNC,epsilon,708,800,0,700,SUCCESS
SYNC,epsilon,709,700,0,700,SUCCESS
SYNC,epsilon,710,700,0,700,SUCCESS
SYNC,epsilon,711,700,0,700,SUCCESS
SYNC,epsilon,712,700,0,700,SUCCESS
SYNC,epsilon,713,800,0,700,SUCCESS
SYNC,epsilon,714,800,0,700,SUCCESS
SYNC,epsilon,715,800,0,600,SUCCESS
SYNC,epsilon,716,800,0,700,SUCCESS
SYNC,epsilon,717,800,0,600,SUCCESS
SYNC,epsilon,718,800,0,700,SUCCESS
SYNC,epsilon,719,700,0,700,SUCCESS
SYNC,epsilon,720,700,0,700,SUCCESS
SYNC,epsilon,721,700,0,700,SUCCESS
SYNC,epsilon,722,800,0,700,SUCCESS
SYNC,epsilon,723,800,0,700,SUCCESS
SYNC,epsilon,724,800,0,700,SUCCESS
SYNC,epsilon,725,800,0,700,SUCCESS
SYNC,epsilon,726,700,0,700,SUCCESS
SYNC,epsilon,727,700,0,700,SUCCESS
SYNC,epsilon,728,700,0,700,SUCCESS
SYNC,epsilon,729,700,0,700,SUCCESS
SYNC,epsilon,730,800,0,700,SUCCESS
SYNC,epsilon,731,800,0,700,SUCCESS
SYNC,epsilon,732,800,0,700,SUCCESS
SYNC,epsilon,733,800,0,600,SUCCESS
SYNC,epsilon,734,800,0,700,SUCCESS
SYNC,epsilon,735,700,0,700,SUCCESS
SYNC,epsilon,736,700,0,700,SUCCESS
SYNC,epsilon,737,700,0,700,SUCCESS
SYNC,epsilon,738,800,0,700,SUCCESS
SYNC,epsilon,739,800,0,600,SUCCESS
SYNC,epsilon,740,800,0,600,SUCCESS
SYNC,epsilon,741,800,0,700,SUCCESS
SYNC,epsilon,742,800,0,600,SUCCESS
SYNC,epsilon,743,800,0,700,SUCCESS
SYNC,epsilon,744,700,0,700,SUCCESS
SYNC,epsilon,745,700,0,700,SUCCESS
SYNC,epsilon,746,800,0,700,SUCCESS
SYNC,epsilon,747,700,0,700,SUCCESS
SYNC,epsilon,748,700,0,700,SUCCESS
SYNC,epsilon,749,700,0,700,SUCCESS
SYNC,epsilon,750,700,0,700,SUCCESS
SYNC,epsilon,751,700,0,700,SUCCESS
SYNC,epsilon,752,700,0,700,SUCCESS
SYNC,epsilon,753,800,0,700,SUCCESS
SYNC,epsilon,754,800,0,700,SUCCESS
SYNC,epsilon,755,800,0,700,SUCCESS
SYNC,epsilon,756,800,0,600,SUCCESS
SYNC,epsilon,757,800,0,700,SUCCESS
SYNC,epsilon,758,800,0,700,SUCCESS
SYNC,epsilon,759,700,0,700,SUCCESS
SYNC,epsilon,760,700,0,700,SUCCESS
SYNC,epsilon,761,700,0,700,SUCCESS
SYNC,epsilon,762,700,0,700,SUCCESS
SYNC,epsilon,763,700,0,700,SUCCESS
SYNC,epsilon,764,800,0,700,SUCCESS
SYNC,epsilon,765,700,0,700,SUCCESS
SYNC,epsilon,766,800,0,700,SUCCESS
SYNC,epsilon,767,800,0,600,SUCCESS
SYNC,epsilon,768,800,0,700,SUCCESS
SYNC,epsilon,769,800,0,700,SUCCESS
SYNC,epsilon,770,800,0,600,SUCCESS
SYNC,epsilon,771,800,0,700,SUCCESS
SYNC,epsilon,772,800,0,600,SUCCESS
SYNC,epsilon,773,800,0,700,SUCCESS
SYNC,epsilon,774,700,0,700,SUCCESS
SYNC,epsilon,775,700,0,700,SUCCESS
SYNC,epsilon,776,700,0,700,SUCCESS
SYNC,epsilon,777,700,0,700,SUCCESS
SYNC,epsilon,778,800,0,700,SUCCESS
SYNC,epsilon,779,800,0,700,SUCCESS
SYNC,epsilon,780,800,0,700,SUCCESS
SYNC,epsilon,781,800,0,700,SUCCESS
SYNC,epsilon,782,800,0,700,SUCCESS
SYNC,epsilon,783,800,0,700,SUCCESS
SYNC,epsilon,784,700,0,700,SUCCESS
SYNC,epsilon,785,700,0,700,SUCCESS
SYNC,epsilon,786,700,0,700,SUCCESS
SYNC,epsilon,787,700,0,700,SUCCESS
SYNC,epsilon,788,800,0,700,SUCCESS
SYNC,epsilon,789,800,0,600,SUCCESS
SYNC,epsilon,790,800,0,700,SUCCESS
SYNC,epsilon,791,800,0,600,SUCCESS
SYNC,epsilon,792,800,0,700,SUCCESS
SYNC,epsilon,793,700,0,700,SUCCESS
SYNC,epsilon,794,700,0,700,SUCCESS
SYNC,epsilon,795,800,0,800,SUCCESS
SYNC,epsilon,796,700,0,700,SUCCESS
SYNC,epsilon,797,700,0,700,SUCCESS
SYNC,epsilon,798,700,0,700,SUCCESS
SYNC,epsilon,799,700,0,700,SUCCESS
SYNC,epsilon,800,800,0,700,SUCCESS
SYNC,epsilon,801,800,0,800,SUCCESS
SYNC,epsilon,802,800,0,700,SUCCESS
SYNC,epsilon,803,9600,0,9500,SUCCESS
SYNC,epsilon,804,900,0,800,SUCCESS
SYNC,epsilon,805,900,0,900,SUCCESS
SYNC,epsilon,806,900,0,900,SUCCESS
SYNC,epsilon,807,800,0,800,SUCCESS
SYNC,epsilon,808,700,0,700,SUCCESS
SYNC,epsilon,809,1000,0,800,SUCCESS
SYNC,epsilon,810,800,0,700,SUCCESS
SYNC,epsilon,811,700,0,700,SUCCESS
SYNC,epsilon,812,800,0,700,SUCCESS
SYNC,epsilon,813,800,0,700,SUCCESS
SYNC,epsilon,814,700,0,700,SUCCESS
SYNC,epsilon,815,800,0,800,SUCCESS
SYNC,epsilon,816,800,0,600,SUCCESS
SYNC,epsilon,817,800,0,600,SUCCESS
SYNC,epsilon,818,800,0,700,SUCCESS
SYNC,epsilon,819,700,0,700,SUCCESS
SYNC,epsilon,820,700,0,700,SUCCESS
SYNC,epsilon,821,700,0,700,SUCCESS
SYNC,epsilon,822,800,0,600,SUCCESS
SYNC,epsilon,823,800,0,800,SUCCESS
SYNC,epsilon,824,800,0,700,SUCCESS
SYNC,epsilon,825,800,0,800,SUCCESS
SYNC,epsilon,826,800,0,800,SUCCESS
SYNC,epsilon,827,800,0,700,SUCCESS
SYNC,epsilon,828,800,0,700,SUCCESS
SYNC,epsilon,829,900,0,900,SUCCESS
SYNC,epsilon,830,800,0,600,SUCCESS
SYNC,epsilon,831,700,0,700,SUCCESS
SYNC,epsilon,832,800,0,700,SUCCESS
SYNC,epsilon,833,800,0,700,SUCCESS
SYNC,epsilon,834,1000,0,900,SUCCESS
SYNC,epsilon,835,1000,0,900,SUCCESS
SYNC,epsilon,836,1000,0,900,SUCCESS
SYNC,epsilon,837,1000,0,900,SUCCESS
SYNC,epsilon,838,1000,0,900,SUCCESS
SYNC,epsilon,839,1000,0,900,SUCCESS
SYNC,epsilon,840,1000,0,900,SUCCESS
SYNC,epsilon,841,1000,0,900,SUCCESS
SYNC,epsilon,842,900,0,900,SUCCESS
SYNC,epsilon,843,1100,0,900,SUCCESS
SYNC,epsilon,844,1000,0,900,SUCCESS
SYNC,epsilon,845,1000,0,900,SUCCESS
SYNC,epsilon,846,1100,0,900,SUCCESS
SYNC,epsilon,847,1000,0,900,SUCCESS
SYNC,epsilon,848,900,0,900,SUCCESS
SYNC,epsilon,849,1000,0,1000,SUCCESS
SYNC,epsilon,850,1000,0,900,SUCCESS
SYNC,epsilon,851,1000,0,900,SUCCESS
SYNC,epsilon,852,1000,0,900,SUCCESS
SYNC,epsilon,853,1000,0,900,SUCCESS
SYNC,epsilon,854,1000,0,1000,SUCCESS
SYNC,epsilon,855,1000,0,900,SUCCESS
SYNC,epsilon,856,1000,0,900,SUCCESS
SYNC,epsilon,857,1000,0,900,SUCCESS
SYNC,epsilon,858,900,0,900,SUCCESS
SYNC,epsilon,859,1000,0,900,SUCCESS
SYNC,epsilon,860,1000,0,900,SUCCESS
SYNC,epsilon,861,1100,0,1000,SUCCESS
SYNC,epsilon,862,1000,0,1000,SUCCESS
SYNC,epsilon,863,900,0,900,SUCCESS
SYNC,epsilon,864,1000,0,900,SUCCESS
SYNC,epsilon,865,1100,0,1000,SUCCESS
SYNC,epsilon,866,1000,0,1000,SUCCESS
SYNC,epsilon,867,1100,0,900,SUCCESS
SYNC,epsilon,868,1000,0,1000,SUCCESS
SYNC,epsilon,869,1100,0,900,SUCCESS
SYNC,epsilon,870,1100,0,900,SUCCESS
SYNC,epsilon,871,1000,0,1000,SUCCESS
SYNC,epsilon,872,900,0,900,SUCCESS
SYNC,epsilon,873,1100,0,900,SUCCESS
SYNC,epsilon,874,1000,0,900,SUCCESS
SYNC,epsilon,875,1000,0,900,SUCCESS
SYNC,epsilon,876,1100,0,900,SUCCESS
SYNC,epsilon,877,1000,0,900,SUCCESS
SYNC,epsilon,878,1000,0,900,SUCCESS
SYNC,epsilon,879,1900,0,1700,SUCCESS
SYNC,epsilon,880,800,0,700,SUCCESS
SYNC,epsilon,881,800,0,700,SUCCESS
SYNC,epsilon,882,700,0,700,SUCCESS
SYNC,epsilon,883,700,0,700,SUCCESS
SYNC,epsilon,884,800,0,700,SUCCESS
SYNC,epsilon,885,700,0,700,SUCCESS
SYNC,epsilon,886,700,0,700,SUCCESS
SYNC,epsilon,887,700,0,700,SUCCESS
SYNC,epsilon,888,700,0,700,SUCCESS
SYNC,epsilon,889,800,0,800,SUCCESS
SYNC,epsilon,890,800,0,700,SUCCESS
SYNC,epsilon,891,800,0,700,SUCCESS
SYNC,epsilon,892,800,0,700,SUCCESS
SYNC,epsilon,893,800,0,800,SUCCESS
SYNC,epsilon,894,800,0,800,SUCCESS
SYNC,epsilon,895,800,0,700,SUCCESS
SYNC,epsilon,896,800,0,700,SUCCESS
SYNC,epsilon,897,800,0,700,SUCCESS
SYNC,epsilon,898,800,0,800,SUCCESS
SYNC,epsilon,899,800,0,700,SUCCESS
SYNC,epsilon,900,700,0,700,SUCCESS
SYNC,epsilon,901,800,0,800,SUCCESS
SYNC,epsilon,902,800,0,700,SUCCESS
SYNC,epsilon,903,800,0,700,SUCCESS
SYNC,epsilon,904,800,0,800,SUCCESS
SYNC,epsilon,905,11200,0,11200,SUCCESS
SYNC,epsilon,906,900,0,700,SUCCESS
SYNC,epsilon,907,800,0,700,SUCCESS
SYNC,epsilon,908,800,0,700,SUCCESS
SYNC,epsilon,909,800,0,800,SUCCESS
SYNC,epsilon,910,800,0,700,SUCCESS
SYNC,epsilon,911,800,0,800,SUCCESS
SYNC,epsilon,912,800,0,700,SUCCESS
SYNC,epsilon,913,800,0,700,SUCCESS
SYNC,epsilon,914,800,0,700,SUCCESS
SYNC,epsilon,915,800,0,700,SUCCESS
SYNC,epsilon,916,800,0,700,SUCCESS
SYNC,epsilon,917,800,0,800,SUCCESS
SYNC,epsilon,918,800,0,800,SUCCESS
SYNC,epsilon,919,700,0,700,SUCCESS
SYNC,epsilon,920,800,0,800,SUCCESS
SYNC,epsilon,921,700,0,700,SUCCESS
SYNC,epsilon,922,900,0,900,SUCCESS
SYNC,epsilon,923,800,0,700,SUCCESS
SYNC,epsilon,924,800,0,700,SUCCESS
SYNC,epsilon,925,800,0,700,SUCCESS
SYNC,epsilon,926,800,0,700,SUCCESS
SYNC,epsilon,927,800,0,700,SUCCESS
SYNC,epsilon,928,700,0,700,SUCCESS
SYNC,epsilon,929,12100,0,12000,SUCCESS
SYNC,epsilon,930,800,0,700,SUCCESS
SYNC,epsilon,931,800,0,700,SUCCESS
SYNC,epsilon,932,900,0,800,SUCCESS
SYNC,epsilon,933,800,0,700,SUCCESS
SYNC,epsilon,934,800,0,700,SUCCESS
SYNC,epsilon,935,800,0,700,SUCCESS
SYNC,epsilon,936,700,0,700,SUCCESS
SYNC,epsilon,937,800,0,800,SUCCESS
SYNC,epsilon,938,800,0,700,SUCCESS
SYNC,epsilon,939,700,0,700,SUCCESS
SYNC,epsilon,940,800,0,700,SUCCESS
SYNC,epsilon,941,800,0,800,SUCCESS
SYNC,epsilon,942,700,0,700,SUCCESS
SYNC,epsilon,943,900,0,800,SUCCESS
SYNC,epsilon,944,800,0,700,SUCCESS
SYNC,epsilon,945,800,0,700,SUCCESS
SYNC,epsilon,946,900,0,800,SUCCESS
SYNC,epsilon,947,800,0,700,SUCCESS
SYNC,epsilon,948,800,0,700,SUCCESS
SYNC,epsilon,949,800,0,800,SUCCESS
SYNC,epsilon,950,800,0,800,SUCCESS
SYNC,epsilon,951,900,0,800,SUCCESS
SYNC,epsilon,952,700,0,700,SUCCESS
SYNC,epsilon,953,800,0,800,SUCCESS
SYNC,epsilon,954,700,0,700,SUCCESS
SYNC,epsilon,955,800,0,700,SUCCESS
SYNC,epsilon,956,800,0,700,SUCCESS
SYNC,epsilon,957,700,0,700,SUCCESS
SYNC,epsilon,958,700,0,700,SUCCESS
SYNC,epsilon,959,800,0,600,SUCCESS
SYNC,epsilon,960,800,0,700,SUCCESS
SYNC,epsilon,961,700,0,700,SUCCESS
SYNC,epsilon,962,700,0,700,SUCCESS
SYNC,epsilon,963,700,0,700,SUCCESS
SYNC,epsilon,964,700,0,700,SUCCESS
SYNC,epsilon,965,800,0,700,SUCCESS
SYNC,epsilon,966,800,0,600,SUCCESS
SYNC,epsilon,967,800,0,700,SUCCESS
SYNC,epsilon,968,700,0,700,SUCCESS
SYNC,epsilon,969,700,0,700,SUCCESS
SYNC,epsilon,970,700,0,700,SUCCESS
SYNC,epsilon,971,700,0,700,SUCCESS
SYNC,epsilon,972,800,0,600,SUCCESS
SYNC,epsilon,973,800,0,700,SUCCESS
SYNC,epsilon,974,800,0,700,SUCCESS
SYNC,epsilon,975,800,0,600,SUCCESS
SYNC,epsilon,976,800,0,700,SUCCESS
SYNC,epsilon,977,700,0,700,SUCCESS
SYNC,epsilon,978,700,0,700,SUCCESS
SYNC,epsilon,979,700,0,700,SUCCESS
SYNC,epsilon,980,700,0,700,SUCCESS
SYNC,epsilon,981,800,0,700,SUCCESS
SYNC,epsilon,982,800,0,700,SUCCESS
SYNC,epsilon,983,800,0,700,SUCCESS
SYNC,epsilon,984,700,0,700,SUCCESS
SYNC,epsilon,985,700,0,700,SUCCESS
SYNC,epsilon,986,800,0,700,SUCCESS
SYNC,epsilon,987,700,0,700,SUCCESS
SYNC,epsilon,988,800,0,700,SUCCESS
SYNC,epsilon,989,800,0,700,SUCCESS
SYNC,epsilon,990,700,0,700,SUCCESS
SYNC,epsilon,991,700,0,700,SUCCESS
SYNC,epsilon,992,700,0,700,SUCCESS
SYNC,epsilon,993,700,0,700,SUCCESS
SYNC,epsilon,994,800,0,700,SUCCESS
SYNC,epsilon,995,800,0,600,SUCCESS
SYNC,epsilon,996,800,0,700,SUCCESS
SYNC,epsilon,997,800,0,700,SUCCESS
SYNC,epsilon,998,700,0,700,SUCCESS
SYNC,epsilon,999,700,0,700,SUCCESS
